id_cliente,Caminho Francês,Caminho Português,Caminho Primitivo,Caminho do Norte,Via Francigena
CLI000001,8.0,8.0,0.0,0.0,0.0
CLI000002,10.0,0.0,8.0,8.0,9.0
CLI000003,8.0,10.0,7.0,0.0,0.0
CLI000004,7.0,0.0,0.0,8.0,0.0
CLI000005,8.0,8.0,0.0,10.0,0.0
CLI000007,8.0,0.0,0.0,0.0,0.0
CLI000009,0.0,0.0,0.0,0.0,8.0
CLI000010,7.0,0.0,0.0,0.0,9.0
CLI000012,9.0,0.0,7.0,0.0,0.0
CLI000013,8.0,0.0,8.0,0.0,8.0
CLI000014,8.5,0.0,0.0,0.0,0.0
CLI000015,7.0,0.0,0.0,0.0,0.0
CLI000016,8.5,0.0,8.0,8.0,8.0
CLI000017,7.5,0.0,9.0,8.0,0.0
CLI000018,7.0,0.0,8.0,0.0,8.5
CLI000020,0.0,9.0,0.0,9.0,0.0
CLI000021,0.0,0.0,8.0,0.0,9.0
CLI000022,0.0,10.0,0.0,0.0,0.0
CLI000024,10.0,0.0,9.0,9.0,0.0
CLI000025,0.0,0.0,0.0,7.5,0.0
CLI000026,0.0,8.0,0.0,8.0,9.0
CLI000027,8.0,8.0,0.0,0.0,8.0
CLI000028,8.0,8.0,9.0,0.0,8.0
CLI000029,8.0,0.0,0.0,0.0,0.0
CLI000030,7.0,0.0,0.0,0.0,0.0
CLI000031,0.0,0.0,8.0,0.0,0.0
CLI000032,8.0,8.0,0.0,0.0,0.0
CLI000033,7.0,0.0,7.0,0.0,10.0
CLI000034,7.0,0.0,9.0,0.0,8.0
CLI000035,0.0,6.5,9.5,0.0,0.0
CLI000036,9.0,7.5,8.0,9.0,8.0
CLI000037,7.0,8.0,0.0,0.0,0.0
CLI000038,0.0,7.0,8.0,0.0,10.0
CLI000039,8.0,0.0,0.0,8.0,7.0
CLI000040,0.0,0.0,8.0,7.0,0.0
CLI000041,8.0,0.0,0.0,0.0,0.0
CLI000042,9.0,0.0,0.0,7.0,0.0
CLI000043,0.0,9.0,0.0,0.0,0.0
CLI000044,7.5,0.0,0.0,0.0,7.0
CLI000045,0.0,0.0,0.0,0.0,7.5
CLI000046,0.0,0.0,7.5,0.0,0.0
CLI000047,10.0,9.0,8.0,9.0,8.0
CLI000048,7.0,0.0,0.0,8.0,0.0
CLI000050,9.0,8.0,7.0,9.0,0.0
CLI000051,7.0,9.0,6.666666666666667,8.0,0.0
CLI000052,0.0,0.0,9.0,0.0,8.0
CLI000054,7.0,0.0,0.0,0.0,0.0
CLI000056,8.0,0.0,9.0,8.0,8.0
CLI000057,8.0,0.0,0.0,0.0,8.0
CLI000058,0.0,0.0,0.0,0.0,9.0
CLI000059,8.0,0.0,0.0,9.0,0.0
CLI000060,8.0,8.5,9.0,8.0,8.0
CLI000061,7.0,9.0,10.0,0.0,9.0
CLI000062,0.0,0.0,9.0,0.0,0.0
CLI000063,0.0,0.0,9.0,0.0,0.0
CLI000064,0.0,7.0,0.0,0.0,9.0
CLI000065,8.0,0.0,8.0,8.0,0.0
CLI000067,0.0,0.0,9.0,0.0,0.0
CLI000068,7.0,8.0,0.0,0.0,8.5
CLI000069,0.0,0.0,8.0,6.0,0.0
CLI000070,0.0,0.0,0.0,9.0,8.0
CLI000071,0.0,0.0,7.0,8.0,0.0
CLI000072,0.0,0.0,8.0,0.0,8.0
CLI000073,0.0,9.0,0.0,0.0,7.5
CLI000076,9.0,0.0,9.0,8.0,0.0
CLI000077,10.0,9.0,7.0,0.0,0.0
CLI000078,0.0,0.0,0.0,8.0,0.0
CLI000079,0.0,0.0,0.0,8.0,0.0
CLI000080,0.0,8.0,0.0,0.0,7.0
CLI000081,7.666666666666667,0.0,0.0,9.0,0.0
CLI000082,8.5,0.0,0.0,0.0,0.0
CLI000083,8.0,0.0,0.0,9.0,0.0
CLI000084,0.0,9.0,0.0,9.0,0.0
CLI000085,9.0,10.0,7.5,9.0,0.0
CLI000086,0.0,0.0,0.0,8.0,8.5
CLI000087,7.5,0.0,10.0,9.0,9.0
CLI000088,0.0,0.0,8.0,0.0,0.0
CLI000089,8.0,0.0,0.0,0.0,0.0
CLI000090,7.0,0.0,0.0,0.0,0.0
CLI000091,0.0,6.0,9.0,7.0,8.0
CLI000092,8.0,0.0,7.5,0.0,9.0
CLI000093,0.0,7.5,0.0,8.0,0.0
CLI000094,0.0,0.0,0.0,0.0,9.0
CLI000096,0.0,0.0,8.0,0.0,8.0
CLI000097,7.0,0.0,0.0,8.0,0.0
CLI000098,0.0,0.0,0.0,0.0,7.0
CLI000099,7.0,0.0,0.0,0.0,7.5
CLI000100,8.0,0.0,8.0,0.0,0.0
CLI000101,8.5,0.0,0.0,9.0,0.0
CLI000102,0.0,0.0,0.0,8.0,0.0
CLI000103,0.0,0.0,0.0,9.0,8.0
CLI000104,0.0,0.0,0.0,8.0,0.0
CLI000105,0.0,0.0,0.0,8.0,0.0
CLI000106,0.0,0.0,7.5,0.0,0.0
CLI000107,0.0,7.0,0.0,0.0,0.0
CLI000108,0.0,0.0,8.666666666666666,0.0,9.0
CLI000109,10.0,0.0,8.5,0.0,0.0
CLI000110,0.0,0.0,9.0,8.0,8.5
CLI000111,0.0,0.0,0.0,9.0,9.0
CLI000112,0.0,0.0,8.333333333333334,0.0,8.0
CLI000113,7.0,8.0,0.0,0.0,0.0
CLI000114,8.0,0.0,0.0,0.0,0.0
CLI000115,8.0,8.0,7.0,0.0,0.0
CLI000116,9.0,0.0,0.0,0.0,0.0
CLI000117,7.0,0.0,0.0,0.0,0.0
CLI000118,0.0,0.0,0.0,7.0,0.0
CLI000119,7.0,0.0,8.0,0.0,0.0
CLI000120,0.0,0.0,9.0,9.0,7.0
CLI000121,0.0,8.5,7.0,9.0,0.0
CLI000122,9.0,7.5,0.0,0.0,7.0
CLI000123,0.0,0.0,9.0,9.0,7.5
CLI000124,0.0,0.0,7.0,0.0,9.0
CLI000126,6.0,7.0,0.0,0.0,0.0
CLI000127,8.0,0.0,8.0,0.0,7.333333333333333
CLI000128,0.0,7.5,8.0,0.0,9.0
CLI000129,8.0,7.0,8.5,0.0,0.0
CLI000130,10.0,9.0,0.0,8.0,9.0
CLI000131,8.5,0.0,0.0,0.0,0.0
CLI000132,9.0,0.0,7.0,0.0,0.0
CLI000133,0.0,0.0,0.0,7.0,0.0
CLI000134,0.0,0.0,0.0,8.0,0.0
CLI000135,0.0,7.0,9.0,0.0,0.0
CLI000136,0.0,7.333333333333333,0.0,7.0,0.0
CLI000137,8.0,0.0,0.0,0.0,0.0
CLI000139,9.0,8.0,8.0,8.0,0.0
CLI000140,0.0,0.0,10.0,0.0,0.0
CLI000141,6.0,0.0,8.0,7.0,0.0
CLI000142,7.0,0.0,0.0,0.0,9.0
CLI000143,0.0,0.0,7.0,9.0,8.5
CLI000144,0.0,0.0,8.0,0.0,9.0
CLI000145,0.0,8.0,0.0,8.0,0.0
CLI000146,0.0,0.0,0.0,9.0,8.5
CLI000147,0.0,7.0,0.0,0.0,8.0
CLI000148,8.0,8.0,0.0,0.0,8.5
CLI000149,7.0,0.0,0.0,8.5,0.0
CLI000150,0.0,8.333333333333334,0.0,0.0,0.0
CLI000151,0.0,6.0,9.0,0.0,0.0
CLI000152,8.0,0.0,9.0,9.0,0.0
CLI000153,9.0,7.0,0.0,0.0,0.0
CLI000154,0.0,0.0,0.0,10.0,0.0
CLI000157,0.0,0.0,0.0,9.0,0.0
CLI000158,8.0,0.0,7.0,6.0,7.5
CLI000159,8.333333333333334,10.0,7.5,7.0,7.5
CLI000160,9.0,0.0,7.0,0.0,0.0
CLI000161,8.0,9.0,0.0,0.0,0.0
CLI000162,0.0,0.0,0.0,7.0,0.0
CLI000163,0.0,0.0,0.0,9.0,0.0
CLI000164,0.0,0.0,8.0,0.0,0.0
CLI000165,8.0,8.0,9.0,0.0,0.0
CLI000166,0.0,0.0,8.0,10.0,0.0
CLI000167,7.5,9.0,7.0,0.0,8.666666666666666
CLI000168,7.0,9.0,8.0,10.0,0.0
CLI000169,9.0,0.0,0.0,8.0,8.0
CLI000170,0.0,0.0,7.0,0.0,0.0
CLI000171,0.0,8.0,9.0,8.0,9.0
CLI000172,0.0,8.0,0.0,8.0,9.0
CLI000173,8.0,7.0,0.0,0.0,0.0
CLI000174,0.0,0.0,8.0,8.0,7.5
CLI000175,0.0,0.0,0.0,0.0,10.0
CLI000176,0.0,0.0,0.0,9.0,9.0
CLI000177,0.0,0.0,8.0,0.0,0.0
CLI000178,0.0,0.0,7.0,6.0,0.0
CLI000179,0.0,0.0,0.0,0.0,7.0
CLI000180,8.0,9.0,6.0,0.0,0.0
CLI000181,0.0,0.0,9.0,0.0,0.0
CLI000182,0.0,7.0,0.0,0.0,7.0
CLI000183,0.0,0.0,9.0,0.0,0.0
CLI000184,0.0,0.0,0.0,7.0,0.0
CLI000185,0.0,0.0,8.0,8.0,0.0
CLI000186,8.0,0.0,0.0,0.0,0.0
CLI000187,7.333333333333333,8.0,0.0,0.0,8.0
CLI000188,0.0,0.0,9.0,0.0,0.0
CLI000190,0.0,9.0,0.0,9.0,9.0
CLI000191,0.0,7.0,9.0,7.0,8.0
CLI000192,8.0,8.0,0.0,0.0,0.0
CLI000193,0.0,0.0,8.0,0.0,0.0
CLI000194,7.0,0.0,9.0,9.0,0.0
CLI000195,0.0,0.0,6.0,0.0,7.0
CLI000196,0.0,0.0,9.0,0.0,0.0
CLI000197,10.0,8.0,8.0,9.0,0.0
CLI000198,10.0,0.0,9.0,0.0,9.0
CLI000199,0.0,0.0,9.0,8.0,9.0
CLI000200,0.0,9.0,0.0,0.0,0.0
CLI000201,9.0,0.0,0.0,9.0,8.5
CLI000202,0.0,0.0,0.0,0.0,9.0
CLI000203,7.0,6.0,0.0,0.0,8.0
CLI000204,0.0,8.0,0.0,0.0,0.0
CLI000205,7.0,0.0,8.0,0.0,7.0
CLI000206,8.5,6.0,10.0,0.0,7.5
CLI000207,8.0,8.0,0.0,0.0,8.0
CLI000209,0.0,10.0,7.0,0.0,0.0
CLI000210,8.0,8.0,0.0,0.0,0.0
CLI000211,0.0,9.0,9.0,0.0,7.0
CLI000213,0.0,8.0,6.0,0.0,0.0
CLI000214,8.0,6.0,0.0,8.0,0.0
CLI000215,8.5,0.0,0.0,9.0,0.0
CLI000216,7.5,9.0,7.0,8.0,0.0
CLI000217,0.0,0.0,0.0,9.0,0.0
CLI000219,0.0,0.0,0.0,0.0,7.0
CLI000220,8.0,0.0,0.0,0.0,8.0
CLI000221,9.0,7.0,0.0,7.0,0.0
CLI000223,9.0,0.0,8.0,0.0,8.5
CLI000224,8.0,8.0,0.0,0.0,0.0
CLI000225,10.0,0.0,8.0,0.0,8.0
CLI000226,0.0,0.0,7.0,0.0,0.0
CLI000227,8.0,0.0,0.0,0.0,0.0
CLI000228,0.0,0.0,0.0,0.0,7.0
CLI000229,0.0,0.0,0.0,0.0,7.0
CLI000230,0.0,9.0,0.0,7.0,8.0
CLI000231,0.0,0.0,9.0,6.0,0.0
CLI000232,0.0,8.25,7.0,0.0,0.0
CLI000233,8.0,10.0,0.0,0.0,0.0
CLI000234,0.0,0.0,0.0,0.0,8.0
CLI000235,10.0,0.0,0.0,9.0,6.0
CLI000236,0.0,9.0,0.0,0.0,9.0
CLI000237,8.0,8.0,0.0,7.5,0.0
CLI000238,0.0,0.0,0.0,9.0,7.0
CLI000239,0.0,7.5,0.0,0.0,7.0
CLI000240,9.0,7.5,0.0,0.0,0.0
CLI000241,0.0,0.0,9.0,0.0,8.0
CLI000242,0.0,0.0,0.0,0.0,8.0
CLI000243,9.0,0.0,0.0,9.0,8.0
CLI000244,0.0,0.0,0.0,9.0,7.0
CLI000245,6.0,7.0,8.0,7.0,0.0
CLI000246,0.0,0.0,7.0,0.0,0.0
CLI000247,7.666666666666667,0.0,0.0,0.0,8.0
CLI000248,9.0,9.0,9.0,0.0,0.0
CLI000249,0.0,0.0,7.0,8.0,0.0
CLI000250,8.0,8.0,0.0,0.0,0.0
CLI000251,0.0,0.0,0.0,0.0,8.0
CLI000252,0.0,0.0,8.0,0.0,7.0
CLI000253,7.0,8.0,6.0,10.0,6.0
CLI000254,0.0,0.0,8.0,8.0,0.0
CLI000255,7.0,8.0,9.0,0.0,0.0
CLI000256,0.0,7.0,0.0,9.0,0.0
CLI000257,6.0,8.0,0.0,0.0,0.0
CLI000258,8.0,9.0,0.0,9.0,7.0
CLI000259,0.0,9.0,0.0,9.0,7.0
CLI000261,0.0,7.0,0.0,0.0,0.0
CLI000262,0.0,0.0,0.0,8.0,7.5
CLI000263,0.0,0.0,0.0,8.0,0.0
CLI000264,9.0,7.0,0.0,9.0,0.0
CLI000265,0.0,8.0,0.0,0.0,8.0
CLI000266,10.0,8.0,7.5,7.0,0.0
CLI000267,0.0,0.0,9.0,0.0,9.0
CLI000268,8.0,0.0,0.0,7.0,0.0
CLI000269,0.0,8.0,0.0,0.0,0.0
CLI000270,0.0,0.0,0.0,8.0,0.0
CLI000271,0.0,9.0,8.0,0.0,0.0
CLI000272,0.0,7.0,8.0,0.0,8.0
CLI000273,0.0,6.0,7.0,10.0,0.0
CLI000275,9.0,7.0,9.0,0.0,0.0
CLI000276,0.0,8.0,8.0,8.0,0.0
CLI000277,0.0,0.0,8.0,0.0,0.0
CLI000278,0.0,0.0,0.0,7.0,8.5
CLI000279,0.0,0.0,0.0,8.5,0.0
CLI000280,0.0,6.0,0.0,0.0,0.0
CLI000281,0.0,0.0,10.0,9.0,0.0
CLI000282,0.0,0.0,8.0,0.0,0.0
CLI000283,0.0,0.0,0.0,7.5,0.0
CLI000284,8.0,7.5,8.0,0.0,9.0
CLI000285,9.0,8.5,0.0,0.0,0.0
CLI000286,0.0,7.0,9.0,0.0,0.0
CLI000287,0.0,7.0,9.0,8.0,7.0
CLI000288,8.0,0.0,8.0,8.0,0.0
CLI000289,8.0,0.0,9.0,0.0,0.0
CLI000290,8.0,8.0,0.0,0.0,7.0
CLI000291,8.75,8.0,9.0,9.0,0.0
CLI000292,7.5,7.333333333333333,0.0,9.0,8.0
CLI000293,10.0,0.0,0.0,0.0,0.0
CLI000294,8.5,7.5,0.0,9.0,7.0
CLI000295,0.0,7.0,0.0,0.0,0.0
CLI000296,10.0,0.0,0.0,7.0,0.0
CLI000297,9.0,0.0,8.333333333333334,8.0,7.0
CLI000298,0.0,0.0,8.0,9.0,0.0
CLI000299,0.0,8.0,0.0,0.0,7.0
CLI000300,0.0,0.0,8.0,0.0,0.0
CLI000301,8.0,9.0,0.0,0.0,0.0
CLI000302,8.0,0.0,0.0,0.0,0.0
CLI000303,0.0,0.0,7.0,0.0,7.0
CLI000304,8.0,0.0,7.0,8.0,9.0
CLI000305,0.0,0.0,6.0,0.0,0.0
CLI000306,10.0,9.0,0.0,0.0,0.0
CLI000307,8.5,9.0,8.5,0.0,0.0
CLI000308,0.0,9.0,8.0,0.0,0.0
CLI000309,0.0,8.0,0.0,7.0,9.5
CLI000310,0.0,0.0,7.0,0.0,0.0
CLI000311,6.0,9.0,9.0,0.0,8.5
CLI000312,7.0,9.0,7.0,0.0,8.0
CLI000313,8.0,7.0,7.0,0.0,10.0
CLI000314,0.0,0.0,8.0,0.0,0.0
CLI000315,0.0,9.0,0.0,6.5,9.0
CLI000316,9.0,0.0,8.0,0.0,0.0
CLI000317,7.0,0.0,10.0,0.0,8.0
CLI000318,0.0,6.0,0.0,0.0,0.0
CLI000319,0.0,0.0,0.0,8.0,0.0
CLI000320,0.0,10.0,8.0,0.0,0.0
CLI000321,10.0,0.0,0.0,0.0,0.0
CLI000322,8.0,0.0,0.0,0.0,0.0
CLI000323,7.0,0.0,8.0,0.0,0.0
CLI000324,9.0,9.0,9.0,8.0,8.0
CLI000325,0.0,8.0,8.0,0.0,0.0
CLI000326,0.0,8.0,0.0,0.0,10.0
CLI000328,0.0,8.0,0.0,0.0,0.0
CLI000331,0.0,0.0,0.0,9.0,0.0
CLI000332,0.0,9.0,0.0,9.0,0.0
CLI000333,0.0,8.0,0.0,0.0,0.0
CLI000334,0.0,7.0,0.0,0.0,0.0
CLI000335,9.0,7.0,0.0,10.0,8.0
CLI000336,0.0,0.0,9.0,10.0,7.0
CLI000337,0.0,0.0,0.0,0.0,8.0
CLI000338,0.0,0.0,0.0,8.0,9.0
CLI000339,7.0,0.0,8.0,9.0,0.0
CLI000340,0.0,6.0,0.0,7.0,0.0
CLI000341,8.0,0.0,9.0,0.0,7.5
CLI000342,0.0,0.0,0.0,0.0,9.0
CLI000343,0.0,0.0,0.0,0.0,8.0
CLI000344,0.0,7.0,0.0,0.0,8.0
CLI000345,0.0,10.0,0.0,0.0,0.0
CLI000346,0.0,0.0,9.0,0.0,0.0
CLI000347,8.0,0.0,7.0,8.0,7.0
CLI000348,0.0,0.0,8.0,9.5,8.5
CLI000349,0.0,0.0,9.0,9.0,7.0
CLI000350,0.0,9.0,0.0,0.0,7.0
CLI000351,0.0,8.0,7.0,0.0,0.0
CLI000352,8.0,0.0,7.5,9.0,0.0
CLI000353,0.0,0.0,0.0,0.0,8.0
CLI000355,0.0,0.0,8.0,0.0,0.0
CLI000356,0.0,0.0,9.0,0.0,9.0
CLI000357,0.0,7.5,10.0,0.0,0.0
CLI000358,8.0,0.0,9.0,0.0,7.0
CLI000359,0.0,7.0,0.0,8.0,0.0
CLI000361,8.0,8.0,8.0,8.5,8.0
CLI000362,9.0,0.0,0.0,0.0,0.0
CLI000363,0.0,7.333333333333333,0.0,0.0,7.0
CLI000364,0.0,0.0,9.0,9.0,9.0
CLI000365,0.0,0.0,0.0,0.0,9.0
CLI000366,0.0,0.0,0.0,10.0,10.0
CLI000367,0.0,8.0,0.0,9.0,0.0
CLI000369,0.0,0.0,8.0,0.0,10.0
CLI000370,0.0,0.0,8.5,0.0,9.0
CLI000371,8.0,7.0,8.0,6.0,0.0
CLI000372,8.0,7.5,8.0,0.0,8.5
CLI000373,10.0,8.0,0.0,0.0,8.0
CLI000374,0.0,8.0,0.0,8.0,7.0
CLI000375,8.0,8.0,8.0,6.5,9.0
CLI000376,9.0,0.0,0.0,0.0,9.0
CLI000377,0.0,9.0,0.0,0.0,7.5
CLI000378,9.0,0.0,0.0,8.0,0.0
CLI000379,8.0,7.0,9.0,8.0,0.0
CLI000380,8.0,8.0,8.0,0.0,0.0
CLI000381,0.0,0.0,9.0,0.0,0.0
CLI000382,0.0,0.0,9.0,0.0,0.0
CLI000383,7.5,0.0,0.0,0.0,8.0
CLI000384,0.0,0.0,0.0,0.0,8.0
CLI000386,0.0,0.0,0.0,9.0,6.0
CLI000387,0.0,7.0,0.0,0.0,0.0
CLI000388,0.0,0.0,0.0,10.0,0.0
CLI000389,0.0,9.0,0.0,0.0,0.0
CLI000390,0.0,0.0,0.0,0.0,9.0
CLI000391,0.0,0.0,0.0,8.0,0.0
CLI000392,0.0,0.0,8.0,0.0,0.0
CLI000393,0.0,7.0,9.0,0.0,8.0
CLI000394,0.0,0.0,8.0,8.0,0.0
CLI000395,0.0,0.0,8.0,0.0,8.5
CLI000396,9.0,8.0,8.0,8.5,0.0
CLI000397,0.0,0.0,0.0,7.0,0.0
CLI000398,9.0,8.0,8.0,0.0,7.0
CLI000399,7.0,8.333333333333334,7.0,0.0,8.0
CLI000400,0.0,7.0,0.0,0.0,0.0
CLI000401,0.0,0.0,0.0,7.0,7.0
CLI000402,0.0,0.0,10.0,0.0,9.0
CLI000403,0.0,0.0,7.0,0.0,0.0
CLI000404,8.5,0.0,0.0,0.0,9.0
CLI000405,7.0,10.0,9.0,7.0,7.5
CLI000407,0.0,7.0,0.0,7.0,0.0
CLI000408,0.0,9.0,0.0,0.0,0.0
CLI000409,6.0,0.0,8.0,8.0,0.0
CLI000410,0.0,8.0,7.5,0.0,0.0
CLI000411,0.0,8.0,0.0,0.0,8.0
CLI000413,8.0,0.0,0.0,6.0,0.0
CLI000414,0.0,0.0,0.0,7.0,0.0
CLI000415,8.0,8.0,7.0,9.0,7.0
CLI000418,0.0,7.0,0.0,0.0,9.0
CLI000419,8.0,7.0,0.0,8.0,8.0
CLI000420,0.0,9.0,0.0,7.0,0.0
CLI000422,0.0,8.5,10.0,7.0,0.0
CLI000423,0.0,0.0,0.0,0.0,10.0
CLI000424,0.0,0.0,7.0,0.0,9.0
CLI000425,0.0,7.0,0.0,0.0,8.8
CLI000426,0.0,0.0,0.0,0.0,8.0
CLI000427,0.0,8.0,0.0,8.0,0.0
CLI000428,10.0,0.0,0.0,0.0,0.0
CLI000429,7.0,0.0,0.0,0.0,0.0
CLI000430,9.0,0.0,0.0,8.0,0.0
CLI000431,8.0,0.0,9.0,0.0,0.0
CLI000432,0.0,6.0,0.0,7.0,0.0
CLI000433,9.0,0.0,9.0,0.0,0.0
CLI000434,9.0,8.0,0.0,6.0,0.0
CLI000435,0.0,0.0,0.0,0.0,9.0
CLI000436,0.0,0.0,0.0,8.0,0.0
CLI000437,0.0,0.0,8.0,0.0,0.0
CLI000438,7.0,0.0,0.0,9.0,0.0
CLI000439,10.0,0.0,0.0,0.0,10.0
CLI000441,0.0,9.0,7.0,8.0,0.0
CLI000442,0.0,0.0,0.0,10.0,9.0
CLI000443,0.0,0.0,0.0,8.5,8.0
CLI000444,0.0,9.0,0.0,0.0,0.0
CLI000445,9.0,9.0,8.0,0.0,8.0
CLI000446,0.0,7.0,8.0,8.0,7.0
CLI000447,0.0,8.5,9.0,8.0,0.0
CLI000448,7.0,0.0,0.0,0.0,0.0
CLI000449,8.0,0.0,0.0,0.0,0.0
CLI000450,0.0,0.0,9.0,0.0,7.0
CLI000451,8.0,0.0,8.0,0.0,0.0
CLI000452,10.0,0.0,0.0,0.0,10.0
CLI000453,0.0,0.0,10.0,10.0,8.0
CLI000454,0.0,9.0,0.0,0.0,0.0
CLI000455,0.0,7.0,0.0,0.0,0.0
CLI000456,8.0,9.0,0.0,9.0,8.0
CLI000457,8.0,9.0,0.0,8.0,8.0
CLI000459,7.0,0.0,0.0,0.0,0.0
CLI000461,8.0,0.0,9.0,0.0,0.0
CLI000462,0.0,0.0,10.0,9.0,0.0
CLI000463,0.0,8.5,0.0,8.0,0.0
CLI000464,0.0,0.0,7.0,9.0,8.333333333333334
CLI000465,0.0,0.0,0.0,7.5,8.0
CLI000466,8.0,9.0,0.0,9.0,0.0
CLI000467,0.0,7.0,7.0,0.0,0.0
CLI000468,0.0,9.0,0.0,7.0,7.0
CLI000469,0.0,0.0,0.0,7.0,0.0
CLI000470,0.0,0.0,0.0,10.0,9.0
CLI000471,0.0,0.0,8.0,0.0,0.0
CLI000472,9.0,0.0,9.0,7.0,0.0
CLI000473,0.0,0.0,0.0,7.0,0.0
CLI000474,0.0,9.0,7.0,0.0,0.0
CLI000475,7.0,0.0,0.0,8.0,8.0
CLI000476,8.0,8.0,0.0,8.0,8.5
CLI000477,0.0,0.0,9.0,0.0,0.0
CLI000478,0.0,0.0,0.0,0.0,8.0
CLI000479,9.0,0.0,0.0,0.0,0.0
CLI000480,0.0,0.0,8.0,0.0,9.0
CLI000481,7.0,9.0,0.0,0.0,0.0
CLI000482,0.0,0.0,9.0,0.0,0.0
CLI000484,0.0,0.0,0.0,0.0,8.0
CLI000485,0.0,8.666666666666666,0.0,0.0,6.0
CLI000486,7.0,0.0,8.0,0.0,8.0
CLI000487,0.0,0.0,8.0,0.0,0.0
CLI000488,0.0,0.0,8.0,7.0,9.0
CLI000489,0.0,0.0,9.0,7.0,0.0
CLI000490,0.0,8.0,0.0,0.0,0.0
CLI000491,0.0,0.0,0.0,0.0,10.0
CLI000492,0.0,0.0,8.0,6.0,8.0
CLI000493,0.0,0.0,0.0,0.0,9.0
CLI000494,9.0,8.0,8.0,0.0,8.0
CLI000495,0.0,0.0,0.0,0.0,7.0
CLI000496,7.0,0.0,6.0,0.0,0.0
CLI000497,8.0,8.0,0.0,0.0,0.0
CLI000498,0.0,0.0,9.0,0.0,9.0
CLI000499,7.0,9.0,0.0,0.0,0.0
CLI000500,0.0,0.0,8.0,8.0,8.5
CLI000501,7.5,7.5,9.0,0.0,0.0
CLI000502,0.0,0.0,0.0,0.0,9.0
CLI000503,0.0,0.0,7.0,7.0,9.0
CLI000505,0.0,9.25,8.0,0.0,7.0
CLI000506,0.0,0.0,0.0,7.0,0.0
CLI000507,7.0,0.0,0.0,0.0,8.0
CLI000508,7.5,8.0,8.0,9.0,0.0
CLI000509,0.0,10.0,0.0,0.0,8.0
CLI000511,0.0,0.0,7.0,8.0,0.0
CLI000512,8.0,8.0,0.0,0.0,7.0
CLI000513,0.0,0.0,0.0,0.0,8.0
CLI000515,0.0,0.0,0.0,9.0,0.0
CLI000516,0.0,0.0,0.0,8.0,0.0
CLI000517,0.0,0.0,7.0,0.0,8.0
CLI000518,6.0,10.0,0.0,0.0,9.0
CLI000520,9.0,0.0,8.0,0.0,8.0
CLI000521,0.0,0.0,0.0,0.0,7.0
CLI000522,0.0,0.0,10.0,0.0,0.0
CLI000524,0.0,7.0,10.0,9.0,0.0
CLI000525,0.0,0.0,9.0,0.0,0.0
CLI000526,8.0,9.0,9.0,0.0,8.0
CLI000527,9.0,9.0,0.0,0.0,0.0
CLI000529,8.0,7.0,0.0,9.0,10.0
CLI000530,9.0,0.0,0.0,0.0,0.0
CLI000532,0.0,0.0,0.0,8.0,0.0
CLI000533,9.0,7.0,8.0,0.0,0.0
CLI000534,0.0,0.0,0.0,8.0,8.5
CLI000535,0.0,7.0,0.0,0.0,0.0
CLI000536,0.0,0.0,0.0,9.0,0.0
CLI000537,8.0,0.0,0.0,9.0,0.0
CLI000539,0.0,8.0,0.0,7.5,9.0
CLI000540,0.0,0.0,0.0,9.0,0.0
CLI000541,7.0,0.0,0.0,0.0,9.0
CLI000542,8.0,0.0,0.0,0.0,7.0
CLI000543,8.0,0.0,0.0,0.0,0.0
CLI000544,8.0,8.0,0.0,0.0,0.0
CLI000545,8.0,8.0,0.0,0.0,0.0
CLI000546,0.0,7.5,0.0,0.0,0.0
CLI000547,0.0,0.0,8.0,0.0,8.0
CLI000549,0.0,6.0,8.0,8.0,0.0
CLI000550,0.0,0.0,8.0,0.0,9.0
CLI000551,0.0,6.0,9.0,0.0,8.0
CLI000552,0.0,0.0,9.0,0.0,0.0
CLI000553,7.5,8.0,9.0,0.0,8.0
CLI000554,8.5,8.0,8.0,0.0,7.0
CLI000555,7.0,0.0,0.0,0.0,0.0
CLI000556,0.0,0.0,0.0,8.0,0.0
CLI000557,0.0,0.0,9.0,8.0,0.0
CLI000558,0.0,0.0,0.0,8.0,0.0
CLI000559,0.0,9.0,0.0,8.0,8.5
CLI000560,8.0,0.0,8.0,7.0,8.0
CLI000561,0.0,0.0,0.0,0.0,8.5
CLI000562,0.0,0.0,0.0,8.0,7.0
CLI000563,0.0,0.0,8.0,8.0,0.0
CLI000564,8.0,0.0,0.0,0.0,0.0
CLI000565,0.0,0.0,8.0,0.0,0.0
CLI000566,0.0,0.0,0.0,9.0,9.0
CLI000567,0.0,0.0,9.0,9.0,0.0
CLI000568,8.0,0.0,0.0,0.0,0.0
CLI000569,0.0,9.0,0.0,0.0,0.0
CLI000570,8.0,10.0,10.0,0.0,0.0
CLI000571,0.0,0.0,7.0,8.0,8.0
CLI000572,7.0,0.0,8.0,7.5,6.0
CLI000573,0.0,9.0,8.0,9.0,0.0
CLI000574,0.0,8.0,0.0,0.0,0.0
CLI000575,0.0,9.0,0.0,0.0,0.0
CLI000576,6.0,7.0,8.0,7.0,0.0
CLI000577,9.0,0.0,0.0,9.0,8.0
CLI000578,0.0,8.0,8.0,7.0,0.0
CLI000579,8.0,8.0,10.0,0.0,0.0
CLI000580,8.0,9.0,0.0,0.0,7.0
CLI000581,0.0,0.0,0.0,0.0,8.0
CLI000583,0.0,0.0,0.0,0.0,8.0
CLI000584,0.0,8.0,0.0,0.0,0.0
CLI000585,0.0,7.0,7.5,9.0,8.0
CLI000586,0.0,7.5,8.0,9.0,0.0
CLI000588,7.5,0.0,0.0,0.0,0.0
CLI000589,8.5,0.0,0.0,8.0,0.0
CLI000590,7.0,8.0,8.0,0.0,9.0
CLI000591,0.0,8.0,8.0,8.0,0.0
CLI000592,0.0,0.0,8.5,9.0,0.0
CLI000593,0.0,0.0,0.0,0.0,7.5
CLI000594,7.0,0.0,9.0,0.0,10.0
CLI000595,8.0,0.0,0.0,8.0,0.0
CLI000596,8.0,9.0,0.0,8.0,0.0
CLI000597,8.0,7.5,8.0,0.0,0.0
CLI000599,8.5,7.0,0.0,8.0,8.0
CLI000600,0.0,0.0,0.0,8.0,8.0
CLI000601,7.0,8.0,0.0,0.0,0.0
CLI000602,0.0,8.0,0.0,8.0,0.0
CLI000603,8.0,8.5,0.0,8.0,0.0
CLI000604,7.5,0.0,0.0,0.0,0.0
CLI000605,8.0,0.0,7.5,0.0,0.0
CLI000606,0.0,0.0,0.0,0.0,8.0
CLI000607,0.0,0.0,7.0,0.0,8.0
CLI000608,0.0,8.0,8.0,0.0,0.0
CLI000609,0.0,0.0,7.0,8.0,0.0
CLI000610,0.0,0.0,9.0,0.0,0.0
CLI000611,0.0,8.5,0.0,0.0,7.0
CLI000612,0.0,7.0,7.0,0.0,0.0
CLI000613,9.0,9.0,0.0,0.0,0.0
CLI000614,0.0,8.0,0.0,0.0,0.0
CLI000615,0.0,9.0,7.0,10.0,0.0
CLI000616,0.0,7.5,0.0,0.0,8.0
CLI000617,0.0,8.0,8.5,0.0,7.0
CLI000618,0.0,0.0,9.0,9.0,0.0
CLI000619,0.0,0.0,8.0,0.0,9.0
CLI000620,8.0,0.0,9.0,10.0,0.0
CLI000621,0.0,9.0,0.0,9.0,0.0
CLI000622,0.0,0.0,0.0,0.0,7.0
CLI000623,0.0,0.0,0.0,8.0,8.0
CLI000624,0.0,9.0,9.0,8.0,8.0
CLI000625,8.0,0.0,0.0,8.0,0.0
CLI000626,0.0,8.0,8.0,7.0,0.0
CLI000627,8.5,0.0,9.0,0.0,0.0
CLI000628,0.0,0.0,0.0,9.0,0.0
CLI000629,0.0,8.0,0.0,8.0,0.0
CLI000631,0.0,9.0,0.0,0.0,0.0
CLI000632,0.0,0.0,8.0,0.0,0.0
CLI000633,7.0,0.0,0.0,7.0,0.0
CLI000634,8.0,0.0,0.0,8.0,0.0
CLI000635,9.0,0.0,7.0,6.0,7.5
CLI000636,9.0,0.0,9.0,8.0,0.0
CLI000637,0.0,8.0,0.0,0.0,0.0
CLI000638,8.0,0.0,0.0,0.0,8.0
CLI000639,0.0,0.0,8.0,0.0,0.0
CLI000640,8.0,0.0,0.0,7.0,9.0
CLI000641,9.0,0.0,0.0,8.0,6.0
CLI000643,8.333333333333334,7.0,0.0,8.0,8.0
CLI000646,0.0,8.5,0.0,8.0,0.0
CLI000647,8.0,0.0,8.0,0.0,0.0
CLI000648,0.0,6.0,0.0,0.0,9.0
CLI000649,8.0,0.0,0.0,7.0,0.0
CLI000650,0.0,0.0,7.0,0.0,8.0
CLI000651,7.0,0.0,0.0,0.0,0.0
CLI000652,7.0,0.0,7.0,0.0,0.0
CLI000653,9.0,0.0,0.0,0.0,0.0
CLI000654,0.0,0.0,0.0,8.0,8.0
CLI000655,0.0,0.0,8.5,7.0,0.0
CLI000656,7.5,0.0,0.0,0.0,0.0
CLI000657,8.666666666666666,0.0,9.0,8.0,7.0
CLI000658,0.0,9.0,0.0,0.0,10.0
CLI000659,0.0,0.0,8.0,0.0,7.0
CLI000660,0.0,0.0,7.0,0.0,8.0
CLI000661,7.0,0.0,7.5,0.0,0.0
CLI000662,0.0,9.0,8.0,7.5,0.0
CLI000663,0.0,0.0,10.0,0.0,0.0
CLI000664,10.0,0.0,7.5,8.0,0.0
CLI000665,0.0,0.0,0.0,8.5,8.0
CLI000666,0.0,0.0,9.0,8.0,0.0
CLI000667,8.0,8.0,8.0,0.0,7.0
CLI000668,8.0,0.0,7.5,0.0,0.0
CLI000669,0.0,0.0,0.0,8.0,0.0
CLI000670,9.0,0.0,0.0,0.0,8.0
CLI000671,0.0,0.0,0.0,6.0,0.0
CLI000672,8.0,7.0,0.0,8.0,0.0
CLI000674,0.0,0.0,7.666666666666667,0.0,0.0
CLI000675,0.0,0.0,8.0,0.0,9.0
CLI000676,8.5,0.0,0.0,0.0,6.0
CLI000677,8.0,0.0,0.0,0.0,0.0
CLI000678,0.0,0.0,9.0,9.0,8.5
CLI000679,10.0,0.0,8.0,0.0,0.0
CLI000680,0.0,0.0,8.0,0.0,0.0
CLI000682,0.0,9.0,8.0,7.0,0.0
CLI000683,0.0,9.5,7.0,7.0,0.0
CLI000684,8.0,8.0,9.0,0.0,0.0
CLI000685,8.5,0.0,10.0,0.0,0.0
CLI000686,0.0,0.0,0.0,0.0,9.0
CLI000687,8.0,0.0,8.0,8.0,7.0
CLI000688,8.0,0.0,0.0,0.0,0.0
CLI000689,8.0,10.0,7.0,0.0,0.0
CLI000690,0.0,8.0,9.0,0.0,8.0
CLI000691,0.0,9.0,8.0,8.0,0.0
CLI000692,0.0,0.0,8.0,0.0,9.0
CLI000693,0.0,0.0,0.0,9.0,0.0
CLI000694,0.0,0.0,7.0,0.0,0.0
CLI000695,0.0,8.0,0.0,8.0,8.0
CLI000697,8.0,8.0,0.0,0.0,0.0
CLI000698,0.0,0.0,10.0,0.0,8.0
CLI000699,0.0,0.0,10.0,8.0,9.0
CLI000700,0.0,8.0,0.0,8.0,0.0
CLI000701,7.0,0.0,0.0,8.0,0.0
CLI000702,9.0,0.0,6.5,0.0,0.0
CLI000704,8.0,9.0,0.0,8.5,7.0
CLI000705,0.0,0.0,10.0,10.0,8.0
CLI000706,0.0,9.0,7.0,7.0,0.0
CLI000707,8.0,0.0,7.5,0.0,0.0
CLI000709,0.0,0.0,0.0,8.0,0.0
CLI000710,9.0,0.0,0.0,0.0,10.0
CLI000711,0.0,0.0,0.0,7.0,0.0
CLI000712,8.5,8.0,0.0,0.0,0.0
CLI000713,0.0,8.0,8.5,0.0,10.0
CLI000715,8.0,0.0,0.0,8.0,10.0
CLI000716,0.0,0.0,8.0,0.0,0.0
CLI000717,9.0,7.0,0.0,0.0,9.0
CLI000718,8.0,8.0,0.0,0.0,10.0
CLI000719,0.0,9.0,0.0,0.0,9.0
CLI000720,9.0,0.0,0.0,0.0,8.0
CLI000721,0.0,0.0,8.0,8.0,0.0
CLI000722,9.0,8.0,0.0,0.0,0.0
CLI000723,6.0,8.0,0.0,9.0,8.0
CLI000725,7.0,9.0,0.0,0.0,9.0
CLI000726,8.0,8.0,7.0,7.0,8.0
CLI000727,0.0,0.0,0.0,0.0,7.0
CLI000728,9.0,8.0,0.0,0.0,0.0
CLI000729,0.0,0.0,8.0,0.0,8.0
CLI000730,0.0,7.0,9.0,0.0,8.0
CLI000731,8.0,0.0,8.0,9.0,8.0
CLI000732,8.0,0.0,8.0,0.0,8.0
CLI000733,0.0,0.0,8.0,9.0,0.0
CLI000734,8.0,8.0,0.0,9.0,0.0
CLI000735,0.0,0.0,0.0,8.0,7.0
CLI000736,9.0,10.0,0.0,0.0,9.0
CLI000737,0.0,0.0,9.5,0.0,8.0
CLI000738,0.0,0.0,0.0,10.0,0.0
CLI000739,0.0,0.0,7.0,0.0,0.0
CLI000740,9.0,0.0,0.0,0.0,9.0
CLI000741,0.0,8.0,7.0,7.0,0.0
CLI000742,0.0,10.0,0.0,0.0,0.0
CLI000743,9.0,0.0,0.0,0.0,9.0
CLI000744,0.0,8.0,0.0,10.0,0.0
CLI000745,0.0,7.0,0.0,0.0,0.0
CLI000747,0.0,8.0,0.0,8.0,8.0
CLI000748,0.0,0.0,0.0,9.0,0.0
CLI000749,0.0,0.0,0.0,9.0,0.0
CLI000750,8.0,7.0,8.5,0.0,0.0
CLI000752,0.0,7.0,7.0,0.0,9.5
CLI000753,0.0,7.0,9.0,6.0,0.0
CLI000754,8.0,0.0,7.0,0.0,0.0
CLI000755,8.0,0.0,9.0,9.0,7.0
CLI000756,0.0,7.0,0.0,8.0,0.0
CLI000758,0.0,8.0,7.0,0.0,8.0
CLI000759,0.0,7.0,0.0,9.0,0.0
CLI000760,0.0,9.0,8.0,0.0,0.0
CLI000761,8.0,8.0,8.0,0.0,0.0
CLI000762,0.0,7.0,8.0,0.0,0.0
CLI000763,0.0,8.0,0.0,8.0,0.0
CLI000765,0.0,7.0,0.0,0.0,7.5
CLI000766,0.0,0.0,9.0,8.5,9.0
CLI000767,7.0,9.0,9.0,9.0,0.0
CLI000768,0.0,8.0,0.0,9.0,9.0
CLI000770,0.0,7.0,9.0,0.0,0.0
CLI000771,9.0,8.0,0.0,0.0,0.0
CLI000772,0.0,8.0,9.0,8.5,0.0
CLI000773,6.0,0.0,0.0,7.0,7.0
CLI000774,7.0,9.0,0.0,0.0,7.333333333333333
CLI000775,9.0,7.0,8.0,0.0,0.0
CLI000776,0.0,8.0,7.0,0.0,8.0
CLI000777,0.0,0.0,7.0,0.0,8.0
CLI000778,8.0,8.0,8.0,0.0,0.0
CLI000779,0.0,0.0,0.0,8.0,0.0
CLI000780,8.0,0.0,0.0,8.0,0.0
CLI000781,0.0,9.0,0.0,7.5,8.0
CLI000783,9.0,0.0,0.0,0.0,0.0
CLI000784,0.0,0.0,0.0,0.0,8.0
CLI000785,0.0,0.0,0.0,0.0,9.0
CLI000786,8.333333333333334,0.0,0.0,0.0,0.0
CLI000788,0.0,9.0,0.0,0.0,8.0
CLI000789,0.0,0.0,9.0,0.0,0.0
CLI000790,0.0,8.0,0.0,8.0,0.0
CLI000791,8.0,8.75,0.0,0.0,0.0
CLI000792,7.0,0.0,0.0,8.0,0.0
CLI000793,7.0,0.0,0.0,0.0,0.0
CLI000794,0.0,0.0,8.5,8.0,10.0
CLI000795,0.0,0.0,0.0,0.0,8.0
CLI000796,0.0,0.0,0.0,7.0,0.0
CLI000797,8.0,0.0,9.0,0.0,0.0
CLI000798,0.0,0.0,9.0,0.0,0.0
CLI000799,0.0,0.0,7.0,0.0,8.0
CLI000800,8.0,0.0,7.0,8.0,0.0
CLI000801,0.0,0.0,0.0,9.0,0.0
CLI000802,0.0,9.0,0.0,0.0,0.0
CLI000803,9.0,0.0,0.0,8.0,0.0
CLI000804,0.0,8.0,8.0,7.0,0.0
CLI000807,0.0,0.0,9.0,0.0,0.0
CLI000808,0.0,7.0,0.0,0.0,0.0
CLI000809,8.0,0.0,0.0,0.0,0.0
CLI000810,0.0,9.0,7.5,0.0,0.0
CLI000811,8.0,8.0,0.0,9.0,0.0
CLI000812,9.0,0.0,7.0,0.0,0.0
CLI000813,0.0,8.0,0.0,0.0,7.0
CLI000814,7.0,10.0,7.0,0.0,0.0
CLI000815,0.0,0.0,0.0,0.0,10.0
CLI000816,7.0,0.0,0.0,9.0,0.0
CLI000818,0.0,9.0,9.0,9.0,0.0
CLI000819,0.0,0.0,0.0,0.0,9.0
CLI000820,0.0,8.5,8.0,0.0,8.0
CLI000821,8.0,9.0,9.0,8.0,0.0
CLI000822,0.0,8.0,8.0,9.0,0.0
CLI000823,0.0,9.0,0.0,8.5,8.0
CLI000824,0.0,9.0,7.0,0.0,9.0
CLI000825,0.0,0.0,0.0,0.0,8.0
CLI000827,0.0,0.0,7.0,0.0,7.0
CLI000829,0.0,9.0,8.0,8.333333333333334,8.0
CLI000830,9.0,0.0,8.0,0.0,0.0
CLI000831,0.0,0.0,0.0,7.0,9.0
CLI000832,0.0,10.0,0.0,0.0,0.0
CLI000833,0.0,8.0,0.0,7.5,7.0
CLI000834,7.0,0.0,8.0,9.0,8.0
CLI000836,0.0,8.0,0.0,0.0,0.0
CLI000837,0.0,8.5,0.0,0.0,0.0
CLI000838,8.0,8.0,0.0,8.0,0.0
CLI000839,0.0,8.0,0.0,0.0,10.0
CLI000840,0.0,0.0,0.0,0.0,7.0
CLI000841,0.0,0.0,0.0,8.0,8.0
CLI000842,0.0,7.666666666666667,0.0,0.0,0.0
CLI000843,8.0,8.0,0.0,7.0,0.0
CLI000844,0.0,0.0,0.0,10.0,0.0
CLI000846,0.0,7.0,0.0,0.0,0.0
CLI000847,0.0,0.0,0.0,0.0,8.0
CLI000848,9.0,8.0,7.0,0.0,0.0
CLI000849,0.0,0.0,0.0,0.0,7.0
CLI000850,0.0,0.0,0.0,0.0,9.0
CLI000852,0.0,8.0,0.0,0.0,8.0
CLI000853,7.5,8.5,0.0,0.0,9.5
CLI000854,0.0,8.0,0.0,0.0,0.0
CLI000855,0.0,0.0,0.0,9.0,0.0
CLI000856,0.0,0.0,0.0,0.0,8.0
CLI000857,0.0,9.0,9.0,0.0,7.0
CLI000858,8.0,9.0,0.0,0.0,0.0
CLI000859,0.0,8.5,0.0,7.0,0.0
CLI000860,0.0,9.0,8.0,7.0,9.5
CLI000861,8.0,0.0,0.0,0.0,0.0
CLI000862,9.0,0.0,0.0,0.0,7.0
CLI000866,0.0,0.0,8.0,0.0,0.0
CLI000867,0.0,8.0,8.0,0.0,0.0
CLI000868,9.0,9.5,0.0,8.0,0.0
CLI000869,0.0,9.0,10.0,0.0,6.0
CLI000870,0.0,0.0,0.0,0.0,9.0
CLI000871,8.666666666666666,0.0,0.0,0.0,0.0
CLI000872,0.0,0.0,8.0,7.0,0.0
CLI000873,0.0,8.0,8.0,0.0,0.0
CLI000874,8.0,8.0,9.0,0.0,0.0
CLI000875,0.0,0.0,7.0,0.0,0.0
CLI000876,0.0,0.0,0.0,0.0,8.0
CLI000878,0.0,0.0,10.0,0.0,0.0
CLI000879,7.0,9.0,0.0,0.0,0.0
CLI000880,8.0,0.0,0.0,0.0,9.0
CLI000881,0.0,8.0,0.0,9.0,0.0
CLI000882,0.0,0.0,0.0,0.0,7.0
CLI000883,0.0,7.0,0.0,8.0,0.0
CLI000884,0.0,8.0,0.0,0.0,7.5
CLI000885,0.0,0.0,8.0,0.0,8.5
CLI000886,0.0,0.0,8.0,0.0,0.0
CLI000887,8.0,9.0,0.0,0.0,9.0
CLI000888,0.0,8.5,0.0,0.0,8.0
CLI000889,0.0,7.0,10.0,0.0,9.0
CLI000890,0.0,0.0,8.0,0.0,8.0
CLI000891,9.0,0.0,0.0,0.0,8.0
CLI000892,0.0,8.0,0.0,0.0,0.0
CLI000893,0.0,0.0,7.0,0.0,0.0
CLI000894,0.0,8.0,9.0,0.0,9.0
CLI000895,8.0,0.0,10.0,0.0,0.0
CLI000896,9.0,7.0,0.0,0.0,0.0
CLI000897,0.0,0.0,7.5,9.0,8.0
CLI000898,0.0,0.0,10.0,0.0,8.0
CLI000899,0.0,0.0,8.5,7.5,8.0
CLI000900,0.0,10.0,9.0,0.0,0.0
CLI000902,0.0,9.0,0.0,10.0,7.0
CLI000903,9.0,0.0,9.0,9.0,0.0
CLI000904,0.0,9.0,0.0,0.0,0.0
CLI000905,8.0,0.0,0.0,0.0,7.0
CLI000906,9.0,0.0,8.0,0.0,8.5
CLI000907,9.0,7.0,0.0,0.0,8.0
CLI000908,7.0,0.0,9.0,0.0,8.0
CLI000909,0.0,0.0,8.0,0.0,8.0
CLI000910,0.0,8.0,9.0,0.0,0.0
CLI000911,7.5,9.0,9.0,0.0,8.0
CLI000912,8.0,7.0,0.0,8.0,9.0
CLI000913,0.0,0.0,8.0,0.0,0.0
CLI000914,10.0,8.0,0.0,0.0,0.0
CLI000915,0.0,10.0,8.0,0.0,7.0
CLI000916,0.0,10.0,0.0,7.0,0.0
CLI000917,0.0,9.0,0.0,10.0,0.0
CLI000918,0.0,8.0,0.0,7.0,0.0
CLI000919,0.0,0.0,8.0,0.0,8.0
CLI000920,0.0,8.0,0.0,0.0,0.0
CLI000921,0.0,7.0,0.0,0.0,0.0
CLI000922,9.0,6.0,0.0,0.0,9.0
CLI000923,0.0,8.0,0.0,0.0,0.0
CLI000924,0.0,0.0,0.0,8.0,0.0
CLI000925,0.0,0.0,0.0,0.0,7.0
CLI000926,9.0,9.0,9.0,0.0,8.0
CLI000927,8.0,9.0,0.0,0.0,0.0
CLI000928,0.0,0.0,0.0,8.5,0.0
CLI000929,9.0,0.0,0.0,0.0,0.0
CLI000930,0.0,0.0,0.0,8.0,7.0
CLI000931,0.0,0.0,0.0,8.0,0.0
CLI000932,0.0,0.0,9.0,0.0,7.0
CLI000933,0.0,0.0,0.0,8.0,8.0
CLI000934,7.666666666666667,0.0,0.0,8.0,0.0
CLI000935,0.0,0.0,0.0,7.0,0.0
CLI000936,0.0,0.0,0.0,7.0,0.0
CLI000937,0.0,0.0,0.0,0.0,9.0
CLI000938,0.0,0.0,7.0,0.0,0.0
CLI000939,0.0,0.0,7.0,8.5,0.0
CLI000940,7.5,0.0,0.0,7.5,0.0
CLI000941,0.0,7.0,8.0,9.0,0.0
CLI000942,8.0,0.0,0.0,0.0,0.0
CLI000943,0.0,0.0,0.0,8.75,10.0
CLI000944,7.5,8.0,0.0,0.0,9.0
CLI000945,0.0,8.0,10.0,7.0,0.0
CLI000946,0.0,0.0,7.5,0.0,0.0
CLI000947,0.0,0.0,8.0,0.0,9.5
CLI000948,10.0,0.0,7.0,0.0,8.0
CLI000950,0.0,0.0,0.0,0.0,8.0
CLI000951,0.0,0.0,0.0,7.0,0.0
CLI000952,0.0,0.0,9.0,0.0,8.5
CLI000953,9.0,8.0,0.0,0.0,0.0
CLI000957,0.0,10.0,0.0,8.0,0.0
CLI000958,0.0,0.0,9.0,8.0,0.0
CLI000959,0.0,0.0,8.0,0.0,0.0
CLI000960,8.0,0.0,8.5,0.0,0.0
CLI000961,0.0,8.5,0.0,7.0,8.0
CLI000962,0.0,0.0,8.0,0.0,10.0
CLI000963,0.0,8.0,8.0,8.0,10.0
CLI000964,8.5,0.0,7.5,0.0,9.0
CLI000965,0.0,7.0,0.0,0.0,8.0
CLI000966,8.0,8.0,0.0,0.0,0.0
CLI000967,0.0,0.0,8.0,0.0,0.0
CLI000968,0.0,0.0,0.0,8.0,10.0
CLI000969,9.0,0.0,8.0,7.0,9.0
CLI000970,0.0,8.0,0.0,8.0,8.0
CLI000971,8.0,8.0,8.0,0.0,10.0
CLI000972,0.0,8.0,8.0,0.0,9.0
CLI000974,0.0,8.0,0.0,7.5,7.0
CLI000975,7.0,0.0,9.0,7.0,9.0
CLI000976,9.0,0.0,0.0,0.0,8.0
CLI000977,0.0,7.0,0.0,0.0,0.0
CLI000978,0.0,0.0,8.0,9.0,0.0
CLI000979,8.0,10.0,0.0,0.0,8.0
CLI000980,9.0,10.0,0.0,7.0,9.0
CLI000981,0.0,0.0,9.0,0.0,10.0
CLI000982,7.0,9.0,0.0,0.0,0.0
CLI000983,0.0,0.0,8.0,0.0,0.0
CLI000984,8.0,0.0,0.0,9.0,0.0
CLI000985,9.0,0.0,0.0,0.0,0.0
CLI000986,0.0,7.5,0.0,0.0,0.0
CLI000987,0.0,0.0,7.0,8.0,8.0
CLI000988,0.0,0.0,7.5,0.0,8.0
CLI000989,8.0,0.0,0.0,9.0,8.5
CLI000990,8.0,0.0,7.0,0.0,0.0
CLI000991,0.0,8.0,0.0,0.0,0.0
CLI000992,8.0,0.0,8.0,0.0,0.0
CLI000993,0.0,0.0,0.0,8.0,8.0
CLI000994,0.0,9.0,0.0,7.0,0.0
CLI000995,0.0,9.0,7.0,9.0,0.0
CLI000996,0.0,0.0,0.0,7.0,8.0
CLI000997,0.0,0.0,0.0,8.0,0.0
CLI000998,0.0,9.0,0.0,7.5,0.0
CLI000999,0.0,9.0,0.0,9.0,9.0
CLI001000,9.0,0.0,8.0,0.0,7.0
CLI001001,9.0,0.0,0.0,0.0,0.0
CLI001002,0.0,0.0,8.0,8.5,9.0
CLI001003,0.0,0.0,7.5,8.0,0.0
CLI001004,8.0,0.0,7.0,9.0,0.0
CLI001005,0.0,8.0,0.0,0.0,0.0
CLI001007,0.0,0.0,0.0,9.0,10.0
CLI001008,7.666666666666667,8.0,7.0,0.0,7.0
CLI001009,0.0,9.0,8.0,10.0,8.0
CLI001010,9.0,0.0,0.0,9.0,0.0
CLI001011,0.0,8.0,8.0,8.0,0.0
CLI001013,0.0,0.0,8.0,10.0,0.0
CLI001014,8.0,0.0,8.0,0.0,0.0
CLI001015,0.0,0.0,7.0,8.0,9.0
CLI001016,10.0,8.0,8.5,0.0,0.0
CLI001018,0.0,0.0,8.0,0.0,8.0
CLI001019,0.0,9.0,8.5,0.0,9.0
CLI001020,7.0,9.0,7.0,0.0,0.0
CLI001021,0.0,0.0,8.0,0.0,0.0
CLI001022,0.0,7.0,9.0,0.0,9.0
CLI001023,0.0,0.0,0.0,8.0,0.0
CLI001024,8.0,0.0,0.0,8.0,0.0
CLI001025,8.0,0.0,9.5,0.0,0.0
CLI001026,8.0,0.0,0.0,0.0,7.0
CLI001027,8.0,0.0,9.0,0.0,0.0
CLI001029,0.0,8.0,0.0,9.0,0.0
CLI001030,0.0,8.0,0.0,0.0,0.0
CLI001031,0.0,0.0,8.0,7.0,8.666666666666666
CLI001032,8.0,0.0,7.5,8.0,0.0
CLI001033,0.0,9.0,0.0,0.0,0.0
CLI001034,0.0,8.0,0.0,0.0,0.0
CLI001035,0.0,0.0,0.0,8.0,9.0
CLI001036,10.0,0.0,0.0,7.0,0.0
CLI001037,0.0,0.0,0.0,0.0,6.0
CLI001038,0.0,7.0,0.0,0.0,0.0
CLI001039,0.0,0.0,0.0,8.0,0.0
CLI001040,7.0,0.0,9.0,0.0,7.0
CLI001041,0.0,0.0,0.0,0.0,7.0
CLI001042,7.0,0.0,8.0,9.0,0.0
CLI001043,9.0,9.0,0.0,0.0,7.0
CLI001044,9.0,0.0,6.0,0.0,0.0
CLI001045,0.0,0.0,8.0,9.0,0.0
CLI001046,0.0,0.0,0.0,0.0,6.0
CLI001047,8.0,9.0,0.0,0.0,0.0
CLI001048,0.0,7.0,10.0,8.0,0.0
CLI001049,0.0,8.0,0.0,9.0,0.0
CLI001050,0.0,7.0,0.0,8.0,0.0
CLI001051,8.5,7.0,10.0,8.0,8.0
CLI001052,0.0,8.0,9.0,9.0,7.5
CLI001053,0.0,0.0,0.0,8.0,0.0
CLI001054,0.0,0.0,0.0,8.0,8.0
CLI001055,0.0,6.0,0.0,0.0,0.0
CLI001057,0.0,0.0,0.0,0.0,9.0
CLI001058,7.5,0.0,0.0,0.0,0.0
CLI001059,8.0,9.0,0.0,0.0,0.0
CLI001060,0.0,9.0,0.0,0.0,0.0
CLI001061,8.0,7.0,0.0,0.0,0.0
CLI001062,0.0,0.0,0.0,0.0,9.0
CLI001063,0.0,7.0,0.0,7.0,8.5
CLI001065,0.0,9.0,8.0,0.0,0.0
CLI001066,0.0,0.0,9.0,9.0,0.0
CLI001067,0.0,0.0,0.0,8.0,0.0
CLI001068,8.5,0.0,9.0,0.0,0.0
CLI001069,9.0,7.0,7.5,0.0,9.0
CLI001070,9.0,0.0,8.5,0.0,0.0
CLI001071,8.0,0.0,0.0,8.0,7.0
CLI001072,0.0,0.0,8.0,0.0,8.5
CLI001073,0.0,0.0,0.0,10.0,0.0
CLI001074,0.0,0.0,0.0,8.0,7.5
CLI001075,0.0,0.0,7.0,0.0,0.0
CLI001076,0.0,0.0,0.0,8.0,0.0
CLI001077,8.0,6.0,8.0,0.0,0.0
CLI001078,0.0,0.0,0.0,7.0,0.0
CLI001079,0.0,8.0,0.0,0.0,9.0
CLI001080,0.0,0.0,0.0,8.0,0.0
CLI001081,7.0,9.0,0.0,0.0,10.0
CLI001082,0.0,0.0,8.0,0.0,0.0
CLI001083,0.0,0.0,7.0,10.0,0.0
CLI001084,0.0,0.0,7.0,0.0,8.0
CLI001086,9.0,8.0,8.0,8.0,0.0
CLI001087,7.0,0.0,0.0,0.0,0.0
CLI001088,8.5,9.0,0.0,0.0,0.0
CLI001089,8.0,0.0,0.0,8.0,0.0
CLI001090,9.0,9.0,9.0,9.0,9.0
CLI001091,0.0,8.0,0.0,8.0,9.0
CLI001092,0.0,0.0,0.0,8.0,0.0
CLI001093,0.0,0.0,8.0,8.5,0.0
CLI001094,0.0,0.0,0.0,0.0,8.0
CLI001095,0.0,9.0,0.0,9.0,0.0
CLI001096,10.0,0.0,7.0,8.0,8.0
CLI001098,0.0,0.0,8.5,7.0,8.0
CLI001099,0.0,0.0,0.0,0.0,9.0
CLI001100,0.0,0.0,0.0,0.0,10.0
CLI001101,0.0,0.0,9.0,0.0,0.0
CLI001102,0.0,7.0,7.0,9.0,0.0
CLI001103,0.0,8.0,0.0,0.0,0.0
CLI001105,0.0,0.0,9.0,0.0,0.0
CLI001106,6.0,7.0,0.0,0.0,8.0
CLI001107,0.0,0.0,9.0,0.0,7.0
CLI001108,0.0,0.0,9.0,0.0,0.0
CLI001109,8.5,0.0,9.0,7.0,8.5
CLI001110,0.0,0.0,7.0,8.5,0.0
CLI001111,0.0,8.0,0.0,0.0,0.0
CLI001112,0.0,9.0,0.0,9.0,0.0
CLI001113,0.0,9.0,0.0,0.0,0.0
CLI001115,0.0,0.0,0.0,0.0,8.5
CLI001116,0.0,9.0,0.0,9.0,8.0
CLI001117,8.0,7.0,0.0,0.0,0.0
CLI001118,9.0,9.0,9.0,8.0,0.0
CLI001119,9.0,0.0,0.0,8.0,8.0
CLI001120,8.0,8.0,0.0,0.0,0.0
CLI001121,0.0,0.0,0.0,7.0,8.0
CLI001122,0.0,0.0,0.0,8.0,0.0
CLI001123,0.0,0.0,8.0,0.0,0.0
CLI001124,6.0,0.0,0.0,9.0,0.0
CLI001125,9.0,0.0,0.0,0.0,0.0
CLI001126,0.0,0.0,8.0,10.0,0.0
CLI001127,0.0,8.0,9.0,8.0,0.0
CLI001128,9.0,0.0,0.0,0.0,0.0
CLI001129,9.5,0.0,7.0,9.0,0.0
CLI001130,0.0,10.0,0.0,0.0,10.0
CLI001131,9.0,8.0,0.0,0.0,8.0
CLI001132,8.5,0.0,0.0,0.0,7.0
CLI001133,8.0,0.0,0.0,8.0,7.666666666666667
CLI001134,7.0,0.0,7.0,8.0,0.0
CLI001135,9.0,0.0,7.0,0.0,0.0
CLI001136,0.0,0.0,9.0,0.0,8.0
CLI001137,0.0,0.0,0.0,0.0,8.0
CLI001138,0.0,0.0,7.5,9.0,0.0
CLI001139,0.0,0.0,0.0,9.0,7.0
CLI001140,0.0,0.0,0.0,0.0,9.0
CLI001141,9.0,8.0,0.0,0.0,8.0
CLI001142,0.0,0.0,0.0,0.0,8.0
CLI001143,0.0,0.0,9.0,7.0,9.0
CLI001144,8.0,0.0,0.0,8.5,0.0
CLI001145,0.0,8.5,0.0,0.0,0.0
CLI001146,0.0,0.0,0.0,10.0,9.0
CLI001147,0.0,0.0,9.0,0.0,8.0
CLI001148,0.0,0.0,0.0,7.0,0.0
CLI001150,0.0,7.0,0.0,0.0,0.0
CLI001151,0.0,0.0,9.0,0.0,0.0
CLI001152,0.0,0.0,8.0,0.0,8.0
CLI001153,7.0,8.0,8.5,0.0,0.0
CLI001154,0.0,8.0,8.0,8.5,8.0
CLI001155,0.0,9.0,0.0,9.0,0.0
CLI001156,0.0,7.0,7.0,8.0,9.0
CLI001157,0.0,0.0,8.666666666666666,0.0,8.0
CLI001158,0.0,8.5,9.0,8.0,0.0
CLI001159,9.0,9.5,8.0,8.0,0.0
CLI001160,8.0,0.0,0.0,0.0,0.0
CLI001161,0.0,0.0,9.0,8.0,0.0
CLI001163,0.0,7.5,0.0,0.0,0.0
CLI001164,9.0,0.0,0.0,0.0,0.0
CLI001165,0.0,0.0,10.0,0.0,0.0
CLI001166,6.0,8.0,0.0,7.0,0.0
CLI001169,8.0,0.0,0.0,0.0,9.0
CLI001170,0.0,8.0,0.0,8.0,9.0
CLI001171,8.0,9.0,8.0,10.0,0.0
CLI001172,8.0,0.0,0.0,0.0,0.0
CLI001173,0.0,10.0,10.0,8.0,0.0
CLI001174,0.0,8.666666666666666,0.0,8.5,0.0
CLI001175,8.0,0.0,0.0,7.0,0.0
CLI001176,7.5,9.0,0.0,0.0,0.0
CLI001177,0.0,0.0,8.5,0.0,9.0
CLI001178,7.0,9.0,0.0,0.0,9.0
CLI001179,0.0,8.0,0.0,9.0,0.0
CLI001180,9.0,0.0,0.0,0.0,0.0
CLI001181,0.0,0.0,8.0,0.0,0.0
CLI001183,8.0,9.0,0.0,0.0,0.0
CLI001184,8.0,0.0,8.0,0.0,7.0
CLI001185,8.0,8.0,0.0,8.0,0.0
CLI001186,0.0,8.0,8.0,10.0,9.0
CLI001187,8.333333333333334,0.0,0.0,0.0,0.0
CLI001189,8.333333333333334,7.5,8.0,9.0,7.0
CLI001190,7.0,0.0,0.0,0.0,0.0
CLI001191,8.0,7.0,0.0,0.0,0.0
CLI001192,0.0,10.0,0.0,0.0,0.0
CLI001193,0.0,9.0,7.0,8.0,9.0
CLI001194,0.0,0.0,8.5,0.0,9.0
CLI001195,0.0,0.0,0.0,7.5,0.0
CLI001196,9.0,0.0,0.0,0.0,0.0
CLI001197,7.0,0.0,8.0,10.0,0.0
CLI001198,0.0,0.0,0.0,0.0,9.5
CLI001200,8.5,0.0,9.0,0.0,7.0
CLI001202,0.0,0.0,0.0,8.0,0.0
CLI001203,0.0,0.0,0.0,9.0,0.0
CLI001204,0.0,7.0,7.0,8.0,7.0
CLI001206,8.0,8.0,0.0,0.0,0.0
CLI001207,8.0,8.0,0.0,0.0,0.0
CLI001208,6.5,0.0,7.0,0.0,7.0
CLI001209,9.0,8.5,0.0,0.0,0.0
CLI001210,0.0,0.0,7.0,8.0,9.5
CLI001211,0.0,7.0,0.0,7.0,9.0
CLI001212,0.0,8.0,0.0,0.0,0.0
CLI001213,0.0,0.0,0.0,7.0,9.0
CLI001214,0.0,0.0,7.0,8.0,6.0
CLI001215,8.0,0.0,8.5,9.0,0.0
CLI001216,0.0,0.0,7.0,0.0,0.0
CLI001217,0.0,8.0,0.0,0.0,0.0
CLI001218,9.0,0.0,0.0,0.0,8.0
CLI001219,0.0,0.0,8.0,0.0,0.0
CLI001221,0.0,0.0,10.0,0.0,8.0
CLI001222,9.0,9.0,7.0,0.0,0.0
CLI001223,10.0,0.0,0.0,8.5,6.0
CLI001224,0.0,0.0,0.0,7.0,0.0
CLI001225,7.0,8.5,0.0,0.0,8.0
CLI001226,8.0,0.0,0.0,0.0,0.0
CLI001227,0.0,0.0,0.0,8.0,8.0
CLI001228,0.0,0.0,0.0,8.0,0.0
CLI001229,0.0,9.0,8.0,0.0,0.0
CLI001230,0.0,0.0,0.0,8.0,8.0
CLI001232,0.0,0.0,0.0,6.0,10.0
CLI001233,0.0,9.0,0.0,9.0,7.0
CLI001235,8.0,0.0,0.0,0.0,0.0
CLI001236,7.0,0.0,0.0,0.0,0.0
CLI001237,9.0,9.0,0.0,0.0,0.0
CLI001238,7.0,0.0,0.0,0.0,0.0
CLI001240,8.0,0.0,0.0,0.0,0.0
CLI001241,7.5,0.0,0.0,0.0,0.0
CLI001242,0.0,0.0,9.0,0.0,8.0
CLI001243,0.0,0.0,0.0,0.0,10.0
CLI001246,0.0,0.0,8.0,9.0,0.0
CLI001247,0.0,9.0,0.0,0.0,0.0
CLI001248,8.0,7.0,9.0,8.0,0.0
CLI001250,0.0,6.0,7.0,0.0,8.0
CLI001251,0.0,0.0,8.0,8.5,7.5
CLI001252,0.0,8.0,0.0,0.0,0.0
CLI001253,8.0,0.0,0.0,9.0,6.0
CLI001256,8.0,0.0,8.0,9.5,7.0
CLI001257,8.5,8.0,0.0,0.0,0.0
CLI001258,0.0,0.0,0.0,0.0,8.0
CLI001259,7.5,0.0,0.0,0.0,7.0
CLI001260,0.0,8.0,8.0,8.0,0.0
CLI001261,0.0,0.0,0.0,8.333333333333334,8.0
CLI001262,0.0,9.0,0.0,0.0,9.0
CLI001263,0.0,0.0,7.0,0.0,0.0
CLI001264,9.0,0.0,0.0,0.0,8.0
CLI001265,8.0,7.0,0.0,0.0,0.0
CLI001266,0.0,0.0,0.0,0.0,8.0
CLI001267,0.0,0.0,8.0,0.0,0.0
CLI001268,7.0,10.0,0.0,0.0,9.0
CLI001269,0.0,0.0,0.0,6.0,9.0
CLI001270,7.5,0.0,7.0,0.0,9.0
CLI001271,0.0,7.5,0.0,8.0,0.0
CLI001273,0.0,0.0,0.0,0.0,9.0
CLI001274,0.0,9.0,9.0,7.0,7.0
CLI001275,0.0,0.0,9.0,0.0,9.0
CLI001276,7.5,0.0,0.0,0.0,0.0
CLI001277,0.0,0.0,0.0,0.0,8.5
CLI001278,0.0,7.0,8.0,0.0,0.0
CLI001279,8.0,9.0,0.0,0.0,7.666666666666667
CLI001280,0.0,8.5,8.0,0.0,6.0
CLI001281,0.0,0.0,8.0,0.0,0.0
CLI001284,0.0,0.0,8.5,0.0,0.0
CLI001285,0.0,0.0,0.0,8.0,10.0
CLI001286,8.333333333333334,8.0,8.0,0.0,10.0
CLI001287,0.0,0.0,8.0,0.0,0.0
CLI001288,0.0,8.0,6.0,0.0,0.0
CLI001290,9.0,0.0,0.0,0.0,0.0
CLI001291,0.0,0.0,9.0,9.0,0.0
CLI001292,7.5,0.0,9.0,0.0,7.0
CLI001293,0.0,0.0,8.0,0.0,0.0
CLI001294,0.0,0.0,8.0,8.0,0.0
CLI001295,0.0,0.0,0.0,0.0,8.0
CLI001296,0.0,9.0,0.0,6.0,0.0
CLI001297,0.0,0.0,0.0,0.0,7.0
CLI001298,0.0,0.0,0.0,0.0,8.0
CLI001299,8.0,0.0,8.0,0.0,0.0
CLI001300,0.0,9.0,0.0,9.0,0.0
CLI001301,8.0,9.0,0.0,0.0,0.0
CLI001302,0.0,8.0,0.0,0.0,0.0
CLI001303,0.0,7.0,0.0,8.0,10.0
CLI001304,9.0,0.0,0.0,0.0,0.0
CLI001305,7.0,9.0,0.0,10.0,10.0
CLI001306,0.0,0.0,8.0,9.0,8.0
CLI001307,0.0,7.0,8.0,10.0,0.0
CLI001309,0.0,0.0,0.0,7.5,0.0
CLI001310,0.0,0.0,8.0,0.0,8.5
CLI001313,0.0,0.0,10.0,0.0,0.0
CLI001314,0.0,0.0,0.0,0.0,9.0
CLI001316,0.0,0.0,8.0,0.0,9.0
CLI001317,0.0,0.0,0.0,8.0,0.0
CLI001318,0.0,0.0,8.0,0.0,8.0
CLI001319,0.0,9.0,0.0,0.0,6.0
CLI001320,0.0,0.0,9.0,0.0,0.0
CLI001321,9.0,7.0,0.0,0.0,0.0
CLI001322,0.0,8.0,8.5,0.0,0.0
CLI001323,0.0,0.0,0.0,7.0,7.5
CLI001324,0.0,9.0,9.0,0.0,0.0
CLI001325,0.0,0.0,0.0,9.0,0.0
CLI001326,0.0,0.0,0.0,0.0,8.0
CLI001327,9.0,0.0,0.0,0.0,8.0
CLI001329,0.0,0.0,0.0,0.0,8.0
CLI001330,0.0,0.0,8.0,8.0,7.5
CLI001331,8.0,0.0,0.0,0.0,0.0
CLI001332,8.0,0.0,0.0,8.0,0.0
CLI001333,0.0,0.0,8.0,0.0,0.0
CLI001334,0.0,0.0,0.0,9.0,8.0
CLI001335,0.0,6.0,7.5,8.5,0.0
CLI001336,9.0,0.0,0.0,7.5,0.0
CLI001337,8.0,0.0,8.0,0.0,7.5
CLI001338,0.0,0.0,8.333333333333334,0.0,0.0
CLI001339,0.0,7.0,7.0,9.0,0.0
CLI001340,7.5,7.0,0.0,8.5,0.0
CLI001342,0.0,9.0,8.0,0.0,0.0
CLI001343,9.0,0.0,7.333333333333333,8.0,9.0
CLI001344,9.0,0.0,8.0,8.0,0.0
CLI001346,9.0,0.0,0.0,0.0,8.0
CLI001347,8.5,8.0,0.0,0.0,0.0
CLI001349,9.0,9.0,7.0,0.0,0.0
CLI001350,9.0,0.0,0.0,7.0,9.5
CLI001351,0.0,7.666666666666667,0.0,0.0,0.0
CLI001352,0.0,8.0,0.0,8.0,6.0
CLI001353,0.0,9.0,0.0,0.0,0.0
CLI001354,8.5,6.0,0.0,0.0,0.0
CLI001355,0.0,0.0,0.0,7.0,8.0
CLI001356,8.0,0.0,0.0,0.0,9.0
CLI001357,9.5,0.0,0.0,0.0,0.0
CLI001358,7.0,8.0,0.0,8.0,7.0
CLI001359,0.0,8.0,0.0,0.0,0.0
CLI001360,6.0,0.0,7.0,0.0,0.0
CLI001361,0.0,0.0,10.0,7.0,0.0
CLI001362,8.0,9.0,8.0,8.0,7.0
CLI001363,8.0,0.0,9.0,0.0,0.0
CLI001364,8.0,0.0,9.5,10.0,8.0
CLI001367,0.0,0.0,9.0,0.0,7.5
CLI001368,0.0,7.5,0.0,0.0,7.0
CLI001369,0.0,8.0,0.0,9.0,8.5
CLI001370,0.0,0.0,7.0,0.0,8.0
CLI001371,0.0,0.0,0.0,8.0,7.0
CLI001372,8.0,7.0,9.0,9.0,8.0
CLI001373,9.5,8.0,0.0,0.0,0.0
CLI001374,8.0,7.0,0.0,8.0,0.0
CLI001375,0.0,0.0,0.0,9.0,0.0
CLI001376,0.0,9.0,0.0,7.0,0.0
CLI001377,0.0,0.0,8.0,8.0,0.0
CLI001378,7.0,0.0,0.0,0.0,8.0
CLI001379,8.0,7.5,8.0,8.5,0.0
CLI001380,7.0,0.0,0.0,7.0,8.0
CLI001381,0.0,0.0,7.0,7.0,0.0
CLI001382,0.0,0.0,0.0,0.0,9.0
CLI001384,7.5,0.0,7.0,0.0,9.0
CLI001385,0.0,0.0,8.5,8.0,8.0
CLI001386,8.0,7.0,0.0,0.0,9.0
CLI001387,0.0,9.0,9.0,0.0,9.0
CLI001388,7.0,0.0,0.0,0.0,0.0
CLI001389,7.0,0.0,0.0,0.0,0.0
CLI001390,9.0,0.0,0.0,0.0,0.0
CLI001391,0.0,6.0,0.0,0.0,7.5
CLI001392,0.0,0.0,0.0,8.0,8.0
CLI001393,0.0,0.0,9.0,0.0,8.0
CLI001394,0.0,0.0,0.0,9.0,9.0
CLI001395,8.0,0.0,0.0,8.0,0.0
CLI001396,7.0,0.0,8.0,8.5,0.0
CLI001397,0.0,0.0,0.0,0.0,9.0
CLI001398,0.0,0.0,0.0,0.0,7.0
CLI001399,0.0,0.0,8.0,0.0,0.0
CLI001400,7.0,10.0,7.0,7.0,0.0
CLI001401,0.0,7.0,0.0,0.0,0.0
CLI001402,8.0,7.0,0.0,0.0,9.0
CLI001403,0.0,0.0,0.0,8.5,0.0
CLI001404,7.5,8.0,9.0,0.0,0.0
CLI001405,0.0,0.0,8.0,7.0,0.0
CLI001406,0.0,0.0,9.0,0.0,8.0
CLI001407,0.0,8.0,0.0,0.0,8.0
CLI001408,7.0,0.0,9.0,0.0,9.0
CLI001409,0.0,7.0,0.0,0.0,9.0
CLI001410,0.0,0.0,0.0,10.0,8.0
CLI001411,8.0,6.0,0.0,0.0,9.0
CLI001412,0.0,9.0,0.0,9.0,0.0
CLI001413,8.0,0.0,0.0,8.0,9.0
CLI001414,0.0,0.0,0.0,0.0,8.666666666666666
CLI001415,0.0,8.0,0.0,0.0,0.0
CLI001416,9.0,0.0,0.0,7.0,9.0
CLI001417,0.0,0.0,9.0,7.0,0.0
CLI001418,0.0,7.0,0.0,0.0,0.0
CLI001419,0.0,8.0,9.0,8.0,8.0
CLI001420,0.0,7.0,0.0,0.0,0.0
CLI001421,0.0,0.0,0.0,8.0,8.0
CLI001422,8.0,8.0,0.0,0.0,0.0
CLI001423,9.0,9.0,0.0,8.0,0.0
CLI001424,9.0,7.0,0.0,8.0,8.0
CLI001425,0.0,0.0,9.0,10.0,9.0
CLI001426,0.0,0.0,9.0,0.0,0.0
CLI001427,0.0,9.0,0.0,8.0,9.0
CLI001428,0.0,8.0,0.0,0.0,0.0
CLI001429,0.0,0.0,10.0,0.0,9.0
CLI001430,8.0,0.0,0.0,0.0,7.5
CLI001431,7.0,0.0,0.0,9.0,0.0
CLI001432,0.0,0.0,8.0,0.0,0.0
CLI001433,8.0,10.0,0.0,0.0,8.5
CLI001434,6.0,7.0,0.0,0.0,0.0
CLI001435,9.0,0.0,8.5,9.0,0.0
CLI001436,0.0,8.0,0.0,0.0,0.0
CLI001437,0.0,8.0,0.0,8.0,0.0
CLI001438,7.5,0.0,0.0,0.0,0.0
CLI001439,8.0,9.0,0.0,0.0,7.0
CLI001440,0.0,0.0,9.0,0.0,0.0
CLI001441,0.0,0.0,0.0,8.0,7.666666666666667
CLI001442,8.0,7.0,0.0,0.0,0.0
CLI001443,7.0,0.0,0.0,0.0,0.0
CLI001444,9.0,0.0,8.0,7.0,0.0
CLI001445,7.0,8.0,0.0,8.0,8.0
CLI001446,0.0,10.0,9.0,0.0,0.0
CLI001447,8.0,0.0,0.0,0.0,8.0
CLI001448,0.0,0.0,0.0,8.0,8.0
CLI001449,9.0,0.0,9.0,7.5,0.0
CLI001450,0.0,0.0,7.0,8.0,0.0
CLI001451,0.0,0.0,8.0,0.0,0.0
CLI001452,0.0,8.0,0.0,8.0,0.0
CLI001453,7.0,0.0,0.0,7.0,0.0
CLI001454,0.0,7.0,0.0,0.0,9.0
CLI001455,0.0,9.0,0.0,0.0,0.0
CLI001456,0.0,0.0,0.0,7.0,0.0
CLI001457,0.0,8.0,0.0,7.0,8.0
CLI001458,0.0,0.0,0.0,8.0,0.0
CLI001459,0.0,0.0,8.0,8.0,0.0
CLI001460,0.0,0.0,9.0,0.0,0.0
CLI001461,8.0,0.0,0.0,9.0,0.0
CLI001462,8.0,0.0,0.0,0.0,0.0
CLI001463,7.0,0.0,0.0,0.0,0.0
CLI001464,0.0,7.5,0.0,0.0,0.0
CLI001465,8.0,8.0,8.5,0.0,8.0
CLI001466,9.0,0.0,0.0,0.0,0.0
CLI001467,8.0,8.0,0.0,8.0,0.0
CLI001468,0.0,0.0,0.0,9.0,0.0
CLI001469,8.0,7.5,7.0,0.0,8.0
CLI001470,9.0,0.0,0.0,0.0,0.0
CLI001471,0.0,0.0,7.0,0.0,8.0
CLI001472,0.0,8.0,0.0,0.0,0.0
CLI001474,8.0,9.0,0.0,10.0,0.0
CLI001475,8.0,7.0,7.5,0.0,9.0
CLI001476,8.0,0.0,9.0,0.0,10.0
CLI001477,0.0,0.0,0.0,8.0,7.0
CLI001478,0.0,0.0,9.0,0.0,0.0
CLI001479,7.5,8.0,0.0,0.0,9.0
CLI001480,0.0,0.0,0.0,0.0,9.0
CLI001481,0.0,8.0,8.5,0.0,0.0
CLI001482,0.0,8.666666666666666,0.0,0.0,0.0
CLI001483,0.0,0.0,0.0,8.0,0.0
CLI001484,8.0,0.0,0.0,7.0,0.0
CLI001486,7.0,0.0,0.0,0.0,0.0
CLI001487,0.0,0.0,7.0,8.0,0.0
CLI001488,0.0,0.0,7.0,0.0,10.0
CLI001489,0.0,0.0,0.0,0.0,9.0
CLI001490,0.0,0.0,0.0,0.0,8.0
CLI001491,7.0,9.0,0.0,0.0,0.0
CLI001492,0.0,0.0,0.0,7.0,8.0
CLI001494,9.0,8.0,9.0,0.0,0.0
CLI001495,0.0,0.0,8.0,0.0,8.0
CLI001496,8.5,0.0,0.0,8.0,7.0
CLI001497,8.0,9.0,0.0,8.0,0.0
CLI001498,8.0,0.0,0.0,7.0,0.0
CLI001499,0.0,9.0,8.666666666666666,0.0,0.0
CLI001500,0.0,8.0,0.0,0.0,0.0
CLI001501,0.0,0.0,0.0,9.0,0.0
CLI001502,8.0,0.0,0.0,8.333333333333334,0.0
CLI001503,7.5,0.0,0.0,0.0,0.0
CLI001504,7.0,0.0,0.0,8.0,7.0
CLI001505,0.0,9.0,9.0,0.0,0.0
CLI001506,0.0,7.0,9.0,9.0,9.0
CLI001507,0.0,0.0,0.0,0.0,8.5
CLI001508,0.0,0.0,0.0,0.0,8.0
CLI001509,0.0,0.0,0.0,0.0,8.0
CLI001510,0.0,0.0,0.0,8.0,0.0
CLI001511,0.0,0.0,8.0,0.0,0.0
CLI001512,0.0,0.0,7.0,9.0,8.0
CLI001513,8.333333333333334,7.0,0.0,0.0,8.5
CLI001514,0.0,8.5,8.0,8.333333333333334,0.0
CLI001515,0.0,9.0,7.0,7.0,10.0
CLI001516,0.0,0.0,8.0,0.0,0.0
CLI001517,9.0,8.0,0.0,0.0,7.5
CLI001518,0.0,7.0,8.0,0.0,0.0
CLI001519,7.0,7.0,0.0,0.0,0.0
CLI001520,0.0,0.0,7.0,8.0,9.0
CLI001521,0.0,0.0,7.0,7.0,9.0
CLI001522,0.0,6.0,9.0,8.333333333333334,8.0
CLI001523,7.0,8.0,9.0,7.0,0.0
CLI001524,0.0,0.0,7.0,0.0,0.0
CLI001525,0.0,6.0,8.0,7.0,0.0
CLI001526,0.0,0.0,0.0,7.0,8.0
CLI001527,8.333333333333334,9.0,10.0,8.0,0.0
CLI001528,9.0,9.0,0.0,9.0,0.0
CLI001530,0.0,0.0,9.0,8.0,8.0
CLI001531,8.0,0.0,0.0,8.0,0.0
CLI001532,9.0,0.0,0.0,0.0,7.0
CLI001533,0.0,0.0,7.0,7.0,8.0
CLI001534,0.0,0.0,7.5,7.5,0.0
CLI001535,0.0,7.0,7.0,0.0,0.0
CLI001536,0.0,7.0,0.0,0.0,0.0
CLI001538,0.0,0.0,0.0,7.0,9.0
CLI001539,0.0,7.0,0.0,7.5,0.0
CLI001540,0.0,7.0,8.0,0.0,0.0
CLI001541,0.0,8.0,0.0,0.0,0.0
CLI001542,8.5,0.0,0.0,0.0,8.0
CLI001543,8.0,0.0,8.0,9.0,8.0
CLI001544,0.0,0.0,7.0,0.0,0.0
CLI001545,7.0,0.0,0.0,0.0,9.0
CLI001546,0.0,0.0,0.0,7.0,0.0
CLI001547,0.0,0.0,0.0,8.0,0.0
CLI001548,8.0,8.0,0.0,0.0,0.0
CLI001549,9.0,9.5,8.0,0.0,0.0
CLI001550,7.0,9.0,0.0,7.5,10.0
CLI001551,9.0,8.0,0.0,0.0,9.0
CLI001552,0.0,7.0,0.0,0.0,0.0
CLI001553,0.0,0.0,8.0,0.0,0.0
CLI001554,7.0,7.0,0.0,0.0,0.0
CLI001555,0.0,0.0,8.0,0.0,9.0
CLI001556,0.0,7.0,8.5,0.0,0.0
CLI001557,0.0,0.0,9.0,0.0,0.0
CLI001558,0.0,0.0,0.0,0.0,7.0
CLI001559,0.0,0.0,8.0,8.0,8.0
CLI001560,0.0,7.0,0.0,9.0,0.0
CLI001561,0.0,9.0,10.0,9.0,8.0
CLI001562,0.0,8.0,9.0,0.0,0.0
CLI001563,0.0,0.0,0.0,9.0,0.0
CLI001564,8.0,0.0,0.0,0.0,0.0
CLI001565,9.5,7.0,0.0,8.0,8.666666666666666
CLI001566,0.0,0.0,9.0,0.0,0.0
CLI001567,8.0,9.0,0.0,0.0,0.0
CLI001568,0.0,7.5,8.0,0.0,0.0
CLI001569,0.0,0.0,8.0,7.0,0.0
CLI001570,0.0,7.0,9.0,8.0,0.0
CLI001571,0.0,0.0,6.0,10.0,0.0
CLI001572,10.0,0.0,0.0,8.0,0.0
CLI001573,0.0,0.0,8.0,0.0,0.0
CLI001574,0.0,0.0,8.0,0.0,8.6
CLI001575,7.0,0.0,0.0,0.0,8.0
CLI001576,0.0,0.0,8.0,9.0,0.0
CLI001577,7.0,8.0,8.0,7.5,10.0
CLI001578,0.0,9.0,9.0,0.0,0.0
CLI001579,0.0,0.0,0.0,9.5,0.0
CLI001580,0.0,0.0,8.0,0.0,7.0
CLI001581,0.0,0.0,8.0,0.0,8.0
CLI001582,0.0,0.0,10.0,0.0,0.0
CLI001583,7.0,7.0,0.0,0.0,0.0
CLI001584,8.0,7.5,0.0,0.0,0.0
CLI001585,0.0,0.0,10.0,0.0,9.0
CLI001586,9.0,8.0,0.0,0.0,0.0
CLI001587,0.0,8.0,0.0,7.0,7.0
CLI001588,0.0,0.0,8.0,0.0,0.0
CLI001590,0.0,7.5,0.0,8.0,0.0
CLI001591,7.0,0.0,8.0,0.0,7.0
CLI001592,8.0,0.0,9.0,0.0,0.0
CLI001593,9.5,0.0,8.5,0.0,8.0
CLI001594,0.0,0.0,9.0,9.0,0.0
CLI001595,0.0,0.0,8.0,7.0,0.0
CLI001596,0.0,0.0,0.0,9.0,0.0
CLI001597,10.0,0.0,0.0,0.0,0.0
CLI001598,0.0,10.0,0.0,0.0,0.0
CLI001599,0.0,0.0,0.0,8.0,8.0
CLI001600,0.0,10.0,0.0,7.0,0.0
CLI001601,7.0,0.0,7.5,8.0,7.0
CLI001602,0.0,9.0,8.0,0.0,8.0
CLI001603,8.5,0.0,8.0,0.0,0.0
CLI001604,0.0,0.0,0.0,7.0,0.0
CLI001606,0.0,9.0,7.0,0.0,7.5
CLI001607,8.0,0.0,8.0,7.0,8.0
CLI001608,8.0,0.0,7.0,0.0,8.5
CLI001609,8.0,8.5,0.0,0.0,0.0
CLI001610,9.0,7.0,7.0,0.0,9.0
CLI001611,0.0,7.0,0.0,9.0,0.0
CLI001612,8.0,0.0,0.0,0.0,8.0
CLI001613,9.0,0.0,8.0,0.0,7.0
CLI001614,0.0,0.0,9.0,6.0,6.5
CLI001615,0.0,6.0,0.0,8.0,8.0
CLI001616,0.0,8.0,0.0,8.333333333333334,0.0
CLI001617,7.0,0.0,0.0,0.0,0.0
CLI001618,7.0,6.0,7.5,9.0,0.0
CLI001619,9.0,0.0,8.0,0.0,0.0
CLI001620,9.0,0.0,9.0,7.0,0.0
CLI001621,7.5,0.0,0.0,7.0,0.0
CLI001622,0.0,0.0,0.0,0.0,7.0
CLI001623,0.0,7.0,0.0,0.0,0.0
CLI001624,0.0,7.0,0.0,0.0,8.0
CLI001625,0.0,0.0,0.0,0.0,9.0
CLI001626,0.0,0.0,9.0,10.0,8.0
CLI001627,0.0,0.0,0.0,8.0,0.0
CLI001628,0.0,8.0,0.0,8.0,0.0
CLI001629,0.0,0.0,10.0,7.0,7.0
CLI001630,7.0,7.5,0.0,0.0,0.0
CLI001631,0.0,0.0,0.0,8.0,9.0
CLI001632,0.0,9.0,0.0,0.0,0.0
CLI001633,8.0,0.0,0.0,0.0,0.0
CLI001634,0.0,0.0,8.0,0.0,0.0
CLI001635,7.0,7.0,0.0,0.0,0.0
CLI001637,0.0,0.0,0.0,0.0,8.0
CLI001638,0.0,8.5,0.0,0.0,8.0
CLI001639,0.0,7.0,7.0,0.0,0.0
CLI001640,0.0,9.0,0.0,0.0,0.0
CLI001641,0.0,0.0,0.0,8.0,0.0
CLI001642,0.0,0.0,0.0,0.0,8.0
CLI001643,0.0,7.0,8.0,8.0,7.0
CLI001644,0.0,0.0,0.0,0.0,8.333333333333334
CLI001645,7.0,9.5,0.0,0.0,10.0
CLI001647,0.0,7.0,0.0,0.0,0.0
CLI001648,0.0,9.0,9.0,0.0,0.0
CLI001649,0.0,0.0,0.0,0.0,10.0
CLI001650,8.0,7.0,8.333333333333334,0.0,0.0
CLI001651,8.0,0.0,7.0,7.0,8.0
CLI001652,0.0,0.0,8.0,0.0,0.0
CLI001653,0.0,6.0,0.0,6.0,0.0
CLI001654,0.0,0.0,9.0,0.0,0.0
CLI001656,0.0,9.0,8.0,0.0,7.0
CLI001657,6.0,0.0,8.0,9.0,0.0
CLI001658,0.0,9.0,0.0,0.0,0.0
CLI001660,7.0,10.0,8.666666666666666,9.0,0.0
CLI001661,8.333333333333334,0.0,0.0,8.5,8.333333333333334
CLI001662,0.0,0.0,0.0,0.0,8.0
CLI001663,8.0,0.0,0.0,0.0,8.0
CLI001664,0.0,8.0,0.0,7.0,0.0
CLI001665,0.0,8.0,8.0,0.0,8.0
CLI001666,0.0,0.0,0.0,8.0,0.0
CLI001667,8.0,0.0,0.0,0.0,8.5
CLI001668,7.0,0.0,9.0,0.0,9.0
CLI001669,0.0,9.0,0.0,0.0,0.0
CLI001670,0.0,8.0,7.0,8.5,0.0
CLI001671,0.0,8.0,0.0,8.0,6.0
CLI001673,10.0,7.0,7.0,9.0,0.0
CLI001674,0.0,0.0,0.0,7.0,0.0
CLI001675,0.0,9.0,0.0,0.0,9.0
CLI001676,0.0,0.0,0.0,0.0,7.5
CLI001677,0.0,0.0,0.0,8.0,9.0
CLI001678,9.0,0.0,0.0,9.0,0.0
CLI001679,8.0,8.0,8.0,0.0,6.0
CLI001680,0.0,7.0,8.0,0.0,0.0
CLI001682,0.0,0.0,8.0,10.0,0.0
CLI001683,7.0,0.0,0.0,0.0,0.0
CLI001684,9.0,8.0,0.0,8.0,7.0
CLI001685,0.0,0.0,9.0,8.0,8.0
CLI001687,0.0,0.0,8.0,0.0,8.0
CLI001688,0.0,0.0,0.0,0.0,6.0
CLI001689,0.0,8.0,6.0,0.0,0.0
CLI001690,0.0,0.0,7.0,0.0,0.0
CLI001691,6.0,8.0,0.0,9.0,0.0
CLI001693,0.0,0.0,0.0,0.0,8.0
CLI001694,8.0,0.0,0.0,8.0,0.0
CLI001695,7.0,0.0,9.0,7.0,0.0
CLI001698,7.0,8.0,6.0,8.0,0.0
CLI001699,0.0,0.0,0.0,9.0,0.0
CLI001701,0.0,7.0,9.0,6.0,0.0
CLI001702,0.0,9.0,0.0,0.0,0.0
CLI001703,9.0,0.0,0.0,0.0,9.0
CLI001704,0.0,7.0,0.0,8.0,0.0
CLI001705,0.0,0.0,0.0,0.0,7.0
CLI001706,0.0,0.0,0.0,8.0,8.5
CLI001707,0.0,0.0,0.0,8.0,0.0
CLI001708,0.0,0.0,0.0,0.0,8.0
CLI001709,7.5,7.0,9.0,0.0,9.0
CLI001710,0.0,0.0,0.0,0.0,8.0
CLI001712,7.0,0.0,7.0,0.0,9.0
CLI001713,0.0,6.0,0.0,0.0,0.0
CLI001714,8.5,0.0,7.0,0.0,0.0
CLI001715,0.0,7.0,7.0,7.0,0.0
CLI001716,0.0,8.0,0.0,0.0,0.0
CLI001717,9.0,0.0,0.0,8.0,7.0
CLI001718,9.0,0.0,7.0,0.0,0.0
CLI001719,0.0,9.0,9.0,9.0,0.0
CLI001720,8.0,0.0,0.0,8.0,0.0
CLI001721,0.0,7.0,9.0,0.0,8.0
CLI001722,8.0,0.0,10.0,0.0,0.0
CLI001723,10.0,0.0,0.0,0.0,9.0
CLI001724,0.0,7.0,0.0,8.0,8.0
CLI001725,0.0,8.0,10.0,8.0,0.0
CLI001726,0.0,9.0,0.0,0.0,0.0
CLI001728,10.0,0.0,9.0,9.0,0.0
CLI001730,7.0,0.0,0.0,0.0,7.0
CLI001731,8.5,0.0,7.0,0.0,6.0
CLI001732,0.0,0.0,8.5,0.0,8.0
CLI001734,0.0,7.0,6.0,0.0,10.0
CLI001735,8.0,0.0,8.5,0.0,0.0
CLI001736,0.0,0.0,0.0,7.0,0.0
CLI001737,8.0,0.0,0.0,7.0,0.0
CLI001738,9.0,0.0,0.0,0.0,0.0
CLI001739,0.0,0.0,8.0,8.0,0.0
CLI001740,0.0,8.0,8.0,0.0,9.0
CLI001741,0.0,0.0,9.0,9.0,0.0
CLI001742,7.5,0.0,8.0,0.0,8.0
CLI001743,0.0,0.0,7.0,9.0,9.0
CLI001744,0.0,0.0,0.0,0.0,8.0
CLI001745,0.0,8.0,0.0,0.0,8.5
CLI001747,0.0,0.0,9.0,0.0,9.0
CLI001749,7.5,0.0,7.0,10.0,0.0
CLI001750,0.0,0.0,9.0,0.0,9.0
CLI001752,0.0,7.0,9.0,0.0,0.0
CLI001753,8.0,7.0,0.0,6.0,0.0
CLI001754,9.0,8.0,8.0,0.0,10.0
CLI001755,7.0,8.0,9.0,0.0,0.0
CLI001756,0.0,9.0,7.0,0.0,0.0
CLI001759,0.0,9.0,0.0,0.0,7.0
CLI001760,9.0,0.0,7.0,8.0,8.5
CLI001761,0.0,0.0,9.0,0.0,0.0
CLI001762,8.0,8.0,7.5,0.0,8.0
CLI001763,0.0,8.0,9.0,9.0,0.0
CLI001764,9.0,7.0,0.0,0.0,8.0
CLI001765,7.0,8.0,0.0,0.0,7.5
CLI001766,0.0,7.0,0.0,0.0,7.0
CLI001767,0.0,8.0,0.0,0.0,0.0
CLI001768,8.0,0.0,0.0,9.0,0.0
CLI001769,8.0,0.0,0.0,0.0,0.0
CLI001770,0.0,0.0,0.0,9.0,10.0
CLI001771,0.0,0.0,7.5,0.0,8.0
CLI001772,0.0,0.0,0.0,0.0,7.5
CLI001773,0.0,0.0,0.0,0.0,9.0
CLI001775,0.0,8.0,8.0,8.0,0.0
CLI001777,10.0,0.0,0.0,0.0,0.0
CLI001778,0.0,8.0,0.0,8.0,10.0
CLI001779,0.0,0.0,0.0,7.0,0.0
CLI001780,0.0,0.0,8.0,0.0,0.0
CLI001781,9.0,0.0,9.0,9.5,0.0
CLI001782,7.5,0.0,10.0,8.0,0.0
CLI001783,7.0,0.0,7.0,0.0,9.0
CLI001784,0.0,8.0,8.0,9.0,0.0
CLI001785,0.0,0.0,0.0,8.0,10.0
CLI001786,9.0,0.0,0.0,9.0,0.0
CLI001787,0.0,8.0,8.0,0.0,0.0
CLI001789,9.0,0.0,8.0,9.0,0.0
CLI001790,9.0,8.5,0.0,7.0,0.0
CLI001791,0.0,0.0,0.0,8.5,0.0
CLI001792,10.0,0.0,0.0,0.0,9.0
CLI001793,8.0,9.0,0.0,0.0,0.0
CLI001794,8.0,8.0,8.0,0.0,10.0
CLI001795,0.0,0.0,9.0,0.0,0.0
CLI001796,0.0,0.0,7.0,0.0,0.0
CLI001797,0.0,0.0,0.0,10.0,0.0
CLI001798,0.0,9.0,6.0,0.0,0.0
CLI001799,8.0,0.0,0.0,0.0,0.0
CLI001800,0.0,9.0,0.0,0.0,0.0
CLI001801,0.0,0.0,0.0,0.0,7.5
CLI001802,0.0,8.0,0.0,0.0,0.0
CLI001803,6.0,0.0,8.0,0.0,8.0
CLI001804,0.0,0.0,0.0,0.0,9.0
CLI001805,9.0,8.0,0.0,0.0,0.0
CLI001806,0.0,0.0,9.0,0.0,0.0
CLI001807,0.0,0.0,0.0,0.0,8.5
CLI001809,0.0,0.0,8.0,8.0,8.666666666666666
CLI001810,0.0,0.0,0.0,8.0,0.0
CLI001811,6.0,7.0,0.0,8.0,8.0
CLI001812,7.0,9.0,7.0,0.0,0.0
CLI001813,8.0,0.0,0.0,0.0,9.0
CLI001814,0.0,0.0,0.0,8.0,0.0
CLI001816,0.0,0.0,0.0,7.0,0.0
CLI001817,0.0,7.0,0.0,7.0,0.0
CLI001818,0.0,8.0,7.0,0.0,0.0
CLI001819,0.0,0.0,0.0,9.0,0.0
CLI001820,9.0,0.0,0.0,0.0,7.0
CLI001821,8.0,0.0,0.0,0.0,8.0
CLI001822,8.0,9.0,8.0,0.0,0.0
CLI001823,8.0,9.0,7.0,7.0,0.0
CLI001824,9.0,9.0,10.0,7.0,8.0
CLI001825,8.0,0.0,8.0,7.0,7.0
CLI001826,0.0,0.0,8.0,0.0,0.0
CLI001827,8.0,8.0,0.0,0.0,0.0
CLI001828,0.0,7.0,0.0,0.0,0.0
CLI001829,0.0,9.0,9.0,7.0,8.0
CLI001830,0.0,0.0,7.0,0.0,8.0
CLI001831,8.0,0.0,0.0,0.0,0.0
CLI001832,7.0,9.0,0.0,0.0,0.0
CLI001833,0.0,0.0,0.0,9.0,0.0
CLI001834,0.0,7.0,0.0,0.0,8.5
CLI001835,0.0,0.0,0.0,0.0,7.5
CLI001837,9.0,0.0,0.0,8.0,0.0
CLI001838,8.0,8.0,10.0,0.0,9.0
CLI001839,9.0,0.0,0.0,0.0,8.0
CLI001840,0.0,0.0,0.0,0.0,9.0
CLI001841,0.0,8.0,0.0,0.0,0.0
CLI001842,0.0,0.0,0.0,0.0,9.0
CLI001843,0.0,9.0,9.0,8.0,0.0
CLI001844,9.0,0.0,0.0,10.0,0.0
CLI001846,0.0,0.0,9.0,7.0,8.5
CLI001848,10.0,0.0,9.0,0.0,0.0
CLI001849,0.0,8.0,0.0,0.0,8.0
CLI001850,0.0,8.5,0.0,0.0,9.5
CLI001851,0.0,0.0,8.0,0.0,0.0
CLI001852,0.0,8.0,0.0,0.0,0.0
CLI001853,0.0,8.0,0.0,8.0,0.0
CLI001854,8.0,0.0,0.0,0.0,8.0
CLI001855,0.0,8.0,0.0,8.0,0.0
CLI001856,0.0,0.0,8.0,8.0,0.0
CLI001858,8.0,7.5,0.0,7.0,9.0
CLI001859,0.0,0.0,0.0,0.0,9.0
CLI001860,0.0,0.0,7.0,0.0,0.0
CLI001861,9.0,6.5,8.0,0.0,0.0
CLI001862,0.0,0.0,7.5,0.0,7.5
CLI001863,10.0,0.0,9.0,7.0,0.0
CLI001864,0.0,8.0,0.0,8.0,9.0
CLI001865,0.0,7.0,8.0,0.0,0.0
CLI001866,0.0,9.0,9.0,0.0,0.0
CLI001867,0.0,0.0,0.0,8.0,0.0
CLI001868,6.0,0.0,0.0,7.0,0.0
CLI001869,0.0,7.0,0.0,6.0,9.0
CLI001870,8.0,7.0,0.0,9.0,0.0
CLI001871,0.0,10.0,0.0,0.0,0.0
CLI001872,0.0,0.0,9.0,0.0,8.0
CLI001873,8.0,0.0,0.0,0.0,7.0
CLI001874,7.0,8.0,0.0,0.0,7.0
CLI001875,8.0,0.0,8.0,8.0,9.0
CLI001876,0.0,0.0,0.0,8.0,0.0
CLI001877,10.0,8.0,9.0,7.0,0.0
CLI001878,0.0,8.0,8.0,7.0,0.0
CLI001879,0.0,8.0,0.0,8.5,0.0
CLI001880,0.0,0.0,9.0,0.0,8.0
CLI001881,9.0,8.0,0.0,0.0,0.0
CLI001882,9.0,0.0,8.0,0.0,0.0
CLI001883,6.0,6.0,0.0,8.0,8.0
CLI001885,9.0,0.0,0.0,8.0,0.0
CLI001886,7.0,0.0,8.0,8.0,9.0
CLI001887,9.0,0.0,0.0,0.0,8.0
CLI001888,0.0,8.0,0.0,0.0,7.0
CLI001889,0.0,6.0,0.0,8.0,8.0
CLI001890,8.0,7.333333333333333,9.0,0.0,8.0
CLI001891,0.0,0.0,0.0,0.0,8.0
CLI001892,0.0,0.0,8.0,8.0,0.0
CLI001894,0.0,0.0,0.0,8.0,8.0
CLI001895,9.0,0.0,8.0,0.0,0.0
CLI001896,9.0,0.0,0.0,8.5,7.0
CLI001897,8.0,0.0,8.0,0.0,7.0
CLI001898,0.0,7.5,0.0,0.0,0.0
CLI001899,0.0,8.5,8.0,8.0,0.0
CLI001900,0.0,0.0,0.0,0.0,8.0
CLI001902,8.0,0.0,0.0,0.0,0.0
CLI001903,0.0,0.0,7.0,10.0,0.0
CLI001904,0.0,0.0,8.0,0.0,8.0
CLI001905,0.0,0.0,9.0,7.5,8.0
CLI001906,0.0,0.0,8.0,10.0,9.0
CLI001907,8.0,9.0,0.0,0.0,0.0
CLI001908,0.0,8.0,7.0,8.0,8.5
CLI001909,7.0,7.0,0.0,9.0,0.0
CLI001910,10.0,0.0,8.0,7.0,0.0
CLI001911,0.0,0.0,8.0,6.0,7.0
CLI001912,8.0,0.0,7.5,0.0,7.5
CLI001913,0.0,0.0,8.0,0.0,0.0
CLI001914,0.0,0.0,0.0,0.0,8.0
CLI001915,0.0,0.0,0.0,8.0,0.0
CLI001916,7.0,0.0,7.0,0.0,9.0
CLI001917,8.0,0.0,8.5,10.0,9.0
CLI001918,8.0,0.0,0.0,9.0,0.0
CLI001919,7.0,8.0,0.0,0.0,8.0
CLI001920,0.0,0.0,0.0,9.0,0.0
CLI001921,0.0,0.0,8.0,0.0,0.0
CLI001922,8.0,8.0,0.0,9.0,0.0
CLI001923,7.0,0.0,0.0,0.0,8.0
CLI001924,0.0,0.0,0.0,9.0,0.0
CLI001925,9.0,0.0,0.0,0.0,10.0
CLI001926,6.666666666666667,8.333333333333334,8.5,0.0,0.0
CLI001927,0.0,10.0,0.0,8.0,9.0
CLI001928,0.0,7.0,0.0,8.5,0.0
CLI001929,0.0,0.0,9.0,0.0,0.0
CLI001930,8.0,0.0,8.5,0.0,0.0
CLI001931,0.0,0.0,0.0,7.0,8.0
CLI001932,8.0,7.0,7.5,0.0,7.0
CLI001933,0.0,10.0,0.0,8.0,0.0
CLI001934,0.0,0.0,6.0,8.0,0.0
CLI001935,0.0,9.0,0.0,0.0,9.0
CLI001936,10.0,0.0,9.0,8.75,8.0
CLI001937,7.0,0.0,0.0,8.0,0.0
CLI001938,0.0,0.0,8.0,0.0,10.0
CLI001939,0.0,0.0,0.0,7.5,8.0
CLI001940,8.0,0.0,9.0,0.0,8.0
CLI001941,8.0,0.0,9.0,0.0,0.0
CLI001942,0.0,8.5,8.0,0.0,9.0
CLI001943,0.0,8.0,8.0,8.0,0.0
CLI001944,0.0,8.0,0.0,0.0,0.0
CLI001945,0.0,0.0,7.5,0.0,8.333333333333334
CLI001946,0.0,9.0,0.0,8.0,0.0
CLI001947,0.0,8.0,0.0,7.0,0.0
CLI001949,8.0,0.0,0.0,0.0,8.5
CLI001950,0.0,0.0,9.0,0.0,0.0
CLI001951,0.0,0.0,9.0,7.0,8.0
CLI001953,9.0,8.5,0.0,0.0,0.0
CLI001954,0.0,0.0,0.0,0.0,8.0
CLI001955,9.0,7.0,0.0,0.0,9.5
CLI001956,7.5,0.0,9.0,0.0,0.0
CLI001957,9.0,8.0,0.0,0.0,7.0
CLI001958,0.0,9.0,0.0,7.0,9.0
CLI001959,7.5,0.0,0.0,0.0,8.0
CLI001960,9.0,0.0,0.0,0.0,9.0
CLI001961,0.0,0.0,8.5,0.0,0.0
CLI001962,8.0,0.0,0.0,0.0,0.0
CLI001964,0.0,0.0,0.0,8.0,0.0
CLI001965,9.0,0.0,0.0,0.0,8.0
CLI001966,0.0,7.0,0.0,0.0,0.0
CLI001967,8.0,0.0,9.0,0.0,0.0
CLI001969,0.0,0.0,0.0,9.0,0.0
CLI001970,10.0,0.0,0.0,8.0,7.5
CLI001971,8.0,0.0,0.0,0.0,9.0
CLI001972,0.0,0.0,7.5,0.0,8.0
CLI001973,0.0,0.0,0.0,8.0,9.0
CLI001976,7.0,0.0,9.0,0.0,0.0
CLI001978,7.0,0.0,0.0,7.0,9.0
CLI001979,9.0,0.0,0.0,0.0,7.5
CLI001980,6.0,0.0,0.0,0.0,9.0
CLI001981,0.0,0.0,0.0,9.0,0.0
CLI001982,0.0,7.0,8.0,0.0,0.0
CLI001983,8.5,0.0,0.0,0.0,8.0
CLI001984,0.0,0.0,0.0,8.0,9.0
CLI001985,6.0,8.0,0.0,0.0,8.0
CLI001986,0.0,8.0,8.0,7.5,0.0
CLI001987,8.0,0.0,9.0,0.0,0.0
CLI001988,0.0,7.0,8.5,9.0,0.0
CLI001989,0.0,0.0,8.0,9.0,9.0
CLI001990,10.0,0.0,8.0,9.0,7.0
CLI001991,0.0,0.0,0.0,10.0,0.0
CLI001992,0.0,8.0,0.0,6.0,9.0
CLI001993,7.0,7.0,0.0,0.0,0.0
CLI001994,0.0,10.0,0.0,0.0,7.0
CLI001995,6.0,0.0,0.0,0.0,0.0
CLI001996,0.0,9.0,8.0,7.0,0.0
CLI001997,0.0,9.0,0.0,8.0,0.0
CLI001998,0.0,0.0,8.0,0.0,0.0
CLI001999,9.0,9.0,0.0,7.0,0.0
CLI002000,9.0,0.0,7.0,9.0,9.0
CLI002001,9.0,0.0,0.0,8.0,8.0
CLI002002,0.0,9.0,0.0,9.0,0.0
CLI002003,10.0,9.0,0.0,0.0,7.0
CLI002004,0.0,0.0,0.0,7.0,0.0
CLI002005,0.0,7.0,0.0,0.0,0.0
CLI002006,0.0,0.0,8.0,9.0,0.0
CLI002007,9.0,0.0,8.0,6.0,0.0
CLI002008,7.5,0.0,0.0,8.0,0.0
CLI002009,6.0,7.0,8.0,9.0,9.0
CLI002010,9.0,0.0,9.0,8.0,0.0
CLI002011,0.0,8.0,9.0,0.0,0.0
CLI002012,9.0,7.0,7.0,9.0,8.0
CLI002013,0.0,0.0,0.0,10.0,0.0
CLI002014,8.0,0.0,8.0,8.0,0.0
CLI002017,0.0,0.0,0.0,0.0,9.5
CLI002018,0.0,10.0,0.0,0.0,0.0
CLI002019,9.0,0.0,0.0,6.0,0.0
CLI002020,0.0,7.0,0.0,0.0,0.0
CLI002021,0.0,0.0,8.5,0.0,10.0
CLI002022,8.0,0.0,0.0,0.0,0.0
CLI002023,0.0,8.0,0.0,0.0,8.0
CLI002024,0.0,7.0,0.0,8.5,0.0
CLI002025,7.0,8.0,0.0,0.0,7.5
CLI002027,7.5,8.0,7.0,7.0,0.0
CLI002028,0.0,0.0,0.0,7.0,0.0
CLI002029,8.0,0.0,0.0,10.0,0.0
CLI002030,0.0,0.0,0.0,0.0,8.5
CLI002031,0.0,7.0,0.0,9.0,0.0
CLI002032,0.0,0.0,7.0,8.0,8.5
CLI002033,0.0,7.666666666666667,7.5,7.0,0.0
CLI002034,9.0,8.0,0.0,8.5,8.0
CLI002035,0.0,0.0,7.5,0.0,0.0
CLI002036,0.0,0.0,8.0,8.0,0.0
CLI002037,8.0,0.0,0.0,0.0,6.0
CLI002038,8.0,9.0,0.0,0.0,8.0
CLI002039,8.0,0.0,8.0,0.0,0.0
CLI002040,10.0,7.0,0.0,0.0,0.0
CLI002042,9.0,0.0,0.0,8.0,0.0
CLI002043,9.0,0.0,0.0,0.0,0.0
CLI002044,9.0,0.0,0.0,8.0,0.0
CLI002045,0.0,9.0,0.0,8.0,0.0
CLI002046,8.0,9.0,0.0,0.0,0.0
CLI002047,7.0,0.0,8.0,0.0,0.0
CLI002048,0.0,0.0,8.0,8.0,7.5
CLI002049,0.0,0.0,8.0,0.0,0.0
CLI002050,0.0,8.0,9.0,7.0,8.0
CLI002051,0.0,8.0,0.0,9.0,7.0
CLI002052,0.0,0.0,7.5,0.0,0.0
CLI002054,9.0,9.0,0.0,7.0,0.0
CLI002055,9.0,0.0,0.0,0.0,0.0
CLI002056,9.0,0.0,9.0,0.0,8.5
CLI002057,8.5,8.0,0.0,0.0,0.0
CLI002058,0.0,9.0,8.0,0.0,7.0
CLI002059,8.0,8.0,8.0,0.0,8.0
CLI002060,0.0,0.0,0.0,7.0,0.0
CLI002061,8.0,0.0,0.0,0.0,0.0
CLI002062,8.0,0.0,0.0,0.0,0.0
CLI002063,8.0,0.0,0.0,0.0,8.0
CLI002064,0.0,7.5,0.0,0.0,8.0
CLI002065,0.0,6.0,9.0,8.0,0.0
CLI002066,7.5,8.5,0.0,8.0,0.0
CLI002067,8.0,0.0,8.0,0.0,0.0
CLI002068,8.0,0.0,0.0,0.0,8.0
CLI002069,9.0,0.0,8.5,8.0,0.0
CLI002070,8.5,0.0,0.0,0.0,0.0
CLI002072,0.0,0.0,8.0,0.0,0.0
CLI002073,8.0,8.5,8.0,0.0,0.0
CLI002074,0.0,9.0,7.0,0.0,0.0
CLI002075,0.0,7.0,8.0,0.0,8.0
CLI002076,7.0,0.0,0.0,0.0,0.0
CLI002077,7.0,0.0,0.0,0.0,0.0
CLI002078,8.666666666666666,0.0,9.0,10.0,0.0
CLI002080,0.0,7.0,0.0,0.0,7.0
CLI002081,0.0,0.0,9.0,6.0,0.0
CLI002082,0.0,0.0,0.0,8.0,0.0
CLI002083,0.0,0.0,0.0,7.0,0.0
CLI002084,0.0,8.0,8.0,0.0,0.0
CLI002085,0.0,0.0,9.0,7.0,0.0
CLI002086,8.0,0.0,0.0,0.0,8.0
CLI002087,7.0,8.0,0.0,0.0,8.0
CLI002088,0.0,0.0,0.0,0.0,9.0
CLI002089,0.0,8.0,0.0,0.0,0.0
CLI002090,8.0,8.0,7.0,8.0,7.0
CLI002091,9.0,0.0,8.0,9.0,0.0
CLI002092,0.0,0.0,8.0,0.0,7.5
CLI002093,0.0,8.0,8.0,0.0,10.0
CLI002096,9.0,0.0,7.0,0.0,0.0
CLI002097,0.0,0.0,7.0,0.0,0.0
CLI002098,0.0,9.0,0.0,0.0,0.0
CLI002099,9.0,0.0,8.0,9.0,7.0
CLI002100,0.0,0.0,0.0,9.0,0.0
CLI002101,0.0,0.0,0.0,0.0,8.0
CLI002102,0.0,8.0,0.0,0.0,8.0
CLI002103,0.0,0.0,8.0,0.0,0.0
CLI002104,0.0,0.0,0.0,8.0,9.0
CLI002105,9.0,7.0,8.0,0.0,0.0
CLI002106,9.0,0.0,0.0,8.0,0.0
CLI002107,0.0,0.0,0.0,8.0,9.0
CLI002108,9.0,8.666666666666666,0.0,0.0,0.0
CLI002110,0.0,0.0,9.0,10.0,0.0
CLI002111,0.0,9.0,7.0,7.0,9.0
CLI002112,7.0,0.0,0.0,0.0,0.0
CLI002113,9.0,9.0,0.0,0.0,0.0
CLI002114,0.0,0.0,8.0,8.0,8.0
CLI002115,8.0,8.0,0.0,8.0,0.0
CLI002116,9.0,0.0,0.0,0.0,0.0
CLI002117,8.5,0.0,0.0,0.0,6.0
CLI002118,10.0,7.75,0.0,8.0,7.0
CLI002119,0.0,0.0,0.0,9.0,0.0
CLI002120,0.0,0.0,0.0,8.0,7.0
CLI002121,9.0,8.0,8.0,0.0,9.0
CLI002122,0.0,0.0,9.0,9.0,0.0
CLI002123,0.0,0.0,7.0,0.0,0.0
CLI002124,0.0,6.0,8.0,7.0,0.0
CLI002125,0.0,0.0,0.0,8.0,7.0
CLI002126,0.0,8.0,8.0,0.0,8.0
CLI002127,0.0,10.0,0.0,8.0,8.0
CLI002129,0.0,0.0,0.0,8.0,0.0
CLI002130,0.0,9.0,9.0,8.5,0.0
CLI002131,0.0,0.0,9.0,0.0,0.0
CLI002132,9.0,0.0,0.0,9.0,0.0
CLI002133,0.0,0.0,8.0,7.0,7.0
CLI002134,0.0,9.0,0.0,0.0,0.0
CLI002135,0.0,0.0,8.0,0.0,8.0
CLI002136,0.0,0.0,10.0,0.0,7.0
CLI002137,9.0,7.0,9.0,0.0,9.0
CLI002138,0.0,7.0,0.0,0.0,9.0
CLI002139,8.0,0.0,0.0,8.0,7.0
CLI002140,0.0,0.0,9.0,0.0,0.0
CLI002141,0.0,0.0,8.0,0.0,0.0
CLI002142,0.0,0.0,7.5,9.0,0.0
CLI002143,8.0,0.0,7.0,8.0,0.0
CLI002144,7.0,7.0,0.0,0.0,0.0
CLI002145,8.0,8.0,0.0,9.0,0.0
CLI002146,0.0,9.0,0.0,8.0,0.0
CLI002147,8.333333333333334,7.0,9.0,0.0,8.0
CLI002148,0.0,0.0,9.0,8.5,0.0
CLI002149,0.0,0.0,0.0,0.0,7.5
CLI002150,7.0,0.0,0.0,0.0,7.0
CLI002151,8.0,8.5,8.0,8.0,0.0
CLI002152,0.0,0.0,0.0,9.0,0.0
CLI002153,0.0,0.0,9.0,0.0,9.5
CLI002154,0.0,0.0,8.0,0.0,7.5
CLI002155,0.0,8.0,0.0,0.0,9.0
CLI002156,0.0,9.0,0.0,9.0,0.0
CLI002157,8.5,0.0,0.0,0.0,0.0
CLI002158,8.0,0.0,0.0,9.0,0.0
CLI002159,0.0,0.0,0.0,9.0,0.0
CLI002160,9.0,0.0,0.0,0.0,0.0
CLI002161,6.0,0.0,0.0,0.0,9.0
CLI002162,0.0,0.0,0.0,7.5,0.0
CLI002163,8.0,0.0,6.0,0.0,0.0
CLI002164,0.0,0.0,8.0,10.0,0.0
CLI002165,0.0,0.0,8.0,8.0,0.0
CLI002166,0.0,8.0,7.0,9.0,0.0
CLI002167,8.0,0.0,0.0,0.0,0.0
CLI002169,0.0,7.0,0.0,8.0,7.5
CLI002170,10.0,8.0,0.0,8.0,6.0
CLI002171,0.0,9.0,0.0,0.0,0.0
CLI002172,8.0,0.0,0.0,0.0,0.0
CLI002173,0.0,0.0,0.0,8.5,0.0
CLI002174,0.0,7.0,0.0,0.0,9.0
CLI002175,0.0,0.0,0.0,8.0,0.0
CLI002176,10.0,0.0,8.0,0.0,0.0
CLI002177,10.0,0.0,7.0,0.0,0.0
CLI002178,9.0,0.0,9.0,0.0,7.666666666666667
CLI002179,7.0,0.0,0.0,6.0,0.0
CLI002180,7.0,8.0,0.0,0.0,0.0
CLI002181,9.0,0.0,0.0,0.0,9.0
CLI002182,9.0,0.0,9.0,0.0,0.0
CLI002183,0.0,0.0,8.0,0.0,0.0
CLI002184,8.0,9.0,0.0,0.0,0.0
CLI002185,0.0,0.0,0.0,0.0,9.0
CLI002186,9.0,7.0,7.0,8.0,6.0
CLI002188,7.0,9.0,8.0,9.0,0.0
CLI002190,0.0,0.0,0.0,7.666666666666667,0.0
CLI002191,0.0,10.0,9.0,0.0,9.0
CLI002192,0.0,0.0,0.0,9.0,9.0
CLI002193,0.0,7.0,7.0,7.0,0.0
CLI002194,0.0,0.0,8.0,0.0,9.0
CLI002195,0.0,0.0,0.0,8.0,0.0
CLI002196,9.0,0.0,0.0,0.0,0.0
CLI002197,6.0,9.0,8.0,0.0,7.0
CLI002198,0.0,9.0,0.0,0.0,8.333333333333334
CLI002199,0.0,0.0,0.0,8.5,0.0
CLI002200,7.0,10.0,0.0,0.0,0.0
CLI002201,8.0,0.0,0.0,8.0,8.5
CLI002202,0.0,0.0,7.0,9.0,0.0
CLI002203,9.0,0.0,7.0,10.0,0.0
CLI002204,0.0,0.0,0.0,0.0,8.0
CLI002205,0.0,0.0,0.0,8.0,0.0
CLI002206,0.0,0.0,7.666666666666667,0.0,0.0
CLI002207,0.0,7.0,0.0,0.0,8.0
CLI002208,0.0,8.5,7.0,0.0,0.0
CLI002209,0.0,7.0,7.0,0.0,0.0
CLI002210,0.0,7.0,0.0,0.0,0.0
CLI002211,0.0,6.0,0.0,0.0,0.0
CLI002212,9.0,0.0,7.0,0.0,0.0
CLI002213,8.0,0.0,0.0,0.0,8.0
CLI002214,0.0,0.0,0.0,0.0,8.0
CLI002215,9.0,8.0,0.0,0.0,8.0
CLI002216,0.0,8.0,8.0,0.0,0.0
CLI002217,9.0,0.0,0.0,0.0,0.0
CLI002218,0.0,0.0,6.0,0.0,0.0
CLI002219,0.0,0.0,0.0,0.0,6.0
CLI002220,0.0,0.0,8.5,9.0,9.0
CLI002221,0.0,8.0,0.0,7.666666666666667,0.0
CLI002222,8.0,0.0,0.0,0.0,8.0
CLI002223,0.0,0.0,0.0,8.0,0.0
CLI002224,0.0,8.0,0.0,0.0,0.0
CLI002225,0.0,0.0,0.0,0.0,7.0
CLI002226,0.0,0.0,7.0,0.0,0.0
CLI002227,0.0,10.0,0.0,7.0,0.0
CLI002228,8.0,0.0,0.0,0.0,0.0
CLI002229,0.0,0.0,0.0,9.0,0.0
CLI002230,9.0,0.0,0.0,8.0,0.0
CLI002231,7.0,9.0,0.0,0.0,0.0
CLI002232,0.0,0.0,8.5,9.0,0.0
CLI002234,0.0,0.0,7.0,6.0,0.0
CLI002235,8.0,0.0,10.0,9.0,0.0
CLI002236,0.0,0.0,9.0,8.0,0.0
CLI002237,0.0,0.0,0.0,9.5,0.0
CLI002238,0.0,0.0,9.0,7.0,9.0
CLI002239,0.0,9.0,0.0,8.0,6.0
CLI002240,7.5,0.0,0.0,9.0,0.0
CLI002241,0.0,7.0,6.0,8.0,0.0
CLI002242,8.5,0.0,0.0,7.666666666666667,6.0
CLI002243,0.0,8.0,8.0,9.0,0.0
CLI002244,6.0,10.0,0.0,8.0,0.0
CLI002245,0.0,10.0,0.0,0.0,0.0
CLI002246,0.0,0.0,0.0,9.0,9.0
CLI002247,9.0,0.0,0.0,9.0,0.0
CLI002248,0.0,7.0,0.0,0.0,0.0
CLI002249,7.0,8.0,0.0,0.0,10.0
CLI002250,7.0,0.0,9.0,0.0,10.0
CLI002251,9.0,8.5,0.0,0.0,0.0
CLI002252,0.0,0.0,7.0,0.0,9.0
CLI002253,0.0,9.0,0.0,8.0,0.0
CLI002255,8.0,9.0,0.0,0.0,7.0
CLI002256,0.0,0.0,8.333333333333334,0.0,0.0
CLI002257,8.0,6.0,0.0,7.0,9.0
CLI002258,8.0,0.0,0.0,9.0,0.0
CLI002259,8.0,0.0,8.0,8.0,8.666666666666666
CLI002260,6.0,7.0,0.0,8.0,8.0
CLI002262,0.0,9.0,0.0,0.0,0.0
CLI002263,0.0,8.0,0.0,0.0,0.0
CLI002264,0.0,6.0,0.0,0.0,0.0
CLI002265,0.0,9.0,0.0,0.0,0.0
CLI002266,0.0,0.0,8.5,8.5,6.0
CLI002267,9.0,0.0,7.0,8.0,0.0
CLI002268,0.0,0.0,8.0,0.0,0.0
CLI002269,0.0,7.5,8.5,0.0,0.0
CLI002270,9.0,0.0,8.0,7.0,8.0
CLI002271,0.0,0.0,7.666666666666667,0.0,0.0
CLI002272,9.0,0.0,7.0,9.0,9.0
CLI002273,8.0,0.0,0.0,7.0,0.0
CLI002274,0.0,0.0,7.0,8.0,9.0
CLI002275,0.0,7.0,0.0,0.0,0.0
CLI002277,0.0,0.0,8.0,0.0,9.5
CLI002278,8.0,8.0,0.0,0.0,8.0
CLI002279,0.0,7.0,0.0,0.0,10.0
CLI002280,8.5,8.0,8.0,0.0,0.0
CLI002281,0.0,10.0,0.0,0.0,0.0
CLI002282,0.0,9.0,0.0,0.0,7.0
CLI002283,0.0,0.0,7.0,7.0,0.0
CLI002284,7.0,0.0,0.0,10.0,0.0
CLI002285,9.0,0.0,0.0,0.0,8.5
CLI002286,0.0,8.0,8.5,0.0,0.0
CLI002287,7.666666666666667,0.0,0.0,0.0,0.0
CLI002288,0.0,9.0,8.0,8.0,0.0
CLI002289,0.0,9.0,0.0,0.0,0.0
CLI002290,0.0,0.0,0.0,0.0,7.0
CLI002291,0.0,6.0,0.0,0.0,0.0
CLI002293,0.0,9.0,0.0,7.0,0.0
CLI002294,0.0,0.0,0.0,9.0,9.0
CLI002295,7.666666666666667,8.0,8.0,8.0,0.0
CLI002296,0.0,0.0,0.0,8.0,0.0
CLI002297,0.0,0.0,0.0,7.5,0.0
CLI002298,8.0,7.0,0.0,0.0,0.0
CLI002299,7.0,9.0,0.0,8.0,0.0
CLI002300,0.0,9.0,0.0,0.0,0.0
CLI002301,0.0,8.0,0.0,7.0,0.0
CLI002303,0.0,0.0,7.0,0.0,0.0
CLI002304,0.0,0.0,8.0,8.0,0.0
CLI002305,8.0,0.0,0.0,0.0,0.0
CLI002306,0.0,0.0,9.0,8.0,9.0
CLI002307,0.0,0.0,7.0,0.0,0.0
CLI002308,0.0,8.0,8.0,0.0,0.0
CLI002309,8.0,0.0,0.0,0.0,0.0
CLI002310,0.0,0.0,0.0,8.0,0.0
CLI002311,8.0,8.0,6.0,7.0,0.0
CLI002312,0.0,0.0,0.0,0.0,7.5
CLI002313,0.0,8.0,0.0,10.0,8.0
CLI002314,0.0,8.0,0.0,0.0,8.0
CLI002315,0.0,7.333333333333333,0.0,0.0,9.0
CLI002316,9.0,9.0,7.0,0.0,9.0
CLI002317,0.0,0.0,0.0,7.0,6.0
CLI002318,9.0,0.0,0.0,8.0,0.0
CLI002319,0.0,0.0,0.0,7.0,9.0
CLI002320,0.0,0.0,8.0,8.0,0.0
CLI002321,7.0,0.0,0.0,8.5,8.5
CLI002322,0.0,0.0,0.0,0.0,6.0
CLI002324,0.0,9.0,0.0,6.0,0.0
CLI002325,0.0,8.0,8.0,0.0,8.0
CLI002326,8.0,0.0,8.0,0.0,0.0
CLI002327,0.0,9.0,0.0,0.0,0.0
CLI002328,0.0,8.0,9.0,9.0,8.0
CLI002329,0.0,0.0,0.0,9.0,0.0
CLI002330,0.0,8.0,7.0,0.0,9.0
CLI002331,0.0,10.0,0.0,0.0,0.0
CLI002332,7.0,7.0,0.0,9.0,9.5
CLI002333,7.0,0.0,0.0,8.0,9.0
CLI002335,0.0,0.0,0.0,9.0,0.0
CLI002336,9.0,0.0,0.0,0.0,0.0
CLI002337,0.0,7.0,0.0,7.0,0.0
CLI002338,0.0,0.0,0.0,0.0,9.0
CLI002339,0.0,7.0,6.0,0.0,7.0
CLI002341,0.0,9.0,0.0,9.0,0.0
CLI002342,9.0,8.0,6.0,9.0,7.0
CLI002343,7.0,0.0,9.0,0.0,0.0
CLI002344,8.0,7.666666666666667,8.5,7.0,0.0
CLI002345,7.0,0.0,7.0,0.0,0.0
CLI002347,0.0,10.0,0.0,0.0,0.0
CLI002348,9.0,9.0,0.0,0.0,7.0
CLI002349,9.0,7.0,8.0,8.0,8.0
CLI002350,9.0,8.0,10.0,0.0,0.0
CLI002351,0.0,9.0,8.0,0.0,0.0
CLI002353,0.0,0.0,0.0,8.0,0.0
CLI002354,0.0,0.0,7.0,0.0,0.0
CLI002355,0.0,0.0,7.0,10.0,0.0
CLI002356,7.0,8.0,8.0,7.0,0.0
CLI002357,8.0,0.0,0.0,0.0,8.0
CLI002358,0.0,8.0,8.0,0.0,7.0
CLI002360,0.0,0.0,0.0,0.0,8.0
CLI002361,0.0,0.0,9.0,8.0,0.0
CLI002363,0.0,0.0,0.0,0.0,7.0
CLI002364,6.0,0.0,0.0,0.0,9.0
CLI002365,0.0,0.0,0.0,7.0,0.0
CLI002366,9.0,0.0,0.0,0.0,0.0
CLI002367,0.0,0.0,8.0,0.0,0.0
CLI002368,0.0,8.0,7.0,8.5,0.0
CLI002369,0.0,8.0,9.0,0.0,7.0
CLI002370,0.0,0.0,9.0,0.0,0.0
CLI002371,8.0,7.0,0.0,6.0,7.0
CLI002372,8.0,8.0,0.0,0.0,0.0
CLI002373,0.0,0.0,7.0,9.0,8.0
CLI002375,0.0,9.0,0.0,7.0,8.0
CLI002376,7.0,0.0,8.5,0.0,0.0
CLI002377,0.0,9.0,0.0,9.0,0.0
CLI002378,8.0,0.0,0.0,0.0,0.0
CLI002379,0.0,0.0,7.0,9.0,0.0
CLI002380,0.0,7.0,0.0,7.0,9.0
CLI002381,0.0,8.0,0.0,0.0,0.0
CLI002382,0.0,0.0,0.0,7.0,0.0
CLI002383,7.5,0.0,0.0,0.0,0.0
CLI002384,8.0,0.0,9.0,0.0,0.0
CLI002385,0.0,7.0,8.0,9.5,0.0
CLI002386,9.0,0.0,0.0,8.0,7.0
CLI002387,7.0,7.0,8.0,8.5,0.0
CLI002388,8.0,8.0,9.0,0.0,0.0
CLI002389,0.0,7.0,8.5,0.0,0.0
CLI002390,7.0,9.0,0.0,0.0,0.0
CLI002391,0.0,7.0,0.0,9.5,6.0
CLI002392,8.0,0.0,0.0,0.0,0.0
CLI002393,9.0,8.0,0.0,0.0,0.0
CLI002394,0.0,0.0,0.0,8.0,0.0
CLI002395,0.0,0.0,0.0,8.0,0.0
CLI002396,8.0,0.0,0.0,8.5,8.0
CLI002397,0.0,0.0,7.0,0.0,0.0
CLI002398,0.0,0.0,8.0,8.0,0.0
CLI002399,0.0,0.0,0.0,8.0,6.0
CLI002400,8.0,0.0,8.0,8.5,0.0
CLI002401,7.0,0.0,7.0,0.0,0.0
CLI002402,0.0,0.0,0.0,0.0,9.0
CLI002403,0.0,0.0,0.0,8.0,0.0
CLI002404,0.0,0.0,9.0,9.5,0.0
CLI002405,0.0,9.0,0.0,8.0,0.0
CLI002406,0.0,7.0,0.0,0.0,0.0
CLI002407,0.0,0.0,0.0,6.0,0.0
CLI002408,0.0,0.0,7.0,9.0,0.0
CLI002409,0.0,7.5,7.0,8.5,0.0
CLI002410,9.0,0.0,0.0,0.0,0.0
CLI002411,0.0,0.0,8.0,9.0,0.0
CLI002412,0.0,9.0,0.0,8.5,0.0
CLI002413,7.5,9.0,0.0,0.0,0.0
CLI002414,0.0,0.0,0.0,9.0,0.0
CLI002415,8.0,6.0,7.0,0.0,0.0
CLI002416,7.0,8.0,0.0,0.0,0.0
CLI002417,0.0,0.0,0.0,7.0,8.0
CLI002418,7.0,0.0,0.0,0.0,8.0
CLI002419,9.0,0.0,0.0,0.0,9.0
CLI002421,0.0,0.0,8.5,9.0,0.0
CLI002422,0.0,9.0,0.0,8.0,0.0
CLI002423,7.0,0.0,10.0,0.0,0.0
CLI002424,8.666666666666666,0.0,9.5,0.0,0.0
CLI002426,0.0,0.0,8.0,6.0,0.0
CLI002429,0.0,7.0,0.0,8.0,10.0
CLI002430,0.0,0.0,7.0,0.0,0.0
CLI002432,0.0,0.0,8.0,0.0,0.0
CLI002433,0.0,8.0,0.0,0.0,8.0
CLI002434,8.0,9.0,7.0,8.666666666666666,8.0
CLI002435,0.0,0.0,6.0,8.0,0.0
CLI002436,0.0,0.0,7.0,0.0,0.0
CLI002437,0.0,0.0,9.0,8.0,7.0
CLI002438,0.0,8.333333333333334,0.0,8.0,8.0
CLI002439,0.0,0.0,0.0,7.0,0.0
CLI002440,8.0,7.0,7.5,0.0,9.0
CLI002441,8.0,8.0,0.0,0.0,0.0
CLI002442,9.0,9.0,9.0,0.0,7.0
CLI002444,8.0,9.0,0.0,0.0,9.0
CLI002445,0.0,8.0,0.0,10.0,6.0
CLI002446,0.0,0.0,8.0,0.0,8.0
CLI002447,8.0,7.0,0.0,0.0,0.0
CLI002448,0.0,0.0,0.0,8.0,8.0
CLI002449,0.0,0.0,0.0,9.0,8.5
CLI002450,9.5,0.0,0.0,0.0,8.5
CLI002451,9.0,9.0,9.0,0.0,8.0
CLI002452,0.0,9.0,9.0,0.0,9.0
CLI002453,8.5,7.5,7.0,9.0,7.0
CLI002454,9.0,0.0,0.0,0.0,0.0
CLI002455,0.0,0.0,0.0,7.0,7.0
CLI002456,0.0,8.5,0.0,9.0,8.0
CLI002457,0.0,7.0,8.0,0.0,8.0
CLI002458,8.0,8.0,0.0,0.0,0.0
CLI002459,7.0,0.0,8.0,8.0,0.0
CLI002460,0.0,0.0,0.0,8.0,9.0
CLI002462,0.0,0.0,0.0,10.0,7.0
CLI002463,7.5,9.0,0.0,9.0,7.0
CLI002464,8.0,0.0,9.0,8.0,7.0
CLI002465,10.0,8.0,9.0,8.0,9.0
CLI002466,8.0,0.0,0.0,0.0,0.0
CLI002467,8.0,8.0,7.0,8.0,9.0
CLI002468,9.0,0.0,0.0,8.0,0.0
CLI002469,0.0,0.0,7.0,8.0,0.0
CLI002470,0.0,0.0,7.0,0.0,0.0
CLI002471,0.0,7.0,0.0,0.0,0.0
CLI002472,0.0,8.0,8.0,0.0,7.0
CLI002473,8.0,0.0,0.0,0.0,0.0
CLI002474,0.0,9.0,8.0,8.5,0.0
CLI002475,0.0,9.0,8.0,0.0,8.0
CLI002476,9.0,0.0,0.0,8.0,0.0
CLI002477,0.0,0.0,0.0,0.0,7.0
CLI002478,9.0,0.0,0.0,9.0,0.0
CLI002479,0.0,0.0,9.0,8.0,0.0
CLI002480,9.0,0.0,7.0,7.0,9.0
CLI002481,0.0,0.0,8.0,9.0,8.0
CLI002483,0.0,0.0,0.0,8.5,0.0
CLI002484,0.0,0.0,9.0,0.0,0.0
CLI002485,8.0,7.0,7.0,0.0,0.0
CLI002486,7.0,0.0,0.0,9.0,8.0
CLI002487,8.0,8.0,0.0,0.0,6.0
CLI002488,0.0,0.0,0.0,9.0,0.0
CLI002489,0.0,0.0,0.0,0.0,8.0
CLI002490,0.0,0.0,7.0,0.0,9.0
CLI002491,0.0,0.0,9.0,7.0,0.0
CLI002492,0.0,9.0,7.5,0.0,0.0
CLI002493,0.0,0.0,10.0,0.0,0.0
CLI002494,0.0,0.0,0.0,0.0,7.0
CLI002496,0.0,0.0,7.5,9.0,0.0
CLI002497,7.0,8.0,0.0,7.0,10.0
CLI002498,0.0,8.0,9.0,0.0,0.0
CLI002499,0.0,8.5,7.333333333333333,0.0,0.0
CLI002501,0.0,9.0,0.0,0.0,0.0
CLI002502,0.0,0.0,8.0,0.0,0.0
CLI002503,7.0,0.0,0.0,8.0,0.0
CLI002504,8.0,8.0,9.0,0.0,8.0
CLI002505,7.0,7.0,0.0,0.0,0.0
CLI002506,0.0,0.0,8.0,0.0,0.0
CLI002507,8.0,0.0,0.0,9.0,0.0
CLI002508,10.0,8.0,7.0,0.0,9.0
CLI002509,10.0,9.0,0.0,0.0,0.0
CLI002510,8.0,0.0,0.0,0.0,8.0
CLI002511,8.0,0.0,0.0,0.0,0.0
CLI002512,0.0,0.0,0.0,7.5,6.666666666666667
CLI002513,0.0,0.0,10.0,9.0,8.0
CLI002514,8.0,7.0,0.0,6.0,8.0
CLI002516,0.0,0.0,0.0,8.0,8.0
CLI002517,9.0,0.0,0.0,0.0,0.0
CLI002519,8.0,9.0,0.0,6.0,0.0
CLI002520,9.0,0.0,0.0,0.0,0.0
CLI002521,0.0,8.0,0.0,0.0,8.0
CLI002523,0.0,9.0,9.0,0.0,0.0
CLI002524,0.0,7.0,0.0,9.0,0.0
CLI002525,0.0,8.0,7.0,0.0,9.0
CLI002526,8.0,6.0,0.0,0.0,0.0
CLI002527,0.0,8.0,8.0,0.0,8.0
CLI002528,8.0,0.0,8.0,9.0,0.0
CLI002529,0.0,0.0,9.0,9.0,0.0
CLI002530,8.0,8.0,0.0,8.0,0.0
CLI002531,0.0,0.0,10.0,7.0,0.0
CLI002532,8.0,6.0,0.0,0.0,0.0
CLI002533,0.0,6.0,0.0,8.0,0.0
CLI002534,0.0,9.0,0.0,0.0,0.0
CLI002535,8.0,10.0,0.0,0.0,7.0
CLI002536,0.0,8.0,0.0,8.5,0.0
CLI002537,0.0,8.0,8.0,9.0,0.0
CLI002538,0.0,8.0,7.0,0.0,0.0
CLI002539,0.0,8.0,0.0,0.0,0.0
CLI002540,0.0,0.0,7.0,7.0,0.0
CLI002541,0.0,9.0,8.0,0.0,0.0
CLI002542,7.0,0.0,8.0,0.0,0.0
CLI002543,8.0,0.0,0.0,0.0,0.0
CLI002544,8.0,0.0,0.0,0.0,7.0
CLI002545,0.0,0.0,0.0,7.0,9.0
CLI002546,8.0,0.0,0.0,8.5,0.0
CLI002547,0.0,8.0,8.0,0.0,0.0
CLI002548,9.0,0.0,0.0,0.0,0.0
CLI002549,0.0,0.0,0.0,0.0,10.0
CLI002550,0.0,0.0,10.0,0.0,8.0
CLI002551,0.0,9.0,7.5,7.0,0.0
CLI002552,7.0,7.0,0.0,0.0,0.0
CLI002553,9.0,8.0,0.0,9.0,0.0
CLI002554,0.0,8.0,9.0,0.0,0.0
CLI002555,8.5,7.0,0.0,0.0,0.0
CLI002556,9.0,0.0,0.0,0.0,0.0
CLI002557,0.0,0.0,0.0,8.5,0.0
CLI002558,0.0,0.0,7.0,7.0,0.0
CLI002559,7.0,8.0,7.0,0.0,0.0
CLI002560,0.0,10.0,0.0,0.0,0.0
CLI002561,8.0,0.0,0.0,0.0,8.5
CLI002562,7.0,0.0,8.0,0.0,0.0
CLI002563,0.0,9.0,7.0,6.0,9.0
CLI002564,9.0,0.0,0.0,0.0,8.0
CLI002565,7.0,0.0,9.0,0.0,0.0
CLI002566,0.0,8.5,0.0,8.0,0.0
CLI002567,8.0,0.0,0.0,0.0,9.0
CLI002568,0.0,0.0,0.0,0.0,10.0
CLI002569,8.0,7.0,0.0,0.0,0.0
CLI002570,10.0,8.5,0.0,0.0,8.0
CLI002571,0.0,8.5,0.0,0.0,0.0
CLI002572,0.0,0.0,0.0,6.0,0.0
CLI002573,0.0,0.0,0.0,10.0,9.0
CLI002574,8.0,0.0,7.5,7.0,9.0
CLI002575,0.0,9.0,0.0,0.0,0.0
CLI002576,0.0,0.0,8.0,0.0,0.0
CLI002577,0.0,0.0,0.0,0.0,7.0
CLI002578,0.0,0.0,0.0,8.0,9.0
CLI002579,0.0,0.0,0.0,7.666666666666667,0.0
CLI002580,0.0,7.0,8.0,0.0,0.0
CLI002581,0.0,0.0,7.75,6.0,7.0
CLI002582,8.0,0.0,0.0,0.0,0.0
CLI002583,0.0,0.0,8.0,0.0,8.0
CLI002584,0.0,8.0,0.0,8.0,8.0
CLI002585,0.0,0.0,0.0,7.0,0.0
CLI002586,6.0,8.0,0.0,0.0,0.0
CLI002587,0.0,0.0,0.0,8.25,0.0
CLI002588,0.0,0.0,0.0,8.5,0.0
CLI002589,0.0,0.0,8.0,0.0,0.0
CLI002590,0.0,0.0,7.0,0.0,9.0
CLI002591,7.0,10.0,0.0,0.0,8.0
CLI002592,0.0,0.0,0.0,9.0,0.0
CLI002593,0.0,0.0,0.0,7.0,0.0
CLI002594,0.0,0.0,0.0,0.0,7.0
CLI002595,0.0,8.0,9.0,0.0,9.0
CLI002596,8.0,0.0,7.0,0.0,10.0
CLI002597,8.0,9.0,0.0,0.0,0.0
CLI002598,0.0,10.0,0.0,8.0,0.0
CLI002599,6.0,0.0,0.0,7.0,7.0
CLI002600,0.0,0.0,0.0,0.0,8.0
CLI002601,0.0,9.0,0.0,0.0,8.0
CLI002603,0.0,8.0,0.0,0.0,8.0
CLI002604,0.0,7.0,0.0,0.0,7.0
CLI002605,0.0,9.333333333333334,10.0,0.0,0.0
CLI002606,0.0,8.0,7.0,0.0,0.0
CLI002607,9.0,0.0,9.0,8.0,0.0
CLI002608,0.0,0.0,0.0,10.0,0.0
CLI002609,0.0,0.0,0.0,8.0,0.0
CLI002610,8.0,9.0,8.0,8.666666666666666,0.0
CLI002611,8.0,8.0,7.666666666666667,0.0,0.0
CLI002612,0.0,0.0,0.0,9.0,8.0
CLI002613,0.0,0.0,8.5,0.0,0.0
CLI002614,0.0,8.0,8.0,0.0,9.0
CLI002615,0.0,0.0,0.0,8.0,9.0
CLI002616,9.0,8.5,0.0,9.0,0.0
CLI002617,0.0,8.0,0.0,0.0,9.0
CLI002618,9.0,8.0,8.0,0.0,0.0
CLI002619,0.0,0.0,8.0,0.0,7.0
CLI002620,10.0,0.0,9.0,0.0,0.0
CLI002621,0.0,8.0,0.0,0.0,9.0
CLI002622,0.0,10.0,7.0,0.0,0.0
CLI002623,7.0,0.0,0.0,7.0,8.0
CLI002624,0.0,8.0,0.0,0.0,9.0
CLI002625,9.0,0.0,0.0,8.0,0.0
CLI002626,9.0,8.0,7.0,0.0,0.0
CLI002627,7.5,0.0,0.0,10.0,0.0
CLI002629,0.0,6.0,6.0,0.0,0.0
CLI002630,7.666666666666667,0.0,8.0,0.0,0.0
CLI002631,8.0,8.0,0.0,0.0,7.0
CLI002632,0.0,0.0,6.0,7.0,0.0
CLI002633,0.0,0.0,0.0,9.0,0.0
CLI002634,8.5,8.0,0.0,0.0,0.0
CLI002635,9.0,0.0,7.0,0.0,0.0
CLI002636,6.0,9.0,9.0,9.0,6.0
CLI002637,0.0,0.0,9.0,9.0,7.0
CLI002638,9.0,9.0,8.0,0.0,6.0
CLI002639,8.0,9.0,0.0,0.0,9.0
CLI002640,0.0,9.0,0.0,0.0,0.0
CLI002641,7.5,7.0,0.0,9.0,0.0
CLI002642,0.0,0.0,0.0,8.0,0.0
CLI002645,0.0,7.0,0.0,0.0,0.0
CLI002646,0.0,0.0,0.0,0.0,8.0
CLI002647,0.0,8.666666666666666,8.5,0.0,8.5
CLI002648,8.0,9.0,0.0,0.0,10.0
CLI002649,0.0,0.0,7.0,0.0,0.0
CLI002650,0.0,0.0,8.0,0.0,9.0
CLI002651,0.0,0.0,8.0,0.0,0.0
CLI002652,0.0,8.0,0.0,0.0,0.0
CLI002653,0.0,7.0,0.0,8.5,0.0
CLI002654,7.0,9.0,0.0,6.0,0.0
CLI002655,9.0,0.0,0.0,0.0,0.0
CLI002656,0.0,0.0,8.0,0.0,0.0
CLI002657,0.0,7.0,0.0,9.0,0.0
CLI002658,8.0,0.0,0.0,7.0,0.0
CLI002659,0.0,0.0,9.0,0.0,7.0
CLI002660,0.0,9.0,0.0,0.0,0.0
CLI002661,0.0,0.0,8.0,0.0,0.0
CLI002662,0.0,0.0,0.0,6.0,0.0
CLI002663,0.0,8.0,9.0,8.0,0.0
CLI002664,0.0,0.0,0.0,10.0,7.0
CLI002665,0.0,7.0,8.0,9.0,0.0
CLI002666,0.0,9.0,7.0,8.0,9.0
CLI002667,0.0,0.0,0.0,8.0,0.0
CLI002668,6.0,0.0,0.0,9.0,0.0
CLI002669,0.0,0.0,0.0,7.0,0.0
CLI002670,0.0,0.0,0.0,8.0,0.0
CLI002671,9.0,0.0,0.0,8.5,7.5
CLI002672,0.0,0.0,0.0,8.0,8.0
CLI002673,7.0,9.0,7.0,0.0,0.0
CLI002674,9.0,0.0,0.0,7.0,0.0
CLI002675,0.0,0.0,9.0,0.0,0.0
CLI002676,8.666666666666666,0.0,8.0,9.0,8.0
CLI002677,0.0,0.0,0.0,0.0,8.0
CLI002679,8.0,0.0,9.0,9.0,9.0
CLI002680,0.0,0.0,0.0,9.0,0.0
CLI002681,0.0,8.0,0.0,8.5,0.0
CLI002682,6.0,0.0,0.0,0.0,0.0
CLI002683,0.0,0.0,0.0,8.333333333333334,0.0
CLI002684,7.0,8.0,0.0,0.0,0.0
CLI002685,0.0,9.0,0.0,9.0,9.0
CLI002686,7.0,7.0,8.0,0.0,0.0
CLI002687,10.0,0.0,0.0,0.0,8.5
CLI002688,0.0,7.5,8.0,9.0,10.0
CLI002689,0.0,7.0,0.0,0.0,0.0
CLI002691,0.0,8.5,8.0,0.0,7.0
CLI002692,8.0,0.0,7.5,0.0,0.0
CLI002693,0.0,7.0,0.0,0.0,8.0
CLI002694,0.0,9.0,0.0,8.0,9.0
CLI002696,0.0,0.0,8.5,7.0,0.0
CLI002697,0.0,8.0,0.0,0.0,0.0
CLI002698,9.0,10.0,8.0,7.5,10.0
CLI002699,7.5,0.0,0.0,10.0,8.0
CLI002700,0.0,10.0,0.0,0.0,8.0
CLI002701,0.0,0.0,0.0,7.5,0.0
CLI002702,0.0,0.0,7.5,8.0,8.0
CLI002703,0.0,0.0,9.0,0.0,0.0
CLI002704,0.0,9.0,8.0,0.0,8.0
CLI002705,0.0,0.0,10.0,6.0,8.0
CLI002706,0.0,0.0,0.0,0.0,10.0
CLI002707,8.5,0.0,8.0,8.0,0.0
CLI002708,0.0,0.0,0.0,8.0,0.0
CLI002709,9.0,8.0,0.0,0.0,0.0
CLI002710,8.0,6.0,0.0,9.0,0.0
CLI002711,0.0,7.0,8.0,0.0,0.0
CLI002712,9.0,8.0,0.0,0.0,0.0
CLI002713,7.0,0.0,0.0,0.0,0.0
CLI002714,0.0,9.0,7.0,0.0,0.0
CLI002715,9.0,0.0,0.0,0.0,0.0
CLI002716,0.0,8.0,7.0,8.333333333333334,8.0
CLI002717,8.0,0.0,8.0,0.0,0.0
CLI002718,8.0,0.0,0.0,0.0,0.0
CLI002719,0.0,0.0,0.0,9.0,0.0
CLI002720,7.5,9.0,0.0,8.0,0.0
CLI002721,0.0,9.0,0.0,8.0,10.0
CLI002722,0.0,0.0,8.0,7.0,0.0
CLI002723,0.0,0.0,7.0,8.0,0.0
CLI002724,0.0,7.0,8.0,7.0,0.0
CLI002725,8.0,8.5,0.0,0.0,8.0
CLI002726,0.0,0.0,7.0,0.0,0.0
CLI002727,0.0,0.0,8.0,8.0,0.0
CLI002728,6.666666666666667,8.0,9.0,0.0,8.0
CLI002729,0.0,0.0,8.0,7.666666666666667,0.0
CLI002731,0.0,0.0,9.0,0.0,0.0
CLI002732,8.5,0.0,0.0,0.0,9.0
CLI002733,0.0,0.0,9.0,0.0,0.0
CLI002734,0.0,0.0,9.0,0.0,9.0
CLI002735,0.0,8.0,0.0,8.0,0.0
CLI002736,8.0,0.0,0.0,8.5,0.0
CLI002737,0.0,0.0,7.5,0.0,0.0
CLI002738,0.0,8.0,0.0,0.0,7.0
CLI002739,6.0,0.0,0.0,0.0,8.0
CLI002740,7.0,8.0,0.0,0.0,0.0
CLI002741,8.0,0.0,0.0,0.0,0.0
CLI002743,8.0,9.0,0.0,8.0,9.0
CLI002744,9.0,8.0,8.5,0.0,8.0
CLI002745,0.0,0.0,9.0,9.0,0.0
CLI002746,8.0,0.0,8.0,0.0,0.0
CLI002747,0.0,0.0,0.0,8.0,8.0
CLI002749,9.0,0.0,0.0,0.0,0.0
CLI002750,0.0,8.0,0.0,9.0,0.0
CLI002752,0.0,0.0,7.0,9.0,0.0
CLI002753,9.0,0.0,9.0,0.0,9.0
CLI002754,0.0,7.0,0.0,0.0,0.0
CLI002755,8.0,0.0,0.0,0.0,0.0
CLI002756,0.0,0.0,8.0,6.0,8.5
CLI002757,9.0,0.0,8.0,0.0,0.0
CLI002759,8.0,10.0,0.0,0.0,8.0
CLI002760,9.0,7.0,7.5,0.0,0.0
CLI002761,10.0,0.0,0.0,0.0,8.0
CLI002762,0.0,0.0,0.0,8.0,8.0
CLI002763,9.0,9.0,0.0,0.0,0.0
CLI002764,8.0,0.0,7.0,8.0,0.0
CLI002766,9.0,0.0,9.0,7.5,0.0
CLI002767,0.0,0.0,6.0,9.0,9.0
CLI002768,6.0,0.0,8.0,0.0,0.0
CLI002769,0.0,0.0,6.333333333333333,0.0,9.0
CLI002770,0.0,0.0,9.0,0.0,0.0
CLI002771,0.0,0.0,8.5,8.0,8.0
CLI002772,0.0,8.0,0.0,8.0,8.0
CLI002773,7.75,8.0,8.0,0.0,0.0
CLI002774,0.0,8.0,0.0,0.0,0.0
CLI002775,0.0,8.0,0.0,7.666666666666667,7.5
CLI002776,0.0,0.0,0.0,9.0,0.0
CLI002777,8.0,0.0,0.0,0.0,7.0
CLI002778,0.0,9.0,0.0,0.0,8.0
CLI002779,7.0,0.0,0.0,0.0,0.0
CLI002781,8.0,0.0,8.0,0.0,0.0
CLI002782,0.0,0.0,0.0,10.0,9.0
CLI002784,0.0,0.0,0.0,0.0,9.0
CLI002785,8.0,8.0,8.0,0.0,0.0
CLI002787,0.0,0.0,8.0,0.0,0.0
CLI002788,0.0,0.0,9.0,0.0,0.0
CLI002789,0.0,9.0,0.0,0.0,9.0
CLI002790,8.0,8.0,8.0,7.5,9.0
CLI002791,0.0,9.0,0.0,8.0,0.0
CLI002792,7.0,0.0,0.0,0.0,0.0
CLI002793,0.0,0.0,9.0,0.0,0.0
CLI002794,0.0,0.0,0.0,8.0,10.0
CLI002795,8.333333333333334,9.0,7.0,0.0,0.0
CLI002797,8.0,0.0,0.0,7.0,8.0
CLI002798,0.0,0.0,0.0,8.0,0.0
CLI002799,0.0,7.5,8.0,8.0,0.0
CLI002800,0.0,0.0,7.0,0.0,0.0
CLI002801,0.0,8.5,7.0,0.0,0.0
CLI002802,8.0,8.0,0.0,0.0,7.0
CLI002803,8.0,8.0,0.0,0.0,8.0
CLI002804,0.0,0.0,8.0,0.0,0.0
CLI002805,0.0,8.0,0.0,0.0,7.333333333333333
CLI002806,8.0,7.5,0.0,8.0,0.0
CLI002807,7.0,0.0,0.0,0.0,0.0
CLI002808,0.0,0.0,0.0,8.0,0.0
CLI002809,9.0,0.0,8.0,0.0,0.0
CLI002810,0.0,7.5,8.0,7.0,9.0
CLI002811,7.5,7.0,9.0,9.0,7.0
CLI002812,0.0,0.0,0.0,9.0,0.0
CLI002813,0.0,0.0,0.0,7.666666666666667,0.0
CLI002814,10.0,0.0,7.0,8.0,0.0
CLI002815,0.0,9.0,7.0,0.0,0.0
CLI002816,7.0,0.0,0.0,0.0,7.5
CLI002817,8.0,0.0,8.0,0.0,0.0
CLI002818,0.0,0.0,0.0,0.0,8.0
CLI002819,0.0,0.0,0.0,8.0,0.0
CLI002820,7.0,9.0,0.0,8.0,0.0
CLI002821,0.0,0.0,0.0,9.0,0.0
CLI002822,8.0,0.0,0.0,8.0,0.0
CLI002825,10.0,10.0,8.0,8.5,0.0
CLI002826,0.0,0.0,10.0,8.0,0.0
CLI002827,0.0,0.0,0.0,0.0,8.0
CLI002828,8.0,0.0,0.0,0.0,0.0
CLI002829,0.0,0.0,0.0,7.0,0.0
CLI002830,7.0,0.0,7.0,7.0,0.0
CLI002831,0.0,9.0,7.0,0.0,0.0
CLI002833,6.0,8.0,0.0,0.0,0.0
CLI002834,0.0,10.0,0.0,0.0,0.0
CLI002835,0.0,0.0,8.0,0.0,0.0
CLI002837,8.0,0.0,9.0,7.0,0.0
CLI002838,0.0,0.0,0.0,8.0,0.0
CLI002839,7.0,0.0,0.0,0.0,0.0
CLI002841,7.0,8.0,7.0,0.0,0.0
CLI002842,7.5,8.5,0.0,0.0,0.0
CLI002843,8.0,0.0,0.0,0.0,0.0
CLI002844,0.0,0.0,0.0,7.0,0.0
CLI002845,0.0,0.0,0.0,0.0,8.0
CLI002846,0.0,9.0,0.0,8.0,8.0
CLI002847,0.0,0.0,0.0,9.0,0.0
CLI002848,7.5,0.0,7.0,7.5,0.0
CLI002849,0.0,8.5,0.0,0.0,7.0
CLI002850,0.0,0.0,0.0,0.0,8.0
CLI002851,7.0,0.0,0.0,0.0,0.0
CLI002853,0.0,0.0,7.0,9.0,8.0
CLI002854,0.0,8.0,0.0,8.0,8.0
CLI002855,6.0,10.0,0.0,7.0,10.0
CLI002856,0.0,9.0,0.0,9.0,0.0
CLI002857,0.0,8.0,7.0,9.0,0.0
CLI002858,8.0,0.0,7.5,8.0,0.0
CLI002859,7.0,8.5,0.0,8.0,0.0
CLI002860,7.0,0.0,0.0,9.0,0.0
CLI002861,9.0,0.0,8.0,0.0,0.0
CLI002862,0.0,0.0,0.0,0.0,8.0
CLI002863,0.0,0.0,0.0,6.0,0.0
CLI002864,0.0,0.0,9.0,0.0,8.0
CLI002865,8.0,8.0,0.0,0.0,0.0
CLI002866,0.0,0.0,0.0,0.0,9.0
CLI002867,8.0,0.0,0.0,9.0,7.0
CLI002868,0.0,0.0,7.5,0.0,9.0
CLI002869,0.0,8.0,0.0,9.0,7.0
CLI002870,8.0,0.0,8.0,6.0,0.0
CLI002871,0.0,7.0,8.0,0.0,0.0
CLI002872,7.5,8.0,0.0,0.0,0.0
CLI002873,0.0,7.0,0.0,7.5,0.0
CLI002874,0.0,0.0,0.0,0.0,9.0
CLI002875,0.0,8.5,8.0,0.0,0.0
CLI002876,0.0,8.0,0.0,0.0,8.0
CLI002877,7.0,0.0,7.0,9.0,8.0
CLI002878,0.0,0.0,8.0,0.0,0.0
CLI002881,9.0,0.0,0.0,0.0,7.0
CLI002882,0.0,0.0,8.0,0.0,8.0
CLI002883,8.0,0.0,7.0,0.0,0.0
CLI002884,0.0,0.0,8.0,0.0,8.0
CLI002886,0.0,0.0,0.0,9.0,10.0
CLI002888,0.0,9.0,0.0,0.0,8.0
CLI002889,0.0,8.0,0.0,0.0,0.0
CLI002890,0.0,10.0,8.0,9.0,0.0
CLI002891,9.0,0.0,0.0,0.0,9.0
CLI002892,7.0,7.0,8.0,0.0,8.0
CLI002893,7.5,0.0,0.0,0.0,8.0
CLI002894,9.0,0.0,8.0,0.0,0.0
CLI002895,0.0,8.0,9.0,0.0,0.0
CLI002896,6.0,9.5,0.0,0.0,0.0
CLI002897,0.0,0.0,0.0,10.0,0.0
CLI002898,0.0,0.0,0.0,9.0,0.0
CLI002899,0.0,0.0,0.0,0.0,9.0
CLI002900,9.0,10.0,0.0,9.5,9.0
CLI002901,0.0,9.0,0.0,7.5,0.0
CLI002902,9.0,0.0,0.0,0.0,0.0
CLI002903,7.0,0.0,0.0,0.0,7.0
CLI002905,0.0,8.0,8.0,8.0,0.0
CLI002906,0.0,8.0,0.0,0.0,7.0
CLI002907,0.0,0.0,8.0,8.0,0.0
CLI002908,0.0,9.0,7.0,0.0,0.0
CLI002909,9.0,0.0,9.0,7.0,0.0
CLI002912,0.0,8.5,0.0,0.0,0.0
CLI002914,0.0,0.0,7.666666666666667,9.0,7.5
CLI002915,8.0,0.0,0.0,0.0,0.0
CLI002916,7.0,7.0,0.0,6.0,0.0
CLI002917,0.0,0.0,8.5,0.0,0.0
CLI002918,9.0,0.0,0.0,8.0,0.0
CLI002919,8.5,0.0,7.0,6.0,7.0
CLI002920,8.0,0.0,0.0,0.0,8.0
CLI002921,0.0,0.0,9.0,8.0,0.0
CLI002922,10.0,9.0,0.0,0.0,0.0
CLI002924,0.0,0.0,7.0,0.0,8.0
CLI002925,0.0,8.0,7.666666666666667,0.0,0.0
CLI002927,8.0,0.0,0.0,8.0,0.0
CLI002928,9.0,0.0,7.0,0.0,0.0
CLI002929,0.0,0.0,8.333333333333334,8.0,7.5
CLI002930,0.0,8.0,8.5,6.0,0.0
CLI002931,9.5,8.0,8.5,0.0,9.0
CLI002932,10.0,0.0,0.0,0.0,0.0
CLI002933,0.0,9.0,0.0,0.0,0.0
CLI002934,0.0,0.0,0.0,8.0,0.0
CLI002935,0.0,9.0,8.0,8.0,9.0
CLI002936,0.0,0.0,8.0,0.0,0.0
CLI002937,7.0,0.0,7.0,0.0,8.0
CLI002938,8.0,8.0,9.0,0.0,0.0
CLI002939,8.0,7.0,0.0,0.0,0.0
CLI002940,9.0,8.0,9.0,8.5,0.0
CLI002941,0.0,8.0,0.0,0.0,8.0
CLI002942,8.0,9.0,8.0,8.0,0.0
CLI002943,0.0,0.0,7.0,0.0,9.0
CLI002944,9.0,0.0,0.0,0.0,0.0
CLI002945,8.333333333333334,7.0,9.0,0.0,0.0
CLI002946,7.0,9.0,9.0,0.0,9.0
CLI002947,10.0,0.0,0.0,0.0,0.0
CLI002948,9.0,0.0,0.0,0.0,0.0
CLI002949,0.0,0.0,10.0,0.0,0.0
CLI002951,0.0,7.5,8.0,9.0,0.0
CLI002952,0.0,8.0,0.0,0.0,0.0
CLI002953,0.0,6.0,0.0,0.0,0.0
CLI002954,0.0,9.0,7.5,8.0,7.0
CLI002955,0.0,0.0,0.0,9.0,9.0
CLI002957,9.0,6.0,0.0,0.0,0.0
CLI002958,0.0,0.0,0.0,0.0,7.0
CLI002959,8.0,0.0,0.0,9.0,0.0
CLI002960,8.0,8.0,0.0,0.0,0.0
CLI002961,8.0,0.0,0.0,8.0,0.0
CLI002962,0.0,0.0,0.0,8.0,0.0
CLI002963,0.0,9.0,0.0,0.0,9.0
CLI002965,8.0,0.0,0.0,0.0,0.0
CLI002966,8.0,0.0,0.0,0.0,7.0
CLI002967,0.0,0.0,8.0,0.0,0.0
CLI002968,0.0,0.0,0.0,0.0,7.0
CLI002969,0.0,7.0,7.666666666666667,0.0,0.0
CLI002970,0.0,0.0,0.0,7.0,0.0
CLI002971,0.0,8.0,7.5,0.0,0.0
CLI002972,0.0,9.0,0.0,0.0,8.5
CLI002973,0.0,0.0,0.0,0.0,7.0
CLI002974,0.0,9.0,0.0,8.0,0.0
CLI002975,8.0,0.0,0.0,0.0,0.0
CLI002976,0.0,9.0,8.0,0.0,0.0
CLI002977,10.0,0.0,6.0,0.0,7.0
CLI002978,0.0,6.0,0.0,7.5,9.0
CLI002979,7.0,8.0,0.0,0.0,0.0
CLI002981,0.0,7.0,0.0,8.0,0.0
CLI002982,0.0,8.0,8.0,0.0,7.0
CLI002983,7.333333333333333,0.0,0.0,0.0,8.0
CLI002984,0.0,8.0,8.0,0.0,0.0
CLI002985,0.0,0.0,8.0,8.0,0.0
CLI002986,0.0,9.0,0.0,9.0,0.0
CLI002987,0.0,9.0,7.0,0.0,7.0
CLI002988,0.0,0.0,0.0,0.0,6.0
CLI002989,7.0,9.0,0.0,0.0,6.5
CLI002991,9.0,0.0,7.0,7.0,0.0
CLI002993,0.0,0.0,9.0,0.0,0.0
CLI002994,9.0,8.0,0.0,0.0,7.5
CLI002995,7.0,0.0,0.0,0.0,7.5
CLI002996,0.0,0.0,9.5,0.0,0.0
CLI002997,8.0,7.0,6.0,0.0,7.0
CLI002998,9.0,8.0,0.0,0.0,9.0
CLI003000,0.0,0.0,0.0,8.5,0.0
CLI003001,8.0,0.0,0.0,0.0,0.0
CLI003002,8.5,0.0,0.0,8.0,0.0
CLI003003,0.0,0.0,0.0,0.0,7.5
CLI003004,0.0,0.0,0.0,8.0,0.0
CLI003005,0.0,7.0,0.0,0.0,7.0
CLI003006,10.0,0.0,0.0,0.0,9.0
CLI003007,8.0,9.0,0.0,0.0,9.0
CLI003008,0.0,0.0,0.0,0.0,7.0
CLI003009,7.0,0.0,0.0,9.0,9.0
CLI003010,0.0,0.0,7.0,0.0,8.0
CLI003011,0.0,8.0,0.0,9.0,0.0
CLI003013,7.5,0.0,0.0,7.5,8.0
CLI003014,9.0,8.0,0.0,8.5,0.0
CLI003015,7.0,0.0,9.0,8.0,0.0
CLI003016,8.333333333333334,0.0,0.0,0.0,0.0
CLI003017,10.0,0.0,0.0,9.0,0.0
CLI003018,9.0,8.0,8.5,0.0,0.0
CLI003019,0.0,0.0,7.0,0.0,0.0
CLI003020,0.0,8.0,8.0,8.5,7.0
CLI003021,0.0,10.0,8.0,0.0,0.0
CLI003022,9.0,8.0,0.0,6.0,8.0
CLI003023,8.0,0.0,0.0,7.0,0.0
CLI003024,7.0,7.0,0.0,0.0,9.0
CLI003025,8.0,0.0,0.0,7.0,8.0
CLI003026,8.0,0.0,0.0,0.0,9.0
CLI003027,8.0,9.0,0.0,0.0,0.0
CLI003028,0.0,0.0,0.0,8.0,0.0
CLI003029,8.0,0.0,0.0,0.0,0.0
CLI003030,0.0,0.0,7.0,0.0,6.0
CLI003031,7.0,7.0,6.0,0.0,9.0
CLI003032,8.0,0.0,8.0,9.0,0.0
CLI003033,8.0,0.0,0.0,8.0,0.0
CLI003034,0.0,0.0,0.0,8.0,9.0
CLI003035,9.0,0.0,0.0,0.0,0.0
CLI003036,8.0,7.25,0.0,0.0,0.0
CLI003037,0.0,8.0,0.0,7.5,0.0
CLI003038,0.0,0.0,7.0,8.333333333333334,0.0
CLI003039,7.0,0.0,0.0,8.0,0.0
CLI003040,0.0,9.0,0.0,7.0,8.0
CLI003041,0.0,0.0,0.0,0.0,7.0
CLI003042,0.0,0.0,7.0,7.5,0.0
CLI003043,10.0,0.0,0.0,0.0,0.0
CLI003044,9.5,8.0,0.0,0.0,8.0
CLI003045,0.0,8.0,8.0,0.0,8.5
CLI003046,0.0,0.0,0.0,9.0,8.0
CLI003047,0.0,8.0,0.0,9.0,7.0
CLI003048,8.0,0.0,0.0,8.0,8.0
CLI003049,0.0,0.0,0.0,8.0,0.0
CLI003050,7.0,9.0,0.0,8.0,10.0
CLI003051,0.0,0.0,10.0,0.0,0.0
CLI003052,6.0,0.0,0.0,0.0,0.0
CLI003053,0.0,0.0,8.0,0.0,0.0
CLI003054,0.0,0.0,0.0,0.0,9.0
CLI003055,7.0,8.0,0.0,0.0,0.0
CLI003056,7.0,8.5,8.0,0.0,0.0
CLI003057,0.0,0.0,0.0,0.0,8.0
CLI003058,0.0,8.5,10.0,0.0,0.0
CLI003059,0.0,10.0,8.0,8.0,0.0
CLI003062,0.0,0.0,0.0,9.0,0.0
CLI003064,0.0,8.0,8.0,8.0,0.0
CLI003065,0.0,0.0,0.0,0.0,8.5
CLI003066,0.0,10.0,0.0,9.0,0.0
CLI003067,9.0,0.0,0.0,0.0,0.0
CLI003068,0.0,9.0,0.0,0.0,0.0
CLI003069,0.0,0.0,8.0,8.0,9.0
CLI003070,0.0,8.0,9.0,9.0,8.0
CLI003071,8.0,0.0,0.0,8.0,0.0
CLI003072,0.0,9.0,9.0,0.0,0.0
CLI003073,8.0,0.0,9.0,0.0,8.0
CLI003074,0.0,7.0,8.0,9.0,0.0
CLI003075,9.0,0.0,0.0,9.0,0.0
CLI003076,8.0,0.0,0.0,0.0,7.0
CLI003077,0.0,0.0,7.0,8.0,0.0
CLI003078,0.0,0.0,7.0,8.0,8.0
CLI003079,0.0,0.0,7.5,7.0,0.0
CLI003080,0.0,8.0,10.0,9.0,8.0
CLI003081,0.0,9.0,9.0,0.0,8.0
CLI003082,0.0,0.0,0.0,0.0,8.0
CLI003083,10.0,0.0,0.0,0.0,0.0
CLI003084,0.0,0.0,0.0,0.0,9.0
CLI003085,9.0,0.0,6.0,9.0,0.0
CLI003086,8.0,7.5,9.5,0.0,0.0
CLI003087,0.0,0.0,8.0,8.0,10.0
CLI003088,0.0,0.0,0.0,8.0,0.0
CLI003089,8.0,0.0,0.0,8.5,9.0
CLI003090,0.0,0.0,9.0,9.0,9.0
CLI003091,0.0,8.0,9.0,0.0,9.0
CLI003093,7.0,0.0,8.0,0.0,0.0
CLI003094,7.0,0.0,0.0,0.0,0.0
CLI003095,0.0,0.0,8.0,0.0,0.0
CLI003096,0.0,0.0,0.0,0.0,9.0
CLI003097,8.0,0.0,0.0,0.0,0.0
CLI003098,0.0,0.0,8.5,0.0,7.333333333333333
CLI003100,0.0,0.0,0.0,0.0,8.0
CLI003101,0.0,0.0,8.0,0.0,0.0
CLI003102,8.0,0.0,0.0,0.0,8.0
CLI003103,0.0,8.5,0.0,0.0,0.0
CLI003104,0.0,0.0,0.0,9.0,8.0
CLI003105,0.0,0.0,7.0,10.0,0.0
CLI003106,0.0,0.0,0.0,9.0,0.0
CLI003107,0.0,8.333333333333334,0.0,8.0,0.0
CLI003108,10.0,9.0,8.0,0.0,0.0
CLI003109,0.0,0.0,0.0,9.0,8.0
CLI003110,0.0,9.0,0.0,0.0,0.0
CLI003111,9.0,0.0,7.0,9.0,8.25
CLI003112,0.0,9.0,0.0,8.5,0.0
CLI003113,0.0,8.0,0.0,0.0,0.0
CLI003115,8.0,0.0,8.0,0.0,0.0
CLI003116,0.0,0.0,0.0,7.0,0.0
CLI003117,0.0,0.0,8.5,0.0,0.0
CLI003118,8.0,0.0,0.0,0.0,0.0
CLI003119,6.5,0.0,0.0,0.0,0.0
CLI003120,9.0,0.0,0.0,9.0,0.0
CLI003121,0.0,0.0,0.0,0.0,9.0
CLI003122,0.0,0.0,10.0,7.0,0.0
CLI003124,0.0,9.0,0.0,0.0,0.0
CLI003126,0.0,9.0,0.0,0.0,0.0
CLI003127,0.0,0.0,7.5,9.333333333333334,8.0
CLI003128,0.0,0.0,9.0,0.0,8.0
CLI003129,9.0,0.0,8.0,8.0,9.0
CLI003130,0.0,8.0,0.0,0.0,0.0
CLI003132,0.0,0.0,8.0,0.0,0.0
CLI003133,0.0,0.0,7.0,0.0,0.0
CLI003134,0.0,0.0,0.0,0.0,8.0
CLI003135,0.0,8.0,0.0,8.0,0.0
CLI003136,9.0,8.0,0.0,0.0,7.0
CLI003137,0.0,9.0,7.0,0.0,9.0
CLI003138,0.0,0.0,0.0,8.0,0.0
CLI003139,8.0,0.0,9.0,0.0,7.0
CLI003140,8.0,0.0,0.0,0.0,0.0
CLI003143,0.0,0.0,0.0,8.0,9.0
CLI003144,0.0,8.0,0.0,0.0,8.0
CLI003145,9.0,0.0,8.0,8.0,0.0
CLI003146,8.0,8.0,7.0,0.0,0.0
CLI003147,0.0,10.0,7.0,0.0,0.0
CLI003148,7.0,9.0,0.0,0.0,0.0
CLI003151,7.0,7.0,0.0,7.5,9.0
CLI003153,0.0,0.0,9.0,9.0,0.0
CLI003154,0.0,0.0,8.0,0.0,9.0
CLI003155,0.0,0.0,7.5,0.0,0.0
CLI003157,0.0,0.0,8.0,10.0,0.0
CLI003158,8.0,7.0,0.0,8.0,8.0
CLI003159,0.0,0.0,8.0,0.0,0.0
CLI003160,8.0,7.0,8.0,0.0,0.0
CLI003161,0.0,9.0,0.0,7.0,0.0
CLI003162,0.0,0.0,9.0,0.0,0.0
CLI003163,0.0,0.0,0.0,8.0,0.0
CLI003164,0.0,8.0,7.0,9.0,0.0
CLI003165,0.0,0.0,0.0,9.0,8.0
CLI003166,0.0,9.0,8.0,0.0,7.0
CLI003167,0.0,0.0,0.0,8.0,0.0
CLI003168,0.0,0.0,0.0,7.0,0.0
CLI003170,0.0,9.0,0.0,9.0,8.0
CLI003171,8.5,0.0,0.0,8.0,7.0
CLI003172,9.0,9.0,8.0,0.0,0.0
CLI003173,0.0,9.0,0.0,0.0,0.0
CLI003174,8.0,0.0,0.0,9.0,0.0
CLI003175,8.0,8.0,0.0,0.0,0.0
CLI003176,8.0,0.0,0.0,0.0,8.0
CLI003178,0.0,8.0,7.0,0.0,0.0
CLI003179,8.5,6.0,0.0,0.0,0.0
CLI003180,7.0,0.0,0.0,0.0,0.0
CLI003181,8.0,9.0,0.0,8.0,10.0
CLI003182,0.0,0.0,0.0,7.0,0.0
CLI003183,9.0,8.0,8.0,0.0,8.0
CLI003184,8.0,0.0,0.0,0.0,0.0
CLI003185,0.0,9.0,8.5,8.0,0.0
CLI003186,0.0,0.0,0.0,8.0,0.0
CLI003187,9.0,0.0,0.0,9.5,0.0
CLI003188,0.0,0.0,9.0,0.0,0.0
CLI003189,0.0,0.0,9.5,8.0,0.0
CLI003190,10.0,0.0,0.0,8.0,8.0
CLI003191,0.0,0.0,10.0,8.0,8.0
CLI003192,6.0,8.0,0.0,9.0,9.0
CLI003193,9.0,8.0,0.0,8.5,7.0
CLI003194,0.0,8.0,0.0,0.0,9.0
CLI003195,0.0,8.0,0.0,0.0,8.0
CLI003196,8.0,0.0,0.0,0.0,0.0
CLI003197,0.0,8.0,6.0,0.0,0.0
CLI003198,9.0,10.0,7.0,9.0,0.0
CLI003199,0.0,7.0,0.0,0.0,8.0
CLI003200,7.0,0.0,0.0,0.0,0.0
CLI003201,0.0,0.0,0.0,8.0,7.0
CLI003202,0.0,8.0,0.0,0.0,0.0
CLI003203,0.0,0.0,0.0,0.0,7.5
CLI003204,0.0,0.0,0.0,8.0,0.0
CLI003205,0.0,0.0,8.0,7.5,0.0
CLI003206,7.0,0.0,0.0,9.0,8.0
CLI003207,0.0,8.0,0.0,0.0,0.0
CLI003208,6.0,0.0,0.0,0.0,7.5
CLI003209,0.0,0.0,8.0,7.0,0.0
CLI003210,8.0,0.0,8.0,0.0,10.0
CLI003211,0.0,0.0,0.0,10.0,7.0
CLI003212,0.0,8.0,9.0,7.0,9.0
CLI003213,0.0,8.0,0.0,0.0,0.0
CLI003214,0.0,9.0,0.0,0.0,0.0
CLI003215,0.0,9.0,9.0,0.0,0.0
CLI003217,10.0,0.0,9.0,0.0,0.0
CLI003218,8.0,7.0,0.0,9.0,0.0
CLI003219,0.0,0.0,8.0,8.0,7.0
CLI003220,0.0,0.0,8.0,9.0,0.0
CLI003222,7.0,0.0,0.0,0.0,0.0
CLI003223,0.0,0.0,8.0,0.0,0.0
CLI003225,9.0,0.0,10.0,0.0,0.0
CLI003226,9.0,0.0,8.0,0.0,0.0
CLI003227,0.0,9.0,0.0,0.0,0.0
CLI003228,6.0,0.0,10.0,0.0,0.0
CLI003229,0.0,0.0,9.0,7.0,8.5
CLI003230,9.0,0.0,0.0,8.0,8.0
CLI003231,0.0,8.0,0.0,7.0,8.0
CLI003232,0.0,0.0,7.0,0.0,7.0
CLI003233,0.0,0.0,8.0,0.0,7.0
CLI003234,8.0,0.0,8.0,0.0,0.0
CLI003235,0.0,8.333333333333334,0.0,0.0,0.0
CLI003236,0.0,0.0,0.0,0.0,9.0
CLI003237,0.0,0.0,0.0,9.0,0.0
CLI003238,7.0,0.0,0.0,7.0,0.0
CLI003239,0.0,0.0,9.0,8.0,0.0
CLI003240,0.0,0.0,0.0,9.0,9.0
CLI003241,8.0,0.0,0.0,8.0,0.0
CLI003242,10.0,0.0,8.0,0.0,0.0
CLI003243,0.0,8.0,0.0,0.0,0.0
CLI003244,0.0,8.5,0.0,10.0,8.0
CLI003245,9.0,9.0,0.0,0.0,0.0
CLI003247,7.0,0.0,0.0,7.0,10.0
CLI003248,0.0,6.5,9.0,0.0,0.0
CLI003249,0.0,0.0,8.0,8.0,0.0
CLI003250,0.0,8.0,8.5,0.0,8.0
CLI003251,0.0,0.0,7.0,0.0,8.0
CLI003252,0.0,0.0,0.0,8.5,0.0
CLI003253,0.0,8.0,0.0,0.0,7.0
CLI003254,0.0,0.0,9.0,0.0,0.0
CLI003255,8.0,0.0,0.0,0.0,8.0
CLI003256,0.0,9.0,8.0,0.0,0.0
CLI003257,0.0,0.0,9.0,9.0,0.0
CLI003258,0.0,0.0,8.0,8.0,8.0
CLI003259,0.0,6.0,0.0,8.0,0.0
CLI003260,0.0,9.0,10.0,0.0,0.0
CLI003261,0.0,6.0,0.0,0.0,0.0
CLI003262,8.0,0.0,0.0,0.0,0.0
CLI003263,0.0,0.0,10.0,9.0,9.0
CLI003264,0.0,8.5,0.0,0.0,0.0
CLI003265,0.0,0.0,8.0,8.0,9.0
CLI003266,8.0,0.0,9.0,8.0,8.0
CLI003267,0.0,0.0,0.0,0.0,7.0
CLI003268,0.0,0.0,0.0,8.0,0.0
CLI003271,8.0,0.0,0.0,0.0,0.0
CLI003272,0.0,8.0,0.0,8.0,0.0
CLI003274,0.0,0.0,7.0,0.0,7.5
CLI003275,0.0,7.0,0.0,9.0,8.0
CLI003276,8.0,9.0,9.0,7.0,0.0
CLI003277,8.0,0.0,0.0,0.0,9.0
CLI003278,7.0,0.0,0.0,0.0,7.0
CLI003279,0.0,0.0,0.0,10.0,0.0
CLI003280,0.0,0.0,0.0,0.0,8.0
CLI003281,0.0,0.0,0.0,0.0,7.0
CLI003282,7.0,0.0,7.5,0.0,0.0
CLI003283,0.0,9.0,8.0,0.0,0.0
CLI003284,8.5,0.0,7.0,0.0,0.0
CLI003285,0.0,8.0,0.0,0.0,0.0
CLI003286,8.0,0.0,0.0,10.0,0.0
CLI003287,0.0,8.0,8.0,0.0,9.0
CLI003289,0.0,0.0,6.0,0.0,10.0
CLI003290,0.0,8.0,0.0,0.0,0.0
CLI003291,0.0,0.0,0.0,0.0,10.0
CLI003292,0.0,7.0,0.0,8.0,0.0
CLI003293,8.0,0.0,0.0,0.0,7.0
CLI003294,0.0,0.0,8.0,8.0,0.0
CLI003295,8.0,9.0,9.0,0.0,0.0
CLI003296,0.0,7.0,0.0,8.0,0.0
CLI003297,0.0,0.0,9.0,0.0,0.0
CLI003298,0.0,0.0,10.0,0.0,0.0
CLI003299,0.0,0.0,0.0,7.5,0.0
CLI003300,9.0,0.0,7.5,0.0,9.0
CLI003301,8.0,0.0,8.5,0.0,0.0
CLI003302,0.0,0.0,7.0,9.0,0.0
CLI003304,0.0,0.0,0.0,0.0,8.0
CLI003306,0.0,0.0,0.0,0.0,7.0
CLI003307,8.0,8.0,0.0,8.0,0.0
CLI003308,8.0,9.0,0.0,0.0,8.0
CLI003309,8.0,9.0,0.0,0.0,0.0
CLI003310,0.0,0.0,0.0,9.0,0.0
CLI003311,0.0,8.0,0.0,0.0,8.0
CLI003313,0.0,0.0,8.0,0.0,0.0
CLI003314,0.0,0.0,0.0,7.0,0.0
CLI003316,0.0,0.0,7.666666666666667,0.0,8.0
CLI003317,0.0,8.0,0.0,7.0,0.0
CLI003318,0.0,8.0,8.5,8.0,10.0
CLI003319,0.0,0.0,0.0,7.0,8.0
CLI003320,0.0,7.0,0.0,0.0,9.0
CLI003321,6.0,0.0,0.0,7.0,0.0
CLI003322,0.0,7.0,0.0,9.0,7.0
CLI003323,0.0,8.0,0.0,9.0,0.0
CLI003324,0.0,8.0,0.0,0.0,0.0
CLI003325,0.0,8.5,7.0,0.0,7.0
CLI003326,10.0,0.0,0.0,9.0,8.0
CLI003327,0.0,0.0,7.0,8.0,7.0
CLI003329,8.0,0.0,0.0,0.0,0.0
CLI003330,7.0,0.0,8.0,8.0,8.0
CLI003331,9.0,0.0,7.0,0.0,9.0
CLI003332,0.0,0.0,9.0,7.0,0.0
CLI003333,8.0,8.0,7.0,0.0,8.0
CLI003334,9.0,0.0,0.0,8.0,0.0
CLI003335,9.0,0.0,0.0,7.0,0.0
CLI003336,9.0,8.0,6.5,9.0,7.5
CLI003337,0.0,7.0,0.0,0.0,7.0
CLI003338,0.0,0.0,0.0,0.0,8.0
CLI003339,6.0,0.0,8.0,8.0,0.0
CLI003340,7.0,0.0,10.0,0.0,8.0
CLI003341,8.0,0.0,0.0,7.0,9.0
CLI003342,9.0,0.0,8.0,9.0,0.0
CLI003343,0.0,8.0,7.0,0.0,8.5
CLI003344,0.0,9.0,0.0,9.0,9.0
CLI003345,7.0,0.0,0.0,8.0,0.0
CLI003347,0.0,0.0,8.0,0.0,8.0
CLI003348,0.0,9.0,0.0,7.5,0.0
CLI003349,0.0,0.0,0.0,8.0,0.0
CLI003351,8.0,8.0,0.0,0.0,0.0
CLI003352,7.0,0.0,0.0,0.0,6.0
CLI003354,0.0,0.0,0.0,9.0,0.0
CLI003355,0.0,0.0,9.0,0.0,0.0
CLI003356,0.0,9.0,0.0,6.0,0.0
CLI003357,0.0,7.0,7.5,0.0,8.5
CLI003359,0.0,7.0,8.0,9.0,0.0
CLI003360,7.0,0.0,0.0,8.0,0.0
CLI003361,7.0,7.5,6.0,0.0,0.0
CLI003362,7.0,9.0,0.0,7.0,0.0
CLI003363,0.0,0.0,8.0,0.0,8.0
CLI003364,9.0,0.0,9.0,8.0,8.0
CLI003365,0.0,0.0,7.0,0.0,0.0
CLI003366,9.0,0.0,0.0,8.0,0.0
CLI003367,0.0,0.0,8.5,0.0,0.0
CLI003368,0.0,7.0,0.0,8.0,8.0
CLI003369,0.0,8.0,0.0,0.0,0.0
CLI003370,9.0,0.0,7.0,0.0,9.0
CLI003371,8.0,7.0,0.0,7.0,8.5
CLI003372,0.0,0.0,7.0,0.0,7.0
CLI003373,0.0,7.0,0.0,0.0,8.0
CLI003374,0.0,8.0,0.0,8.333333333333334,0.0
CLI003375,0.0,9.0,0.0,0.0,0.0
CLI003376,0.0,7.0,0.0,0.0,0.0
CLI003377,0.0,0.0,9.0,0.0,8.0
CLI003378,0.0,8.0,0.0,0.0,0.0
CLI003380,0.0,0.0,9.0,0.0,8.0
CLI003381,8.0,0.0,0.0,8.0,0.0
CLI003382,0.0,7.0,0.0,0.0,7.0
CLI003383,0.0,8.0,0.0,0.0,9.333333333333334
CLI003384,0.0,0.0,0.0,0.0,7.0
CLI003385,9.0,0.0,0.0,0.0,0.0
CLI003387,6.0,0.0,0.0,9.0,0.0
CLI003389,0.0,0.0,7.0,8.0,0.0
CLI003390,10.0,0.0,8.0,0.0,6.5
CLI003392,0.0,0.0,8.0,0.0,0.0
CLI003393,0.0,7.5,0.0,0.0,0.0
CLI003394,0.0,8.0,0.0,0.0,0.0
CLI003395,0.0,8.0,0.0,7.0,0.0
CLI003396,8.0,0.0,0.0,0.0,0.0
CLI003397,7.0,0.0,0.0,8.0,9.0
CLI003398,0.0,0.0,0.0,9.0,0.0
CLI003399,0.0,0.0,0.0,0.0,8.0
CLI003400,0.0,0.0,0.0,0.0,9.0
CLI003401,0.0,0.0,7.0,0.0,0.0
CLI003402,9.0,8.333333333333334,8.0,0.0,7.0
CLI003403,0.0,7.0,0.0,0.0,9.0
CLI003404,8.0,9.0,8.0,0.0,0.0
CLI003405,0.0,0.0,8.0,0.0,9.0
CLI003406,0.0,0.0,9.0,0.0,0.0
CLI003407,0.0,0.0,9.0,9.0,0.0
CLI003408,7.0,0.0,0.0,0.0,7.0
CLI003409,0.0,8.0,8.0,0.0,0.0
CLI003410,0.0,0.0,0.0,0.0,10.0
CLI003411,0.0,0.0,7.0,0.0,0.0
CLI003412,0.0,0.0,0.0,0.0,8.0
CLI003414,0.0,0.0,0.0,0.0,9.0
CLI003415,0.0,0.0,8.0,0.0,0.0
CLI003416,8.0,0.0,0.0,8.0,7.0
CLI003417,7.0,8.0,0.0,9.0,9.0
CLI003418,0.0,0.0,0.0,0.0,8.0
CLI003419,7.666666666666667,0.0,9.0,0.0,7.0
CLI003420,0.0,8.0,7.5,0.0,0.0
CLI003421,7.0,8.0,0.0,0.0,9.0
CLI003422,0.0,0.0,0.0,8.0,0.0
CLI003423,8.0,7.0,0.0,0.0,0.0
CLI003424,8.0,0.0,0.0,0.0,7.0
CLI003425,8.0,9.0,0.0,0.0,8.0
CLI003427,0.0,8.0,7.0,6.0,8.666666666666666
CLI003428,0.0,8.0,0.0,0.0,0.0
CLI003429,0.0,8.0,7.0,0.0,0.0
CLI003430,0.0,0.0,0.0,8.5,0.0
CLI003431,10.0,0.0,0.0,8.5,0.0
CLI003432,8.0,8.0,0.0,9.0,7.0
CLI003433,0.0,0.0,0.0,9.0,0.0
CLI003434,0.0,0.0,6.0,8.0,0.0
CLI003435,0.0,0.0,0.0,8.0,7.0
CLI003436,0.0,0.0,0.0,9.0,0.0
CLI003437,7.0,7.0,9.0,9.0,0.0
CLI003439,0.0,7.0,0.0,0.0,0.0
CLI003440,6.5,0.0,0.0,0.0,0.0
CLI003441,8.0,0.0,0.0,0.0,8.0
CLI003442,7.0,0.0,9.0,7.0,0.0
CLI003443,0.0,0.0,0.0,9.0,7.0
CLI003444,0.0,8.0,0.0,0.0,0.0
CLI003445,0.0,8.0,8.0,0.0,8.5
CLI003447,0.0,0.0,0.0,0.0,8.0
CLI003448,8.0,0.0,0.0,0.0,0.0
CLI003449,9.0,0.0,0.0,9.0,0.0
CLI003450,10.0,8.0,0.0,0.0,0.0
CLI003452,8.0,0.0,0.0,7.0,0.0
CLI003453,8.333333333333334,9.0,9.0,0.0,6.0
CLI003454,0.0,8.0,9.0,10.0,0.0
CLI003455,0.0,7.0,0.0,0.0,0.0
CLI003457,9.0,8.0,7.5,0.0,0.0
CLI003459,8.5,0.0,9.0,7.4,9.0
CLI003460,8.0,9.0,0.0,0.0,8.0
CLI003461,0.0,9.0,0.0,7.5,0.0
CLI003462,8.0,7.0,8.0,10.0,0.0
CLI003463,0.0,0.0,0.0,8.666666666666666,0.0
CLI003464,0.0,7.0,0.0,9.0,0.0
CLI003465,7.0,9.0,0.0,0.0,0.0
CLI003466,8.0,8.0,0.0,0.0,0.0
CLI003467,0.0,7.0,0.0,7.5,0.0
CLI003468,6.5,9.0,0.0,0.0,0.0
CLI003469,8.0,8.0,0.0,0.0,0.0
CLI003470,0.0,7.5,0.0,0.0,0.0
CLI003471,0.0,0.0,0.0,0.0,8.0
CLI003472,8.0,9.0,8.5,0.0,8.0
CLI003473,7.0,0.0,7.0,0.0,0.0
CLI003474,9.0,0.0,9.0,0.0,8.5
CLI003475,0.0,7.0,7.0,0.0,0.0
CLI003476,0.0,0.0,0.0,0.0,8.0
CLI003477,0.0,0.0,9.0,0.0,7.0
CLI003478,0.0,7.0,0.0,0.0,0.0
CLI003479,6.0,0.0,0.0,0.0,0.0
CLI003481,0.0,7.0,0.0,0.0,7.0
CLI003482,0.0,8.5,0.0,0.0,0.0
CLI003483,0.0,0.0,10.0,0.0,8.0
CLI003484,0.0,8.0,0.0,0.0,0.0
CLI003485,8.0,7.666666666666667,10.0,8.75,0.0
CLI003486,0.0,8.0,0.0,0.0,8.0
CLI003487,8.0,0.0,9.0,0.0,0.0
CLI003488,0.0,7.0,0.0,0.0,0.0
CLI003490,0.0,0.0,0.0,0.0,9.0
CLI003491,10.0,0.0,0.0,8.0,0.0
CLI003492,0.0,8.0,0.0,0.0,9.0
CLI003493,0.0,7.5,9.0,9.0,0.0
CLI003494,0.0,0.0,8.0,0.0,10.0
CLI003495,0.0,0.0,0.0,0.0,8.0
CLI003496,8.0,9.0,8.0,0.0,0.0
CLI003497,0.0,0.0,0.0,8.0,0.0
CLI003498,0.0,0.0,7.0,7.0,8.0
CLI003499,9.0,8.0,0.0,0.0,0.0
CLI003500,8.0,0.0,8.0,0.0,9.0
CLI003501,0.0,8.0,0.0,0.0,8.5
CLI003502,0.0,0.0,0.0,8.0,9.0
CLI003503,0.0,7.0,0.0,9.0,9.0
CLI003505,0.0,9.0,0.0,6.0,7.0
CLI003508,0.0,0.0,9.0,0.0,0.0
CLI003509,0.0,0.0,7.0,0.0,7.0
CLI003511,0.0,8.0,0.0,0.0,0.0
CLI003512,0.0,9.0,0.0,0.0,0.0
CLI003513,0.0,7.0,8.0,0.0,0.0
CLI003514,8.0,8.0,0.0,8.5,0.0
CLI003515,0.0,10.0,0.0,0.0,0.0
CLI003516,0.0,8.0,0.0,8.5,0.0
CLI003517,0.0,7.0,0.0,0.0,0.0
CLI003518,9.0,0.0,0.0,8.333333333333334,0.0
CLI003519,0.0,0.0,7.0,0.0,9.0
CLI003520,0.0,7.0,0.0,0.0,0.0
CLI003521,8.0,0.0,8.0,0.0,0.0
CLI003522,8.0,0.0,0.0,0.0,0.0
CLI003523,0.0,0.0,0.0,9.0,7.0
CLI003524,8.0,0.0,0.0,0.0,0.0
CLI003525,8.0,8.0,0.0,0.0,9.0
CLI003526,0.0,0.0,8.0,0.0,8.5
CLI003527,0.0,0.0,9.0,0.0,0.0
CLI003528,8.0,0.0,0.0,0.0,0.0
CLI003529,9.0,0.0,7.0,7.5,8.0
CLI003530,8.0,8.0,7.5,9.0,0.0
CLI003531,8.5,0.0,0.0,0.0,0.0
CLI003532,0.0,0.0,0.0,6.0,0.0
CLI003533,0.0,8.5,0.0,0.0,0.0
CLI003534,0.0,0.0,0.0,0.0,7.5
CLI003535,8.0,0.0,0.0,7.0,9.0
CLI003536,0.0,0.0,8.0,0.0,8.0
CLI003537,0.0,0.0,0.0,9.0,0.0
CLI003538,0.0,0.0,0.0,0.0,7.0
CLI003539,8.0,0.0,0.0,8.0,0.0
CLI003540,0.0,0.0,0.0,10.0,9.0
CLI003542,0.0,0.0,7.0,0.0,0.0
CLI003543,9.0,0.0,8.0,0.0,0.0
CLI003544,0.0,0.0,7.666666666666667,0.0,0.0
CLI003545,7.0,7.0,8.0,0.0,8.0
CLI003547,0.0,0.0,7.0,0.0,0.0
CLI003548,8.0,0.0,9.0,0.0,7.0
CLI003549,8.0,0.0,0.0,8.0,0.0
CLI003550,0.0,0.0,10.0,0.0,0.0
CLI003551,9.0,0.0,0.0,9.0,0.0
CLI003552,7.0,6.5,0.0,0.0,0.0
CLI003554,0.0,9.0,7.0,0.0,0.0
CLI003555,0.0,0.0,8.0,8.5,8.0
CLI003557,0.0,0.0,0.0,0.0,8.0
CLI003558,8.0,0.0,0.0,0.0,0.0
CLI003559,0.0,0.0,7.0,7.0,0.0
CLI003560,0.0,9.0,8.0,0.0,9.5
CLI003561,0.0,8.0,0.0,0.0,7.0
CLI003562,9.0,7.5,0.0,0.0,0.0
CLI003563,0.0,0.0,10.0,0.0,0.0
CLI003564,8.5,0.0,7.5,0.0,0.0
CLI003565,9.0,7.0,10.0,8.0,8.0
CLI003566,0.0,0.0,8.0,0.0,8.5
CLI003567,0.0,0.0,0.0,7.0,0.0
CLI003568,7.0,0.0,0.0,0.0,0.0
CLI003569,7.0,8.0,0.0,8.0,9.0
CLI003570,0.0,7.0,0.0,0.0,0.0
CLI003571,0.0,9.0,0.0,0.0,0.0
CLI003572,0.0,0.0,0.0,0.0,9.0
CLI003573,0.0,0.0,7.0,7.0,0.0
CLI003574,0.0,8.0,0.0,9.0,0.0
CLI003576,0.0,9.0,0.0,8.0,0.0
CLI003577,0.0,8.0,0.0,7.666666666666667,9.0
CLI003578,0.0,0.0,0.0,8.0,8.0
CLI003579,6.0,7.5,8.5,0.0,8.0
CLI003580,9.0,8.0,0.0,8.5,0.0
CLI003581,9.0,0.0,0.0,0.0,7.0
CLI003582,8.0,0.0,8.0,0.0,7.0
CLI003583,8.0,0.0,0.0,0.0,0.0
CLI003584,0.0,7.0,0.0,0.0,0.0
CLI003585,0.0,0.0,0.0,9.0,0.0
CLI003586,8.0,9.0,8.0,0.0,0.0
CLI003587,0.0,8.0,0.0,8.0,0.0
CLI003588,8.0,0.0,0.0,7.0,0.0
CLI003589,10.0,0.0,0.0,9.0,0.0
CLI003590,0.0,0.0,0.0,8.0,8.0
CLI003591,7.0,0.0,0.0,0.0,7.0
CLI003592,8.5,0.0,9.0,0.0,0.0
CLI003593,0.0,0.0,7.0,0.0,0.0
CLI003594,0.0,8.0,0.0,9.0,0.0
CLI003595,0.0,7.0,0.0,8.0,0.0
CLI003596,7.5,9.0,0.0,8.0,8.0
CLI003597,8.0,0.0,0.0,0.0,7.0
CLI003598,0.0,0.0,0.0,0.0,8.0
CLI003599,0.0,0.0,0.0,6.0,0.0
CLI003600,0.0,6.0,9.0,0.0,6.0
CLI003601,0.0,7.0,0.0,8.0,0.0
CLI003602,0.0,0.0,9.0,0.0,0.0
CLI003603,9.0,7.5,0.0,0.0,9.0
CLI003604,8.0,0.0,0.0,9.0,9.0
CLI003605,0.0,0.0,7.0,7.0,8.0
CLI003606,0.0,8.0,0.0,8.0,0.0
CLI003607,10.0,7.0,10.0,0.0,8.0
CLI003608,0.0,0.0,0.0,0.0,7.0
CLI003609,0.0,0.0,0.0,10.0,0.0
CLI003610,0.0,0.0,8.0,9.0,8.0
CLI003611,8.0,8.0,0.0,0.0,0.0
CLI003612,0.0,0.0,8.0,9.0,9.0
CLI003613,8.0,0.0,0.0,0.0,0.0
CLI003614,0.0,8.0,0.0,9.0,0.0
CLI003615,8.0,0.0,0.0,0.0,8.0
CLI003616,0.0,0.0,9.0,0.0,8.0
CLI003617,7.0,0.0,0.0,0.0,0.0
CLI003619,0.0,7.0,0.0,8.666666666666666,0.0
CLI003620,0.0,8.0,8.0,0.0,0.0
CLI003621,0.0,0.0,7.0,9.0,8.0
CLI003623,0.0,0.0,0.0,7.5,0.0
CLI003624,0.0,8.0,0.0,0.0,7.0
CLI003625,7.333333333333333,0.0,7.0,10.0,0.0
CLI003626,0.0,0.0,7.0,0.0,0.0
CLI003627,8.0,0.0,9.0,0.0,0.0
CLI003629,7.0,9.0,9.0,8.333333333333334,0.0
CLI003630,7.0,9.5,0.0,0.0,8.5
CLI003631,8.0,8.0,0.0,0.0,0.0
CLI003632,0.0,8.0,0.0,0.0,0.0
CLI003633,0.0,0.0,0.0,0.0,7.0
CLI003634,0.0,7.0,8.0,0.0,8.0
CLI003635,0.0,0.0,0.0,0.0,8.0
CLI003636,8.0,8.0,0.0,7.5,0.0
CLI003637,0.0,9.0,8.0,8.0,8.0
CLI003638,9.0,8.0,0.0,0.0,0.0
CLI003639,0.0,9.0,8.0,0.0,0.0
CLI003640,0.0,0.0,8.5,0.0,0.0
CLI003641,8.0,0.0,0.0,7.0,0.0
CLI003642,0.0,0.0,0.0,8.0,0.0
CLI003643,7.0,0.0,0.0,0.0,0.0
CLI003644,9.0,6.5,0.0,8.0,8.0
CLI003645,8.0,0.0,0.0,0.0,0.0
CLI003646,0.0,0.0,0.0,0.0,7.0
CLI003648,0.0,9.0,8.666666666666666,0.0,0.0
CLI003649,7.0,0.0,7.0,7.5,0.0
CLI003650,0.0,8.5,10.0,0.0,0.0
CLI003651,0.0,9.0,0.0,0.0,0.0
CLI003652,0.0,7.0,8.0,8.0,0.0
CLI003653,9.0,8.0,0.0,0.0,0.0
CLI003654,0.0,7.0,0.0,0.0,9.0
CLI003655,0.0,8.0,0.0,0.0,0.0
CLI003656,8.0,0.0,0.0,0.0,9.0
CLI003657,8.5,0.0,8.0,8.0,0.0
CLI003658,0.0,8.0,7.5,0.0,8.5
CLI003659,0.0,0.0,9.0,0.0,7.0
CLI003660,0.0,10.0,8.0,0.0,0.0
CLI003661,9.0,0.0,0.0,0.0,0.0
CLI003662,9.0,9.5,7.0,8.0,6.0
CLI003663,0.0,0.0,0.0,0.0,8.5
CLI003664,8.0,8.0,0.0,0.0,7.0
CLI003665,0.0,7.0,0.0,8.0,7.0
CLI003666,0.0,6.0,0.0,0.0,0.0
CLI003667,8.0,0.0,7.0,7.0,10.0
CLI003668,0.0,0.0,0.0,0.0,8.5
CLI003669,8.0,6.5,8.0,0.0,0.0
CLI003670,0.0,0.0,9.0,9.0,8.0
CLI003671,0.0,0.0,0.0,9.0,8.5
CLI003672,0.0,8.0,7.0,0.0,8.0
CLI003673,10.0,0.0,0.0,0.0,0.0
CLI003674,9.0,0.0,7.0,9.0,0.0
CLI003675,0.0,7.0,6.0,0.0,0.0
CLI003676,7.0,0.0,0.0,9.0,0.0
CLI003677,8.0,0.0,7.0,8.0,0.0
CLI003678,9.0,9.0,0.0,0.0,10.0
CLI003679,9.0,0.0,0.0,7.5,9.0
CLI003680,0.0,0.0,0.0,0.0,9.0
CLI003681,0.0,0.0,9.0,8.5,0.0
CLI003682,8.0,0.0,0.0,0.0,0.0
CLI003683,0.0,0.0,0.0,0.0,9.0
CLI003684,0.0,0.0,9.0,0.0,0.0
CLI003685,8.0,0.0,0.0,0.0,7.0
CLI003686,7.0,0.0,0.0,0.0,0.0
CLI003687,7.0,0.0,9.0,0.0,10.0
CLI003688,0.0,0.0,8.0,7.0,0.0
CLI003689,7.0,0.0,0.0,9.0,8.0
CLI003692,8.0,0.0,0.0,0.0,8.0
CLI003693,0.0,8.5,8.0,0.0,0.0
CLI003694,8.0,0.0,0.0,0.0,0.0
CLI003695,0.0,8.0,0.0,8.0,0.0
CLI003696,0.0,8.0,7.0,0.0,0.0
CLI003697,0.0,10.0,0.0,0.0,0.0
CLI003698,7.333333333333333,8.0,0.0,0.0,8.0
CLI003699,9.0,0.0,8.0,8.0,0.0
CLI003700,0.0,0.0,10.0,0.0,7.0
CLI003701,8.0,0.0,0.0,8.0,0.0
CLI003702,8.0,0.0,0.0,0.0,0.0
CLI003703,9.0,0.0,0.0,8.0,9.0
CLI003704,8.0,0.0,8.0,6.5,0.0
CLI003705,0.0,8.0,6.0,8.0,7.0
CLI003706,0.0,9.0,0.0,10.0,7.0
CLI003708,9.0,0.0,0.0,9.0,0.0
CLI003709,8.0,0.0,7.0,0.0,9.0
CLI003710,0.0,0.0,0.0,0.0,7.0
CLI003711,0.0,0.0,0.0,8.0,0.0
CLI003712,8.0,0.0,8.0,0.0,0.0
CLI003713,0.0,0.0,0.0,7.0,0.0
CLI003715,0.0,7.0,6.0,8.0,0.0
CLI003716,0.0,0.0,9.5,0.0,0.0
CLI003717,9.0,0.0,0.0,9.0,8.0
CLI003718,7.0,6.0,9.0,0.0,0.0
CLI003719,0.0,0.0,0.0,0.0,8.0
CLI003720,9.0,0.0,0.0,9.0,0.0
CLI003721,0.0,9.0,7.0,0.0,8.0
CLI003722,0.0,8.0,9.0,9.0,7.0
CLI003723,6.0,0.0,7.0,0.0,0.0
CLI003724,7.0,0.0,9.0,0.0,0.0
CLI003725,10.0,0.0,0.0,8.5,0.0
CLI003726,6.0,0.0,0.0,0.0,7.0
CLI003727,8.0,0.0,0.0,8.0,8.0
CLI003728,0.0,0.0,7.0,10.0,9.0
CLI003729,8.0,0.0,7.0,8.0,0.0
CLI003730,0.0,0.0,8.0,0.0,10.0
CLI003731,0.0,8.333333333333334,8.0,0.0,7.0
CLI003732,7.0,0.0,0.0,0.0,8.0
CLI003733,0.0,8.0,0.0,0.0,8.0
CLI003734,7.666666666666667,8.0,0.0,0.0,0.0
CLI003735,0.0,9.0,0.0,0.0,0.0
CLI003736,7.5,0.0,9.0,0.0,9.0
CLI003737,7.0,0.0,0.0,7.0,9.0
CLI003738,6.0,8.0,0.0,8.0,9.0
CLI003739,0.0,0.0,7.0,0.0,0.0
CLI003740,0.0,0.0,7.333333333333333,8.0,8.0
CLI003741,9.0,9.0,0.0,0.0,0.0
CLI003742,0.0,0.0,9.0,7.666666666666667,10.0
CLI003743,9.0,9.0,8.0,0.0,0.0
CLI003744,7.0,8.0,9.0,0.0,0.0
CLI003745,0.0,0.0,7.0,0.0,0.0
CLI003746,7.0,9.0,0.0,8.0,8.0
CLI003747,0.0,7.0,8.0,9.0,8.0
CLI003748,8.0,0.0,6.5,0.0,0.0
CLI003749,7.0,0.0,0.0,0.0,8.5
CLI003750,0.0,0.0,9.0,8.5,0.0
CLI003751,8.0,9.0,0.0,0.0,9.0
CLI003752,0.0,0.0,8.0,0.0,0.0
CLI003753,9.0,0.0,0.0,0.0,8.0
CLI003754,0.0,7.0,0.0,0.0,0.0
CLI003755,8.0,0.0,0.0,0.0,0.0
CLI003756,0.0,9.0,9.0,0.0,0.0
CLI003757,7.0,7.0,0.0,0.0,8.0
CLI003758,0.0,9.0,0.0,10.0,8.5
CLI003759,0.0,9.0,9.0,0.0,0.0
CLI003760,0.0,0.0,0.0,0.0,7.0
CLI003761,6.0,0.0,0.0,6.5,0.0
CLI003762,8.0,8.0,8.0,0.0,0.0
CLI003763,9.0,0.0,9.0,0.0,0.0
CLI003765,0.0,0.0,9.0,7.0,8.0
CLI003766,6.0,0.0,8.0,0.0,0.0
CLI003767,7.0,0.0,0.0,7.0,8.0
CLI003768,0.0,8.0,7.0,0.0,0.0
CLI003769,8.0,0.0,0.0,9.0,0.0
CLI003770,8.0,0.0,0.0,0.0,8.5
CLI003771,8.0,0.0,7.0,8.0,9.0
CLI003772,9.0,7.5,8.0,0.0,0.0
CLI003774,0.0,8.0,7.0,8.0,6.0
CLI003775,8.0,6.0,9.0,0.0,0.0
CLI003776,0.0,7.0,0.0,0.0,8.0
CLI003777,7.0,0.0,0.0,0.0,9.0
CLI003778,9.0,0.0,0.0,0.0,8.0
CLI003779,0.0,8.5,0.0,0.0,0.0
CLI003780,9.0,0.0,0.0,7.0,9.0
CLI003781,0.0,0.0,7.0,0.0,7.0
CLI003782,0.0,0.0,0.0,9.5,9.0
CLI003783,6.5,9.0,0.0,0.0,0.0
CLI003784,9.0,9.0,0.0,0.0,7.0
CLI003785,0.0,8.0,0.0,0.0,0.0
CLI003786,0.0,0.0,0.0,0.0,9.0
CLI003787,0.0,8.0,0.0,0.0,0.0
CLI003788,0.0,0.0,7.0,7.5,0.0
CLI003789,8.666666666666666,9.0,10.0,0.0,8.0
CLI003790,0.0,9.0,0.0,0.0,0.0
CLI003791,9.0,7.0,0.0,8.0,9.0
CLI003792,7.0,8.0,8.5,8.0,0.0
CLI003793,0.0,8.0,7.0,0.0,0.0
CLI003794,8.5,9.0,8.0,9.0,8.0
CLI003795,0.0,0.0,9.0,7.0,0.0
CLI003796,8.0,0.0,8.0,0.0,8.0
CLI003797,0.0,0.0,0.0,0.0,7.0
CLI003798,0.0,0.0,8.0,0.0,0.0
CLI003799,0.0,9.0,0.0,8.0,9.0
CLI003800,8.0,0.0,0.0,0.0,0.0
CLI003801,8.0,0.0,0.0,0.0,0.0
CLI003802,0.0,8.0,0.0,7.0,0.0
CLI003803,8.0,9.0,9.0,0.0,8.0
CLI003804,0.0,0.0,0.0,0.0,8.0
CLI003805,0.0,0.0,7.5,9.0,0.0
CLI003806,9.0,0.0,7.0,8.0,9.0
CLI003807,0.0,9.0,0.0,0.0,8.0
CLI003808,8.0,8.0,7.0,0.0,0.0
CLI003809,0.0,0.0,0.0,9.0,0.0
CLI003810,0.0,0.0,8.5,0.0,0.0
CLI003811,0.0,0.0,0.0,9.0,0.0
CLI003812,0.0,0.0,9.0,0.0,8.0
CLI003813,6.0,8.0,0.0,0.0,9.0
CLI003814,0.0,0.0,9.0,0.0,8.0
CLI003815,0.0,0.0,7.0,0.0,8.0
CLI003816,0.0,9.0,8.0,9.0,8.5
CLI003817,0.0,0.0,0.0,8.5,9.0
CLI003818,0.0,7.0,0.0,0.0,8.0
CLI003819,0.0,0.0,8.0,0.0,7.0
CLI003820,7.0,0.0,0.0,8.0,8.0
CLI003821,0.0,8.0,0.0,0.0,0.0
CLI003822,0.0,8.5,0.0,7.0,8.0
CLI003823,0.0,0.0,0.0,0.0,8.0
CLI003824,0.0,0.0,7.5,8.0,0.0
CLI003826,7.5,0.0,0.0,0.0,0.0
CLI003827,7.0,8.0,9.0,7.0,9.0
CLI003828,0.0,0.0,0.0,0.0,7.0
CLI003829,9.5,0.0,0.0,0.0,0.0
CLI003830,9.0,0.0,0.0,9.0,0.0
CLI003831,0.0,0.0,0.0,7.0,0.0
CLI003833,0.0,8.0,0.0,7.0,9.0
CLI003835,8.5,0.0,0.0,0.0,0.0
CLI003836,9.0,0.0,8.333333333333334,0.0,7.0
CLI003837,0.0,0.0,0.0,8.0,8.0
CLI003838,8.0,0.0,9.0,8.0,0.0
CLI003839,8.5,8.0,9.0,0.0,0.0
CLI003840,0.0,7.0,0.0,0.0,0.0
CLI003841,0.0,0.0,9.0,9.0,7.0
CLI003842,0.0,0.0,0.0,10.0,0.0
CLI003843,0.0,8.5,0.0,0.0,0.0
CLI003844,0.0,8.0,0.0,0.0,0.0
CLI003845,7.0,0.0,7.0,0.0,0.0
CLI003846,0.0,0.0,9.0,0.0,0.0
CLI003847,0.0,8.0,0.0,0.0,0.0
CLI003848,0.0,9.0,9.0,8.0,0.0
CLI003849,9.0,0.0,9.0,9.0,7.5
CLI003850,0.0,0.0,9.0,8.0,0.0
CLI003851,8.0,8.5,0.0,0.0,0.0
CLI003852,0.0,9.0,0.0,0.0,0.0
CLI003853,9.0,8.0,9.0,8.5,0.0
CLI003854,0.0,8.0,0.0,0.0,0.0
CLI003855,8.0,7.0,0.0,7.0,0.0
CLI003856,0.0,10.0,0.0,8.0,9.0
CLI003857,0.0,8.5,0.0,0.0,0.0
CLI003858,9.0,8.0,9.0,0.0,0.0
CLI003859,9.0,0.0,0.0,9.0,0.0
CLI003860,0.0,8.0,7.0,0.0,0.0
CLI003861,0.0,0.0,0.0,0.0,9.0
CLI003862,0.0,9.0,7.0,0.0,0.0
CLI003863,0.0,8.5,0.0,0.0,8.0
CLI003864,8.5,8.5,0.0,0.0,7.5
CLI003865,0.0,0.0,8.5,0.0,0.0
CLI003866,0.0,7.0,0.0,7.666666666666667,0.0
CLI003867,0.0,0.0,8.0,9.0,0.0
CLI003868,9.0,7.0,0.0,0.0,0.0
CLI003870,0.0,8.0,8.0,0.0,0.0
CLI003871,0.0,0.0,0.0,8.0,0.0
CLI003872,8.5,9.0,7.0,7.0,8.0
CLI003873,9.0,0.0,9.0,9.0,10.0
CLI003875,0.0,0.0,7.0,0.0,0.0
CLI003876,9.0,0.0,7.0,0.0,0.0
CLI003877,0.0,0.0,10.0,0.0,0.0
CLI003878,0.0,0.0,0.0,0.0,7.5
CLI003879,9.0,7.0,0.0,9.0,7.5
CLI003880,8.0,8.0,0.0,8.0,0.0
CLI003881,0.0,7.0,6.5,0.0,0.0
CLI003882,8.0,0.0,8.0,0.0,0.0
CLI003883,0.0,0.0,6.0,8.0,0.0
CLI003884,0.0,0.0,6.5,0.0,0.0
CLI003885,0.0,0.0,6.0,7.0,9.0
CLI003886,0.0,8.0,0.0,0.0,0.0
CLI003888,7.0,0.0,9.0,8.5,8.0
CLI003889,0.0,8.0,0.0,0.0,9.0
CLI003890,0.0,0.0,0.0,10.0,0.0
CLI003891,0.0,0.0,8.0,7.0,0.0
CLI003892,7.0,8.0,0.0,0.0,8.0
CLI003893,8.0,0.0,8.0,0.0,0.0
CLI003894,0.0,0.0,9.0,0.0,7.0
CLI003896,0.0,0.0,8.0,8.0,6.0
CLI003897,0.0,0.0,8.0,9.0,9.0
CLI003898,7.0,0.0,0.0,0.0,0.0
CLI003899,8.0,9.0,0.0,9.0,8.0
CLI003900,0.0,8.0,8.0,0.0,8.0
CLI003901,8.5,6.0,0.0,0.0,0.0
CLI003902,0.0,8.0,8.0,8.5,8.0
CLI003903,0.0,8.0,0.0,0.0,0.0
CLI003904,0.0,0.0,9.0,7.0,8.0
CLI003905,8.0,7.0,7.666666666666667,0.0,8.5
CLI003906,0.0,0.0,0.0,9.0,0.0
CLI003907,8.0,8.0,0.0,0.0,7.5
CLI003908,0.0,8.0,9.0,0.0,0.0
CLI003909,9.0,8.0,7.5,0.0,7.0
CLI003910,7.5,0.0,8.0,0.0,0.0
CLI003911,7.0,0.0,0.0,0.0,8.5
CLI003912,0.0,0.0,0.0,9.0,9.0
CLI003913,0.0,0.0,0.0,8.0,0.0
CLI003914,9.0,0.0,0.0,0.0,7.0
CLI003915,0.0,0.0,7.0,9.0,0.0
CLI003916,0.0,9.0,0.0,7.0,0.0
CLI003917,9.0,0.0,0.0,0.0,8.0
CLI003918,0.0,8.0,0.0,0.0,0.0
CLI003919,0.0,0.0,0.0,9.0,0.0
CLI003920,0.0,0.0,0.0,7.0,0.0
CLI003921,0.0,0.0,0.0,0.0,7.0
CLI003922,0.0,0.0,0.0,8.0,0.0
CLI003923,8.0,0.0,0.0,0.0,8.5
CLI003924,7.0,0.0,0.0,7.5,0.0
CLI003925,9.0,0.0,0.0,0.0,0.0
CLI003926,0.0,0.0,0.0,7.0,8.5
CLI003927,0.0,9.0,0.0,7.0,0.0
CLI003929,0.0,0.0,0.0,9.0,0.0
CLI003930,0.0,0.0,0.0,9.0,0.0
CLI003931,8.0,0.0,8.0,0.0,9.0
CLI003932,0.0,0.0,0.0,0.0,8.0
CLI003933,0.0,0.0,0.0,0.0,8.0
CLI003934,0.0,0.0,7.0,0.0,0.0
CLI003935,9.0,0.0,10.0,0.0,8.0
CLI003937,0.0,0.0,0.0,7.0,6.0
CLI003938,0.0,0.0,0.0,6.0,0.0
CLI003939,8.0,0.0,0.0,0.0,0.0
CLI003940,9.0,7.666666666666667,0.0,8.0,7.0
CLI003942,0.0,0.0,8.0,8.0,9.0
CLI003943,7.0,0.0,0.0,8.0,0.0
CLI003944,6.0,8.333333333333334,0.0,0.0,7.5
CLI003945,0.0,0.0,0.0,8.0,0.0
CLI003946,9.0,9.0,0.0,0.0,8.0
CLI003947,0.0,0.0,0.0,0.0,9.0
CLI003949,0.0,0.0,0.0,10.0,0.0
CLI003950,0.0,8.0,0.0,9.0,0.0
CLI003951,0.0,0.0,7.666666666666667,8.0,0.0
CLI003952,8.0,0.0,0.0,0.0,0.0
CLI003953,0.0,7.5,0.0,7.0,0.0
CLI003954,0.0,0.0,0.0,0.0,8.0
CLI003955,0.0,0.0,0.0,7.0,0.0
CLI003956,0.0,9.0,9.0,8.0,7.0
CLI003957,0.0,7.0,9.0,0.0,0.0
CLI003958,0.0,8.0,0.0,0.0,0.0
CLI003959,0.0,0.0,9.0,7.0,8.0
CLI003960,0.0,0.0,0.0,8.0,6.5
CLI003961,0.0,0.0,8.0,7.5,0.0
CLI003962,0.0,10.0,0.0,0.0,8.0
CLI003963,0.0,0.0,8.0,8.0,0.0
CLI003964,9.0,0.0,0.0,9.0,0.0
CLI003965,8.0,0.0,0.0,0.0,0.0
CLI003966,8.0,8.0,0.0,0.0,8.0
CLI003967,9.0,0.0,0.0,7.0,0.0
CLI003968,0.0,0.0,8.0,0.0,8.5
CLI003969,9.0,0.0,8.0,0.0,0.0
CLI003970,0.0,0.0,8.5,0.0,8.0
CLI003971,0.0,0.0,9.0,0.0,0.0
CLI003972,0.0,8.0,8.0,0.0,0.0
CLI003973,9.0,0.0,0.0,0.0,0.0
CLI003974,7.5,8.0,0.0,0.0,0.0
CLI003975,9.0,0.0,7.0,0.0,0.0
CLI003976,10.0,8.0,0.0,0.0,0.0
CLI003977,0.0,7.666666666666667,0.0,0.0,0.0
CLI003978,0.0,0.0,9.0,0.0,0.0
CLI003979,9.0,0.0,0.0,8.666666666666666,0.0
CLI003980,8.0,0.0,7.0,0.0,8.0
CLI003981,0.0,7.5,0.0,7.0,0.0
CLI003982,7.0,8.0,0.0,0.0,9.0
CLI003983,0.0,0.0,0.0,0.0,9.0
CLI003984,0.0,9.0,0.0,0.0,7.0
CLI003985,8.0,0.0,8.0,8.0,0.0
CLI003986,0.0,0.0,9.0,6.0,9.0
CLI003987,8.0,10.0,0.0,0.0,0.0
CLI003988,0.0,7.0,0.0,9.0,0.0
CLI003989,0.0,0.0,8.5,9.0,0.0
CLI003990,9.0,0.0,0.0,0.0,0.0
CLI003991,0.0,8.0,0.0,0.0,0.0
CLI003992,8.0,7.0,0.0,9.0,9.0
CLI003993,0.0,0.0,7.666666666666667,8.0,0.0
CLI003994,0.0,0.0,9.0,0.0,8.0
CLI003995,0.0,0.0,9.0,0.0,0.0
CLI003997,9.0,0.0,7.0,0.0,8.0
CLI003998,8.0,0.0,0.0,8.0,0.0
CLI003999,0.0,8.0,7.0,0.0,0.0
CLI004001,0.0,6.0,0.0,0.0,0.0
CLI004002,8.0,0.0,8.0,0.0,0.0
CLI004003,7.0,7.0,0.0,8.0,0.0
CLI004004,0.0,0.0,9.0,8.0,0.0
CLI004005,0.0,0.0,0.0,0.0,10.0
CLI004006,0.0,0.0,0.0,0.0,8.0
CLI004007,0.0,0.0,0.0,8.0,0.0
CLI004008,0.0,0.0,0.0,7.0,8.5
CLI004009,0.0,0.0,0.0,0.0,8.5
CLI004010,7.0,0.0,0.0,0.0,0.0
CLI004011,7.5,9.0,0.0,9.0,7.0
CLI004012,0.0,9.0,0.0,7.0,0.0
CLI004013,0.0,0.0,0.0,10.0,0.0
CLI004014,0.0,0.0,7.0,0.0,0.0
CLI004015,0.0,0.0,8.0,0.0,8.0
CLI004016,0.0,0.0,7.0,7.0,0.0
CLI004017,0.0,0.0,0.0,6.0,0.0
CLI004018,0.0,0.0,7.0,0.0,0.0
CLI004019,7.0,8.0,7.0,0.0,0.0
CLI004020,10.0,0.0,0.0,0.0,9.0
CLI004021,0.0,8.5,8.0,0.0,8.0
CLI004022,7.0,0.0,0.0,8.5,0.0
CLI004023,0.0,0.0,0.0,9.0,0.0
CLI004024,0.0,8.0,0.0,0.0,7.0
CLI004025,0.0,0.0,8.5,8.0,8.333333333333334
CLI004027,0.0,8.0,0.0,9.0,9.5
CLI004028,9.0,0.0,0.0,0.0,8.0
CLI004029,10.0,0.0,0.0,0.0,0.0
CLI004030,0.0,7.0,0.0,7.0,7.5
CLI004031,0.0,9.0,0.0,0.0,9.0
CLI004033,0.0,0.0,0.0,0.0,9.0
CLI004034,0.0,9.0,0.0,0.0,7.0
CLI004035,8.0,0.0,0.0,10.0,0.0
CLI004036,0.0,9.0,0.0,8.0,0.0
CLI004037,0.0,0.0,8.0,0.0,0.0
CLI004038,0.0,0.0,7.0,0.0,0.0
CLI004039,9.0,0.0,0.0,0.0,0.0
CLI004040,0.0,8.0,0.0,0.0,0.0
CLI004041,0.0,7.0,0.0,9.0,0.0
CLI004042,0.0,0.0,8.0,0.0,7.0
CLI004043,0.0,0.0,9.0,9.0,0.0
CLI004044,0.0,0.0,0.0,7.0,8.5
CLI004045,7.0,8.0,8.0,0.0,0.0
CLI004046,0.0,0.0,0.0,8.666666666666666,0.0
CLI004047,7.0,0.0,0.0,0.0,7.5
CLI004048,0.0,0.0,0.0,0.0,8.0
CLI004049,0.0,9.0,9.0,9.0,7.0
CLI004050,0.0,10.0,7.5,0.0,0.0
CLI004051,0.0,0.0,8.0,0.0,7.0
CLI004052,0.0,7.0,8.0,7.0,0.0
CLI004053,0.0,0.0,8.5,8.0,8.0
CLI004054,10.0,7.0,9.0,0.0,0.0
CLI004055,8.0,9.0,0.0,8.0,0.0
CLI004056,7.0,9.0,0.0,8.0,9.0
CLI004057,0.0,0.0,8.0,0.0,8.0
CLI004058,8.0,0.0,0.0,7.5,0.0
CLI004059,7.0,0.0,0.0,0.0,7.5
CLI004060,0.0,9.0,8.0,9.0,0.0
CLI004061,10.0,8.5,0.0,0.0,8.0
CLI004062,0.0,0.0,7.0,10.0,0.0
CLI004064,0.0,9.0,0.0,0.0,0.0
CLI004065,0.0,0.0,0.0,9.0,8.0
CLI004066,0.0,8.0,7.0,0.0,0.0
CLI004067,0.0,7.0,8.0,7.5,0.0
CLI004068,8.0,0.0,7.0,0.0,0.0
CLI004069,0.0,9.0,0.0,0.0,9.0
CLI004070,0.0,0.0,8.0,0.0,10.0
CLI004071,0.0,7.0,10.0,0.0,8.0
CLI004072,0.0,0.0,0.0,7.0,0.0
CLI004074,0.0,9.0,0.0,0.0,0.0
CLI004075,8.0,0.0,0.0,0.0,0.0
CLI004076,0.0,0.0,0.0,9.0,0.0
CLI004077,8.0,0.0,8.666666666666666,8.0,0.0
CLI004079,0.0,8.0,8.0,9.0,0.0
CLI004080,0.0,0.0,0.0,8.0,0.0
CLI004081,10.0,0.0,8.0,0.0,0.0
CLI004082,0.0,0.0,8.0,0.0,0.0
CLI004083,8.0,7.0,0.0,8.0,7.0
CLI004084,0.0,9.0,0.0,0.0,7.0
CLI004086,0.0,8.0,7.0,8.0,0.0
CLI004087,0.0,8.0,8.0,0.0,0.0
CLI004088,0.0,0.0,8.0,8.0,0.0
CLI004089,0.0,0.0,0.0,8.0,0.0
CLI004090,0.0,8.0,0.0,0.0,0.0
CLI004092,0.0,0.0,8.0,0.0,8.0
CLI004093,0.0,8.0,0.0,0.0,0.0
CLI004094,9.0,9.0,0.0,0.0,0.0
CLI004095,10.0,0.0,0.0,0.0,0.0
CLI004096,0.0,0.0,7.0,7.0,0.0
CLI004097,8.666666666666666,6.0,0.0,0.0,0.0
CLI004098,9.0,0.0,8.5,0.0,0.0
CLI004099,0.0,7.0,0.0,9.0,0.0
CLI004100,9.0,8.0,0.0,7.0,0.0
CLI004102,0.0,8.0,0.0,0.0,7.0
CLI004103,7.5,0.0,0.0,9.0,0.0
CLI004105,9.0,8.0,0.0,0.0,8.0
CLI004106,0.0,8.0,8.0,0.0,0.0
CLI004107,0.0,0.0,0.0,10.0,8.0
CLI004108,0.0,0.0,0.0,0.0,8.0
CLI004109,9.0,0.0,7.5,9.0,0.0
CLI004110,0.0,0.0,0.0,0.0,8.333333333333334
CLI004111,8.5,0.0,0.0,0.0,7.0
CLI004112,0.0,0.0,9.0,8.0,0.0
CLI004113,0.0,8.0,7.0,8.0,0.0
CLI004115,0.0,8.0,10.0,0.0,0.0
CLI004116,0.0,0.0,7.0,8.0,0.0
CLI004117,0.0,6.0,8.0,0.0,0.0
CLI004118,0.0,9.0,8.0,8.0,9.0
CLI004119,9.0,9.0,8.0,0.0,9.0
CLI004120,0.0,7.0,0.0,6.0,8.0
CLI004121,0.0,0.0,8.0,7.0,0.0
CLI004122,7.0,8.5,7.0,7.0,0.0
CLI004123,0.0,8.0,0.0,0.0,0.0
CLI004125,0.0,7.0,0.0,0.0,9.0
CLI004126,0.0,8.0,9.0,0.0,0.0
CLI004127,0.0,8.0,0.0,0.0,0.0
CLI004128,9.0,7.0,0.0,0.0,0.0
CLI004129,0.0,8.5,8.0,0.0,0.0
CLI004130,9.0,0.0,0.0,0.0,0.0
CLI004131,6.5,0.0,0.0,0.0,0.0
CLI004132,7.0,0.0,0.0,0.0,6.0
CLI004133,8.0,0.0,9.0,8.0,8.0
CLI004134,0.0,0.0,0.0,0.0,7.0
CLI004135,0.0,0.0,10.0,9.0,9.0
CLI004136,0.0,0.0,9.0,0.0,9.0
CLI004137,0.0,0.0,0.0,9.0,0.0
CLI004138,0.0,8.0,0.0,0.0,0.0
CLI004139,0.0,8.0,7.0,0.0,0.0
CLI004141,6.0,0.0,0.0,9.0,9.0
CLI004142,0.0,9.0,0.0,7.0,0.0
CLI004143,0.0,0.0,0.0,0.0,9.0
CLI004144,0.0,0.0,0.0,8.0,7.5
CLI004145,6.5,9.0,0.0,0.0,0.0
CLI004147,0.0,8.0,0.0,0.0,9.0
CLI004148,0.0,8.0,7.0,0.0,0.0
CLI004149,0.0,0.0,0.0,9.0,7.5
CLI004150,0.0,0.0,9.0,0.0,0.0
CLI004151,0.0,0.0,0.0,8.0,0.0
CLI004152,7.0,0.0,0.0,0.0,0.0
CLI004153,0.0,8.0,8.0,7.0,0.0
CLI004154,6.0,8.0,0.0,9.5,0.0
CLI004155,0.0,0.0,9.0,0.0,8.0
CLI004156,0.0,0.0,0.0,0.0,9.0
CLI004157,0.0,0.0,0.0,7.0,0.0
CLI004158,0.0,0.0,6.0,0.0,0.0
CLI004159,9.0,9.0,9.0,9.0,0.0
CLI004160,7.0,9.0,6.0,0.0,0.0
CLI004161,0.0,0.0,0.0,0.0,7.0
CLI004162,0.0,0.0,0.0,8.0,0.0
CLI004163,8.0,7.0,8.0,8.0,0.0
CLI004164,8.5,8.0,0.0,0.0,8.0
CLI004165,0.0,0.0,9.0,9.0,0.0
CLI004166,0.0,7.0,7.0,7.0,0.0
CLI004167,8.0,8.0,0.0,0.0,9.0
CLI004169,7.0,0.0,0.0,8.0,0.0
CLI004170,7.0,0.0,8.0,0.0,0.0
CLI004171,9.0,0.0,8.0,8.0,8.0
CLI004172,8.0,0.0,0.0,9.0,8.5
CLI004173,8.0,0.0,0.0,0.0,0.0
CLI004174,0.0,8.0,0.0,8.5,0.0
CLI004175,8.0,7.0,0.0,9.0,8.5
CLI004176,0.0,0.0,0.0,0.0,7.0
CLI004177,8.0,0.0,0.0,0.0,8.5
CLI004178,0.0,0.0,6.0,0.0,0.0
CLI004179,9.0,9.0,0.0,7.0,0.0
CLI004180,0.0,0.0,6.0,0.0,0.0
CLI004181,0.0,0.0,0.0,0.0,9.0
CLI004182,8.0,0.0,0.0,0.0,8.0
CLI004183,0.0,0.0,0.0,8.0,8.0
CLI004184,8.0,0.0,0.0,0.0,7.0
CLI004185,7.0,0.0,0.0,0.0,0.0
CLI004186,0.0,0.0,0.0,9.0,0.0
CLI004187,9.0,0.0,0.0,0.0,0.0
CLI004190,10.0,0.0,0.0,0.0,7.0
CLI004191,0.0,0.0,0.0,0.0,9.0
CLI004192,7.0,8.0,0.0,8.0,0.0
CLI004193,0.0,0.0,0.0,0.0,7.333333333333333
CLI004194,0.0,0.0,8.0,0.0,9.5
CLI004195,0.0,0.0,0.0,0.0,8.0
CLI004196,0.0,0.0,7.0,9.0,0.0
CLI004198,0.0,9.0,0.0,7.0,8.0
CLI004199,0.0,0.0,0.0,8.0,0.0
CLI004200,0.0,0.0,8.0,0.0,9.0
CLI004201,7.5,9.0,0.0,0.0,0.0
CLI004203,8.0,0.0,0.0,0.0,8.0
CLI004204,8.0,0.0,0.0,9.0,0.0
CLI004205,0.0,7.0,0.0,0.0,8.0
CLI004206,7.0,0.0,0.0,0.0,0.0
CLI004207,10.0,0.0,0.0,0.0,0.0
CLI004208,0.0,0.0,9.0,0.0,0.0
CLI004209,8.5,0.0,0.0,0.0,0.0
CLI004210,9.5,0.0,0.0,9.0,0.0
CLI004211,0.0,7.0,0.0,0.0,9.0
CLI004212,0.0,0.0,0.0,8.0,8.0
CLI004213,7.0,0.0,0.0,0.0,0.0
CLI004215,9.0,0.0,8.0,0.0,7.0
CLI004216,9.0,8.0,0.0,0.0,9.0
CLI004217,0.0,9.0,8.0,9.0,0.0
CLI004218,0.0,0.0,0.0,0.0,8.0
CLI004219,0.0,8.0,9.0,0.0,8.0
CLI004220,7.0,0.0,0.0,0.0,0.0
CLI004222,9.0,0.0,9.0,0.0,0.0
CLI004223,7.0,0.0,0.0,7.0,0.0
CLI004224,0.0,8.0,0.0,0.0,0.0
CLI004225,0.0,0.0,0.0,9.0,0.0
CLI004226,0.0,8.0,0.0,8.0,0.0
CLI004227,8.0,0.0,8.0,0.0,0.0
CLI004228,7.0,7.0,7.333333333333333,9.0,6.0
CLI004229,8.0,7.0,0.0,6.0,0.0
CLI004230,0.0,0.0,0.0,8.666666666666666,9.0
CLI004231,8.0,0.0,0.0,0.0,0.0
CLI004232,9.0,0.0,10.0,0.0,8.0
CLI004233,7.0,7.0,0.0,8.5,0.0
CLI004234,0.0,0.0,0.0,9.0,7.0
CLI004235,9.0,0.0,0.0,0.0,8.0
CLI004236,0.0,7.0,0.0,8.0,0.0
CLI004237,0.0,0.0,8.0,8.0,9.0
CLI004238,8.0,0.0,9.0,8.0,0.0
CLI004240,10.0,0.0,0.0,0.0,9.0
CLI004241,10.0,8.0,8.0,0.0,0.0
CLI004242,9.0,0.0,7.0,9.0,0.0
CLI004243,0.0,0.0,0.0,8.0,0.0
CLI004244,0.0,8.0,8.5,7.0,0.0
CLI004245,0.0,0.0,0.0,8.0,7.0
CLI004246,9.0,7.0,0.0,0.0,8.0
CLI004247,9.0,9.0,0.0,0.0,7.0
CLI004248,0.0,0.0,0.0,8.0,0.0
CLI004249,0.0,9.0,0.0,0.0,0.0
CLI004250,7.0,0.0,0.0,8.0,0.0
CLI004251,0.0,0.0,8.5,10.0,0.0
CLI004252,0.0,7.5,0.0,7.0,0.0
CLI004253,0.0,0.0,9.0,7.0,0.0
CLI004255,10.0,7.0,0.0,7.0,0.0
CLI004256,7.0,8.0,0.0,0.0,0.0
CLI004257,10.0,0.0,0.0,7.0,0.0
CLI004258,0.0,8.5,7.0,6.0,9.0
CLI004259,7.5,0.0,7.0,8.0,0.0
CLI004260,6.0,0.0,0.0,0.0,8.666666666666666
CLI004261,7.0,0.0,7.0,0.0,9.0
CLI004262,8.0,8.5,0.0,0.0,0.0
CLI004263,0.0,9.0,0.0,0.0,8.666666666666666
CLI004264,0.0,0.0,0.0,0.0,9.0
CLI004265,7.0,0.0,10.0,10.0,8.0
CLI004266,0.0,8.0,0.0,0.0,0.0
CLI004267,10.0,0.0,0.0,8.0,0.0
CLI004268,0.0,8.0,0.0,0.0,0.0
CLI004269,8.0,0.0,9.0,10.0,0.0
CLI004270,0.0,9.0,6.0,0.0,9.0
CLI004271,9.0,8.0,0.0,0.0,0.0
CLI004272,8.0,8.5,0.0,0.0,9.0
CLI004273,9.5,0.0,0.0,0.0,9.0
CLI004274,0.0,8.0,0.0,0.0,0.0
CLI004275,0.0,0.0,0.0,0.0,9.0
CLI004276,0.0,8.5,8.0,0.0,0.0
CLI004278,7.0,7.0,8.0,9.0,0.0
CLI004280,0.0,7.5,0.0,0.0,6.0
CLI004281,8.0,0.0,9.0,0.0,0.0
CLI004282,8.0,0.0,0.0,0.0,0.0
CLI004283,8.0,8.0,0.0,7.0,0.0
CLI004284,0.0,7.0,0.0,8.0,0.0
CLI004285,0.0,0.0,0.0,7.0,0.0
CLI004286,6.5,0.0,0.0,6.0,0.0
CLI004287,8.0,8.0,7.0,0.0,0.0
CLI004288,0.0,7.0,0.0,0.0,8.666666666666666
CLI004289,7.5,0.0,9.0,0.0,9.0
CLI004290,8.0,9.0,0.0,7.0,6.0
CLI004291,7.0,7.0,0.0,9.0,0.0
CLI004292,0.0,9.0,9.0,0.0,0.0
CLI004293,7.0,0.0,0.0,0.0,8.0
CLI004294,0.0,0.0,0.0,9.0,8.0
CLI004295,7.0,0.0,0.0,0.0,0.0
CLI004296,8.0,8.0,0.0,0.0,0.0
CLI004297,7.333333333333333,0.0,0.0,0.0,10.0
CLI004298,0.0,9.0,7.5,7.0,0.0
CLI004299,0.0,0.0,0.0,0.0,9.0
CLI004300,7.5,10.0,8.0,8.0,0.0
CLI004301,0.0,0.0,0.0,7.0,9.0
CLI004302,7.0,8.333333333333334,0.0,0.0,7.0
CLI004303,0.0,9.0,7.0,0.0,0.0
CLI004304,0.0,0.0,0.0,8.5,0.0
CLI004305,0.0,0.0,0.0,0.0,8.0
CLI004306,6.0,9.0,0.0,0.0,7.0
CLI004307,0.0,0.0,8.0,0.0,0.0
CLI004308,0.0,0.0,8.0,0.0,0.0
CLI004309,9.0,0.0,0.0,7.0,9.0
CLI004310,8.5,7.0,8.5,0.0,8.0
CLI004313,9.0,8.0,0.0,7.0,9.0
CLI004314,0.0,0.0,0.0,8.0,0.0
CLI004315,0.0,7.0,6.0,0.0,0.0
CLI004316,8.0,0.0,0.0,10.0,0.0
CLI004317,0.0,0.0,8.0,0.0,8.0
CLI004318,0.0,8.0,0.0,9.0,0.0
CLI004319,0.0,0.0,0.0,7.5,8.0
CLI004320,0.0,0.0,0.0,0.0,7.5
CLI004321,0.0,0.0,0.0,6.0,0.0
CLI004322,0.0,7.0,0.0,7.0,8.5
CLI004323,0.0,0.0,8.0,0.0,0.0
CLI004324,0.0,10.0,0.0,7.0,0.0
CLI004325,0.0,8.0,6.0,0.0,0.0
CLI004326,0.0,7.5,9.0,8.0,0.0
CLI004327,0.0,0.0,0.0,0.0,9.0
CLI004328,9.0,0.0,8.0,0.0,8.0
CLI004329,0.0,0.0,0.0,8.0,10.0
CLI004330,0.0,0.0,7.0,8.0,9.0
CLI004331,9.0,0.0,0.0,0.0,0.0
CLI004332,7.0,0.0,7.5,8.0,0.0
CLI004333,0.0,0.0,0.0,0.0,8.0
CLI004334,0.0,7.0,0.0,0.0,8.0
CLI004335,9.0,0.0,0.0,0.0,0.0
CLI004336,0.0,0.0,9.5,0.0,0.0
CLI004337,7.5,0.0,0.0,7.0,0.0
CLI004338,0.0,8.0,0.0,0.0,9.0
CLI004339,6.0,0.0,0.0,0.0,0.0
CLI004340,0.0,0.0,8.0,9.0,0.0
CLI004342,7.0,7.0,0.0,0.0,9.0
CLI004343,8.0,0.0,7.0,0.0,0.0
CLI004344,8.0,0.0,9.0,0.0,0.0
CLI004345,8.0,7.0,0.0,0.0,0.0
CLI004346,0.0,10.0,10.0,0.0,0.0
CLI004347,0.0,0.0,0.0,0.0,9.0
CLI004348,0.0,9.0,7.0,0.0,7.0
CLI004349,0.0,0.0,0.0,8.0,0.0
CLI004350,8.5,0.0,7.0,8.0,0.0
CLI004351,0.0,9.0,0.0,0.0,0.0
CLI004352,8.0,0.0,0.0,0.0,0.0
CLI004353,9.0,8.0,0.0,0.0,7.5
CLI004354,0.0,0.0,0.0,8.0,0.0
CLI004355,8.0,0.0,0.0,7.0,0.0
CLI004356,0.0,8.0,0.0,0.0,0.0
CLI004357,9.0,0.0,0.0,0.0,0.0
CLI004359,0.0,0.0,0.0,10.0,0.0
CLI004360,0.0,10.0,8.0,0.0,7.5
CLI004362,0.0,0.0,9.0,0.0,0.0
CLI004363,9.0,0.0,7.0,8.5,0.0
CLI004364,8.0,0.0,0.0,0.0,6.0
CLI004365,0.0,7.0,0.0,7.0,0.0
CLI004366,10.0,8.0,0.0,7.0,0.0
CLI004368,0.0,0.0,0.0,0.0,9.0
CLI004369,7.0,0.0,0.0,0.0,8.5
CLI004370,10.0,0.0,0.0,0.0,8.0
CLI004371,0.0,0.0,0.0,7.0,0.0
CLI004372,8.0,0.0,0.0,0.0,0.0
CLI004373,0.0,0.0,0.0,0.0,10.0
CLI004374,0.0,7.5,8.0,0.0,8.0
CLI004375,6.0,7.0,9.0,8.0,8.0
CLI004376,0.0,8.0,7.0,0.0,7.0
CLI004377,0.0,8.0,0.0,0.0,0.0
CLI004378,9.0,7.0,0.0,0.0,0.0
CLI004379,8.5,0.0,8.0,9.0,7.5
CLI004380,8.5,9.0,0.0,8.0,0.0
CLI004381,8.0,0.0,0.0,0.0,7.0
CLI004382,9.0,9.0,0.0,0.0,7.0
CLI004383,0.0,8.0,9.0,0.0,8.0
CLI004384,9.0,9.0,7.0,8.0,8.666666666666666
CLI004385,0.0,0.0,6.0,0.0,0.0
CLI004386,0.0,0.0,7.0,9.0,7.0
CLI004387,0.0,0.0,9.0,8.0,0.0
CLI004388,0.0,0.0,7.666666666666667,8.0,0.0
CLI004389,0.0,0.0,10.0,0.0,0.0
CLI004390,0.0,0.0,8.0,0.0,8.0
CLI004392,9.0,7.0,0.0,0.0,8.0
CLI004393,0.0,7.0,0.0,0.0,7.0
CLI004394,8.0,0.0,0.0,0.0,0.0
CLI004395,0.0,0.0,0.0,9.0,9.0
CLI004396,0.0,0.0,9.0,0.0,0.0
CLI004397,0.0,0.0,0.0,0.0,9.0
CLI004398,7.0,0.0,0.0,0.0,8.0
CLI004399,0.0,8.0,0.0,7.666666666666667,0.0
CLI004400,8.0,0.0,0.0,8.5,8.0
CLI004401,0.0,0.0,0.0,8.0,8.0
CLI004402,0.0,0.0,0.0,8.0,0.0
CLI004403,10.0,8.0,0.0,9.0,0.0
CLI004404,0.0,8.0,0.0,0.0,7.0
CLI004405,8.0,0.0,0.0,8.0,10.0
CLI004406,9.0,8.0,0.0,0.0,0.0
CLI004407,8.0,8.0,0.0,0.0,0.0
CLI004408,0.0,0.0,7.0,0.0,0.0
CLI004409,8.0,0.0,8.0,0.0,0.0
CLI004410,8.0,0.0,7.0,0.0,0.0
CLI004411,0.0,7.0,0.0,8.0,0.0
CLI004414,0.0,8.0,0.0,7.0,0.0
CLI004415,0.0,0.0,8.0,0.0,8.5
CLI004416,0.0,7.75,8.5,6.5,8.5
CLI004417,7.0,0.0,0.0,0.0,0.0
CLI004418,0.0,0.0,0.0,0.0,8.0
CLI004419,7.0,0.0,7.0,0.0,0.0
CLI004420,0.0,9.0,9.0,0.0,10.0
CLI004421,0.0,0.0,9.0,0.0,0.0
CLI004422,7.0,0.0,0.0,0.0,8.0
CLI004423,0.0,9.0,0.0,0.0,0.0
CLI004425,7.0,0.0,9.0,0.0,8.0
CLI004426,8.0,0.0,0.0,0.0,8.0
CLI004427,0.0,0.0,7.0,9.0,0.0
CLI004428,0.0,0.0,0.0,9.0,9.0
CLI004429,0.0,0.0,6.5,7.0,0.0
CLI004430,0.0,0.0,0.0,0.0,8.0
CLI004431,0.0,8.0,0.0,8.5,8.0
CLI004432,0.0,0.0,0.0,7.0,8.5
CLI004433,0.0,0.0,8.0,8.0,0.0
CLI004434,9.0,9.5,0.0,9.0,0.0
CLI004435,7.0,8.0,0.0,9.0,0.0
CLI004436,0.0,0.0,7.0,0.0,0.0
CLI004437,8.0,0.0,0.0,0.0,0.0
CLI004438,0.0,0.0,0.0,9.0,0.0
CLI004439,8.0,0.0,0.0,7.5,0.0
CLI004440,0.0,0.0,8.0,0.0,0.0
CLI004441,0.0,0.0,0.0,8.5,8.0
CLI004442,7.0,0.0,0.0,8.0,8.0
CLI004443,10.0,8.0,7.0,9.0,0.0
CLI004444,0.0,8.0,0.0,6.0,9.0
CLI004445,0.0,7.0,0.0,0.0,0.0
CLI004446,8.0,0.0,8.5,10.0,9.0
CLI004447,0.0,0.0,9.0,9.5,8.0
CLI004448,0.0,0.0,0.0,8.5,0.0
CLI004449,7.0,0.0,8.0,0.0,8.0
CLI004450,0.0,0.0,0.0,8.0,0.0
CLI004451,7.0,8.0,8.0,0.0,9.0
CLI004452,0.0,0.0,0.0,8.0,0.0
CLI004453,0.0,0.0,0.0,8.0,0.0
CLI004454,8.5,0.0,0.0,0.0,8.666666666666666
CLI004455,0.0,0.0,9.0,8.0,0.0
CLI004456,0.0,8.0,8.0,9.0,0.0
CLI004457,9.0,7.0,0.0,0.0,0.0
CLI004458,8.0,0.0,0.0,8.0,8.0
CLI004459,8.0,0.0,0.0,0.0,8.0
CLI004460,8.0,7.0,0.0,0.0,8.5
CLI004461,0.0,0.0,0.0,9.0,0.0
CLI004462,0.0,0.0,0.0,0.0,8.0
CLI004464,9.0,7.0,0.0,0.0,0.0
CLI004465,0.0,0.0,7.0,7.0,0.0
CLI004466,0.0,0.0,10.0,0.0,0.0
CLI004467,0.0,0.0,8.0,0.0,9.0
CLI004468,8.0,9.0,7.0,0.0,0.0
CLI004469,0.0,0.0,0.0,0.0,8.0
CLI004470,0.0,7.0,8.333333333333334,10.0,0.0
CLI004472,8.0,8.0,0.0,8.0,0.0
CLI004473,0.0,9.0,8.0,0.0,0.0
CLI004474,0.0,7.0,0.0,0.0,0.0
CLI004475,0.0,0.0,9.0,9.0,8.0
CLI004476,8.0,0.0,0.0,0.0,0.0
CLI004477,0.0,8.0,0.0,0.0,0.0
CLI004479,8.0,8.0,0.0,6.5,0.0
CLI004480,0.0,0.0,7.0,8.0,0.0
CLI004481,0.0,9.5,0.0,9.5,0.0
CLI004482,0.0,0.0,0.0,7.0,0.0
CLI004484,0.0,8.5,0.0,0.0,0.0
CLI004485,9.0,0.0,8.0,0.0,8.0
CLI004486,7.333333333333333,0.0,0.0,0.0,0.0
CLI004487,0.0,9.0,8.0,6.0,9.0
CLI004488,9.0,0.0,0.0,0.0,0.0
CLI004489,0.0,9.0,7.333333333333333,0.0,9.0
CLI004490,9.0,8.0,7.0,7.0,0.0
CLI004491,0.0,0.0,0.0,0.0,10.0
CLI004492,0.0,7.0,7.0,0.0,0.0
CLI004493,0.0,0.0,7.0,0.0,0.0
CLI004494,0.0,8.0,8.0,0.0,8.0
CLI004495,9.0,0.0,7.0,8.0,0.0
CLI004496,0.0,0.0,0.0,6.5,0.0
CLI004497,0.0,9.0,9.0,8.0,0.0
CLI004499,0.0,0.0,8.0,0.0,0.0
CLI004500,0.0,8.5,0.0,0.0,0.0
CLI004501,0.0,0.0,0.0,0.0,9.0
CLI004502,0.0,10.0,0.0,7.0,9.0
CLI004503,0.0,0.0,9.0,0.0,9.0
CLI004504,0.0,0.0,9.0,0.0,7.0
CLI004505,9.5,7.0,0.0,0.0,9.0
CLI004506,0.0,0.0,0.0,0.0,9.0
CLI004507,0.0,8.0,0.0,0.0,9.0
CLI004508,9.0,7.0,0.0,0.0,8.0
CLI004509,0.0,7.0,0.0,8.0,0.0
CLI004511,8.0,0.0,8.5,8.0,9.0
CLI004512,0.0,0.0,0.0,0.0,7.0
CLI004513,0.0,0.0,9.0,9.0,0.0
CLI004514,0.0,8.5,0.0,9.0,0.0
CLI004515,0.0,0.0,0.0,7.0,0.0
CLI004516,0.0,8.333333333333334,0.0,7.0,0.0
CLI004517,0.0,0.0,0.0,0.0,7.0
CLI004518,0.0,0.0,0.0,0.0,7.0
CLI004519,0.0,8.333333333333334,0.0,0.0,8.666666666666666
CLI004520,0.0,0.0,0.0,8.0,0.0
CLI004521,0.0,9.0,0.0,7.0,0.0
CLI004522,9.0,0.0,8.0,0.0,0.0
CLI004523,8.0,0.0,0.0,0.0,8.0
CLI004524,9.0,0.0,10.0,6.0,9.0
CLI004525,0.0,8.0,0.0,0.0,0.0
CLI004526,0.0,7.0,0.0,8.0,8.0
CLI004527,0.0,0.0,0.0,0.0,8.0
CLI004528,7.0,0.0,0.0,7.0,0.0
CLI004529,8.0,0.0,8.0,9.0,0.0
CLI004530,0.0,9.0,0.0,0.0,0.0
CLI004531,0.0,8.0,9.0,0.0,8.0
CLI004532,8.0,0.0,0.0,6.0,0.0
CLI004533,0.0,8.5,0.0,0.0,0.0
CLI004534,0.0,7.0,8.0,0.0,0.0
CLI004535,0.0,7.0,8.0,7.0,0.0
CLI004536,0.0,0.0,0.0,8.0,9.0
CLI004537,0.0,0.0,8.5,0.0,7.0
CLI004538,7.0,7.0,0.0,0.0,9.0
CLI004540,0.0,8.0,0.0,0.0,0.0
CLI004541,0.0,8.0,0.0,0.0,0.0
CLI004542,8.0,8.0,8.0,0.0,0.0
CLI004543,7.5,8.0,0.0,0.0,0.0
CLI004544,0.0,0.0,6.5,8.0,0.0
CLI004545,9.0,0.0,0.0,8.0,0.0
CLI004546,7.5,0.0,9.0,8.0,0.0
CLI004547,7.0,0.0,0.0,9.5,0.0
CLI004548,0.0,0.0,0.0,0.0,7.0
CLI004549,0.0,0.0,0.0,7.5,10.0
CLI004551,6.0,0.0,0.0,6.0,7.0
CLI004552,7.5,0.0,0.0,0.0,0.0
CLI004553,8.5,0.0,0.0,9.0,0.0
CLI004555,0.0,0.0,9.0,9.0,8.0
CLI004556,0.0,8.0,0.0,9.0,8.0
CLI004557,8.0,0.0,0.0,9.0,0.0
CLI004558,0.0,0.0,0.0,0.0,8.0
CLI004559,9.0,8.0,8.0,8.0,0.0
CLI004560,0.0,0.0,0.0,8.0,0.0
CLI004561,0.0,0.0,0.0,8.0,0.0
CLI004562,9.0,9.0,9.0,0.0,9.0
CLI004563,0.0,0.0,8.0,9.0,7.5
CLI004564,9.0,10.0,0.0,0.0,8.0
CLI004565,0.0,0.0,9.0,0.0,0.0
CLI004566,8.0,0.0,0.0,0.0,0.0
CLI004567,0.0,0.0,7.0,8.0,0.0
CLI004568,8.0,7.5,0.0,0.0,0.0
CLI004572,7.0,0.0,0.0,0.0,0.0
CLI004573,0.0,0.0,0.0,0.0,7.0
CLI004574,8.0,7.0,0.0,0.0,8.0
CLI004575,7.0,0.0,0.0,6.0,0.0
CLI004576,0.0,0.0,0.0,7.5,0.0
CLI004577,8.333333333333334,0.0,9.0,0.0,0.0
CLI004578,0.0,10.0,8.5,10.0,7.0
CLI004579,8.0,0.0,0.0,8.5,0.0
CLI004580,0.0,0.0,9.0,0.0,6.0
CLI004581,9.0,9.0,10.0,8.0,6.5
CLI004582,0.0,0.0,9.0,9.0,0.0
CLI004583,0.0,0.0,0.0,0.0,9.0
CLI004584,0.0,7.5,0.0,0.0,0.0
CLI004585,0.0,0.0,9.0,0.0,0.0
CLI004586,0.0,8.0,0.0,0.0,0.0
CLI004587,0.0,9.0,0.0,0.0,8.0
CLI004588,0.0,0.0,8.0,0.0,0.0
CLI004589,0.0,8.0,0.0,6.0,8.0
CLI004590,0.0,0.0,0.0,8.0,0.0
CLI004591,7.0,0.0,0.0,0.0,8.0
CLI004592,9.0,0.0,0.0,0.0,8.0
CLI004594,7.0,0.0,0.0,0.0,8.5
CLI004595,8.5,0.0,7.0,0.0,0.0
CLI004596,0.0,8.0,0.0,8.0,0.0
CLI004597,9.0,0.0,8.0,0.0,6.0
CLI004598,0.0,0.0,0.0,0.0,8.0
CLI004599,0.0,0.0,8.0,0.0,0.0
CLI004600,0.0,7.0,8.0,0.0,0.0
CLI004601,0.0,8.0,0.0,8.0,0.0
CLI004602,9.0,0.0,0.0,8.0,0.0
CLI004603,0.0,0.0,9.0,7.0,0.0
CLI004604,9.0,7.0,8.0,0.0,0.0
CLI004605,9.0,0.0,7.0,8.0,0.0
CLI004606,0.0,0.0,0.0,0.0,8.0
CLI004607,0.0,0.0,8.0,0.0,0.0
CLI004609,9.0,9.0,0.0,8.0,8.0
CLI004610,0.0,0.0,0.0,8.0,8.0
CLI004611,0.0,8.0,8.5,9.0,7.5
CLI004612,9.0,0.0,0.0,0.0,8.0
CLI004613,7.0,0.0,8.0,0.0,0.0
CLI004614,0.0,0.0,9.0,8.0,8.0
CLI004616,7.0,0.0,9.0,8.5,0.0
CLI004617,8.0,0.0,0.0,0.0,0.0
CLI004618,0.0,0.0,7.0,0.0,9.0
CLI004619,0.0,9.0,0.0,0.0,0.0
CLI004620,0.0,10.0,8.0,8.0,8.5
CLI004621,0.0,7.666666666666667,0.0,9.0,0.0
CLI004622,9.0,0.0,0.0,0.0,7.0
CLI004623,0.0,8.0,0.0,0.0,9.0
CLI004624,0.0,0.0,0.0,0.0,8.0
CLI004625,8.0,0.0,8.0,0.0,7.0
CLI004626,0.0,0.0,0.0,9.0,8.5
CLI004627,0.0,8.0,0.0,7.0,0.0
CLI004628,9.0,0.0,0.0,0.0,0.0
CLI004629,8.0,0.0,0.0,0.0,0.0
CLI004630,9.0,0.0,7.0,8.0,7.0
CLI004631,8.0,0.0,0.0,6.0,10.0
CLI004632,10.0,9.0,0.0,0.0,0.0
CLI004633,8.0,0.0,9.0,8.0,0.0
CLI004634,8.0,0.0,0.0,7.0,8.5
CLI004635,0.0,7.0,0.0,8.0,9.0
CLI004636,10.0,0.0,0.0,8.0,8.0
CLI004637,8.5,10.0,0.0,8.0,0.0
CLI004638,0.0,0.0,9.0,8.0,0.0
CLI004640,7.0,9.0,0.0,0.0,0.0
CLI004641,0.0,10.0,0.0,0.0,8.0
CLI004642,0.0,0.0,8.0,6.0,10.0
CLI004643,8.0,0.0,0.0,0.0,0.0
CLI004644,0.0,8.0,0.0,0.0,0.0
CLI004645,8.0,0.0,0.0,0.0,0.0
CLI004646,9.0,0.0,0.0,0.0,0.0
CLI004647,8.5,0.0,0.0,0.0,0.0
CLI004648,7.0,0.0,0.0,0.0,7.0
CLI004649,0.0,9.0,0.0,0.0,9.0
CLI004651,0.0,7.0,8.0,0.0,0.0
CLI004652,0.0,8.0,0.0,0.0,8.0
CLI004653,0.0,0.0,0.0,8.0,7.0
CLI004654,0.0,7.0,0.0,0.0,0.0
CLI004655,9.0,0.0,0.0,0.0,0.0
CLI004656,0.0,0.0,0.0,6.0,0.0
CLI004657,0.0,8.0,9.0,0.0,0.0
CLI004658,0.0,0.0,0.0,0.0,10.0
CLI004659,0.0,0.0,0.0,7.0,8.0
CLI004660,9.0,0.0,8.5,8.0,0.0
CLI004661,8.0,9.0,0.0,0.0,0.0
CLI004662,0.0,8.0,0.0,0.0,9.0
CLI004663,0.0,7.0,0.0,0.0,0.0
CLI004664,0.0,8.0,0.0,0.0,7.0
CLI004665,10.0,0.0,0.0,0.0,0.0
CLI004666,8.0,0.0,7.5,0.0,8.0
CLI004667,0.0,8.0,8.0,0.0,6.0
CLI004668,0.0,0.0,0.0,8.0,0.0
CLI004669,7.0,0.0,0.0,0.0,0.0
CLI004670,8.0,0.0,7.0,0.0,0.0
CLI004671,0.0,0.0,8.0,0.0,0.0
CLI004672,0.0,0.0,0.0,8.0,0.0
CLI004675,0.0,0.0,8.0,7.666666666666667,0.0
CLI004676,9.0,0.0,8.0,0.0,0.0
CLI004677,0.0,8.5,0.0,8.0,8.0
CLI004679,0.0,9.0,0.0,0.0,9.0
CLI004680,0.0,0.0,0.0,7.0,8.0
CLI004681,9.0,0.0,0.0,0.0,0.0
CLI004682,0.0,0.0,0.0,8.0,0.0
CLI004683,0.0,0.0,0.0,0.0,9.0
CLI004684,0.0,8.0,0.0,0.0,0.0
CLI004685,0.0,0.0,0.0,0.0,8.0
CLI004686,0.0,0.0,9.0,9.0,0.0
CLI004687,0.0,9.0,0.0,0.0,0.0
CLI004688,0.0,8.0,0.0,0.0,0.0
CLI004689,0.0,0.0,0.0,10.0,0.0
CLI004690,0.0,0.0,0.0,0.0,10.0
CLI004691,9.0,7.0,9.0,9.0,0.0
CLI004692,10.0,0.0,7.5,9.0,0.0
CLI004693,8.0,8.0,0.0,0.0,8.0
CLI004694,7.0,9.0,0.0,0.0,9.0
CLI004695,0.0,6.0,0.0,9.0,10.0
CLI004696,10.0,0.0,9.0,0.0,7.0
CLI004697,7.0,0.0,7.0,8.333333333333334,9.0
CLI004698,7.0,0.0,0.0,0.0,7.0
CLI004700,8.0,0.0,0.0,9.0,0.0
CLI004701,0.0,0.0,6.0,8.0,0.0
CLI004702,9.0,0.0,8.0,7.0,0.0
CLI004703,0.0,0.0,7.0,10.0,0.0
CLI004704,0.0,0.0,7.0,7.0,8.5
CLI004705,7.0,0.0,0.0,8.0,0.0
CLI004706,8.0,0.0,0.0,0.0,0.0
CLI004707,8.0,7.0,8.0,8.0,0.0
CLI004708,7.0,9.0,0.0,0.0,8.0
CLI004709,0.0,7.0,0.0,0.0,0.0
CLI004710,8.0,0.0,0.0,10.0,0.0
CLI004711,8.0,0.0,0.0,0.0,0.0
CLI004712,0.0,0.0,0.0,8.0,7.0
CLI004713,9.0,0.0,0.0,7.0,9.0
CLI004714,0.0,9.0,0.0,8.0,8.0
CLI004715,0.0,8.5,8.5,6.0,8.0
CLI004716,0.0,8.0,0.0,0.0,7.0
CLI004721,0.0,0.0,9.0,0.0,0.0
CLI004723,7.0,0.0,9.0,0.0,0.0
CLI004724,0.0,0.0,7.0,9.0,0.0
CLI004726,0.0,10.0,8.0,10.0,7.0
CLI004727,0.0,0.0,7.0,7.0,9.0
CLI004728,9.0,0.0,0.0,10.0,0.0
CLI004729,0.0,8.0,0.0,0.0,0.0
CLI004731,0.0,0.0,8.0,0.0,8.0
CLI004733,7.0,0.0,0.0,0.0,0.0
CLI004734,8.5,10.0,0.0,0.0,0.0
CLI004735,0.0,7.0,0.0,7.0,0.0
CLI004736,0.0,0.0,0.0,8.0,8.0
CLI004737,0.0,0.0,0.0,6.0,7.5
CLI004738,0.0,8.0,8.0,6.0,0.0
CLI004739,0.0,9.0,0.0,0.0,0.0
CLI004740,7.0,8.0,0.0,0.0,7.0
CLI004741,8.0,9.0,8.0,9.0,0.0
CLI004742,8.0,0.0,0.0,0.0,7.0
CLI004743,0.0,0.0,0.0,0.0,8.0
CLI004744,8.0,0.0,0.0,9.0,0.0
CLI004745,0.0,0.0,0.0,0.0,9.0
CLI004747,0.0,0.0,8.0,0.0,0.0
CLI004748,9.0,7.5,8.0,0.0,9.0
CLI004749,9.0,9.0,0.0,0.0,0.0
CLI004750,9.0,7.0,0.0,7.0,0.0
CLI004751,0.0,0.0,8.0,0.0,8.0
CLI004752,7.0,9.0,7.0,8.0,8.0
CLI004753,9.0,0.0,0.0,7.0,8.0
CLI004754,0.0,0.0,0.0,0.0,9.0
CLI004755,0.0,0.0,8.5,0.0,8.5
CLI004756,0.0,0.0,0.0,0.0,8.0
CLI004757,7.0,0.0,9.0,0.0,0.0
CLI004758,0.0,9.0,9.0,0.0,9.0
CLI004759,9.0,0.0,0.0,0.0,0.0
CLI004760,0.0,9.0,0.0,0.0,9.0
CLI004761,8.0,9.0,9.0,8.0,0.0
CLI004762,0.0,7.0,0.0,0.0,8.0
CLI004763,8.0,9.0,0.0,8.0,0.0
CLI004764,8.0,0.0,0.0,0.0,0.0
CLI004768,0.0,8.0,0.0,0.0,8.0
CLI004769,9.0,0.0,0.0,0.0,7.0
CLI004770,7.0,0.0,8.5,0.0,0.0
CLI004772,8.0,7.0,0.0,0.0,0.0
CLI004773,0.0,8.0,0.0,0.0,8.0
CLI004774,8.0,0.0,0.0,0.0,9.0
CLI004775,7.0,0.0,0.0,0.0,0.0
CLI004776,0.0,9.0,0.0,0.0,9.0
CLI004777,7.0,0.0,0.0,0.0,8.0
CLI004778,0.0,0.0,0.0,8.5,0.0
CLI004779,0.0,8.0,9.0,0.0,9.0
CLI004780,0.0,0.0,0.0,8.5,0.0
CLI004781,0.0,0.0,7.0,0.0,0.0
CLI004783,0.0,7.0,7.5,0.0,0.0
CLI004784,8.0,8.5,8.0,0.0,9.0
CLI004785,7.0,7.0,0.0,0.0,8.5
CLI004786,0.0,0.0,0.0,0.0,7.5
CLI004787,0.0,0.0,9.0,8.0,0.0
CLI004788,9.0,8.0,0.0,0.0,0.0
CLI004789,7.0,0.0,0.0,7.5,0.0
CLI004790,0.0,0.0,8.0,0.0,0.0
CLI004791,0.0,0.0,0.0,0.0,8.0
CLI004792,0.0,8.0,9.0,7.0,0.0
CLI004793,0.0,0.0,7.0,9.0,8.0
CLI004794,0.0,9.0,0.0,0.0,0.0
CLI004795,7.0,0.0,0.0,7.0,0.0
CLI004796,0.0,0.0,0.0,0.0,9.5
CLI004797,9.0,8.5,0.0,9.0,0.0
CLI004798,0.0,8.0,9.0,7.0,0.0
CLI004799,6.0,9.0,0.0,0.0,0.0
CLI004800,0.0,0.0,0.0,8.5,0.0
CLI004801,0.0,0.0,8.0,0.0,7.0
CLI004802,8.0,0.0,0.0,0.0,0.0
CLI004803,7.0,0.0,9.5,9.0,0.0
CLI004804,6.0,0.0,8.0,8.0,0.0
CLI004805,0.0,7.0,0.0,9.0,8.0
CLI004806,0.0,8.0,0.0,0.0,0.0
CLI004807,7.0,0.0,0.0,0.0,0.0
CLI004809,7.0,0.0,0.0,0.0,0.0
CLI004811,0.0,0.0,0.0,7.0,7.0
CLI004812,0.0,0.0,0.0,8.0,0.0
CLI004813,0.0,8.0,0.0,0.0,7.5
CLI004814,7.666666666666667,0.0,8.0,0.0,9.0
CLI004816,0.0,0.0,7.666666666666667,0.0,0.0
CLI004817,0.0,0.0,8.0,0.0,7.0
CLI004818,0.0,0.0,0.0,0.0,8.0
CLI004819,9.0,0.0,8.0,0.0,0.0
CLI004820,0.0,8.0,8.0,9.0,0.0
CLI004821,10.0,0.0,8.0,0.0,8.0
CLI004822,7.5,9.0,0.0,8.0,0.0
CLI004823,0.0,0.0,7.0,0.0,0.0
CLI004824,7.0,0.0,7.0,7.0,6.0
CLI004825,0.0,0.0,0.0,9.0,9.0
CLI004826,0.0,0.0,7.5,8.0,0.0
CLI004827,0.0,0.0,0.0,7.0,7.0
CLI004829,8.0,0.0,8.0,0.0,0.0
CLI004830,7.0,0.0,0.0,0.0,0.0
CLI004831,0.0,0.0,7.0,0.0,7.0
CLI004832,0.0,0.0,8.0,0.0,0.0
CLI004833,0.0,8.0,8.0,0.0,0.0
CLI004834,0.0,0.0,8.0,0.0,0.0
CLI004836,0.0,8.666666666666666,0.0,7.0,0.0
CLI004837,8.0,7.0,0.0,0.0,6.0
CLI004838,0.0,0.0,0.0,9.0,0.0
CLI004839,0.0,0.0,0.0,0.0,8.0
CLI004840,9.0,0.0,0.0,7.0,7.0
CLI004841,10.0,0.0,0.0,0.0,6.0
CLI004842,9.0,9.0,0.0,0.0,0.0
CLI004843,8.0,9.0,9.0,0.0,7.5
CLI004844,0.0,0.0,9.0,8.5,0.0
CLI004845,0.0,0.0,0.0,9.0,0.0
CLI004846,0.0,8.0,10.0,9.0,0.0
CLI004847,7.0,0.0,0.0,7.0,0.0
CLI004848,0.0,0.0,7.0,7.5,0.0
CLI004849,0.0,0.0,0.0,8.0,0.0
CLI004850,8.0,7.0,9.0,0.0,7.5
CLI004851,8.0,0.0,8.0,9.0,0.0
CLI004852,0.0,7.5,0.0,0.0,8.0
CLI004854,0.0,0.0,0.0,10.0,6.0
CLI004855,9.0,0.0,0.0,0.0,0.0
CLI004856,9.0,0.0,0.0,10.0,0.0
CLI004857,9.0,8.0,9.0,0.0,7.0
CLI004858,0.0,7.5,0.0,0.0,0.0
CLI004859,0.0,8.0,0.0,8.0,9.0
CLI004860,0.0,0.0,0.0,10.0,8.0
CLI004861,7.0,7.0,0.0,0.0,9.0
CLI004862,0.0,0.0,0.0,7.0,0.0
CLI004863,8.0,8.0,7.5,9.0,0.0
CLI004864,9.0,0.0,0.0,0.0,0.0
CLI004865,0.0,0.0,0.0,7.0,0.0
CLI004866,0.0,8.0,0.0,8.0,0.0
CLI004867,6.0,0.0,0.0,0.0,0.0
CLI004868,0.0,0.0,8.5,0.0,0.0
CLI004869,0.0,9.0,0.0,0.0,8.0
CLI004870,9.0,0.0,0.0,0.0,0.0
CLI004871,8.0,0.0,0.0,9.0,0.0
CLI004872,0.0,0.0,7.0,7.0,8.0
CLI004873,0.0,9.0,0.0,0.0,9.0
CLI004874,10.0,8.0,0.0,0.0,0.0
CLI004875,0.0,0.0,0.0,0.0,8.0
CLI004876,0.0,8.0,0.0,0.0,7.5
CLI004877,0.0,9.0,0.0,0.0,9.0
CLI004878,0.0,0.0,0.0,0.0,10.0
CLI004879,8.0,0.0,0.0,0.0,0.0
CLI004880,10.0,0.0,8.5,8.0,0.0
CLI004881,0.0,0.0,0.0,0.0,7.0
CLI004882,9.0,8.0,0.0,0.0,7.5
CLI004883,0.0,7.0,0.0,0.0,7.0
CLI004884,0.0,8.0,8.0,7.0,0.0
CLI004885,0.0,0.0,9.0,0.0,0.0
CLI004887,6.0,9.0,9.0,7.5,9.0
CLI004888,10.0,0.0,0.0,0.0,10.0
CLI004889,0.0,0.0,6.0,0.0,0.0
CLI004890,0.0,9.0,0.0,0.0,0.0
CLI004891,0.0,9.0,0.0,0.0,8.0
CLI004892,8.0,0.0,0.0,0.0,0.0
CLI004893,8.0,0.0,0.0,7.0,8.0
CLI004894,9.0,0.0,0.0,0.0,0.0
CLI004895,0.0,0.0,9.0,9.0,0.0
CLI004896,0.0,6.0,0.0,9.0,0.0
CLI004897,8.0,0.0,0.0,0.0,0.0
CLI004898,0.0,10.0,0.0,7.0,0.0
CLI004899,8.0,0.0,0.0,0.0,0.0
CLI004900,8.5,0.0,0.0,0.0,0.0
CLI004901,0.0,7.0,0.0,0.0,8.0
CLI004902,7.0,7.0,0.0,0.0,0.0
CLI004903,0.0,0.0,0.0,0.0,10.0
CLI004904,0.0,0.0,0.0,8.0,0.0
CLI004905,8.0,8.0,0.0,8.0,0.0
CLI004906,0.0,0.0,0.0,9.0,9.0
CLI004907,0.0,8.0,0.0,9.0,0.0
CLI004908,7.0,0.0,7.5,0.0,6.0
CLI004911,0.0,0.0,8.5,0.0,7.0
CLI004912,0.0,0.0,0.0,0.0,8.0
CLI004913,0.0,8.5,0.0,8.0,0.0
CLI004914,0.0,0.0,0.0,0.0,7.0
CLI004915,0.0,0.0,8.0,0.0,9.0
CLI004916,0.0,0.0,0.0,8.0,7.0
CLI004917,7.0,0.0,9.0,0.0,0.0
CLI004918,0.0,8.0,9.0,9.0,0.0
CLI004920,7.0,8.0,8.5,0.0,7.0
CLI004921,9.0,0.0,0.0,0.0,0.0
CLI004922,0.0,8.0,0.0,9.0,0.0
CLI004923,7.5,0.0,0.0,0.0,0.0
CLI004924,0.0,0.0,8.0,8.0,0.0
CLI004925,0.0,0.0,7.0,9.0,0.0
CLI004926,8.0,0.0,7.0,0.0,0.0
CLI004927,9.0,0.0,0.0,8.5,0.0
CLI004928,0.0,8.5,0.0,0.0,0.0
CLI004929,9.0,9.0,8.0,0.0,0.0
CLI004930,0.0,0.0,0.0,8.5,7.0
CLI004931,8.0,7.0,0.0,8.0,0.0
CLI004932,0.0,0.0,0.0,7.5,0.0
CLI004933,9.0,8.0,7.0,8.5,9.0
CLI004934,0.0,0.0,0.0,0.0,8.0
CLI004935,8.0,7.0,0.0,0.0,8.0
CLI004936,9.0,0.0,9.0,9.0,7.5
CLI004938,0.0,7.0,0.0,6.0,7.0
CLI004939,0.0,0.0,7.5,0.0,0.0
CLI004940,0.0,7.0,8.0,0.0,0.0
CLI004941,0.0,0.0,8.0,0.0,8.0
CLI004942,0.0,8.0,0.0,7.0,0.0
CLI004944,0.0,0.0,9.0,0.0,8.5
CLI004945,9.0,0.0,8.5,0.0,7.0
CLI004946,0.0,8.0,0.0,0.0,0.0
CLI004947,0.0,8.0,0.0,9.0,8.0
CLI004948,0.0,0.0,9.0,0.0,0.0
CLI004950,8.0,8.0,0.0,7.0,0.0
CLI004951,8.0,0.0,0.0,8.0,0.0
CLI004952,7.0,0.0,8.0,8.0,8.0
CLI004953,0.0,0.0,0.0,9.0,0.0
CLI004954,7.5,0.0,0.0,0.0,0.0
CLI004955,0.0,9.0,0.0,0.0,8.0
CLI004956,0.0,0.0,8.0,0.0,0.0
CLI004957,0.0,0.0,8.0,9.0,10.0
CLI004958,9.0,0.0,8.0,8.5,0.0
CLI004959,7.0,9.0,0.0,0.0,0.0
CLI004960,7.5,0.0,10.0,7.0,8.0
CLI004961,0.0,8.5,7.0,0.0,0.0
CLI004962,0.0,0.0,0.0,8.0,0.0
CLI004963,8.5,8.0,0.0,0.0,8.333333333333334
CLI004964,0.0,8.0,9.0,8.0,0.0
CLI004966,0.0,8.0,0.0,0.0,8.5
CLI004967,0.0,10.0,9.0,0.0,0.0
CLI004968,7.333333333333333,0.0,0.0,7.0,7.5
CLI004969,0.0,8.0,0.0,0.0,10.0
CLI004970,8.0,9.0,0.0,8.0,0.0
CLI004972,0.0,0.0,6.0,8.0,0.0
CLI004973,0.0,9.0,0.0,0.0,8.0
CLI004974,7.0,0.0,0.0,0.0,8.0
CLI004976,0.0,0.0,8.0,0.0,10.0
CLI004977,0.0,0.0,8.0,0.0,9.0
CLI004978,9.0,9.0,7.0,0.0,8.0
CLI004979,0.0,0.0,8.0,0.0,0.0
CLI004980,0.0,0.0,0.0,9.0,0.0
CLI004981,0.0,0.0,8.0,10.0,8.0
CLI004982,0.0,0.0,0.0,0.0,9.0
CLI004983,0.0,8.666666666666666,8.0,6.0,0.0
CLI004984,7.0,0.0,7.0,9.0,0.0
CLI004985,6.0,9.0,0.0,0.0,0.0
CLI004986,0.0,0.0,0.0,0.0,7.0
CLI004987,8.5,0.0,7.0,0.0,0.0
CLI004988,0.0,9.0,0.0,0.0,8.0
CLI004989,7.0,0.0,0.0,0.0,0.0
CLI004990,0.0,0.0,0.0,0.0,9.0
CLI004991,0.0,8.0,8.0,9.0,7.0
CLI004993,8.0,0.0,9.0,8.0,8.0
CLI004994,0.0,8.0,0.0,0.0,0.0
CLI004995,0.0,8.0,0.0,7.0,0.0
CLI004996,0.0,0.0,9.0,0.0,8.0
CLI004997,0.0,0.0,0.0,9.0,6.0
CLI004998,0.0,0.0,7.0,0.0,8.0
CLI004999,9.0,7.0,10.0,8.0,0.0
CLI005000,0.0,0.0,8.0,0.0,0.0
CLI005001,0.0,0.0,0.0,0.0,8.0
CLI005002,0.0,0.0,0.0,6.5,0.0
CLI005003,0.0,0.0,0.0,7.0,9.0
CLI005004,0.0,0.0,0.0,9.0,0.0
CLI005005,0.0,0.0,6.0,7.0,8.0
CLI005006,8.0,0.0,0.0,0.0,9.0
CLI005007,0.0,0.0,8.5,0.0,0.0
CLI005008,8.0,8.0,8.0,0.0,9.0
CLI005009,0.0,0.0,7.0,0.0,7.0
CLI005010,7.0,0.0,7.5,8.666666666666666,0.0
CLI005011,0.0,0.0,7.0,0.0,0.0
CLI005012,0.0,8.0,0.0,0.0,7.0
CLI005013,0.0,0.0,0.0,8.0,0.0
CLI005014,0.0,0.0,9.0,8.0,0.0
CLI005015,0.0,8.0,0.0,7.5,0.0
CLI005016,0.0,9.333333333333334,0.0,8.0,0.0
CLI005017,9.0,0.0,7.0,0.0,7.666666666666667
CLI005018,8.0,8.0,0.0,0.0,0.0
CLI005019,8.0,0.0,0.0,0.0,8.0
CLI005020,0.0,0.0,9.0,7.0,0.0
CLI005022,0.0,0.0,8.0,8.0,0.0
CLI005023,0.0,0.0,0.0,8.0,0.0
CLI005024,0.0,0.0,8.0,0.0,0.0
CLI005025,0.0,8.0,8.0,0.0,0.0
CLI005026,0.0,0.0,0.0,0.0,9.0
CLI005027,0.0,7.0,9.0,0.0,0.0
CLI005028,0.0,0.0,0.0,8.5,0.0
CLI005029,0.0,0.0,0.0,7.0,9.0
CLI005030,8.0,0.0,7.5,0.0,0.0
CLI005031,0.0,0.0,8.0,0.0,0.0
CLI005033,0.0,0.0,7.5,8.0,0.0
CLI005034,0.0,8.5,0.0,0.0,0.0
CLI005036,8.0,8.0,8.0,0.0,8.5
CLI005037,7.0,0.0,0.0,0.0,0.0
CLI005038,0.0,0.0,0.0,9.0,8.0
CLI005039,10.0,0.0,0.0,0.0,8.0
CLI005040,0.0,0.0,0.0,0.0,8.0
CLI005041,0.0,7.5,8.0,0.0,9.0
CLI005042,8.0,0.0,8.0,0.0,0.0
CLI005043,0.0,0.0,0.0,8.0,0.0
CLI005044,0.0,9.0,9.0,10.0,0.0
CLI005045,9.0,0.0,0.0,8.0,0.0
CLI005046,0.0,9.0,10.0,9.0,0.0
CLI005048,0.0,0.0,0.0,0.0,7.0
CLI005049,0.0,8.0,0.0,8.0,0.0
CLI005050,0.0,0.0,0.0,0.0,8.0
CLI005051,0.0,8.5,9.0,0.0,0.0
CLI005052,8.0,0.0,0.0,0.0,0.0
CLI005053,0.0,0.0,8.5,0.0,8.0
CLI005054,8.0,0.0,0.0,0.0,9.0
CLI005055,0.0,8.0,7.0,0.0,10.0
CLI005057,0.0,7.0,0.0,0.0,0.0
CLI005058,0.0,10.0,0.0,0.0,0.0
CLI005059,0.0,0.0,9.0,0.0,8.0
CLI005060,0.0,0.0,8.0,0.0,0.0
CLI005062,8.0,7.0,8.0,8.0,0.0
CLI005063,0.0,8.0,0.0,0.0,10.0
CLI005064,0.0,0.0,8.0,8.0,0.0
CLI005065,0.0,9.0,0.0,7.0,7.0
CLI005066,0.0,0.0,0.0,0.0,8.0
CLI005067,0.0,0.0,7.5,0.0,0.0
CLI005068,8.0,0.0,9.0,0.0,7.0
CLI005070,10.0,0.0,0.0,0.0,0.0
CLI005071,0.0,7.0,8.0,8.0,0.0
CLI005073,0.0,0.0,0.0,0.0,8.0
CLI005074,0.0,0.0,9.0,9.0,0.0
CLI005075,8.5,8.0,7.0,0.0,8.0
CLI005076,0.0,0.0,9.0,0.0,0.0
CLI005077,0.0,10.0,0.0,0.0,9.0
CLI005078,0.0,9.0,0.0,0.0,0.0
CLI005080,8.0,7.0,0.0,0.0,7.0
CLI005081,0.0,8.0,8.0,8.5,0.0
CLI005082,8.0,8.0,9.0,0.0,0.0
CLI005083,0.0,0.0,0.0,0.0,8.5
CLI005084,0.0,0.0,8.5,0.0,0.0
CLI005085,0.0,9.0,9.0,0.0,0.0
CLI005086,0.0,7.0,8.5,0.0,0.0
CLI005087,0.0,0.0,0.0,9.0,0.0
CLI005088,0.0,8.0,0.0,0.0,8.0
CLI005089,7.5,0.0,8.0,0.0,0.0
CLI005090,0.0,0.0,8.0,0.0,0.0
CLI005091,0.0,8.5,0.0,6.0,6.0
CLI005092,7.0,0.0,0.0,0.0,0.0
CLI005093,0.0,8.0,10.0,0.0,0.0
CLI005094,0.0,7.0,0.0,0.0,8.0
CLI005095,8.0,0.0,9.0,9.333333333333334,7.0
CLI005097,0.0,9.0,10.0,0.0,0.0
CLI005098,0.0,0.0,8.0,8.0,0.0
CLI005099,8.0,0.0,7.333333333333333,10.0,8.5
CLI005100,7.0,0.0,0.0,8.0,8.0
CLI005101,6.0,0.0,7.5,7.0,0.0
CLI005102,9.0,8.0,0.0,0.0,8.0
CLI005103,0.0,8.5,0.0,9.0,0.0
CLI005104,0.0,8.5,0.0,0.0,8.0
CLI005105,0.0,7.0,0.0,8.0,8.0
CLI005106,0.0,0.0,0.0,7.0,7.0
CLI005107,7.0,0.0,0.0,7.0,0.0
CLI005108,7.0,0.0,0.0,0.0,0.0
CLI005111,8.0,0.0,0.0,0.0,10.0
CLI005112,0.0,8.0,0.0,0.0,0.0
CLI005113,0.0,0.0,0.0,0.0,9.0
CLI005114,0.0,7.0,0.0,0.0,8.0
CLI005115,0.0,8.0,0.0,0.0,8.0
CLI005116,9.0,0.0,0.0,8.0,0.0
CLI005117,6.0,0.0,0.0,7.0,7.0
CLI005118,0.0,8.0,9.0,0.0,9.5
CLI005119,7.0,9.0,0.0,0.0,0.0
CLI005120,9.0,0.0,0.0,7.0,9.0
CLI005121,8.0,10.0,0.0,0.0,0.0
CLI005122,8.0,7.0,8.5,9.0,0.0
CLI005123,0.0,0.0,8.0,0.0,0.0
CLI005124,10.0,0.0,0.0,0.0,8.0
CLI005126,7.0,0.0,7.5,7.0,0.0
CLI005127,0.0,0.0,0.0,0.0,10.0
CLI005128,0.0,7.0,0.0,8.0,0.0
CLI005129,0.0,0.0,9.0,6.0,8.0
CLI005130,0.0,9.0,10.0,8.0,0.0
CLI005131,9.0,0.0,0.0,8.0,0.0
CLI005132,0.0,0.0,8.0,6.0,0.0
CLI005133,8.5,9.0,0.0,9.0,8.0
CLI005134,0.0,9.0,0.0,0.0,0.0
CLI005135,0.0,7.0,0.0,0.0,0.0
CLI005136,0.0,0.0,8.0,0.0,8.0
CLI005137,0.0,0.0,8.0,0.0,0.0
CLI005138,0.0,0.0,9.0,0.0,8.0
CLI005139,7.666666666666667,0.0,0.0,7.0,7.0
CLI005140,8.0,0.0,0.0,7.0,0.0
CLI005141,0.0,0.0,7.0,8.5,0.0
CLI005142,0.0,0.0,7.0,0.0,9.0
CLI005143,9.0,0.0,0.0,0.0,0.0
CLI005144,7.0,0.0,0.0,0.0,0.0
CLI005145,0.0,0.0,9.0,7.0,0.0
CLI005146,0.0,0.0,0.0,9.0,0.0
CLI005147,0.0,9.0,0.0,7.0,0.0
CLI005148,9.0,0.0,0.0,0.0,0.0
CLI005150,0.0,8.0,0.0,8.0,0.0
CLI005151,8.333333333333334,0.0,7.0,0.0,8.0
CLI005152,9.0,8.0,0.0,0.0,8.0
CLI005153,7.0,0.0,0.0,9.0,8.0
CLI005154,0.0,0.0,8.0,0.0,0.0
CLI005155,0.0,8.0,8.0,9.0,9.0
CLI005156,8.0,0.0,7.5,8.0,0.0
CLI005157,7.0,0.0,8.5,8.0,9.0
CLI005158,0.0,0.0,0.0,8.0,8.0
CLI005159,6.0,0.0,0.0,0.0,9.0
CLI005161,9.0,0.0,8.0,7.0,9.5
CLI005162,0.0,0.0,8.0,0.0,0.0
CLI005163,0.0,0.0,0.0,0.0,8.0
CLI005165,0.0,10.0,0.0,8.0,0.0
CLI005166,0.0,0.0,8.0,8.0,0.0
CLI005167,0.0,8.0,0.0,9.0,0.0
CLI005168,9.0,8.0,0.0,0.0,7.0
CLI005169,7.0,0.0,0.0,0.0,10.0
CLI005170,7.0,0.0,7.0,9.0,0.0
CLI005171,0.0,8.0,8.0,0.0,0.0
CLI005172,0.0,7.666666666666667,0.0,9.0,0.0
CLI005173,0.0,0.0,0.0,9.333333333333334,0.0
CLI005174,0.0,10.0,0.0,0.0,0.0
CLI005175,7.0,0.0,0.0,8.5,0.0
CLI005176,0.0,8.0,7.5,0.0,8.0
CLI005177,0.0,0.0,7.0,0.0,0.0
CLI005178,0.0,9.0,0.0,0.0,8.0
CLI005179,0.0,7.0,0.0,0.0,0.0
CLI005180,8.0,0.0,9.0,0.0,7.5
CLI005181,7.0,9.0,8.0,0.0,0.0
CLI005182,8.0,7.0,7.5,0.0,8.0
CLI005183,0.0,0.0,0.0,7.0,0.0
CLI005184,0.0,0.0,7.0,0.0,0.0
CLI005185,0.0,8.0,0.0,0.0,9.0
CLI005186,0.0,7.333333333333333,9.0,8.0,0.0
CLI005187,8.0,0.0,0.0,0.0,8.0
CLI005188,0.0,9.0,9.0,0.0,0.0
CLI005189,7.0,7.0,0.0,0.0,7.0
CLI005190,6.0,0.0,0.0,0.0,8.0
CLI005191,0.0,7.5,0.0,0.0,0.0
CLI005192,0.0,8.0,0.0,10.0,0.0
CLI005194,7.5,0.0,7.0,9.0,0.0
CLI005195,0.0,0.0,0.0,0.0,6.0
CLI005196,8.0,0.0,0.0,10.0,0.0
CLI005197,9.5,9.0,0.0,0.0,0.0
CLI005198,0.0,8.666666666666666,0.0,0.0,7.0
CLI005199,0.0,0.0,8.5,0.0,0.0
CLI005200,8.0,8.0,0.0,0.0,0.0
CLI005201,0.0,0.0,0.0,9.0,0.0
CLI005202,7.0,8.0,0.0,0.0,0.0
CLI005203,0.0,0.0,0.0,9.0,9.0
CLI005205,7.5,0.0,0.0,7.0,0.0
CLI005206,0.0,8.0,0.0,0.0,0.0
CLI005207,8.0,0.0,8.0,0.0,9.0
CLI005208,0.0,0.0,8.0,8.0,0.0
CLI005209,0.0,0.0,0.0,7.0,0.0
CLI005210,0.0,7.0,0.0,8.5,0.0
CLI005211,0.0,8.0,0.0,8.5,0.0
CLI005212,0.0,9.0,10.0,8.0,7.0
CLI005214,8.333333333333334,9.0,0.0,8.0,0.0
CLI005215,0.0,0.0,0.0,9.0,0.0
CLI005216,8.5,8.0,8.0,0.0,0.0
CLI005217,0.0,0.0,0.0,6.0,0.0
CLI005218,0.0,7.5,0.0,0.0,9.0
CLI005219,0.0,0.0,10.0,6.0,0.0
CLI005220,0.0,0.0,0.0,8.0,0.0
CLI005221,0.0,8.0,7.0,8.0,0.0
CLI005222,9.0,0.0,0.0,0.0,8.0
CLI005223,8.0,0.0,0.0,0.0,7.0
CLI005224,0.0,9.0,8.0,0.0,9.0
CLI005225,0.0,8.0,0.0,0.0,8.0
CLI005226,9.0,0.0,0.0,0.0,0.0
CLI005227,7.0,0.0,0.0,8.0,0.0
CLI005229,0.0,0.0,0.0,7.0,0.0
CLI005230,0.0,0.0,0.0,7.5,0.0
CLI005231,0.0,0.0,0.0,0.0,9.0
CLI005232,8.0,9.5,0.0,8.0,9.0
CLI005233,7.0,0.0,8.0,8.0,8.0
CLI005234,10.0,8.0,9.0,0.0,7.0
CLI005236,7.0,0.0,0.0,8.0,0.0
CLI005237,0.0,8.0,0.0,0.0,8.0
CLI005238,0.0,0.0,0.0,8.0,8.0
CLI005239,0.0,10.0,0.0,10.0,8.0
CLI005240,7.0,0.0,0.0,8.0,0.0
CLI005241,0.0,0.0,0.0,8.0,7.5
CLI005242,8.0,0.0,0.0,7.0,0.0
CLI005243,0.0,0.0,9.0,8.0,7.0
CLI005244,9.0,0.0,8.0,0.0,0.0
CLI005245,0.0,7.0,0.0,0.0,0.0
CLI005246,9.0,0.0,0.0,0.0,0.0
CLI005247,0.0,0.0,0.0,9.0,7.0
CLI005249,7.5,0.0,0.0,7.0,0.0
CLI005250,0.0,0.0,0.0,7.0,0.0
CLI005251,8.0,0.0,0.0,0.0,8.0
CLI005252,0.0,7.0,0.0,0.0,0.0
CLI005253,0.0,9.0,0.0,0.0,0.0
CLI005254,8.5,0.0,0.0,0.0,0.0
CLI005255,0.0,7.0,0.0,0.0,10.0
CLI005256,0.0,8.0,0.0,0.0,0.0
CLI005257,0.0,0.0,8.0,0.0,0.0
CLI005258,8.0,7.0,9.0,7.0,0.0
CLI005259,0.0,0.0,0.0,8.0,0.0
CLI005260,0.0,0.0,0.0,8.0,0.0
CLI005261,8.0,0.0,8.0,0.0,9.0
CLI005262,0.0,0.0,7.0,0.0,0.0
CLI005263,0.0,10.0,0.0,0.0,9.0
CLI005264,0.0,8.5,9.0,0.0,0.0
CLI005265,0.0,0.0,8.0,0.0,8.0
CLI005266,0.0,9.0,0.0,0.0,8.5
CLI005267,0.0,0.0,8.0,0.0,0.0
CLI005268,0.0,0.0,7.0,8.0,0.0
CLI005269,0.0,0.0,7.0,0.0,0.0
CLI005270,0.0,8.0,0.0,8.0,8.0
CLI005271,8.5,8.0,6.0,0.0,0.0
CLI005272,9.0,8.0,0.0,8.0,9.0
CLI005273,0.0,0.0,7.0,0.0,0.0
CLI005274,10.0,0.0,8.5,9.0,7.0
CLI005275,7.0,9.0,0.0,8.5,9.0
CLI005276,8.5,0.0,0.0,9.0,0.0
CLI005277,0.0,7.0,0.0,0.0,8.0
CLI005278,7.0,0.0,0.0,0.0,7.0
CLI005279,8.0,8.666666666666666,0.0,9.0,8.0
CLI005280,0.0,0.0,0.0,8.0,0.0
CLI005282,0.0,7.5,0.0,8.0,0.0
CLI005283,0.0,9.0,10.0,0.0,0.0
CLI005284,7.0,0.0,0.0,8.5,7.0
CLI005285,8.0,8.0,0.0,8.5,0.0
CLI005286,8.0,0.0,0.0,9.0,0.0
CLI005287,8.0,0.0,0.0,0.0,8.0
CLI005288,0.0,6.0,9.0,8.0,0.0
CLI005290,0.0,0.0,6.0,0.0,0.0
CLI005291,9.0,8.0,0.0,0.0,0.0
CLI005292,0.0,0.0,10.0,8.0,0.0
CLI005293,9.0,0.0,8.0,8.0,8.0
CLI005294,9.0,0.0,0.0,0.0,8.5
CLI005296,9.0,8.5,0.0,0.0,0.0
CLI005297,0.0,0.0,10.0,0.0,0.0
CLI005298,0.0,0.0,7.0,0.0,0.0
CLI005299,10.0,9.0,8.0,9.0,0.0
CLI005300,0.0,8.0,0.0,9.0,0.0
CLI005301,8.0,0.0,0.0,0.0,7.0
CLI005302,0.0,7.0,0.0,8.0,0.0
CLI005303,8.5,8.0,0.0,0.0,0.0
CLI005305,0.0,0.0,0.0,0.0,8.0
CLI005306,7.0,0.0,9.0,8.0,0.0
CLI005307,0.0,0.0,8.0,7.5,0.0
CLI005308,0.0,0.0,0.0,8.0,0.0
CLI005309,9.0,0.0,8.0,0.0,0.0
CLI005310,0.0,8.0,0.0,0.0,0.0
CLI005311,0.0,0.0,0.0,7.0,0.0
CLI005312,8.5,0.0,7.0,6.0,7.0
CLI005313,0.0,8.0,0.0,7.5,0.0
CLI005314,8.0,8.5,0.0,8.0,9.0
CLI005315,0.0,0.0,9.0,0.0,0.0
CLI005317,7.5,0.0,9.0,0.0,0.0
CLI005318,8.0,0.0,0.0,0.0,0.0
CLI005319,7.0,7.0,0.0,0.0,0.0
CLI005320,0.0,0.0,0.0,0.0,8.0
CLI005321,9.0,8.0,0.0,0.0,0.0
CLI005322,0.0,0.0,8.0,7.0,0.0
CLI005324,9.0,0.0,0.0,7.5,8.0
CLI005325,7.5,7.0,9.0,0.0,0.0
CLI005326,7.0,7.0,9.0,7.0,0.0
CLI005327,8.0,8.0,0.0,0.0,0.0
CLI005328,0.0,0.0,0.0,7.5,0.0
CLI005329,7.0,0.0,9.0,0.0,0.0
CLI005330,8.5,8.5,0.0,0.0,7.0
CLI005331,0.0,8.5,0.0,0.0,0.0
CLI005332,0.0,0.0,7.0,0.0,0.0
CLI005333,0.0,8.666666666666666,0.0,0.0,6.0
CLI005334,8.0,0.0,0.0,0.0,0.0
CLI005336,7.0,0.0,0.0,0.0,7.0
CLI005338,8.0,9.0,0.0,0.0,0.0
CLI005339,8.0,7.0,8.0,0.0,9.0
CLI005340,6.0,0.0,0.0,0.0,0.0
CLI005341,9.0,0.0,0.0,0.0,0.0
CLI005343,8.0,0.0,0.0,7.0,8.0
CLI005344,10.0,0.0,7.0,0.0,7.0
CLI005345,0.0,0.0,0.0,8.0,0.0
CLI005346,7.0,9.0,0.0,0.0,0.0
CLI005348,0.0,8.0,8.0,0.0,6.0
CLI005349,7.0,0.0,0.0,0.0,0.0
CLI005350,6.0,0.0,0.0,7.0,7.0
CLI005351,8.0,8.0,0.0,8.0,7.0
CLI005352,0.0,6.0,0.0,0.0,0.0
CLI005353,9.0,0.0,0.0,9.5,0.0
CLI005354,8.0,0.0,0.0,7.0,8.0
CLI005355,0.0,8.0,8.0,0.0,0.0
CLI005356,9.0,0.0,0.0,0.0,0.0
CLI005357,0.0,0.0,9.0,8.0,0.0
CLI005358,0.0,0.0,7.0,8.0,0.0
CLI005359,0.0,0.0,0.0,7.0,9.0
CLI005360,0.0,7.0,0.0,0.0,8.0
CLI005361,0.0,0.0,7.0,8.5,0.0
CLI005362,0.0,8.0,0.0,0.0,0.0
CLI005363,8.5,0.0,9.0,0.0,0.0
CLI005364,0.0,7.5,0.0,0.0,0.0
CLI005365,7.5,7.0,9.0,8.0,7.0
CLI005367,9.0,0.0,0.0,0.0,0.0
CLI005368,0.0,8.0,0.0,9.0,8.0
CLI005369,0.0,0.0,8.0,0.0,8.0
CLI005370,9.0,10.0,0.0,0.0,0.0
CLI005371,0.0,0.0,7.0,9.0,0.0
CLI005372,8.0,0.0,7.0,0.0,0.0
CLI005373,0.0,0.0,8.0,0.0,0.0
CLI005374,0.0,0.0,0.0,8.0,8.0
CLI005375,0.0,7.0,0.0,9.0,9.0
CLI005376,10.0,0.0,8.0,10.0,0.0
CLI005377,0.0,9.0,10.0,7.5,10.0
CLI005378,0.0,0.0,0.0,9.0,0.0
CLI005380,0.0,0.0,7.0,0.0,8.0
CLI005382,0.0,0.0,7.0,0.0,0.0
CLI005383,0.0,8.0,0.0,0.0,9.0
CLI005384,0.0,9.0,0.0,0.0,8.0
CLI005386,8.0,7.0,10.0,0.0,9.5
CLI005387,0.0,0.0,0.0,8.0,0.0
CLI005389,10.0,0.0,0.0,7.0,0.0
CLI005390,7.0,7.5,0.0,0.0,9.0
CLI005391,6.5,8.0,0.0,0.0,0.0
CLI005392,0.0,0.0,0.0,7.0,0.0
CLI005393,9.0,0.0,9.0,0.0,0.0
CLI005394,0.0,0.0,7.5,9.0,0.0
CLI005395,0.0,7.0,7.0,7.0,9.0
CLI005397,0.0,0.0,0.0,8.0,0.0
CLI005398,6.0,0.0,0.0,0.0,0.0
CLI005399,0.0,0.0,0.0,0.0,7.0
CLI005400,0.0,9.0,0.0,7.0,0.0
CLI005401,10.0,0.0,8.5,9.0,0.0
CLI005402,0.0,0.0,0.0,8.5,0.0
CLI005403,0.0,0.0,7.0,9.0,0.0
CLI005404,7.0,0.0,0.0,0.0,0.0
CLI005405,0.0,0.0,8.5,9.0,6.0
CLI005406,9.0,0.0,0.0,9.0,0.0
CLI005407,7.0,0.0,8.0,0.0,0.0
CLI005408,0.0,0.0,0.0,0.0,9.0
CLI005409,0.0,9.0,8.0,0.0,0.0
CLI005410,8.5,0.0,8.0,0.0,0.0
CLI005411,0.0,0.0,0.0,8.0,8.5
CLI005412,8.666666666666666,0.0,0.0,0.0,0.0
CLI005413,8.0,8.0,0.0,0.0,0.0
CLI005414,8.0,0.0,8.5,0.0,0.0
CLI005415,0.0,0.0,9.0,9.0,0.0
CLI005416,0.0,9.0,0.0,0.0,0.0
CLI005417,8.0,0.0,9.0,0.0,0.0
CLI005418,0.0,8.0,0.0,0.0,9.0
CLI005419,7.5,0.0,7.5,0.0,0.0
CLI005420,0.0,0.0,0.0,7.0,0.0
CLI005422,8.0,8.0,9.0,0.0,7.5
CLI005423,7.0,0.0,0.0,0.0,0.0
CLI005424,8.0,0.0,0.0,0.0,8.0
CLI005425,0.0,8.0,7.0,0.0,7.5
CLI005426,0.0,7.0,0.0,0.0,7.0
CLI005427,0.0,0.0,8.0,0.0,0.0
CLI005428,0.0,0.0,8.5,0.0,8.0
CLI005430,0.0,0.0,0.0,7.0,0.0
CLI005431,0.0,0.0,7.0,0.0,0.0
CLI005432,8.0,0.0,0.0,0.0,9.0
CLI005433,7.5,7.0,8.0,8.0,8.0
CLI005434,0.0,0.0,0.0,0.0,9.0
CLI005435,8.0,0.0,0.0,0.0,0.0
CLI005436,7.0,7.0,0.0,9.0,0.0
CLI005437,8.0,0.0,0.0,7.0,0.0
CLI005438,7.5,0.0,0.0,0.0,8.5
CLI005439,9.5,0.0,0.0,0.0,0.0
CLI005440,6.0,0.0,0.0,0.0,0.0
CLI005441,0.0,0.0,8.0,0.0,0.0
CLI005443,0.0,7.0,0.0,8.0,7.0
CLI005444,0.0,0.0,8.0,0.0,0.0
CLI005445,0.0,0.0,8.0,0.0,0.0
CLI005446,7.0,0.0,8.5,0.0,0.0
CLI005447,7.0,0.0,0.0,9.0,0.0
CLI005448,8.0,0.0,7.0,0.0,0.0
CLI005449,0.0,0.0,0.0,9.0,0.0
CLI005451,10.0,0.0,0.0,7.0,0.0
CLI005452,8.0,7.0,0.0,7.5,7.0
CLI005453,0.0,8.0,0.0,0.0,0.0
CLI005455,0.0,0.0,8.0,9.0,0.0
CLI005456,0.0,0.0,0.0,8.0,0.0
CLI005457,8.0,8.5,7.666666666666667,7.0,9.0
CLI005458,0.0,8.0,0.0,8.0,0.0
CLI005459,0.0,10.0,0.0,8.0,0.0
CLI005461,8.0,0.0,6.0,0.0,0.0
CLI005463,8.0,7.0,0.0,8.0,8.0
CLI005464,10.0,8.0,0.0,0.0,7.5
CLI005465,0.0,0.0,8.0,0.0,10.0
CLI005466,9.0,0.0,8.0,8.0,6.0
CLI005467,0.0,0.0,7.0,9.0,0.0
CLI005469,0.0,8.0,0.0,0.0,8.0
CLI005470,0.0,7.0,0.0,0.0,0.0
CLI005472,0.0,0.0,0.0,9.0,0.0
CLI005473,0.0,0.0,10.0,0.0,7.0
CLI005474,8.5,9.0,8.0,0.0,0.0
CLI005475,0.0,8.0,10.0,7.0,9.0
CLI005476,8.0,9.0,0.0,8.0,0.0
CLI005477,9.0,8.5,9.0,0.0,0.0
CLI005478,0.0,7.0,8.0,8.5,0.0
CLI005479,0.0,7.0,0.0,0.0,8.0
CLI005480,0.0,0.0,0.0,8.0,8.0
CLI005481,9.0,0.0,0.0,8.0,8.5
CLI005482,0.0,8.0,0.0,0.0,8.0
CLI005484,0.0,0.0,9.0,7.0,0.0
CLI005485,0.0,0.0,9.0,0.0,8.0
CLI005486,7.0,9.333333333333334,8.0,0.0,0.0
CLI005487,0.0,0.0,10.0,8.0,8.0
CLI005488,8.0,8.0,0.0,7.0,7.0
CLI005489,0.0,0.0,0.0,0.0,8.0
CLI005490,7.0,0.0,8.0,0.0,8.0
CLI005491,0.0,7.0,8.0,9.0,7.0
CLI005492,0.0,0.0,0.0,8.0,0.0
CLI005493,0.0,7.0,0.0,9.0,0.0
CLI005494,0.0,9.0,0.0,0.0,0.0
CLI005495,0.0,0.0,7.5,0.0,0.0
CLI005496,0.0,8.0,0.0,7.5,0.0
CLI005497,7.0,0.0,0.0,0.0,9.0
CLI005498,0.0,0.0,9.0,7.0,0.0
CLI005499,0.0,0.0,0.0,8.0,0.0
CLI005500,0.0,0.0,8.0,8.5,0.0
CLI005501,0.0,0.0,9.0,0.0,0.0
CLI005502,9.0,0.0,9.0,0.0,8.0
CLI005503,0.0,9.0,9.0,0.0,0.0
CLI005504,0.0,0.0,0.0,9.0,0.0
CLI005505,0.0,0.0,0.0,7.0,0.0
CLI005506,0.0,0.0,0.0,0.0,8.0
CLI005507,0.0,8.0,8.0,0.0,0.0
CLI005509,0.0,0.0,0.0,0.0,8.0
CLI005510,0.0,0.0,0.0,0.0,8.333333333333334
CLI005511,0.0,8.0,0.0,8.0,0.0
CLI005512,0.0,0.0,0.0,8.0,8.5
CLI005515,0.0,7.0,9.0,9.0,7.0
CLI005516,0.0,0.0,0.0,9.0,0.0
CLI005518,0.0,7.0,0.0,8.0,9.0
CLI005519,0.0,0.0,7.0,0.0,0.0
CLI005520,8.0,0.0,0.0,0.0,0.0
CLI005521,0.0,0.0,8.0,8.0,0.0
CLI005523,0.0,8.0,0.0,8.0,0.0
CLI005524,0.0,7.0,8.0,7.0,9.0
CLI005525,10.0,0.0,0.0,8.0,0.0
CLI005526,9.0,9.0,9.0,9.0,0.0
CLI005527,8.5,9.0,0.0,9.0,0.0
CLI005528,8.0,0.0,9.0,7.0,0.0
CLI005529,8.0,8.5,0.0,0.0,0.0
CLI005530,8.0,0.0,0.0,0.0,0.0
CLI005531,7.0,0.0,7.0,0.0,0.0
CLI005532,0.0,0.0,8.5,0.0,8.0
CLI005533,0.0,8.0,8.25,0.0,0.0
CLI005534,0.0,9.0,0.0,0.0,0.0
CLI005535,0.0,10.0,0.0,7.0,0.0
CLI005536,9.0,9.0,0.0,8.0,0.0
CLI005537,8.0,8.0,0.0,0.0,0.0
CLI005538,9.0,7.0,0.0,0.0,0.0
CLI005539,0.0,9.0,9.0,0.0,0.0
CLI005540,8.5,0.0,9.0,0.0,9.0
CLI005541,0.0,0.0,0.0,7.75,7.0
CLI005542,8.333333333333334,0.0,0.0,6.0,7.333333333333333
CLI005543,0.0,7.0,9.0,0.0,0.0
CLI005544,8.5,7.0,8.0,0.0,0.0
CLI005545,9.0,0.0,8.0,0.0,0.0
CLI005547,0.0,0.0,8.0,0.0,7.0
CLI005548,0.0,7.0,0.0,8.0,8.0
CLI005549,9.0,7.0,0.0,7.0,0.0
CLI005550,0.0,0.0,0.0,8.0,8.0
CLI005551,8.0,7.5,7.0,7.0,0.0
CLI005553,8.0,0.0,0.0,7.0,8.0
CLI005554,0.0,8.0,7.0,0.0,9.0
CLI005555,0.0,0.0,0.0,7.0,0.0
CLI005556,7.0,0.0,0.0,8.0,0.0
CLI005558,0.0,0.0,9.0,0.0,8.0
CLI005559,0.0,0.0,7.0,0.0,0.0
CLI005561,0.0,8.0,0.0,9.0,0.0
CLI005562,9.5,8.0,8.0,0.0,0.0
CLI005563,8.0,10.0,0.0,0.0,0.0
CLI005564,0.0,0.0,0.0,7.5,0.0
CLI005566,0.0,0.0,7.75,8.0,0.0
CLI005567,9.0,0.0,8.0,8.0,0.0
CLI005568,0.0,9.0,0.0,0.0,0.0
CLI005569,0.0,8.0,0.0,10.0,8.0
CLI005571,9.0,0.0,0.0,8.0,0.0
CLI005572,9.0,0.0,0.0,7.0,0.0
CLI005573,0.0,7.5,0.0,0.0,0.0
CLI005574,7.0,0.0,10.0,0.0,0.0
CLI005575,7.0,9.0,0.0,0.0,0.0
CLI005576,9.0,0.0,0.0,0.0,8.0
CLI005577,0.0,0.0,0.0,8.0,8.0
CLI005578,0.0,0.0,0.0,9.0,0.0
CLI005579,8.0,9.0,0.0,0.0,8.666666666666666
CLI005580,0.0,7.0,9.0,0.0,0.0
CLI005581,0.0,8.5,8.0,0.0,7.0
CLI005582,0.0,0.0,0.0,0.0,7.0
CLI005583,0.0,8.0,0.0,0.0,0.0
CLI005584,0.0,0.0,0.0,9.0,0.0
CLI005586,0.0,0.0,9.0,7.5,0.0
CLI005587,0.0,0.0,0.0,9.0,8.0
CLI005588,0.0,6.5,0.0,0.0,0.0
CLI005589,0.0,9.0,8.0,0.0,0.0
CLI005590,7.5,0.0,0.0,0.0,0.0
CLI005591,0.0,0.0,0.0,7.0,7.0
CLI005592,9.0,9.0,0.0,8.0,8.5
CLI005593,0.0,9.0,9.0,0.0,9.0
CLI005594,9.0,0.0,10.0,8.0,9.0
CLI005595,0.0,8.0,8.0,0.0,0.0
CLI005596,8.0,0.0,8.0,8.5,9.0
CLI005597,0.0,8.0,0.0,0.0,0.0
CLI005598,0.0,9.0,0.0,7.0,8.333333333333334
CLI005600,8.0,0.0,0.0,0.0,0.0
CLI005601,0.0,0.0,0.0,8.0,0.0
CLI005602,8.5,0.0,8.0,0.0,7.5
CLI005603,7.0,0.0,0.0,0.0,7.0
CLI005604,7.0,0.0,7.0,8.0,8.0
CLI005606,0.0,0.0,0.0,0.0,8.0
CLI005607,0.0,0.0,0.0,7.5,0.0
CLI005609,0.0,7.0,0.0,8.0,8.5
CLI005610,8.0,0.0,0.0,0.0,0.0
CLI005611,0.0,0.0,0.0,0.0,8.0
CLI005612,8.0,9.0,0.0,0.0,0.0
CLI005613,0.0,9.0,0.0,8.0,0.0
CLI005614,9.0,6.5,0.0,0.0,0.0
CLI005615,9.0,0.0,0.0,8.0,0.0
CLI005616,0.0,8.0,0.0,0.0,0.0
CLI005617,8.0,0.0,0.0,8.0,0.0
CLI005618,8.0,0.0,0.0,0.0,7.333333333333333
CLI005619,0.0,8.5,9.0,8.0,0.0
CLI005620,0.0,0.0,0.0,0.0,7.0
CLI005621,10.0,0.0,0.0,0.0,0.0
CLI005622,9.0,0.0,9.0,0.0,0.0
CLI005623,0.0,0.0,0.0,0.0,9.0
CLI005624,0.0,8.0,0.0,7.0,0.0
CLI005625,10.0,9.0,0.0,8.0,8.0
CLI005626,0.0,0.0,0.0,0.0,9.0
CLI005627,0.0,8.0,8.5,9.0,9.0
CLI005628,8.0,0.0,0.0,0.0,0.0
CLI005630,0.0,7.0,0.0,8.0,0.0
CLI005631,0.0,8.0,8.0,0.0,0.0
CLI005633,7.0,0.0,7.0,0.0,0.0
CLI005634,9.0,0.0,7.0,0.0,0.0
CLI005637,7.0,8.0,6.0,0.0,0.0
CLI005638,0.0,0.0,0.0,10.0,0.0
CLI005640,0.0,0.0,8.0,7.0,0.0
CLI005641,0.0,0.0,8.0,0.0,9.0
CLI005642,0.0,8.5,0.0,0.0,7.0
CLI005643,9.0,8.0,0.0,0.0,7.0
CLI005644,0.0,8.0,0.0,0.0,0.0
CLI005645,8.0,7.0,0.0,0.0,0.0
CLI005646,8.0,0.0,0.0,9.0,0.0
CLI005647,0.0,0.0,0.0,9.0,0.0
CLI005648,0.0,0.0,0.0,0.0,9.0
CLI005649,0.0,0.0,10.0,6.0,8.0
CLI005650,0.0,0.0,0.0,0.0,7.0
CLI005651,0.0,8.0,0.0,0.0,0.0
CLI005652,8.0,0.0,0.0,0.0,0.0
CLI005653,0.0,0.0,0.0,8.0,0.0
CLI005654,7.0,7.5,0.0,7.0,0.0
CLI005655,0.0,0.0,0.0,0.0,8.0
CLI005657,0.0,7.0,7.0,0.0,0.0
CLI005658,0.0,8.0,8.0,0.0,10.0
CLI005660,0.0,0.0,10.0,0.0,0.0
CLI005661,0.0,0.0,8.5,9.0,0.0
CLI005663,0.0,8.0,0.0,0.0,0.0
CLI005664,0.0,0.0,0.0,7.0,7.0
CLI005665,0.0,10.0,7.0,0.0,0.0
CLI005667,0.0,0.0,0.0,0.0,9.0
CLI005668,0.0,8.0,0.0,0.0,0.0
CLI005669,8.0,6.0,0.0,0.0,9.0
CLI005670,7.0,9.0,0.0,0.0,0.0
CLI005671,9.0,0.0,8.0,8.0,0.0
CLI005673,0.0,0.0,9.0,0.0,0.0
CLI005674,0.0,0.0,0.0,0.0,8.5
CLI005675,0.0,9.0,7.5,8.0,7.0
CLI005676,0.0,9.0,9.0,0.0,9.0
CLI005678,0.0,0.0,8.0,0.0,10.0
CLI005679,9.0,0.0,0.0,0.0,0.0
CLI005681,0.0,0.0,8.0,0.0,7.0
CLI005683,0.0,9.0,8.0,9.0,0.0
CLI005684,8.0,0.0,0.0,0.0,0.0
CLI005685,8.0,9.0,0.0,7.0,0.0
CLI005686,0.0,8.0,0.0,0.0,0.0
CLI005687,9.0,0.0,8.0,0.0,0.0
CLI005688,8.0,0.0,0.0,7.0,0.0
CLI005689,0.0,8.0,0.0,0.0,0.0
CLI005690,8.0,0.0,7.0,7.0,0.0
CLI005691,0.0,8.0,8.0,9.0,0.0
CLI005692,0.0,0.0,10.0,0.0,8.0
CLI005694,0.0,0.0,9.0,0.0,0.0
CLI005695,0.0,0.0,0.0,0.0,7.0
CLI005696,0.0,8.0,0.0,0.0,0.0
CLI005697,9.0,7.0,0.0,8.0,9.0
CLI005699,0.0,9.0,0.0,0.0,0.0
CLI005700,7.0,0.0,0.0,10.0,9.0
CLI005702,0.0,0.0,8.0,7.0,0.0
CLI005703,0.0,0.0,0.0,8.0,0.0
CLI005704,9.0,0.0,0.0,8.333333333333334,7.0
CLI005705,0.0,0.0,0.0,0.0,8.0
CLI005708,0.0,9.0,0.0,0.0,7.5
CLI005710,8.0,0.0,9.0,8.0,0.0
CLI005711,6.0,0.0,0.0,0.0,0.0
CLI005712,0.0,0.0,0.0,8.0,0.0
CLI005713,9.0,0.0,7.0,0.0,8.0
CLI005714,0.0,7.0,0.0,0.0,8.0
CLI005715,6.0,8.0,9.0,0.0,0.0
CLI005718,0.0,0.0,0.0,9.0,8.0
CLI005719,8.0,0.0,0.0,0.0,0.0
CLI005720,0.0,0.0,7.5,0.0,0.0
CLI005721,0.0,0.0,6.0,7.0,8.0
CLI005722,0.0,0.0,8.0,0.0,0.0
CLI005723,9.0,0.0,7.0,10.0,0.0
CLI005724,8.0,7.0,0.0,7.5,0.0
CLI005725,0.0,8.0,6.5,0.0,8.5
CLI005727,9.0,0.0,0.0,0.0,7.0
CLI005728,0.0,8.0,0.0,0.0,0.0
CLI005729,0.0,7.5,0.0,0.0,9.0
CLI005730,9.0,0.0,8.0,0.0,0.0
CLI005731,8.333333333333334,0.0,0.0,8.0,0.0
CLI005732,6.5,0.0,0.0,0.0,0.0
CLI005733,7.5,8.0,0.0,0.0,0.0
CLI005735,7.0,7.0,9.0,8.0,0.0
CLI005736,8.0,8.0,0.0,0.0,0.0
CLI005737,8.333333333333334,8.0,9.0,0.0,9.0
CLI005738,0.0,0.0,0.0,7.666666666666667,0.0
CLI005739,0.0,7.5,8.0,0.0,0.0
CLI005741,8.0,0.0,0.0,9.0,0.0
CLI005742,0.0,7.5,0.0,9.0,8.0
CLI005743,8.0,0.0,0.0,7.5,8.0
CLI005744,0.0,8.5,0.0,0.0,0.0
CLI005745,0.0,0.0,0.0,0.0,9.0
CLI005746,0.0,8.0,0.0,0.0,0.0
CLI005748,0.0,7.0,0.0,0.0,9.0
CLI005750,10.0,0.0,7.0,9.0,0.0
CLI005751,9.0,8.0,9.0,0.0,0.0
CLI005752,0.0,8.0,8.0,0.0,0.0
CLI005753,0.0,9.0,8.0,7.0,0.0
CLI005754,0.0,0.0,8.0,0.0,7.0
CLI005755,0.0,9.0,8.0,0.0,0.0
CLI005756,0.0,0.0,8.0,8.0,8.0
CLI005757,0.0,0.0,9.0,0.0,0.0
CLI005759,0.0,9.0,0.0,0.0,0.0
CLI005760,8.333333333333334,0.0,8.0,7.0,0.0
CLI005761,0.0,0.0,7.0,0.0,0.0
CLI005762,0.0,8.0,0.0,0.0,0.0
CLI005763,9.0,7.0,0.0,9.0,8.0
CLI005764,0.0,0.0,8.0,9.0,0.0
CLI005765,0.0,0.0,6.0,9.0,0.0
CLI005766,0.0,7.0,0.0,0.0,0.0
CLI005767,0.0,7.0,0.0,0.0,0.0
CLI005768,10.0,0.0,7.0,8.0,0.0
CLI005769,0.0,0.0,0.0,8.0,0.0
CLI005770,8.0,0.0,0.0,0.0,0.0
CLI005771,9.0,0.0,8.0,0.0,9.0
CLI005772,0.0,0.0,10.0,8.0,7.0
CLI005773,0.0,0.0,0.0,9.0,0.0
CLI005774,0.0,8.0,7.0,0.0,8.0
CLI005775,0.0,0.0,0.0,8.0,0.0
CLI005776,0.0,8.0,8.0,8.0,7.0
CLI005777,0.0,0.0,0.0,8.0,9.0
CLI005778,0.0,0.0,8.0,8.0,9.0
CLI005779,0.0,9.0,9.0,0.0,6.0
CLI005780,7.0,9.0,8.0,0.0,8.0
CLI005781,0.0,9.0,0.0,0.0,8.0
CLI005782,0.0,8.0,0.0,0.0,7.0
CLI005783,9.0,8.0,0.0,0.0,8.0
CLI005784,0.0,8.0,8.0,7.5,10.0
CLI005785,0.0,0.0,0.0,9.0,0.0
CLI005786,6.0,0.0,0.0,0.0,8.0
CLI005787,8.0,0.0,8.5,0.0,8.0
CLI005788,8.0,0.0,0.0,0.0,8.5
CLI005789,0.0,0.0,0.0,8.0,0.0
CLI005790,7.0,0.0,0.0,0.0,9.0
CLI005791,0.0,0.0,9.0,0.0,7.0
CLI005792,0.0,0.0,0.0,0.0,9.0
CLI005793,0.0,7.0,0.0,9.0,0.0
CLI005794,0.0,8.0,0.0,0.0,9.0
CLI005795,0.0,0.0,0.0,9.0,0.0
CLI005796,0.0,7.0,9.0,0.0,0.0
CLI005797,8.666666666666666,0.0,0.0,0.0,0.0
CLI005798,8.0,9.0,0.0,0.0,0.0
CLI005799,0.0,0.0,7.0,8.0,0.0
CLI005800,0.0,0.0,0.0,0.0,10.0
CLI005801,0.0,7.0,0.0,0.0,0.0
CLI005802,7.0,8.0,8.0,0.0,0.0
CLI005804,9.0,0.0,0.0,0.0,7.0
CLI005805,0.0,10.0,0.0,0.0,0.0
CLI005806,0.0,0.0,0.0,9.5,8.5
CLI005807,0.0,0.0,0.0,8.0,0.0
CLI005808,7.5,0.0,7.0,0.0,0.0
CLI005809,0.0,0.0,0.0,8.0,0.0
CLI005810,0.0,0.0,0.0,9.0,8.333333333333334
CLI005811,0.0,6.0,0.0,0.0,0.0
CLI005812,0.0,0.0,0.0,7.0,0.0
CLI005813,7.0,7.0,9.0,0.0,9.0
CLI005815,0.0,0.0,0.0,8.0,0.0
CLI005816,0.0,0.0,8.0,0.0,0.0
CLI005817,0.0,0.0,0.0,7.5,8.0
CLI005818,8.0,7.0,0.0,9.0,9.0
CLI005820,0.0,0.0,9.0,0.0,6.5
CLI005821,7.0,0.0,8.0,8.5,0.0
CLI005822,0.0,9.0,9.0,0.0,7.5
CLI005823,0.0,0.0,0.0,8.0,0.0
CLI005824,0.0,0.0,0.0,8.5,7.5
CLI005825,0.0,8.0,0.0,0.0,0.0
CLI005827,8.0,0.0,8.0,8.0,8.0
CLI005828,0.0,9.0,7.5,0.0,0.0
CLI005829,0.0,9.0,0.0,9.0,8.0
CLI005831,0.0,8.0,8.0,8.0,8.0
CLI005832,0.0,0.0,0.0,0.0,7.5
CLI005833,8.0,0.0,0.0,0.0,10.0
CLI005834,9.0,0.0,0.0,0.0,0.0
CLI005835,8.0,10.0,0.0,0.0,9.0
CLI005836,9.0,8.0,8.0,8.5,0.0
CLI005837,10.0,0.0,0.0,9.0,0.0
CLI005838,7.0,0.0,0.0,0.0,0.0
CLI005839,0.0,9.0,0.0,0.0,0.0
CLI005840,0.0,0.0,9.0,0.0,0.0
CLI005841,7.0,0.0,8.0,0.0,0.0
CLI005842,9.0,0.0,0.0,7.0,9.0
CLI005843,0.0,0.0,0.0,8.0,0.0
CLI005844,8.0,0.0,0.0,9.0,0.0
CLI005845,8.0,0.0,8.0,9.0,0.0
CLI005846,8.0,8.0,0.0,0.0,0.0
CLI005847,0.0,8.5,0.0,0.0,0.0
CLI005848,7.0,0.0,0.0,0.0,0.0
CLI005849,8.0,0.0,7.0,0.0,9.0
CLI005850,8.0,0.0,0.0,9.5,8.333333333333334
CLI005851,0.0,0.0,7.0,0.0,8.0
CLI005852,9.0,0.0,7.5,8.5,0.0
CLI005853,7.0,0.0,9.0,9.0,7.0
CLI005854,0.0,0.0,0.0,0.0,8.333333333333334
CLI005856,0.0,7.0,0.0,0.0,8.0
CLI005857,10.0,0.0,0.0,0.0,0.0
CLI005858,0.0,0.0,9.0,0.0,8.0
CLI005859,0.0,9.0,0.0,0.0,0.0
CLI005860,0.0,0.0,8.0,7.0,0.0
CLI005861,0.0,0.0,0.0,9.0,0.0
CLI005862,0.0,0.0,0.0,7.0,0.0
CLI005863,0.0,0.0,0.0,8.0,0.0
CLI005864,0.0,0.0,7.0,0.0,0.0
CLI005865,0.0,9.0,7.5,0.0,7.0
CLI005866,0.0,8.0,0.0,0.0,0.0
CLI005867,0.0,0.0,8.0,10.0,7.0
CLI005868,0.0,9.0,0.0,0.0,0.0
CLI005869,8.0,8.0,0.0,8.0,0.0
CLI005870,0.0,8.0,0.0,0.0,7.0
CLI005871,0.0,0.0,8.0,0.0,8.0
CLI005872,10.0,8.0,0.0,7.5,9.0
CLI005874,8.0,0.0,0.0,0.0,0.0
CLI005875,8.666666666666666,0.0,0.0,0.0,10.0
CLI005876,8.0,0.0,0.0,0.0,8.0
CLI005877,10.0,8.0,0.0,0.0,0.0
CLI005878,0.0,0.0,0.0,8.5,7.0
CLI005879,0.0,8.0,0.0,8.0,0.0
CLI005880,0.0,0.0,0.0,0.0,9.0
CLI005881,7.0,8.0,9.0,0.0,0.0
CLI005882,0.0,0.0,0.0,7.0,0.0
CLI005883,8.5,0.0,8.0,0.0,0.0
CLI005884,0.0,0.0,0.0,0.0,8.0
CLI005885,0.0,8.0,7.0,8.0,0.0
CLI005886,0.0,7.0,7.0,0.0,0.0
CLI005887,10.0,0.0,0.0,0.0,0.0
CLI005888,0.0,7.5,7.0,9.0,0.0
CLI005889,8.0,0.0,0.0,7.5,0.0
CLI005890,0.0,0.0,9.0,8.0,0.0
CLI005892,8.0,0.0,0.0,8.0,0.0
CLI005893,8.0,0.0,0.0,0.0,0.0
CLI005894,0.0,8.0,0.0,0.0,7.0
CLI005895,0.0,8.0,7.0,0.0,7.5
CLI005896,0.0,9.0,0.0,0.0,9.5
CLI005897,0.0,9.0,0.0,0.0,0.0
CLI005898,9.0,0.0,0.0,0.0,0.0
CLI005899,7.0,0.0,0.0,7.0,0.0
CLI005900,9.0,8.0,0.0,0.0,0.0
CLI005901,9.0,0.0,9.0,0.0,0.0
CLI005902,0.0,10.0,0.0,0.0,0.0
CLI005903,0.0,0.0,8.0,0.0,0.0
CLI005904,7.0,7.0,0.0,0.0,0.0
CLI005906,0.0,0.0,9.0,0.0,8.0
CLI005907,0.0,9.0,9.0,0.0,0.0
CLI005908,0.0,0.0,0.0,7.0,8.0
CLI005910,7.0,0.0,0.0,7.0,0.0
CLI005911,10.0,8.0,0.0,9.5,0.0
CLI005912,0.0,8.0,0.0,0.0,6.0
CLI005913,0.0,8.0,7.0,8.0,9.0
CLI005914,7.0,9.0,8.0,0.0,0.0
CLI005915,0.0,0.0,10.0,9.0,7.0
CLI005916,0.0,0.0,0.0,8.0,0.0
CLI005917,0.0,0.0,0.0,0.0,7.5
CLI005918,0.0,8.5,0.0,0.0,0.0
CLI005919,8.0,0.0,0.0,7.0,9.0
CLI005920,9.0,0.0,0.0,8.5,10.0
CLI005922,8.0,9.5,0.0,7.5,0.0
CLI005923,8.0,9.0,0.0,0.0,0.0
CLI005924,0.0,9.0,0.0,8.333333333333334,0.0
CLI005926,0.0,0.0,0.0,9.0,7.0
CLI005927,9.0,0.0,8.0,8.0,0.0
CLI005928,0.0,0.0,9.0,0.0,0.0
CLI005929,0.0,0.0,8.5,0.0,0.0
CLI005930,0.0,0.0,0.0,0.0,8.0
CLI005932,0.0,0.0,10.0,0.0,0.0
CLI005933,0.0,0.0,0.0,8.0,0.0
CLI005934,0.0,0.0,9.0,9.0,7.666666666666667
CLI005935,0.0,7.5,0.0,0.0,0.0
CLI005936,0.0,6.0,0.0,8.0,0.0
CLI005937,8.5,0.0,8.0,0.0,0.0
CLI005938,0.0,8.0,0.0,9.0,0.0
CLI005939,0.0,0.0,0.0,0.0,8.0
CLI005940,9.0,0.0,0.0,0.0,0.0
CLI005941,0.0,9.0,8.0,0.0,0.0
CLI005942,8.0,8.0,0.0,0.0,8.5
CLI005943,10.0,8.0,8.5,8.0,8.0
CLI005944,7.5,8.0,8.0,0.0,8.0
CLI005947,7.0,7.0,0.0,10.0,0.0
CLI005948,9.0,8.333333333333334,0.0,8.0,0.0
CLI005949,0.0,0.0,6.0,8.0,0.0
CLI005950,0.0,0.0,8.0,0.0,0.0
CLI005951,0.0,8.0,0.0,7.0,0.0
CLI005952,0.0,7.0,0.0,0.0,0.0
CLI005953,10.0,9.0,0.0,9.0,0.0
CLI005954,0.0,0.0,10.0,0.0,0.0
CLI005955,9.0,9.0,0.0,0.0,0.0
CLI005956,0.0,0.0,0.0,0.0,9.0
CLI005957,0.0,0.0,7.0,0.0,8.0
CLI005958,0.0,0.0,8.5,0.0,7.0
CLI005959,0.0,0.0,9.5,8.0,8.0
CLI005960,9.0,8.5,9.0,0.0,0.0
CLI005961,8.0,8.0,8.0,0.0,9.0
CLI005962,0.0,0.0,9.0,8.0,0.0
CLI005963,0.0,7.666666666666667,0.0,0.0,8.0
CLI005964,7.0,9.0,0.0,7.0,0.0
CLI005966,9.0,0.0,0.0,0.0,0.0
CLI005969,0.0,0.0,8.0,7.0,9.0
CLI005970,0.0,7.5,0.0,0.0,0.0
CLI005972,7.0,7.0,0.0,8.0,0.0
CLI005973,0.0,8.0,0.0,0.0,0.0
CLI005974,0.0,8.0,0.0,0.0,8.5
CLI005975,0.0,0.0,7.0,7.0,8.0
CLI005976,7.0,10.0,8.0,6.0,9.0
CLI005977,0.0,0.0,0.0,0.0,9.0
CLI005978,0.0,0.0,7.0,0.0,0.0
CLI005979,0.0,0.0,8.0,7.0,0.0
CLI005980,8.0,10.0,0.0,8.0,9.0
CLI005981,0.0,0.0,8.0,8.0,9.0
CLI005982,0.0,0.0,10.0,8.5,9.0
CLI005983,0.0,0.0,9.0,0.0,8.0
CLI005984,0.0,0.0,0.0,8.0,0.0
CLI005985,0.0,0.0,8.0,0.0,8.0
CLI005986,0.0,8.0,0.0,0.0,7.5
CLI005987,7.0,0.0,0.0,0.0,0.0
CLI005988,0.0,0.0,0.0,8.0,0.0
CLI005989,0.0,8.0,8.0,0.0,9.0
CLI005990,9.0,7.0,0.0,0.0,0.0
CLI005991,0.0,0.0,9.0,8.0,0.0
CLI005992,0.0,0.0,8.666666666666666,0.0,0.0
CLI005993,9.0,9.0,8.0,0.0,0.0
CLI005994,7.0,0.0,0.0,0.0,0.0
CLI005996,0.0,10.0,0.0,0.0,0.0
CLI005997,8.0,9.0,7.0,0.0,0.0
CLI005998,0.0,0.0,8.0,0.0,0.0
CLI005999,0.0,8.0,8.5,0.0,0.0
CLI006000,0.0,0.0,0.0,7.0,0.0
CLI006001,8.0,0.0,0.0,0.0,7.0
CLI006002,0.0,7.0,9.0,8.0,0.0
CLI006003,8.0,0.0,9.0,9.0,0.0
CLI006004,0.0,8.0,0.0,0.0,8.0
CLI006005,0.0,0.0,0.0,8.0,0.0
CLI006006,0.0,0.0,0.0,7.0,10.0
CLI006008,8.0,9.0,8.333333333333334,0.0,7.0
CLI006009,0.0,0.0,0.0,8.0,0.0
CLI006010,8.5,9.0,8.5,0.0,0.0
CLI006011,0.0,10.0,0.0,0.0,6.0
CLI006012,0.0,0.0,0.0,0.0,7.0
CLI006013,0.0,10.0,7.0,0.0,0.0
CLI006019,8.0,0.0,8.0,0.0,0.0
CLI006020,0.0,0.0,7.0,0.0,9.5
CLI006021,8.0,7.0,0.0,0.0,0.0
CLI006022,7.5,0.0,0.0,0.0,0.0
CLI006023,0.0,0.0,0.0,7.0,0.0
CLI006024,0.0,0.0,0.0,0.0,9.0
CLI006025,0.0,8.0,0.0,0.0,0.0
CLI006026,7.0,0.0,0.0,0.0,7.333333333333333
CLI006029,0.0,8.0,0.0,8.5,9.0
CLI006030,0.0,0.0,0.0,8.5,0.0
CLI006031,8.0,9.0,9.0,8.0,0.0
CLI006032,0.0,7.0,0.0,0.0,0.0
CLI006033,0.0,0.0,0.0,9.0,8.0
CLI006034,0.0,8.0,0.0,7.0,9.0
CLI006035,0.0,0.0,0.0,0.0,8.0
CLI006036,0.0,0.0,9.0,0.0,0.0
CLI006037,7.0,0.0,0.0,9.0,10.0
CLI006038,7.0,0.0,0.0,0.0,8.0
CLI006039,9.0,10.0,0.0,10.0,0.0
CLI006040,9.0,8.0,0.0,9.0,0.0
CLI006042,0.0,0.0,0.0,0.0,7.0
CLI006043,7.0,0.0,0.0,0.0,0.0
CLI006045,0.0,10.0,0.0,8.0,0.0
CLI006046,0.0,0.0,8.0,8.0,7.0
CLI006047,8.0,0.0,0.0,8.0,0.0
CLI006048,0.0,0.0,0.0,0.0,9.0
CLI006049,0.0,0.0,0.0,0.0,8.333333333333334
CLI006050,10.0,0.0,0.0,0.0,0.0
CLI006051,0.0,0.0,8.0,0.0,7.0
CLI006052,0.0,0.0,8.0,0.0,7.333333333333333
CLI006053,0.0,8.5,0.0,8.0,0.0
CLI006054,10.0,8.5,9.0,0.0,0.0
CLI006055,9.0,9.0,7.5,0.0,9.0
CLI006056,8.0,8.0,7.0,0.0,9.0
CLI006057,0.0,8.0,8.0,8.0,8.0
CLI006058,0.0,0.0,8.0,0.0,0.0
CLI006060,9.0,0.0,0.0,10.0,8.0
CLI006061,8.0,0.0,7.0,8.5,0.0
CLI006063,0.0,7.5,0.0,8.0,0.0
CLI006064,0.0,7.5,0.0,7.333333333333333,0.0
CLI006065,8.0,0.0,8.5,9.0,0.0
CLI006066,0.0,8.0,9.0,6.0,8.5
CLI006067,0.0,7.666666666666667,8.0,0.0,7.5
CLI006068,0.0,0.0,0.0,7.5,8.0
CLI006069,0.0,0.0,8.0,0.0,0.0
CLI006070,10.0,10.0,8.0,8.0,0.0
CLI006072,9.0,6.0,10.0,0.0,8.0
CLI006073,0.0,8.0,9.0,8.0,0.0
CLI006074,8.0,0.0,0.0,0.0,0.0
CLI006075,0.0,8.0,9.0,7.0,0.0
CLI006076,0.0,9.0,0.0,0.0,0.0
CLI006077,0.0,0.0,0.0,8.0,0.0
CLI006078,8.0,8.0,9.0,7.0,8.0
CLI006079,7.0,0.0,0.0,6.0,0.0
CLI006080,0.0,0.0,0.0,8.0,0.0
CLI006081,0.0,8.0,9.0,0.0,0.0
CLI006082,0.0,8.5,0.0,0.0,0.0
CLI006083,7.5,0.0,0.0,0.0,0.0
CLI006084,0.0,8.0,0.0,0.0,8.0
CLI006085,0.0,8.0,0.0,0.0,0.0
CLI006087,0.0,0.0,0.0,7.0,0.0
CLI006088,0.0,8.0,6.0,0.0,0.0
CLI006089,6.0,0.0,0.0,7.5,9.0
CLI006090,7.0,6.0,0.0,9.0,6.0
CLI006092,9.0,0.0,0.0,9.0,0.0
CLI006093,7.0,8.5,0.0,7.0,0.0
CLI006094,7.0,0.0,9.0,0.0,0.0
CLI006095,9.0,9.0,7.0,0.0,0.0
CLI006097,0.0,9.0,0.0,8.5,0.0
CLI006098,0.0,0.0,0.0,8.5,0.0
CLI006099,8.0,0.0,9.0,0.0,0.0
CLI006100,0.0,0.0,7.0,8.0,9.0
CLI006101,0.0,6.0,8.0,0.0,0.0
CLI006102,0.0,9.0,0.0,0.0,7.5
CLI006103,0.0,7.0,7.0,9.0,0.0
CLI006104,0.0,10.0,0.0,0.0,0.0
CLI006105,0.0,8.0,0.0,8.5,8.0
CLI006106,10.0,0.0,0.0,0.0,0.0
CLI006107,0.0,9.0,9.0,9.0,0.0
CLI006108,10.0,0.0,8.0,8.0,0.0
CLI006109,0.0,0.0,8.0,0.0,0.0
CLI006110,0.0,0.0,0.0,7.0,6.0
CLI006111,0.0,0.0,0.0,8.5,9.0
CLI006112,9.0,0.0,0.0,8.5,0.0
CLI006115,0.0,9.0,0.0,0.0,0.0
CLI006117,0.0,0.0,8.0,0.0,8.5
CLI006118,0.0,0.0,0.0,0.0,8.5
CLI006119,0.0,7.0,0.0,0.0,0.0
CLI006120,7.0,0.0,0.0,7.0,7.0
CLI006121,0.0,0.0,0.0,10.0,0.0
CLI006122,8.0,8.0,0.0,7.0,0.0
CLI006123,0.0,9.0,0.0,0.0,0.0
CLI006124,7.0,0.0,8.0,0.0,0.0
CLI006125,0.0,0.0,8.0,10.0,0.0
CLI006127,0.0,8.0,0.0,8.0,0.0
CLI006128,0.0,0.0,9.0,0.0,0.0
CLI006129,10.0,0.0,0.0,8.0,0.0
CLI006130,0.0,9.0,0.0,0.0,8.5
CLI006131,0.0,8.0,0.0,0.0,8.0
CLI006132,8.5,8.0,8.0,0.0,0.0
CLI006133,0.0,9.0,0.0,0.0,0.0
CLI006135,0.0,0.0,7.0,0.0,0.0
CLI006136,0.0,0.0,9.0,7.0,9.0
CLI006137,9.0,0.0,8.0,0.0,0.0
CLI006138,0.0,8.0,8.0,8.0,7.0
CLI006139,8.0,7.0,0.0,9.0,0.0
CLI006140,0.0,0.0,0.0,8.0,0.0
CLI006141,7.0,9.0,0.0,7.0,0.0
CLI006142,8.0,0.0,0.0,8.0,0.0
CLI006143,9.0,0.0,0.0,0.0,0.0
CLI006144,8.0,0.0,0.0,0.0,0.0
CLI006145,0.0,0.0,0.0,8.0,8.0
CLI006146,0.0,0.0,0.0,0.0,7.0
CLI006147,9.0,0.0,0.0,0.0,8.0
CLI006148,0.0,7.0,7.0,8.0,0.0
CLI006149,0.0,0.0,0.0,9.0,0.0
CLI006150,0.0,8.5,0.0,0.0,0.0
CLI006151,8.0,8.0,0.0,8.0,8.0
CLI006152,8.0,7.0,7.0,9.0,8.0
CLI006153,9.0,7.0,8.0,0.0,8.0
CLI006154,9.0,0.0,0.0,0.0,8.75
CLI006155,7.0,0.0,0.0,8.0,8.333333333333334
CLI006156,9.0,8.0,0.0,0.0,0.0
CLI006157,0.0,8.0,9.0,8.0,0.0
CLI006158,7.0,0.0,0.0,0.0,0.0
CLI006159,9.0,0.0,0.0,0.0,8.0
CLI006160,6.0,9.0,8.0,0.0,0.0
CLI006161,8.0,7.0,0.0,0.0,0.0
CLI006162,0.0,0.0,0.0,0.0,7.0
CLI006163,0.0,8.5,8.0,0.0,0.0
CLI006165,0.0,0.0,0.0,7.5,0.0
CLI006166,0.0,0.0,0.0,0.0,8.0
CLI006168,0.0,6.0,0.0,0.0,9.0
CLI006169,0.0,9.0,9.0,9.0,9.0
CLI006170,0.0,0.0,10.0,0.0,7.0
CLI006171,7.0,8.0,0.0,10.0,0.0
CLI006172,10.0,8.333333333333334,0.0,8.5,0.0
CLI006173,6.0,0.0,7.5,7.0,0.0
CLI006174,8.5,7.0,0.0,0.0,0.0
CLI006175,9.0,0.0,0.0,9.0,0.0
CLI006177,0.0,8.0,9.0,0.0,0.0
CLI006179,7.0,0.0,0.0,9.0,0.0
CLI006180,0.0,0.0,9.0,0.0,8.0
CLI006181,0.0,7.5,7.0,8.0,0.0
CLI006182,0.0,8.5,0.0,0.0,0.0
CLI006183,9.0,0.0,0.0,0.0,0.0
CLI006184,0.0,8.0,0.0,0.0,0.0
CLI006185,0.0,8.0,0.0,8.0,0.0
CLI006186,10.0,10.0,8.0,0.0,6.0
CLI006187,0.0,0.0,8.0,0.0,8.0
CLI006188,9.0,0.0,0.0,0.0,0.0
CLI006189,8.0,0.0,0.0,8.0,8.0
CLI006190,0.0,8.0,7.5,0.0,0.0
CLI006191,0.0,6.0,0.0,7.0,8.0
CLI006192,0.0,0.0,0.0,8.0,0.0
CLI006194,0.0,0.0,0.0,8.0,0.0
CLI006195,0.0,0.0,8.0,7.0,0.0
CLI006196,0.0,8.0,0.0,8.0,0.0
CLI006197,0.0,0.0,0.0,0.0,10.0
CLI006198,0.0,0.0,8.0,0.0,9.0
CLI006199,7.0,0.0,0.0,0.0,0.0
CLI006200,0.0,0.0,0.0,0.0,9.0
CLI006201,9.0,8.0,0.0,0.0,0.0
CLI006202,0.0,0.0,9.0,0.0,0.0
CLI006203,0.0,0.0,0.0,10.0,0.0
CLI006204,8.0,0.0,9.0,0.0,8.0
CLI006205,0.0,0.0,7.0,0.0,0.0
CLI006206,0.0,8.0,0.0,0.0,10.0
CLI006207,0.0,0.0,8.0,0.0,0.0
CLI006208,9.0,8.0,0.0,0.0,7.0
CLI006209,9.0,0.0,8.0,0.0,0.0
CLI006210,8.5,0.0,0.0,0.0,8.0
CLI006211,0.0,7.0,0.0,0.0,0.0
CLI006212,0.0,9.0,0.0,0.0,8.333333333333334
CLI006213,0.0,9.0,0.0,0.0,0.0
CLI006214,9.0,0.0,0.0,0.0,9.0
CLI006215,9.0,7.0,7.0,0.0,0.0
CLI006216,7.0,7.0,8.0,0.0,0.0
CLI006217,0.0,9.0,8.0,8.0,9.0
CLI006219,0.0,0.0,9.0,0.0,0.0
CLI006220,0.0,0.0,9.0,0.0,0.0
CLI006221,0.0,7.0,0.0,8.0,0.0
CLI006222,0.0,0.0,8.0,0.0,0.0
CLI006223,0.0,0.0,0.0,0.0,10.0
CLI006224,0.0,9.0,0.0,8.0,0.0
CLI006225,9.0,8.0,9.0,6.0,0.0
CLI006226,0.0,9.0,0.0,0.0,0.0
CLI006227,0.0,0.0,0.0,0.0,9.0
CLI006228,0.0,8.0,0.0,0.0,0.0
CLI006229,0.0,9.0,0.0,0.0,9.0
CLI006231,8.5,0.0,7.5,8.0,7.0
CLI006232,9.0,9.0,9.0,9.0,0.0
CLI006233,9.0,0.0,7.5,8.0,0.0
CLI006235,0.0,7.0,9.0,0.0,9.0
CLI006236,0.0,8.0,8.0,0.0,0.0
CLI006237,7.0,0.0,8.0,0.0,0.0
CLI006238,7.5,9.0,0.0,9.0,0.0
CLI006239,7.0,0.0,0.0,0.0,0.0
CLI006240,0.0,9.0,7.0,0.0,7.0
CLI006241,7.0,9.0,7.0,0.0,0.0
CLI006242,10.0,8.5,0.0,0.0,0.0
CLI006243,0.0,0.0,8.0,0.0,0.0
CLI006244,0.0,7.0,0.0,0.0,0.0
CLI006245,8.0,6.0,0.0,0.0,9.0
CLI006246,0.0,9.0,0.0,0.0,0.0
CLI006247,0.0,7.0,0.0,0.0,0.0
CLI006248,0.0,8.5,9.0,8.0,0.0
CLI006249,9.0,0.0,0.0,0.0,0.0
CLI006250,9.0,6.5,0.0,8.0,8.0
CLI006252,0.0,10.0,0.0,7.0,9.0
CLI006253,0.0,0.0,7.5,0.0,8.0
CLI006254,0.0,10.0,7.0,0.0,8.0
CLI006255,0.0,6.0,0.0,0.0,0.0
CLI006256,0.0,8.0,7.0,0.0,10.0
CLI006257,9.0,9.5,9.0,9.0,7.0
CLI006258,7.0,6.5,0.0,0.0,0.0
CLI006259,0.0,0.0,9.0,0.0,8.0
CLI006261,0.0,0.0,0.0,9.0,6.0
CLI006262,0.0,0.0,0.0,0.0,8.0
CLI006263,0.0,7.0,9.0,0.0,0.0
CLI006264,9.0,0.0,0.0,7.0,8.0
CLI006265,7.0,9.0,0.0,7.5,7.5
CLI006266,7.0,0.0,7.0,9.0,0.0
CLI006267,0.0,0.0,8.0,7.0,0.0
CLI006268,8.0,8.0,0.0,8.5,0.0
CLI006269,0.0,7.0,0.0,0.0,0.0
CLI006270,9.0,0.0,7.0,0.0,0.0
CLI006272,0.0,9.0,9.0,7.0,8.0
CLI006273,8.0,0.0,0.0,0.0,7.0
CLI006274,0.0,0.0,8.0,0.0,0.0
CLI006275,0.0,0.0,0.0,0.0,8.0
CLI006276,8.0,8.0,0.0,0.0,0.0
CLI006277,8.0,0.0,0.0,0.0,0.0
CLI006279,0.0,0.0,0.0,9.0,0.0
CLI006280,0.0,0.0,0.0,9.0,0.0
CLI006281,7.666666666666667,0.0,8.0,0.0,9.0
CLI006282,9.0,0.0,10.0,0.0,8.0
CLI006283,8.333333333333334,9.0,9.0,8.0,0.0
CLI006284,0.0,0.0,9.0,0.0,0.0
CLI006285,9.0,0.0,7.0,0.0,9.0
CLI006286,0.0,0.0,8.0,8.0,0.0
CLI006287,0.0,8.0,9.0,0.0,0.0
CLI006288,0.0,9.0,0.0,0.0,0.0
CLI006289,0.0,9.0,0.0,9.0,0.0
CLI006290,0.0,0.0,0.0,9.0,0.0
CLI006291,0.0,8.0,7.5,0.0,8.0
CLI006292,0.0,8.0,0.0,8.0,0.0
CLI006293,8.0,0.0,0.0,8.0,10.0
CLI006294,8.0,9.0,8.0,0.0,8.0
CLI006295,7.0,0.0,9.0,0.0,0.0
CLI006296,0.0,8.0,0.0,0.0,0.0
CLI006297,6.0,0.0,0.0,8.0,0.0
CLI006298,0.0,0.0,9.0,0.0,9.0
CLI006299,8.0,0.0,0.0,0.0,0.0
CLI006300,0.0,0.0,9.0,8.0,0.0
CLI006301,7.5,8.0,7.0,0.0,8.0
CLI006303,0.0,9.0,0.0,8.0,0.0
CLI006304,0.0,0.0,9.0,8.0,0.0
CLI006305,0.0,0.0,0.0,0.0,9.0
CLI006306,8.0,9.0,0.0,0.0,0.0
CLI006307,0.0,0.0,0.0,8.0,0.0
CLI006308,0.0,0.0,9.0,0.0,8.0
CLI006309,7.0,0.0,0.0,0.0,0.0
CLI006310,7.0,9.0,8.0,0.0,8.0
CLI006311,9.0,0.0,0.0,0.0,7.0
CLI006312,0.0,0.0,8.0,7.0,0.0
CLI006313,0.0,0.0,0.0,8.0,0.0
CLI006314,7.0,0.0,0.0,0.0,0.0
CLI006315,0.0,0.0,0.0,0.0,8.333333333333334
CLI006316,7.0,0.0,8.0,0.0,0.0
CLI006317,0.0,8.0,7.0,10.0,8.0
CLI006318,0.0,0.0,0.0,0.0,9.0
CLI006319,0.0,8.0,0.0,0.0,0.0
CLI006320,0.0,0.0,7.0,0.0,0.0
CLI006322,0.0,0.0,9.0,0.0,9.0
CLI006323,0.0,0.0,0.0,0.0,9.5
CLI006324,0.0,8.0,0.0,0.0,7.0
CLI006326,0.0,0.0,9.0,0.0,9.0
CLI006328,8.0,8.0,9.0,0.0,0.0
CLI006329,0.0,0.0,0.0,7.0,0.0
CLI006330,8.0,0.0,0.0,0.0,0.0
CLI006331,8.0,0.0,0.0,8.0,0.0
CLI006333,0.0,8.5,0.0,8.5,8.0
CLI006335,0.0,8.5,8.0,0.0,0.0
CLI006336,9.0,9.0,0.0,0.0,7.5
CLI006337,8.0,0.0,8.0,0.0,0.0
CLI006338,0.0,0.0,9.0,8.0,7.0
CLI006339,7.0,8.0,0.0,8.0,0.0
CLI006341,9.0,0.0,0.0,0.0,0.0
CLI006342,0.0,0.0,0.0,7.5,0.0
CLI006343,8.5,0.0,9.0,0.0,8.0
CLI006344,0.0,7.0,0.0,0.0,8.0
CLI006345,0.0,0.0,0.0,8.0,8.0
CLI006346,0.0,8.0,0.0,8.0,9.0
CLI006347,0.0,0.0,0.0,8.0,0.0
CLI006348,7.0,7.0,9.0,0.0,8.0
CLI006349,8.0,9.0,8.0,0.0,0.0
CLI006350,8.0,9.0,0.0,8.0,0.0
CLI006351,8.0,0.0,6.0,8.0,10.0
CLI006352,0.0,7.0,9.0,0.0,0.0
CLI006355,0.0,0.0,0.0,7.0,9.0
CLI006356,0.0,7.0,9.5,7.0,8.0
CLI006357,0.0,9.0,9.0,7.0,0.0
CLI006358,0.0,0.0,0.0,6.0,0.0
CLI006359,0.0,0.0,8.0,0.0,7.0
CLI006361,0.0,0.0,0.0,7.0,8.0
CLI006362,8.5,0.0,0.0,0.0,0.0
CLI006363,7.0,0.0,8.0,0.0,0.0
CLI006364,8.0,0.0,0.0,0.0,8.0
CLI006365,0.0,8.0,0.0,7.666666666666667,8.0
CLI006366,0.0,0.0,10.0,8.0,8.0
CLI006367,7.5,8.0,0.0,10.0,0.0
CLI006368,0.0,10.0,9.0,0.0,0.0
CLI006369,0.0,0.0,8.333333333333334,0.0,0.0
CLI006370,0.0,0.0,9.0,0.0,6.0
CLI006371,7.0,8.0,8.0,8.0,9.0
CLI006372,8.0,0.0,0.0,0.0,0.0
CLI006373,8.0,0.0,0.0,0.0,0.0
CLI006374,0.0,0.0,0.0,0.0,7.0
CLI006375,0.0,7.5,9.0,0.0,0.0
CLI006376,0.0,10.0,0.0,0.0,0.0
CLI006377,0.0,0.0,0.0,0.0,9.0
CLI006378,7.0,0.0,0.0,8.0,0.0
CLI006379,8.0,8.0,8.0,0.0,8.5
CLI006380,0.0,10.0,0.0,0.0,0.0
CLI006381,0.0,0.0,0.0,9.0,9.0
CLI006382,8.0,0.0,0.0,8.0,7.0
CLI006383,0.0,0.0,9.0,0.0,0.0
CLI006384,0.0,0.0,0.0,0.0,9.0
CLI006385,9.0,0.0,0.0,9.0,9.0
CLI006386,0.0,9.0,0.0,0.0,0.0
CLI006387,0.0,8.0,10.0,0.0,0.0
CLI006388,9.0,8.0,0.0,9.0,7.0
CLI006389,9.0,8.0,0.0,9.0,0.0
CLI006390,0.0,7.0,0.0,0.0,0.0
CLI006391,8.666666666666666,0.0,0.0,0.0,0.0
CLI006392,8.0,0.0,10.0,8.0,0.0
CLI006393,8.0,0.0,0.0,0.0,9.0
CLI006394,8.0,0.0,0.0,0.0,0.0
CLI006395,0.0,0.0,8.0,0.0,0.0
CLI006396,0.0,0.0,0.0,0.0,6.0
CLI006397,0.0,9.0,9.0,0.0,0.0
CLI006398,0.0,8.0,0.0,0.0,0.0
CLI006399,8.0,9.0,0.0,0.0,8.0
CLI006400,0.0,8.0,0.0,9.0,8.0
CLI006401,9.0,9.0,0.0,8.0,0.0
CLI006402,0.0,0.0,7.5,0.0,0.0
CLI006403,0.0,8.0,0.0,0.0,8.0
CLI006404,0.0,7.0,0.0,0.0,7.0
CLI006405,0.0,0.0,7.5,9.0,7.0
CLI006406,7.0,0.0,0.0,8.0,0.0
CLI006407,0.0,10.0,0.0,0.0,0.0
CLI006408,0.0,9.0,0.0,0.0,0.0
CLI006409,0.0,0.0,9.0,7.0,0.0
CLI006410,0.0,0.0,9.0,0.0,0.0
CLI006411,0.0,8.0,0.0,0.0,0.0
CLI006412,8.0,8.333333333333334,8.0,0.0,9.0
CLI006413,7.333333333333333,10.0,0.0,0.0,8.0
CLI006414,0.0,8.0,0.0,0.0,0.0
CLI006415,7.0,0.0,9.0,0.0,0.0
CLI006416,0.0,9.0,8.0,0.0,0.0
CLI006417,7.0,0.0,0.0,9.0,0.0
CLI006418,0.0,0.0,0.0,0.0,8.0
CLI006419,9.0,0.0,0.0,7.666666666666667,0.0
CLI006420,0.0,7.0,7.0,0.0,0.0
CLI006421,8.0,0.0,0.0,0.0,0.0
CLI006422,0.0,0.0,0.0,0.0,8.0
CLI006423,9.0,9.0,7.0,0.0,0.0
CLI006424,0.0,0.0,0.0,9.0,0.0
CLI006425,10.0,7.0,0.0,8.0,0.0
CLI006426,7.0,0.0,0.0,0.0,8.0
CLI006427,8.5,0.0,0.0,0.0,0.0
CLI006428,0.0,7.0,0.0,8.0,0.0
CLI006429,0.0,0.0,8.0,0.0,0.0
CLI006430,0.0,0.0,8.0,7.0,8.0
CLI006432,0.0,8.0,0.0,0.0,9.0
CLI006433,0.0,0.0,7.5,0.0,0.0
CLI006436,0.0,9.0,0.0,0.0,0.0
CLI006437,0.0,9.0,9.0,8.5,0.0
CLI006438,0.0,0.0,8.666666666666666,0.0,6.0
CLI006439,7.0,0.0,0.0,0.0,7.5
CLI006440,0.0,8.0,0.0,0.0,0.0
CLI006441,0.0,0.0,0.0,9.0,0.0
CLI006442,0.0,0.0,8.5,7.0,9.0
CLI006443,8.0,0.0,0.0,0.0,0.0
CLI006445,8.0,8.0,8.0,0.0,0.0
CLI006446,0.0,9.0,8.0,0.0,8.0
CLI006447,7.0,0.0,8.0,9.0,7.0
CLI006448,0.0,9.0,0.0,0.0,0.0
CLI006450,9.0,0.0,0.0,0.0,0.0
CLI006451,0.0,0.0,8.0,0.0,8.0
CLI006452,0.0,0.0,7.0,0.0,0.0
CLI006453,8.0,0.0,0.0,8.0,0.0
CLI006454,0.0,9.0,0.0,0.0,0.0
CLI006455,0.0,0.0,9.0,0.0,0.0
CLI006456,0.0,0.0,0.0,8.0,8.0
CLI006457,0.0,10.0,0.0,7.0,8.0
CLI006458,9.0,9.0,9.0,0.0,0.0
CLI006459,7.0,0.0,0.0,8.0,0.0
CLI006460,7.0,0.0,0.0,0.0,8.0
CLI006461,0.0,0.0,8.0,0.0,9.0
CLI006462,0.0,10.0,0.0,0.0,0.0
CLI006463,0.0,7.0,0.0,7.0,0.0
CLI006464,8.0,0.0,0.0,9.0,0.0
CLI006465,0.0,8.0,0.0,0.0,0.0
CLI006466,9.0,9.0,0.0,0.0,8.5
CLI006467,8.0,7.0,0.0,8.0,0.0
CLI006468,0.0,0.0,7.0,7.0,0.0
CLI006469,0.0,0.0,8.0,8.0,7.0
CLI006470,0.0,0.0,0.0,8.0,0.0
CLI006471,0.0,7.0,0.0,0.0,9.0
CLI006473,0.0,9.0,0.0,9.0,0.0
CLI006474,7.0,0.0,0.0,8.0,8.0
CLI006475,0.0,8.5,0.0,9.0,0.0
CLI006476,7.0,7.0,9.5,0.0,0.0
CLI006477,9.0,0.0,0.0,0.0,0.0
CLI006478,6.0,0.0,8.0,7.5,0.0
CLI006479,0.0,9.0,0.0,7.0,7.0
CLI006480,0.0,0.0,0.0,7.0,7.0
CLI006481,0.0,7.0,0.0,8.0,0.0
CLI006482,0.0,8.0,0.0,0.0,0.0
CLI006483,0.0,8.0,7.5,0.0,9.0
CLI006484,0.0,8.0,0.0,8.5,0.0
CLI006485,8.0,7.0,8.0,0.0,8.0
CLI006487,0.0,0.0,0.0,0.0,7.0
CLI006488,0.0,8.0,0.0,0.0,0.0
CLI006489,6.0,7.0,0.0,0.0,9.0
CLI006492,0.0,8.5,0.0,0.0,9.0
CLI006493,8.5,0.0,6.0,0.0,0.0
CLI006494,9.0,0.0,7.0,0.0,0.0
CLI006496,0.0,8.0,7.0,7.0,0.0
CLI006497,10.0,7.0,8.0,0.0,0.0
CLI006498,0.0,8.0,0.0,0.0,0.0
CLI006499,8.0,7.0,6.5,8.0,0.0
CLI006500,0.0,8.0,0.0,0.0,0.0
CLI006501,9.0,7.0,0.0,0.0,0.0
CLI006502,0.0,8.0,0.0,0.0,0.0
CLI006505,7.5,0.0,0.0,8.5,8.0
CLI006507,0.0,0.0,0.0,7.0,0.0
CLI006508,0.0,0.0,0.0,9.0,8.0
CLI006509,9.0,0.0,0.0,0.0,8.0
CLI006510,0.0,0.0,8.0,0.0,0.0
CLI006512,0.0,0.0,0.0,9.0,0.0
CLI006513,0.0,9.0,0.0,0.0,0.0
CLI006514,10.0,0.0,0.0,7.0,0.0
CLI006516,0.0,0.0,8.0,0.0,0.0
CLI006517,0.0,9.0,7.5,8.0,10.0
CLI006518,9.0,0.0,8.0,8.333333333333334,0.0
CLI006519,0.0,0.0,7.5,8.0,7.0
CLI006520,9.5,8.5,0.0,0.0,0.0
CLI006521,9.0,0.0,0.0,8.5,0.0
CLI006522,7.0,0.0,0.0,8.0,0.0
CLI006523,9.0,0.0,8.0,0.0,0.0
CLI006524,0.0,8.0,0.0,7.0,0.0
CLI006526,9.0,0.0,0.0,8.0,7.0
CLI006527,0.0,0.0,0.0,0.0,7.0
CLI006528,8.5,0.0,0.0,0.0,8.0
CLI006529,0.0,0.0,7.0,8.0,0.0
CLI006530,0.0,7.0,0.0,0.0,0.0
CLI006531,0.0,0.0,0.0,7.0,0.0
CLI006532,9.0,0.0,9.0,0.0,0.0
CLI006533,0.0,7.0,0.0,0.0,0.0
CLI006534,0.0,0.0,9.0,0.0,0.0
CLI006535,0.0,8.0,0.0,8.0,7.0
CLI006536,9.0,0.0,0.0,9.0,0.0
CLI006538,0.0,0.0,8.0,0.0,8.0
CLI006539,7.333333333333333,0.0,0.0,0.0,8.0
CLI006540,9.0,8.0,8.0,8.0,7.0
CLI006541,0.0,10.0,0.0,8.0,0.0
CLI006542,0.0,0.0,0.0,8.0,7.5
CLI006543,9.0,0.0,0.0,0.0,0.0
CLI006544,8.0,8.0,0.0,0.0,0.0
CLI006545,0.0,0.0,9.0,10.0,0.0
CLI006546,10.0,7.0,7.0,0.0,8.0
CLI006547,7.0,0.0,6.0,0.0,7.5
CLI006548,8.0,0.0,8.0,8.0,7.0
CLI006550,0.0,9.0,0.0,0.0,0.0
CLI006551,7.0,8.0,0.0,0.0,0.0
CLI006552,0.0,0.0,7.0,0.0,0.0
CLI006553,7.0,8.0,0.0,7.0,0.0
CLI006554,0.0,0.0,0.0,7.0,0.0
CLI006555,0.0,9.0,8.5,0.0,0.0
CLI006556,7.0,8.0,9.0,8.0,0.0
CLI006557,9.0,0.0,0.0,0.0,0.0
CLI006558,8.0,8.0,0.0,8.0,8.0
CLI006560,8.0,0.0,7.0,9.0,0.0
CLI006561,0.0,0.0,0.0,9.0,8.0
CLI006562,0.0,7.0,0.0,0.0,7.0
CLI006563,8.0,0.0,0.0,10.0,0.0
CLI006564,10.0,0.0,0.0,0.0,7.0
CLI006565,8.0,0.0,0.0,0.0,8.5
CLI006566,0.0,0.0,0.0,9.0,9.0
CLI006567,0.0,6.0,8.0,0.0,0.0
CLI006568,0.0,7.0,0.0,0.0,0.0
CLI006569,7.0,7.0,0.0,8.0,8.0
CLI006570,0.0,0.0,0.0,0.0,8.0
CLI006571,0.0,0.0,8.0,0.0,0.0
CLI006572,0.0,0.0,0.0,9.0,8.0
CLI006573,8.0,0.0,9.0,9.0,0.0
CLI006574,0.0,0.0,9.0,8.0,0.0
CLI006575,8.0,8.0,0.0,8.0,0.0
CLI006576,0.0,0.0,0.0,0.0,8.0
CLI006577,0.0,0.0,0.0,9.0,0.0
CLI006579,9.0,0.0,9.0,8.0,6.0
CLI006581,10.0,0.0,9.0,0.0,0.0
CLI006582,8.0,8.0,8.0,0.0,8.0
CLI006583,0.0,0.0,0.0,0.0,8.0
CLI006584,0.0,7.0,10.0,0.0,8.0
CLI006586,0.0,0.0,9.0,8.333333333333334,8.0
CLI006587,0.0,8.0,9.0,9.0,0.0
CLI006588,7.0,0.0,0.0,0.0,0.0
CLI006589,0.0,7.0,9.5,0.0,8.0
CLI006590,0.0,9.0,9.0,8.0,0.0
CLI006591,7.5,0.0,0.0,0.0,0.0
CLI006592,8.0,7.0,7.0,0.0,0.0
CLI006594,0.0,0.0,8.0,8.0,0.0
CLI006595,8.0,0.0,0.0,0.0,7.0
CLI006596,8.0,0.0,8.0,7.0,0.0
CLI006597,7.0,0.0,9.0,0.0,0.0
CLI006598,9.0,0.0,0.0,0.0,0.0
CLI006601,0.0,8.0,0.0,8.0,7.5
CLI006602,0.0,0.0,9.0,7.5,8.0
CLI006603,0.0,9.0,0.0,0.0,9.0
CLI006604,8.0,9.0,0.0,9.0,8.0
CLI006606,8.0,8.0,9.5,0.0,0.0
CLI006607,0.0,8.0,0.0,0.0,8.5
CLI006608,8.0,0.0,8.0,0.0,7.0
CLI006609,8.5,0.0,0.0,0.0,0.0
CLI006610,0.0,0.0,8.0,0.0,8.0
CLI006611,9.0,0.0,8.0,8.0,8.0
CLI006612,7.5,8.0,6.0,0.0,8.0
CLI006613,0.0,7.0,9.0,8.0,0.0
CLI006614,7.0,0.0,0.0,0.0,0.0
CLI006615,10.0,0.0,9.5,8.0,8.0
CLI006616,7.0,0.0,9.0,0.0,7.5
CLI006617,0.0,9.0,0.0,9.0,0.0
CLI006618,9.0,8.0,0.0,8.0,0.0
CLI006619,0.0,0.0,0.0,9.0,0.0
CLI006620,0.0,8.0,0.0,0.0,0.0
CLI006622,10.0,0.0,0.0,0.0,8.0
CLI006623,7.0,0.0,0.0,0.0,8.0
CLI006624,0.0,0.0,0.0,0.0,8.0
CLI006625,0.0,0.0,8.0,0.0,0.0
CLI006626,7.0,0.0,0.0,8.0,0.0
CLI006627,8.0,9.0,0.0,0.0,0.0
CLI006628,10.0,0.0,8.0,8.0,0.0
CLI006629,0.0,7.0,8.0,0.0,8.666666666666666
CLI006630,8.0,9.0,7.0,0.0,0.0
CLI006631,8.0,6.0,0.0,0.0,7.5
CLI006632,8.0,0.0,0.0,0.0,0.0
CLI006633,0.0,0.0,8.0,9.0,0.0
CLI006634,8.0,8.0,0.0,0.0,0.0
CLI006635,0.0,7.0,0.0,0.0,0.0
CLI006636,0.0,0.0,0.0,0.0,9.0
CLI006637,0.0,7.5,9.0,8.0,8.0
CLI006638,9.0,0.0,8.5,0.0,8.5
CLI006639,9.0,8.0,0.0,7.0,0.0
CLI006640,0.0,9.0,8.0,0.0,8.0
CLI006642,8.0,0.0,0.0,0.0,0.0
CLI006643,0.0,9.0,9.0,0.0,0.0
CLI006644,0.0,10.0,0.0,0.0,0.0
CLI006645,0.0,7.0,0.0,8.0,0.0
CLI006646,0.0,9.0,0.0,8.0,9.0
CLI006647,0.0,7.0,0.0,9.0,7.0
CLI006648,0.0,0.0,0.0,0.0,7.0
CLI006649,0.0,0.0,7.0,7.5,6.0
CLI006651,0.0,8.0,0.0,8.0,0.0
CLI006652,0.0,8.0,0.0,9.0,0.0
CLI006653,0.0,8.0,0.0,7.0,8.0
CLI006654,8.0,0.0,10.0,9.0,7.5
CLI006655,8.5,0.0,0.0,0.0,0.0
CLI006658,0.0,0.0,0.0,8.0,0.0
CLI006659,8.5,0.0,7.0,0.0,8.0
CLI006660,0.0,0.0,10.0,8.0,0.0
CLI006661,0.0,0.0,8.5,7.0,8.0
CLI006662,0.0,0.0,6.0,0.0,6.0
CLI006663,0.0,8.0,9.0,0.0,0.0
CLI006664,0.0,8.0,0.0,8.0,0.0
CLI006665,0.0,8.5,0.0,0.0,0.0
CLI006666,0.0,0.0,0.0,8.0,7.0
CLI006667,0.0,0.0,0.0,8.0,9.0
CLI006668,7.5,0.0,0.0,8.0,0.0
CLI006669,0.0,9.0,0.0,7.0,9.0
CLI006670,9.0,0.0,8.5,0.0,0.0
CLI006671,7.0,0.0,0.0,9.0,8.0
CLI006672,0.0,7.0,0.0,0.0,0.0
CLI006673,0.0,9.0,8.0,0.0,0.0
CLI006674,0.0,0.0,9.0,9.0,0.0
CLI006675,8.5,8.0,8.5,0.0,9.0
CLI006676,0.0,0.0,9.0,0.0,0.0
CLI006677,7.5,0.0,0.0,0.0,0.0
CLI006678,0.0,0.0,0.0,7.0,0.0
CLI006679,0.0,6.0,0.0,0.0,7.0
CLI006680,0.0,0.0,8.0,0.0,10.0
CLI006681,0.0,0.0,0.0,9.0,0.0
CLI006682,0.0,8.0,0.0,0.0,0.0
CLI006683,9.0,9.0,0.0,0.0,7.0
CLI006684,0.0,0.0,0.0,9.5,0.0
CLI006686,0.0,0.0,0.0,0.0,9.0
CLI006687,0.0,8.0,0.0,7.0,0.0
CLI006688,0.0,0.0,0.0,0.0,7.5
CLI006689,0.0,0.0,0.0,9.0,0.0
CLI006690,8.0,8.0,0.0,9.0,9.0
CLI006691,0.0,8.0,9.0,0.0,0.0
CLI006692,0.0,7.0,0.0,8.0,0.0
CLI006694,0.0,8.0,0.0,0.0,0.0
CLI006695,8.5,9.0,0.0,8.5,0.0
CLI006696,0.0,0.0,8.0,0.0,0.0
CLI006697,0.0,0.0,0.0,8.0,0.0
CLI006698,0.0,9.0,6.0,0.0,0.0
CLI006699,8.0,0.0,8.0,7.0,0.0
CLI006700,0.0,0.0,9.0,0.0,0.0
CLI006701,7.5,9.0,0.0,0.0,10.0
CLI006702,0.0,0.0,8.0,0.0,0.0
CLI006703,9.0,8.5,0.0,0.0,0.0
CLI006704,9.0,7.0,0.0,0.0,0.0
CLI006705,0.0,9.5,7.5,8.0,8.0
CLI006706,8.0,7.0,9.0,8.0,8.0
CLI006707,0.0,0.0,0.0,0.0,7.0
CLI006708,0.0,8.0,0.0,8.5,8.0
CLI006709,0.0,0.0,0.0,8.0,0.0
CLI006710,0.0,0.0,8.0,8.0,8.666666666666666
CLI006711,0.0,0.0,0.0,8.5,0.0
CLI006712,8.0,0.0,0.0,0.0,0.0
CLI006714,9.5,0.0,0.0,8.0,9.0
CLI006715,9.0,8.0,0.0,7.0,0.0
CLI006716,0.0,7.0,7.0,0.0,0.0
CLI006717,0.0,0.0,0.0,0.0,8.5
CLI006718,0.0,7.5,0.0,9.0,0.0
CLI006719,0.0,8.0,0.0,0.0,0.0
CLI006720,8.0,0.0,8.0,8.0,0.0
CLI006721,0.0,8.0,0.0,9.0,0.0
CLI006722,0.0,9.0,8.0,0.0,0.0
CLI006723,0.0,0.0,0.0,0.0,9.0
CLI006724,9.0,0.0,9.0,0.0,0.0
CLI006725,0.0,0.0,0.0,7.5,0.0
CLI006726,0.0,8.0,0.0,0.0,0.0
CLI006727,0.0,8.333333333333334,7.0,0.0,0.0
CLI006728,8.0,7.5,7.0,0.0,0.0
CLI006729,9.0,0.0,0.0,8.0,0.0
CLI006730,0.0,8.0,0.0,7.0,6.0
CLI006731,0.0,0.0,7.0,8.0,7.0
CLI006732,0.0,8.0,8.0,0.0,0.0
CLI006734,0.0,9.0,7.0,0.0,9.0
CLI006735,9.0,8.5,0.0,0.0,7.0
CLI006736,0.0,0.0,0.0,8.0,0.0
CLI006737,0.0,0.0,0.0,0.0,10.0
CLI006738,0.0,8.0,0.0,0.0,0.0
CLI006739,0.0,0.0,0.0,9.0,0.0
CLI006740,7.0,0.0,9.0,0.0,0.0
CLI006741,0.0,0.0,0.0,0.0,8.0
CLI006742,0.0,8.0,8.0,0.0,0.0
CLI006743,9.0,9.0,0.0,8.0,0.0
CLI006744,0.0,0.0,10.0,7.0,0.0
CLI006745,10.0,0.0,0.0,0.0,0.0
CLI006746,0.0,0.0,7.5,0.0,0.0
CLI006747,0.0,0.0,10.0,0.0,0.0
CLI006748,0.0,7.0,7.5,0.0,6.0
CLI006749,7.0,0.0,0.0,0.0,8.0
CLI006750,7.0,0.0,0.0,0.0,9.0
CLI006751,0.0,0.0,0.0,8.0,8.0
CLI006752,8.0,0.0,6.0,0.0,0.0
CLI006753,0.0,7.5,0.0,0.0,0.0
CLI006754,0.0,0.0,0.0,7.666666666666667,0.0
CLI006755,0.0,8.0,0.0,0.0,0.0
CLI006756,0.0,7.666666666666667,8.0,8.0,0.0
CLI006757,0.0,0.0,0.0,0.0,7.0
CLI006758,0.0,8.0,0.0,0.0,0.0
CLI006759,0.0,8.0,9.0,0.0,8.0
CLI006761,9.0,0.0,8.0,0.0,0.0
CLI006762,0.0,8.5,0.0,7.0,8.0
CLI006763,8.0,0.0,7.0,0.0,0.0
CLI006764,0.0,8.0,0.0,0.0,7.0
CLI006765,0.0,0.0,9.0,8.0,0.0
CLI006766,0.0,0.0,8.0,8.0,9.0
CLI006767,8.0,0.0,0.0,8.0,9.0
CLI006768,0.0,7.0,7.0,8.0,0.0
CLI006769,8.0,0.0,0.0,0.0,8.0
CLI006770,0.0,0.0,0.0,0.0,7.5
CLI006771,0.0,0.0,0.0,8.0,0.0
CLI006772,8.0,0.0,0.0,0.0,0.0
CLI006773,0.0,8.0,0.0,7.0,0.0
CLI006774,10.0,0.0,7.0,8.0,0.0
CLI006775,9.0,8.5,0.0,0.0,7.0
CLI006776,0.0,0.0,9.0,0.0,8.0
CLI006777,8.0,7.0,0.0,8.0,0.0
CLI006778,0.0,0.0,0.0,9.0,0.0
CLI006779,0.0,0.0,9.0,8.0,0.0
CLI006780,0.0,0.0,0.0,0.0,8.0
CLI006781,0.0,0.0,0.0,0.0,9.0
CLI006782,9.0,0.0,7.0,0.0,0.0
CLI006783,9.0,0.0,0.0,0.0,0.0
CLI006785,0.0,0.0,0.0,9.0,9.0
CLI006786,7.0,0.0,0.0,8.0,0.0
CLI006787,9.0,0.0,0.0,0.0,0.0
CLI006788,8.0,0.0,0.0,0.0,0.0
CLI006789,8.0,0.0,0.0,0.0,0.0
CLI006791,0.0,0.0,0.0,0.0,6.0
CLI006792,0.0,0.0,8.0,8.0,7.5
CLI006793,0.0,0.0,8.0,0.0,0.0
CLI006794,7.0,0.0,10.0,0.0,8.5
CLI006795,0.0,8.0,8.0,0.0,8.333333333333334
CLI006797,0.0,0.0,8.0,0.0,0.0
CLI006798,9.0,9.0,8.0,8.0,9.0
CLI006799,0.0,9.0,7.0,0.0,9.0
CLI006800,0.0,8.0,0.0,8.0,9.0
CLI006802,0.0,7.0,0.0,8.0,6.0
CLI006803,0.0,0.0,0.0,8.0,9.0
CLI006804,0.0,8.0,8.5,0.0,10.0
CLI006805,0.0,0.0,7.0,0.0,0.0
CLI006806,0.0,0.0,8.0,0.0,0.0
CLI006807,9.0,0.0,8.0,0.0,8.0
CLI006808,9.0,0.0,0.0,0.0,0.0
CLI006809,8.0,8.0,8.0,0.0,0.0
CLI006811,0.0,8.0,0.0,9.0,0.0
CLI006812,0.0,8.5,10.0,9.0,7.0
CLI006813,0.0,0.0,0.0,10.0,0.0
CLI006814,9.0,0.0,0.0,9.0,0.0
CLI006815,8.0,0.0,0.0,0.0,0.0
CLI006817,0.0,0.0,8.0,0.0,0.0
CLI006819,8.5,9.0,0.0,7.5,0.0
CLI006820,0.0,8.0,7.5,8.0,9.0
CLI006821,0.0,0.0,0.0,8.0,9.0
CLI006822,0.0,0.0,0.0,9.0,7.0
CLI006823,0.0,0.0,8.0,8.0,0.0
CLI006826,0.0,0.0,0.0,8.5,0.0
CLI006827,8.0,8.0,0.0,0.0,0.0
CLI006828,8.0,0.0,7.0,0.0,0.0
CLI006829,7.0,0.0,7.0,8.0,0.0
CLI006830,0.0,0.0,7.0,9.0,6.0
CLI006831,0.0,9.0,7.0,0.0,7.5
CLI006833,8.0,0.0,0.0,0.0,9.0
CLI006834,0.0,0.0,8.5,0.0,9.0
CLI006835,0.0,10.0,0.0,0.0,0.0
CLI006836,0.0,0.0,8.0,0.0,0.0
CLI006837,8.0,0.0,0.0,7.5,0.0
CLI006838,0.0,8.0,7.0,0.0,0.0
CLI006840,9.0,0.0,0.0,0.0,8.0
CLI006841,9.0,8.0,0.0,6.0,0.0
CLI006842,9.0,0.0,0.0,0.0,9.0
CLI006843,0.0,0.0,9.0,8.0,0.0
CLI006844,7.0,0.0,0.0,10.0,9.0
CLI006845,8.0,0.0,0.0,0.0,0.0
CLI006846,0.0,0.0,0.0,6.0,0.0
CLI006847,8.0,0.0,0.0,0.0,8.5
CLI006849,0.0,8.0,0.0,0.0,0.0
CLI006850,0.0,0.0,0.0,8.0,9.0
CLI006851,0.0,0.0,0.0,0.0,7.0
CLI006852,0.0,0.0,8.0,0.0,8.0
CLI006853,0.0,7.0,7.5,0.0,7.0
CLI006854,0.0,0.0,9.5,7.0,0.0
CLI006855,7.0,7.0,8.0,0.0,0.0
CLI006857,0.0,0.0,0.0,8.333333333333334,9.0
CLI006858,0.0,0.0,10.0,8.0,8.5
CLI006859,0.0,8.0,0.0,0.0,0.0
CLI006860,0.0,0.0,0.0,7.0,0.0
CLI006861,8.0,0.0,8.0,8.0,0.0
CLI006862,8.0,0.0,8.0,6.0,8.0
CLI006863,8.0,0.0,0.0,10.0,0.0
CLI006864,9.0,8.666666666666666,0.0,9.0,0.0
CLI006865,0.0,8.0,0.0,7.0,0.0
CLI006866,0.0,10.0,0.0,8.5,9.0
CLI006867,0.0,0.0,7.0,0.0,0.0
CLI006869,0.0,9.0,0.0,7.0,0.0
CLI006870,8.5,0.0,6.0,8.0,8.0
CLI006871,0.0,9.0,9.0,0.0,0.0
CLI006872,0.0,0.0,9.0,7.0,0.0
CLI006873,0.0,0.0,8.0,7.0,8.0
CLI006874,8.0,0.0,0.0,0.0,7.5
CLI006875,0.0,8.0,0.0,0.0,0.0
CLI006876,0.0,8.0,0.0,9.0,0.0
CLI006878,0.0,8.0,0.0,7.0,7.0
CLI006879,0.0,8.5,0.0,0.0,9.0
CLI006880,9.0,0.0,0.0,0.0,7.0
CLI006882,9.0,0.0,0.0,0.0,0.0
CLI006883,0.0,9.0,0.0,0.0,0.0
CLI006884,6.0,8.0,0.0,0.0,0.0
CLI006885,0.0,7.5,0.0,0.0,8.0
CLI006886,0.0,0.0,9.0,0.0,0.0
CLI006887,9.0,0.0,7.0,0.0,9.0
CLI006888,7.0,8.0,0.0,8.0,0.0
CLI006889,8.0,0.0,0.0,0.0,0.0
CLI006890,7.0,0.0,9.0,0.0,0.0
CLI006891,0.0,8.0,0.0,0.0,0.0
CLI006892,0.0,0.0,0.0,9.5,0.0
CLI006893,0.0,0.0,0.0,8.5,0.0
CLI006894,8.0,0.0,0.0,0.0,8.0
CLI006896,0.0,8.0,0.0,7.0,0.0
CLI006897,0.0,8.0,7.0,7.0,8.0
CLI006898,7.0,0.0,10.0,10.0,0.0
CLI006899,0.0,8.0,8.0,8.0,0.0
CLI006900,0.0,8.0,0.0,7.5,8.0
CLI006901,0.0,0.0,0.0,9.0,8.333333333333334
CLI006902,7.0,0.0,0.0,7.5,7.5
CLI006904,9.0,8.0,0.0,7.0,7.666666666666667
CLI006905,0.0,7.5,8.5,7.666666666666667,8.0
CLI006908,0.0,9.0,0.0,0.0,0.0
CLI006909,0.0,0.0,8.0,0.0,8.0
CLI006910,7.0,0.0,0.0,8.5,0.0
CLI006911,8.0,8.0,0.0,0.0,0.0
CLI006912,9.0,0.0,0.0,7.0,0.0
CLI006913,9.0,0.0,9.0,0.0,0.0
CLI006914,9.0,9.0,0.0,0.0,0.0
CLI006915,0.0,6.0,0.0,10.0,0.0
CLI006916,8.0,0.0,0.0,0.0,8.5
CLI006917,9.0,0.0,9.0,6.0,0.0
CLI006918,0.0,7.0,0.0,7.5,9.0
CLI006919,7.0,0.0,0.0,7.5,0.0
CLI006921,0.0,0.0,0.0,9.0,0.0
CLI006922,0.0,0.0,7.0,0.0,9.0
CLI006923,9.0,8.0,8.0,0.0,0.0
CLI006924,0.0,0.0,9.0,0.0,0.0
CLI006925,7.0,0.0,0.0,8.0,8.0
CLI006926,0.0,0.0,7.0,0.0,0.0
CLI006927,0.0,8.0,0.0,8.0,8.0
CLI006929,0.0,10.0,8.0,6.0,9.0
CLI006930,6.0,0.0,7.0,7.0,0.0
CLI006931,7.5,0.0,7.0,0.0,8.0
CLI006932,9.0,8.0,8.0,8.0,0.0
CLI006933,0.0,0.0,7.0,0.0,10.0
CLI006934,9.0,9.0,9.5,0.0,8.0
CLI006935,0.0,8.0,0.0,0.0,0.0
CLI006936,0.0,0.0,0.0,9.0,0.0
CLI006937,0.0,8.0,0.0,8.5,9.0
CLI006938,0.0,0.0,10.0,0.0,0.0
CLI006939,0.0,0.0,0.0,8.0,0.0
CLI006940,0.0,9.0,0.0,0.0,0.0
CLI006941,0.0,0.0,8.0,0.0,0.0
CLI006943,0.0,0.0,0.0,10.0,0.0
CLI006944,7.0,8.333333333333334,0.0,8.0,0.0
CLI006945,0.0,10.0,0.0,9.0,9.0
CLI006946,9.0,8.0,8.5,0.0,0.0
CLI006947,9.0,0.0,0.0,8.0,8.0
CLI006948,6.0,0.0,10.0,0.0,8.0
CLI006950,0.0,0.0,0.0,8.0,8.0
CLI006951,7.0,0.0,8.0,0.0,0.0
CLI006952,8.0,0.0,0.0,9.0,0.0
CLI006953,0.0,7.5,0.0,8.0,0.0
CLI006954,7.5,0.0,0.0,9.0,0.0
CLI006955,9.0,0.0,0.0,0.0,0.0
CLI006956,0.0,0.0,10.0,0.0,0.0
CLI006957,0.0,0.0,0.0,0.0,8.0
CLI006958,9.0,0.0,8.0,8.0,0.0
CLI006959,9.0,0.0,8.0,7.0,0.0
CLI006960,0.0,0.0,7.0,0.0,8.0
CLI006961,9.0,0.0,0.0,8.0,9.0
CLI006962,0.0,7.5,0.0,0.0,8.0
CLI006963,0.0,0.0,0.0,0.0,7.0
CLI006964,7.0,0.0,0.0,7.0,0.0
CLI006965,8.0,0.0,0.0,0.0,8.0
CLI006967,0.0,0.0,0.0,0.0,6.5
CLI006968,9.0,9.0,0.0,0.0,0.0
CLI006969,0.0,9.0,10.0,0.0,0.0
CLI006970,0.0,0.0,0.0,8.0,0.0
CLI006971,0.0,7.0,8.0,6.0,0.0
CLI006972,9.0,0.0,6.0,9.0,0.0
CLI006973,0.0,8.0,0.0,0.0,0.0
CLI006974,9.0,0.0,0.0,0.0,0.0
CLI006975,0.0,0.0,8.0,7.0,7.0
CLI006976,0.0,9.0,0.0,0.0,0.0
CLI006977,0.0,8.0,0.0,9.0,0.0
CLI006978,9.0,8.0,0.0,0.0,8.0
CLI006979,0.0,7.0,0.0,0.0,0.0
CLI006980,0.0,0.0,0.0,0.0,10.0
CLI006981,0.0,8.0,8.5,0.0,0.0
CLI006982,0.0,0.0,8.0,8.0,8.0
CLI006983,0.0,0.0,8.0,0.0,9.0
CLI006984,0.0,8.0,0.0,7.0,8.0
CLI006985,0.0,0.0,10.0,7.0,0.0
CLI006986,0.0,0.0,7.5,0.0,0.0
CLI006987,8.0,0.0,0.0,0.0,8.0
CLI006988,8.0,0.0,8.0,0.0,8.0
CLI006989,9.0,7.0,0.0,8.0,8.666666666666666
CLI006990,0.0,0.0,7.5,9.0,0.0
CLI006991,10.0,7.0,0.0,9.0,0.0
CLI006992,0.0,0.0,9.0,8.5,0.0
CLI006993,7.0,6.0,0.0,8.0,0.0
CLI006994,0.0,7.0,0.0,9.0,0.0
CLI006995,0.0,8.0,8.0,0.0,0.0
CLI006996,9.0,0.0,9.0,8.0,0.0
CLI006997,0.0,10.0,0.0,8.0,0.0
CLI006998,0.0,8.0,8.333333333333334,0.0,8.0
CLI006999,9.0,9.0,0.0,8.0,0.0
CLI007000,0.0,8.0,0.0,0.0,0.0
CLI007001,0.0,7.0,0.0,0.0,8.0
CLI007002,9.0,9.0,0.0,8.0,0.0
CLI007003,0.0,0.0,9.0,0.0,0.0
CLI007004,7.0,0.0,7.5,0.0,0.0
CLI007005,0.0,10.0,8.0,8.5,0.0
CLI007006,8.0,0.0,0.0,0.0,0.0
CLI007007,9.0,0.0,0.0,0.0,8.0
CLI007008,0.0,0.0,8.0,7.0,0.0
CLI007009,0.0,6.0,0.0,6.0,8.0
CLI007010,0.0,0.0,0.0,0.0,9.0
CLI007011,0.0,0.0,0.0,7.5,0.0
CLI007013,7.0,0.0,8.5,0.0,0.0
CLI007014,0.0,7.5,0.0,0.0,0.0
CLI007015,7.0,9.0,0.0,8.0,0.0
CLI007016,0.0,8.0,0.0,0.0,0.0
CLI007017,0.0,9.0,8.0,7.5,0.0
CLI007018,0.0,0.0,0.0,9.0,0.0
CLI007020,0.0,7.0,8.0,0.0,8.25
CLI007021,8.0,0.0,0.0,8.0,8.0
CLI007022,0.0,0.0,0.0,8.0,0.0
CLI007023,0.0,0.0,8.0,0.0,8.0
CLI007024,9.0,0.0,0.0,0.0,0.0
CLI007025,8.0,0.0,8.0,9.0,7.5
CLI007026,9.0,0.0,0.0,0.0,7.5
CLI007027,0.0,7.5,0.0,0.0,8.0
CLI007028,8.0,8.0,0.0,0.0,0.0
CLI007029,0.0,0.0,6.0,0.0,0.0
CLI007030,0.0,0.0,10.0,7.0,8.0
CLI007031,9.0,0.0,0.0,0.0,0.0
CLI007032,0.0,0.0,10.0,0.0,0.0
CLI007033,9.0,0.0,0.0,0.0,0.0
CLI007034,0.0,7.0,8.5,7.666666666666667,7.0
CLI007035,0.0,8.0,8.0,0.0,0.0
CLI007036,0.0,0.0,0.0,9.0,0.0
CLI007037,0.0,0.0,7.0,0.0,0.0
CLI007038,9.0,0.0,8.0,8.0,0.0
CLI007039,0.0,0.0,0.0,8.0,0.0
CLI007040,0.0,0.0,0.0,6.0,0.0
CLI007043,9.0,10.0,0.0,9.0,9.0
CLI007044,0.0,8.0,8.0,0.0,0.0
CLI007045,0.0,0.0,0.0,8.5,7.0
CLI007046,6.0,0.0,0.0,8.0,7.0
CLI007047,0.0,7.5,6.5,7.0,0.0
CLI007049,0.0,8.0,9.0,6.0,0.0
CLI007050,9.0,0.0,0.0,0.0,8.0
CLI007051,0.0,9.0,8.0,0.0,0.0
CLI007052,0.0,9.0,6.0,9.0,8.333333333333334
CLI007053,7.5,0.0,0.0,0.0,7.0
CLI007054,0.0,0.0,0.0,0.0,8.0
CLI007056,0.0,8.0,0.0,9.333333333333334,0.0
CLI007057,0.0,0.0,0.0,0.0,8.0
CLI007058,0.0,8.5,0.0,9.0,7.0
CLI007060,7.0,7.5,8.0,0.0,0.0
CLI007061,9.0,0.0,0.0,8.0,0.0
CLI007062,0.0,0.0,7.0,6.0,0.0
CLI007063,0.0,9.0,0.0,0.0,0.0
CLI007064,0.0,0.0,0.0,9.0,0.0
CLI007065,7.0,0.0,0.0,0.0,0.0
CLI007066,8.0,0.0,8.0,8.0,0.0
CLI007067,0.0,0.0,8.333333333333334,6.5,7.0
CLI007068,7.0,9.5,7.0,9.0,0.0
CLI007070,6.0,8.5,9.0,8.0,10.0
CLI007072,0.0,0.0,9.0,9.0,9.0
CLI007073,0.0,8.0,9.0,8.0,0.0
CLI007074,0.0,0.0,8.0,0.0,9.0
CLI007075,0.0,0.0,0.0,9.0,9.0
CLI007076,0.0,0.0,9.0,0.0,0.0
CLI007077,9.0,8.0,0.0,0.0,0.0
CLI007078,10.0,0.0,8.5,0.0,0.0
CLI007079,7.0,0.0,0.0,7.0,8.0
CLI007080,8.0,0.0,0.0,0.0,0.0
CLI007081,7.5,0.0,0.0,8.5,0.0
CLI007083,0.0,0.0,0.0,8.5,0.0
CLI007084,0.0,9.0,7.0,8.0,0.0
CLI007085,0.0,8.0,0.0,0.0,7.0
CLI007086,0.0,0.0,7.0,0.0,0.0
CLI007087,0.0,8.0,0.0,0.0,8.0
CLI007088,8.0,0.0,0.0,0.0,7.0
CLI007090,0.0,0.0,0.0,7.0,7.0
CLI007091,0.0,7.0,0.0,8.0,8.0
CLI007092,0.0,7.0,7.0,0.0,0.0
CLI007093,0.0,8.0,0.0,0.0,8.0
CLI007094,0.0,6.0,8.5,0.0,0.0
CLI007095,8.5,0.0,10.0,8.0,7.0
CLI007096,8.0,0.0,7.0,9.0,0.0
CLI007097,9.0,8.0,0.0,0.0,0.0
CLI007098,0.0,0.0,0.0,8.0,0.0
CLI007099,0.0,9.0,0.0,0.0,9.0
CLI007100,0.0,0.0,9.0,0.0,0.0
CLI007101,0.0,0.0,9.0,0.0,0.0
CLI007102,0.0,7.0,0.0,8.0,0.0
CLI007103,0.0,0.0,9.0,0.0,9.0
CLI007104,0.0,0.0,8.0,0.0,0.0
CLI007105,8.0,9.0,0.0,8.0,8.5
CLI007106,0.0,0.0,9.0,0.0,0.0
CLI007107,7.0,0.0,0.0,8.0,0.0
CLI007108,0.0,0.0,0.0,0.0,9.0
CLI007110,0.0,0.0,0.0,6.0,0.0
CLI007111,0.0,0.0,0.0,0.0,9.0
CLI007112,0.0,0.0,9.0,8.0,0.0
CLI007113,8.0,0.0,6.0,8.5,0.0
CLI007114,8.0,9.0,8.0,0.0,0.0
CLI007115,0.0,0.0,0.0,0.0,9.0
CLI007116,0.0,0.0,0.0,8.0,0.0
CLI007117,0.0,8.0,7.0,0.0,0.0
CLI007118,9.0,8.0,9.0,0.0,0.0
CLI007119,0.0,0.0,9.0,9.0,0.0
CLI007121,0.0,7.0,0.0,0.0,7.0
CLI007122,9.0,0.0,8.0,0.0,0.0
CLI007123,8.0,0.0,0.0,0.0,8.0
CLI007124,8.0,0.0,0.0,0.0,9.0
CLI007125,8.333333333333334,0.0,0.0,0.0,8.0
CLI007126,0.0,0.0,9.0,0.0,7.0
CLI007127,8.0,0.0,0.0,8.0,7.0
CLI007129,0.0,0.0,0.0,6.0,0.0
CLI007130,0.0,0.0,9.0,0.0,0.0
CLI007131,0.0,9.0,0.0,8.0,9.0
CLI007132,0.0,0.0,9.0,0.0,0.0
CLI007133,8.0,7.0,0.0,9.0,0.0
CLI007134,0.0,8.0,0.0,0.0,0.0
CLI007135,9.0,7.0,0.0,0.0,0.0
CLI007136,0.0,0.0,10.0,0.0,0.0
CLI007138,0.0,8.0,8.0,0.0,0.0
CLI007139,8.0,0.0,0.0,0.0,0.0
CLI007140,8.0,0.0,0.0,0.0,0.0
CLI007141,9.0,0.0,9.0,8.0,10.0
CLI007143,9.0,0.0,0.0,9.0,9.0
CLI007144,7.5,8.0,7.0,0.0,0.0
CLI007145,0.0,0.0,9.0,0.0,0.0
CLI007146,0.0,0.0,10.0,0.0,0.0
CLI007147,0.0,7.5,0.0,7.0,9.0
CLI007148,0.0,0.0,8.0,0.0,0.0
CLI007149,0.0,8.0,0.0,0.0,8.0
CLI007150,9.0,0.0,8.5,0.0,7.0
CLI007151,0.0,0.0,0.0,0.0,8.0
CLI007153,8.0,0.0,8.5,0.0,9.0
CLI007154,7.0,0.0,8.0,0.0,0.0
CLI007155,8.0,7.0,0.0,8.0,0.0
CLI007156,0.0,0.0,7.5,8.0,0.0
CLI007157,0.0,0.0,7.0,0.0,8.0
CLI007158,0.0,8.0,8.666666666666666,8.0,8.0
CLI007159,8.0,8.0,6.0,0.0,0.0
CLI007160,0.0,0.0,6.0,0.0,0.0
CLI007161,7.666666666666667,8.0,0.0,0.0,0.0
CLI007162,0.0,8.0,0.0,0.0,0.0
CLI007164,0.0,0.0,8.0,0.0,0.0
CLI007165,8.0,8.0,0.0,0.0,0.0
CLI007166,7.5,8.0,0.0,9.0,0.0
CLI007167,9.5,0.0,0.0,0.0,10.0
CLI007168,7.0,8.0,0.0,0.0,0.0
CLI007170,0.0,0.0,0.0,8.0,8.0
CLI007171,7.5,0.0,9.0,0.0,0.0
CLI007173,8.0,0.0,8.0,8.5,7.5
CLI007174,0.0,0.0,8.0,0.0,7.5
CLI007175,0.0,0.0,9.0,9.0,0.0
CLI007176,7.0,0.0,0.0,0.0,9.0
CLI007178,0.0,10.0,0.0,0.0,9.0
CLI007179,0.0,7.0,0.0,9.0,0.0
CLI007181,6.0,9.0,10.0,0.0,10.0
CLI007182,8.0,0.0,0.0,7.0,7.5
CLI007183,9.0,0.0,7.0,0.0,8.0
CLI007184,0.0,9.0,7.0,7.5,7.5
CLI007185,0.0,0.0,8.0,0.0,0.0
CLI007186,8.0,8.0,0.0,6.0,7.666666666666667
CLI007187,9.0,7.0,0.0,9.0,0.0
CLI007188,0.0,8.0,0.0,0.0,0.0
CLI007189,0.0,0.0,9.0,9.0,0.0
CLI007191,0.0,8.0,7.0,0.0,8.0
CLI007192,8.0,0.0,0.0,7.75,9.0
CLI007195,0.0,9.0,8.0,0.0,0.0
CLI007196,0.0,0.0,0.0,0.0,8.0
CLI007197,0.0,0.0,8.0,0.0,7.0
CLI007198,7.0,0.0,8.0,7.0,0.0
CLI007199,8.0,0.0,0.0,0.0,0.0
CLI007200,0.0,8.0,0.0,0.0,9.5
CLI007201,0.0,6.0,8.666666666666666,0.0,9.0
CLI007203,8.0,0.0,0.0,0.0,8.0
CLI007204,0.0,9.0,0.0,0.0,0.0
CLI007206,0.0,0.0,0.0,10.0,0.0
CLI007207,8.0,0.0,0.0,0.0,8.0
CLI007208,7.0,7.0,9.0,0.0,0.0
CLI007209,0.0,9.0,0.0,0.0,8.0
CLI007211,0.0,8.0,0.0,0.0,9.0
CLI007212,0.0,7.0,0.0,0.0,8.0
CLI007213,10.0,10.0,0.0,0.0,0.0
CLI007214,0.0,0.0,6.0,0.0,0.0
CLI007215,0.0,0.0,7.0,0.0,0.0
CLI007216,8.0,8.0,8.0,0.0,0.0
CLI007217,8.0,0.0,0.0,7.5,0.0
CLI007218,9.0,9.0,0.0,0.0,0.0
CLI007219,8.5,0.0,8.0,9.0,0.0
CLI007220,0.0,8.5,0.0,9.5,0.0
CLI007221,0.0,8.666666666666666,0.0,0.0,6.0
CLI007222,7.0,0.0,0.0,8.0,0.0
CLI007223,0.0,0.0,8.5,7.5,10.0
CLI007224,8.0,0.0,0.0,0.0,0.0
CLI007225,7.0,0.0,8.0,8.0,0.0
CLI007226,6.0,7.0,0.0,0.0,0.0
CLI007227,9.0,7.0,0.0,0.0,0.0
CLI007229,6.0,10.0,0.0,8.0,0.0
CLI007230,7.0,8.0,8.0,0.0,0.0
CLI007231,0.0,6.0,0.0,0.0,0.0
CLI007232,6.0,9.0,8.0,0.0,0.0
CLI007233,0.0,7.0,0.0,0.0,0.0
CLI007234,0.0,0.0,8.0,0.0,0.0
CLI007235,6.0,0.0,9.0,7.5,0.0
CLI007236,0.0,9.0,8.0,0.0,8.0
CLI007237,0.0,7.0,0.0,0.0,7.0
CLI007238,0.0,9.0,0.0,0.0,0.0
CLI007239,8.0,0.0,0.0,0.0,0.0
CLI007240,8.0,0.0,8.0,8.0,7.0
CLI007241,0.0,7.5,0.0,9.0,8.0
CLI007242,7.0,10.0,0.0,7.0,0.0
CLI007243,8.5,8.0,7.0,9.0,8.0
CLI007244,8.0,0.0,0.0,8.5,0.0
CLI007245,9.0,0.0,8.0,7.0,0.0
CLI007246,8.0,0.0,8.0,10.0,0.0
CLI007247,9.0,0.0,0.0,9.0,8.0
CLI007248,0.0,0.0,0.0,0.0,8.0
CLI007250,7.5,10.0,9.0,0.0,0.0
CLI007251,0.0,7.0,7.0,0.0,0.0
CLI007252,0.0,0.0,8.0,0.0,0.0
CLI007253,8.0,9.0,0.0,8.0,0.0
CLI007254,0.0,8.0,8.5,8.0,0.0
CLI007255,0.0,0.0,0.0,0.0,7.0
CLI007256,8.0,0.0,0.0,0.0,0.0
CLI007257,0.0,0.0,0.0,0.0,7.0
CLI007258,8.0,0.0,0.0,0.0,0.0
CLI007260,8.0,0.0,0.0,0.0,0.0
CLI007261,0.0,0.0,0.0,7.0,0.0
CLI007262,8.0,7.0,8.0,0.0,7.0
CLI007263,0.0,0.0,0.0,8.0,7.0
CLI007264,0.0,0.0,7.0,0.0,7.0
CLI007266,8.0,0.0,7.0,0.0,0.0
CLI007267,0.0,7.0,0.0,0.0,0.0
CLI007268,0.0,8.0,0.0,0.0,8.5
CLI007270,0.0,8.0,0.0,10.0,9.0
CLI007271,0.0,8.0,0.0,7.0,0.0
CLI007272,7.0,7.5,0.0,0.0,0.0
CLI007273,0.0,8.0,9.0,0.0,0.0
CLI007274,9.0,8.0,0.0,0.0,0.0
CLI007275,9.0,0.0,0.0,0.0,0.0
CLI007276,0.0,0.0,0.0,0.0,9.0
CLI007277,9.0,9.0,7.0,0.0,0.0
CLI007278,8.0,0.0,8.0,7.0,7.0
CLI007279,0.0,0.0,0.0,0.0,7.0
CLI007281,9.0,0.0,0.0,0.0,9.0
CLI007283,9.0,0.0,9.0,0.0,0.0
CLI007284,0.0,0.0,0.0,9.0,0.0
CLI007285,0.0,7.0,0.0,0.0,0.0
CLI007286,9.0,0.0,0.0,0.0,8.0
CLI007287,0.0,0.0,8.0,0.0,0.0
CLI007288,0.0,0.0,0.0,7.0,0.0
CLI007290,0.0,9.0,0.0,8.0,8.0
CLI007291,7.0,8.0,0.0,9.0,0.0
CLI007292,0.0,7.0,0.0,0.0,0.0
CLI007293,0.0,0.0,0.0,8.5,9.0
CLI007294,0.0,0.0,8.0,0.0,0.0
CLI007295,9.0,0.0,0.0,0.0,0.0
CLI007296,0.0,7.0,8.0,0.0,0.0
CLI007297,0.0,0.0,0.0,8.0,8.0
CLI007298,9.0,0.0,9.0,0.0,0.0
CLI007299,8.0,0.0,0.0,8.0,0.0
CLI007300,0.0,9.5,0.0,0.0,0.0
CLI007301,9.0,0.0,0.0,0.0,0.0
CLI007302,0.0,0.0,0.0,0.0,8.0
CLI007303,7.0,0.0,7.0,8.0,0.0
CLI007305,0.0,0.0,0.0,7.0,8.0
CLI007306,0.0,0.0,0.0,7.5,8.0
CLI007307,0.0,9.0,9.0,0.0,8.0
CLI007308,0.0,8.0,0.0,9.0,0.0
CLI007309,0.0,0.0,0.0,0.0,8.0
CLI007310,0.0,0.0,9.0,0.0,7.0
CLI007311,7.0,0.0,7.0,0.0,0.0
CLI007312,0.0,7.5,0.0,0.0,0.0
CLI007313,0.0,8.0,0.0,0.0,0.0
CLI007314,6.0,9.0,8.0,0.0,0.0
CLI007315,7.0,0.0,0.0,8.0,9.0
CLI007317,0.0,8.5,0.0,8.0,0.0
CLI007318,0.0,9.0,7.0,0.0,0.0
CLI007319,7.0,0.0,0.0,0.0,0.0
CLI007320,0.0,8.0,8.0,0.0,0.0
CLI007321,7.0,0.0,0.0,0.0,0.0
CLI007322,0.0,0.0,0.0,0.0,8.0
CLI007323,7.0,0.0,0.0,0.0,0.0
CLI007324,8.0,0.0,0.0,0.0,8.0
CLI007325,0.0,9.0,0.0,0.0,0.0
CLI007326,0.0,0.0,0.0,8.0,0.0
CLI007327,0.0,0.0,8.5,0.0,0.0
CLI007328,7.0,0.0,0.0,0.0,0.0
CLI007329,7.0,0.0,0.0,0.0,0.0
CLI007330,0.0,7.0,0.0,0.0,7.5
CLI007331,9.0,0.0,8.0,7.0,8.5
CLI007332,0.0,9.0,0.0,9.0,0.0
CLI007333,0.0,8.0,0.0,0.0,0.0
CLI007334,8.0,0.0,0.0,8.0,0.0
CLI007335,7.0,0.0,8.0,8.5,10.0
CLI007336,0.0,9.0,0.0,0.0,9.5
CLI007338,7.0,0.0,0.0,0.0,8.0
CLI007339,0.0,8.0,0.0,8.0,0.0
CLI007340,0.0,0.0,0.0,9.0,0.0
CLI007341,10.0,0.0,9.0,7.5,7.0
CLI007342,0.0,0.0,0.0,0.0,8.0
CLI007343,0.0,7.0,0.0,0.0,6.0
CLI007344,7.333333333333333,7.0,0.0,0.0,7.0
CLI007345,0.0,0.0,7.0,0.0,9.0
CLI007346,0.0,9.0,7.0,0.0,10.0
CLI007347,8.0,0.0,8.0,7.0,0.0
CLI007348,6.0,0.0,8.5,8.0,10.0
CLI007349,7.0,0.0,8.0,0.0,0.0
CLI007350,0.0,0.0,9.0,0.0,9.0
CLI007351,9.0,0.0,0.0,0.0,0.0
CLI007352,10.0,7.0,0.0,0.0,0.0
CLI007353,0.0,0.0,0.0,9.0,0.0
CLI007354,0.0,7.0,9.5,0.0,8.0
CLI007355,0.0,0.0,0.0,8.0,7.0
CLI007356,0.0,0.0,7.0,0.0,0.0
CLI007357,0.0,0.0,7.0,0.0,0.0
CLI007358,0.0,0.0,0.0,9.0,0.0
CLI007359,0.0,6.0,0.0,0.0,0.0
CLI007360,7.0,0.0,0.0,0.0,10.0
CLI007361,0.0,0.0,0.0,8.0,0.0
CLI007362,0.0,0.0,7.0,0.0,0.0
CLI007363,0.0,7.0,7.0,9.0,0.0
CLI007364,7.0,0.0,0.0,7.0,0.0
CLI007365,0.0,0.0,0.0,9.0,8.0
CLI007366,0.0,0.0,6.0,9.0,7.0
CLI007367,0.0,8.0,0.0,8.0,0.0
CLI007368,8.0,7.0,8.0,0.0,0.0
CLI007369,0.0,0.0,6.0,0.0,0.0
CLI007370,0.0,8.0,8.0,0.0,0.0
CLI007372,8.0,0.0,0.0,7.0,0.0
CLI007373,8.0,9.0,9.0,0.0,0.0
CLI007374,8.0,9.0,0.0,0.0,0.0
CLI007375,9.0,0.0,0.0,0.0,0.0
CLI007376,7.0,0.0,0.0,8.333333333333334,7.0
CLI007377,0.0,0.0,0.0,8.0,0.0
CLI007379,0.0,0.0,0.0,8.0,0.0
CLI007380,0.0,0.0,7.0,0.0,0.0
CLI007381,9.0,8.0,7.0,7.0,0.0
CLI007382,9.0,0.0,8.0,0.0,8.0
CLI007383,0.0,10.0,9.0,0.0,7.666666666666667
CLI007384,0.0,8.0,8.0,0.0,0.0
CLI007386,0.0,0.0,0.0,8.0,7.0
CLI007387,0.0,0.0,0.0,0.0,8.666666666666666
CLI007388,0.0,0.0,0.0,7.5,8.0
CLI007389,6.0,0.0,9.0,0.0,0.0
CLI007391,0.0,10.0,7.0,0.0,9.0
CLI007393,9.0,9.0,8.0,0.0,0.0
CLI007394,8.5,8.0,8.0,0.0,0.0
CLI007395,6.5,0.0,8.0,8.6,8.0
CLI007396,0.0,8.0,0.0,0.0,0.0
CLI007398,8.0,0.0,8.0,0.0,9.0
CLI007399,0.0,0.0,7.5,8.0,0.0
CLI007400,9.0,0.0,0.0,0.0,8.0
CLI007401,9.0,0.0,0.0,10.0,0.0
CLI007402,8.0,0.0,0.0,0.0,8.5
CLI007403,0.0,8.5,9.0,0.0,0.0
CLI007405,8.0,7.0,8.5,8.0,10.0
CLI007407,0.0,0.0,7.0,0.0,0.0
CLI007408,0.0,0.0,8.0,8.0,0.0
CLI007409,0.0,0.0,9.0,0.0,7.0
CLI007410,0.0,8.0,9.0,0.0,8.0
CLI007411,8.0,8.0,9.0,7.0,7.0
CLI007412,7.0,7.0,7.0,8.0,0.0
CLI007414,0.0,0.0,9.0,0.0,0.0
CLI007416,0.0,0.0,7.0,8.5,8.0
CLI007417,10.0,0.0,0.0,0.0,0.0
CLI007418,0.0,7.0,0.0,0.0,10.0
CLI007419,0.0,8.0,0.0,7.5,0.0
CLI007420,7.0,0.0,7.0,7.0,0.0
CLI007422,9.0,0.0,0.0,0.0,8.0
CLI007423,0.0,0.0,8.0,0.0,0.0
CLI007424,0.0,0.0,0.0,10.0,9.0
CLI007425,7.0,0.0,0.0,8.0,9.0
CLI007426,0.0,8.0,6.0,0.0,0.0
CLI007427,0.0,8.0,9.0,0.0,0.0
CLI007428,0.0,7.0,0.0,0.0,0.0
CLI007429,0.0,0.0,9.0,8.0,9.0
CLI007430,0.0,9.0,0.0,0.0,0.0
CLI007431,0.0,0.0,0.0,0.0,8.0
CLI007432,0.0,7.0,9.0,0.0,7.5
CLI007433,8.5,9.0,10.0,0.0,0.0
CLI007435,0.0,0.0,8.0,0.0,0.0
CLI007437,7.666666666666667,9.0,0.0,0.0,7.5
CLI007438,0.0,6.0,0.0,8.0,0.0
CLI007439,0.0,8.0,0.0,0.0,9.5
CLI007440,0.0,0.0,0.0,9.0,0.0
CLI007442,7.0,0.0,9.0,0.0,0.0
CLI007443,0.0,0.0,9.0,0.0,8.0
CLI007444,0.0,0.0,0.0,9.0,0.0
CLI007445,7.0,0.0,8.0,8.0,9.0
CLI007446,0.0,0.0,0.0,8.0,0.0
CLI007447,0.0,0.0,0.0,0.0,8.0
CLI007448,0.0,0.0,8.0,0.0,8.5
CLI007449,0.0,0.0,8.0,0.0,9.0
CLI007450,0.0,0.0,7.0,9.0,0.0
CLI007451,7.0,0.0,0.0,0.0,0.0
CLI007452,0.0,0.0,0.0,0.0,9.0
CLI007453,8.0,9.0,0.0,7.0,9.0
CLI007454,0.0,7.0,0.0,0.0,7.0
CLI007455,0.0,0.0,0.0,0.0,7.0
CLI007456,0.0,7.0,0.0,0.0,9.5
CLI007457,9.0,7.0,0.0,0.0,6.0
CLI007458,0.0,0.0,8.0,10.0,7.0
CLI007459,0.0,0.0,0.0,8.0,0.0
CLI007460,8.0,0.0,7.5,8.0,0.0
CLI007461,0.0,0.0,9.0,8.0,0.0
CLI007462,0.0,7.0,0.0,8.0,9.0
CLI007463,9.0,0.0,7.0,0.0,0.0
CLI007464,0.0,8.0,0.0,0.0,0.0
CLI007466,0.0,0.0,8.0,9.0,0.0
CLI007467,0.0,7.0,9.0,0.0,0.0
CLI007468,8.0,0.0,0.0,0.0,10.0
CLI007469,0.0,0.0,7.0,0.0,0.0
CLI007470,0.0,0.0,7.5,8.0,7.0
CLI007471,9.0,0.0,9.0,9.0,8.0
CLI007472,7.0,0.0,8.0,0.0,8.0
CLI007473,0.0,9.0,0.0,0.0,0.0
CLI007474,0.0,7.0,7.0,0.0,9.0
CLI007476,8.0,0.0,7.0,0.0,7.0
CLI007477,0.0,0.0,7.0,0.0,0.0
CLI007478,10.0,0.0,0.0,0.0,0.0
CLI007479,7.0,8.0,10.0,9.0,0.0
CLI007480,9.0,8.0,0.0,0.0,0.0
CLI007481,7.5,0.0,8.0,0.0,9.0
CLI007482,0.0,0.0,0.0,0.0,7.5
CLI007484,8.0,0.0,0.0,7.0,8.0
CLI007485,9.0,0.0,8.5,8.0,9.0
CLI007486,0.0,0.0,0.0,8.0,7.0
CLI007488,8.0,0.0,0.0,0.0,8.0
CLI007489,7.0,8.0,0.0,0.0,0.0
CLI007490,0.0,8.0,7.0,8.0,8.0
CLI007491,8.0,0.0,8.0,0.0,0.0
CLI007492,0.0,0.0,0.0,9.0,0.0
CLI007493,9.0,0.0,7.0,8.0,7.0
CLI007494,0.0,7.0,8.0,0.0,0.0
CLI007496,9.0,0.0,0.0,0.0,7.0
CLI007497,9.0,0.0,9.0,7.0,8.0
CLI007498,0.0,8.0,8.0,7.0,0.0
CLI007499,0.0,0.0,0.0,6.0,9.0
CLI007500,8.0,8.0,0.0,0.0,0.0
CLI007501,8.0,0.0,0.0,8.0,0.0
CLI007502,9.0,8.0,0.0,0.0,0.0
CLI007503,8.5,0.0,0.0,0.0,0.0
CLI007504,0.0,0.0,6.0,0.0,0.0
CLI007505,7.5,0.0,0.0,0.0,0.0
CLI007506,0.0,9.0,9.0,9.0,7.5
CLI007507,7.0,9.0,0.0,0.0,0.0
CLI007508,0.0,0.0,8.0,0.0,0.0
CLI007509,8.0,0.0,0.0,0.0,8.0
CLI007510,7.0,0.0,0.0,7.0,9.0
CLI007511,0.0,9.0,0.0,9.0,0.0
CLI007512,0.0,0.0,7.333333333333333,0.0,0.0
CLI007513,9.0,0.0,8.0,0.0,0.0
CLI007514,0.0,7.0,0.0,10.0,0.0
CLI007515,0.0,8.0,9.0,8.0,8.0
CLI007516,7.0,0.0,0.0,0.0,0.0
CLI007517,0.0,0.0,0.0,9.0,0.0
CLI007518,8.0,9.0,0.0,0.0,0.0
CLI007519,8.5,8.0,0.0,0.0,0.0
CLI007521,0.0,0.0,0.0,0.0,8.0
CLI007522,0.0,9.5,0.0,9.0,0.0
CLI007523,0.0,0.0,0.0,8.0,0.0
CLI007524,0.0,8.0,7.0,9.0,10.0
CLI007525,0.0,9.0,0.0,8.0,0.0
CLI007527,9.0,9.0,0.0,0.0,7.0
CLI007528,0.0,0.0,7.0,0.0,0.0
CLI007529,0.0,0.0,0.0,9.0,10.0
CLI007530,0.0,0.0,8.0,7.0,10.0
CLI007531,0.0,6.0,0.0,0.0,0.0
CLI007534,0.0,0.0,8.5,0.0,9.0
CLI007535,8.0,8.0,0.0,7.0,0.0
CLI007536,9.0,0.0,0.0,0.0,9.0
CLI007537,0.0,0.0,7.0,0.0,0.0
CLI007538,0.0,0.0,0.0,0.0,8.0
CLI007539,0.0,0.0,0.0,0.0,8.0
CLI007541,0.0,0.0,0.0,0.0,8.0
CLI007542,8.0,8.0,8.0,0.0,0.0
CLI007543,0.0,8.0,0.0,9.0,0.0
CLI007544,8.0,6.0,0.0,0.0,8.0
CLI007545,7.0,0.0,8.5,0.0,7.0
CLI007546,8.0,8.0,0.0,0.0,0.0
CLI007547,0.0,7.0,8.0,0.0,0.0
CLI007549,0.0,7.0,8.0,7.5,0.0
CLI007550,9.0,0.0,0.0,0.0,0.0
CLI007551,0.0,8.0,0.0,0.0,0.0
CLI007552,0.0,9.0,0.0,0.0,0.0
CLI007553,0.0,0.0,0.0,8.0,0.0
CLI007554,0.0,0.0,10.0,8.0,0.0
CLI007556,0.0,0.0,8.0,9.0,0.0
CLI007557,7.0,8.0,8.0,7.0,0.0
CLI007558,0.0,9.0,0.0,0.0,9.0
CLI007559,8.0,0.0,9.0,8.0,0.0
CLI007560,8.0,0.0,9.0,0.0,0.0
CLI007561,0.0,8.0,0.0,9.0,0.0
CLI007562,9.0,0.0,8.0,8.0,0.0
CLI007563,0.0,0.0,0.0,9.0,0.0
CLI007564,0.0,8.0,0.0,0.0,8.0
CLI007565,0.0,7.0,0.0,0.0,0.0
CLI007566,7.0,0.0,0.0,0.0,9.0
CLI007568,0.0,9.0,0.0,0.0,0.0
CLI007569,0.0,10.0,7.0,0.0,0.0
CLI007570,8.0,0.0,7.0,0.0,0.0
CLI007571,0.0,0.0,0.0,8.0,10.0
CLI007572,7.0,8.666666666666666,0.0,0.0,8.0
CLI007573,0.0,0.0,8.0,0.0,7.0
CLI007574,0.0,9.0,8.0,9.0,0.0
CLI007576,0.0,0.0,0.0,7.0,0.0
CLI007577,0.0,8.0,7.0,0.0,0.0
CLI007578,0.0,0.0,10.0,8.5,8.0
CLI007579,7.5,0.0,0.0,7.0,0.0
CLI007580,10.0,0.0,7.0,0.0,0.0
CLI007581,0.0,0.0,7.5,9.0,0.0
CLI007582,0.0,0.0,0.0,7.5,0.0
CLI007583,0.0,8.0,10.0,0.0,7.0
CLI007584,0.0,7.5,0.0,0.0,0.0
CLI007585,0.0,8.0,0.0,0.0,0.0
CLI007586,0.0,0.0,0.0,0.0,7.5
CLI007587,8.0,9.0,0.0,0.0,0.0
CLI007588,0.0,0.0,8.0,0.0,9.0
CLI007589,9.0,0.0,0.0,0.0,0.0
CLI007590,0.0,0.0,8.0,8.0,8.0
CLI007591,0.0,8.0,7.0,0.0,8.0
CLI007592,0.0,0.0,0.0,9.0,0.0
CLI007593,8.0,10.0,8.0,0.0,0.0
CLI007594,0.0,0.0,8.0,0.0,0.0
CLI007595,9.0,0.0,0.0,8.0,0.0
CLI007596,9.0,6.0,0.0,9.0,0.0
CLI007597,0.0,8.5,0.0,0.0,0.0
CLI007598,0.0,8.0,7.0,8.0,0.0
CLI007599,0.0,0.0,0.0,0.0,8.0
CLI007600,8.0,0.0,7.0,8.0,0.0
CLI007601,0.0,0.0,8.0,0.0,8.0
CLI007603,0.0,7.0,0.0,0.0,0.0
CLI007604,0.0,8.0,0.0,7.0,0.0
CLI007605,8.0,0.0,0.0,0.0,9.0
CLI007606,0.0,9.0,9.0,7.5,8.0
CLI007607,8.5,0.0,0.0,0.0,0.0
CLI007608,8.0,8.0,0.0,0.0,0.0
CLI007609,8.0,0.0,0.0,0.0,0.0
CLI007610,10.0,0.0,0.0,8.0,0.0
CLI007612,8.0,8.0,0.0,8.0,0.0
CLI007613,8.0,0.0,0.0,7.5,9.0
CLI007614,0.0,8.0,0.0,8.0,9.0
CLI007615,8.5,0.0,9.0,0.0,0.0
CLI007616,0.0,9.0,0.0,10.0,0.0
CLI007617,8.0,7.0,8.0,9.0,0.0
CLI007618,10.0,7.0,9.0,0.0,9.0
CLI007619,0.0,0.0,0.0,9.0,9.0
CLI007620,0.0,0.0,10.0,0.0,9.0
CLI007621,0.0,8.0,0.0,0.0,0.0
CLI007622,0.0,0.0,9.0,10.0,8.0
CLI007623,0.0,7.0,8.0,0.0,8.0
CLI007624,0.0,7.0,0.0,7.0,0.0
CLI007625,0.0,9.0,0.0,7.0,0.0
CLI007626,7.0,0.0,8.0,0.0,8.0
CLI007627,0.0,0.0,9.0,8.0,7.0
CLI007628,0.0,0.0,9.0,8.0,0.0
CLI007629,8.0,8.0,8.0,0.0,9.0
CLI007630,9.0,0.0,8.0,0.0,7.0
CLI007631,8.0,8.0,0.0,0.0,10.0
CLI007633,0.0,8.0,0.0,0.0,9.0
CLI007634,6.0,0.0,0.0,0.0,0.0
CLI007635,8.0,0.0,9.0,8.0,7.0
CLI007636,0.0,0.0,7.0,0.0,7.0
CLI007637,0.0,0.0,10.0,8.5,7.0
CLI007638,0.0,0.0,0.0,8.0,0.0
CLI007639,9.0,8.5,0.0,0.0,9.0
CLI007640,6.0,0.0,9.0,0.0,8.0
CLI007641,8.0,6.0,7.0,0.0,7.0
CLI007642,0.0,0.0,9.0,8.0,8.0
CLI007643,0.0,8.0,0.0,0.0,0.0
CLI007644,0.0,0.0,0.0,7.0,8.0
CLI007645,0.0,6.5,0.0,8.0,0.0
CLI007646,7.0,0.0,8.5,0.0,0.0
CLI007648,0.0,0.0,0.0,9.0,0.0
CLI007649,0.0,10.0,0.0,8.0,8.5
CLI007650,8.0,9.0,7.0,8.0,0.0
CLI007651,0.0,0.0,8.0,0.0,0.0
CLI007652,0.0,0.0,0.0,8.0,0.0
CLI007653,0.0,0.0,0.0,8.0,7.666666666666667
CLI007654,0.0,9.0,0.0,0.0,7.0
CLI007655,9.0,8.0,0.0,0.0,0.0
CLI007657,7.0,0.0,0.0,0.0,0.0
CLI007658,0.0,0.0,7.0,9.0,0.0
CLI007659,0.0,0.0,9.0,0.0,0.0
CLI007660,0.0,0.0,0.0,0.0,7.0
CLI007661,0.0,0.0,7.0,8.0,9.0
CLI007662,9.0,0.0,0.0,0.0,8.0
CLI007663,9.0,0.0,0.0,0.0,7.0
CLI007664,7.5,0.0,0.0,8.0,8.0
CLI007665,0.0,8.5,8.5,0.0,0.0
CLI007667,0.0,8.0,7.5,0.0,8.0
CLI007668,0.0,0.0,8.0,0.0,0.0
CLI007669,0.0,0.0,7.0,0.0,0.0
CLI007670,8.0,0.0,8.0,0.0,0.0
CLI007671,7.0,0.0,0.0,7.0,8.333333333333334
CLI007672,8.0,6.0,0.0,0.0,10.0
CLI007673,0.0,0.0,7.0,8.0,10.0
CLI007675,0.0,8.0,0.0,0.0,0.0
CLI007676,8.0,0.0,8.0,9.0,9.0
CLI007677,0.0,9.0,9.0,10.0,0.0
CLI007678,0.0,0.0,8.0,0.0,8.0
CLI007680,0.0,8.0,9.0,9.0,0.0
CLI007681,8.0,0.0,8.666666666666666,0.0,8.0
CLI007682,8.0,0.0,9.0,9.5,0.0
CLI007683,6.0,0.0,0.0,10.0,8.666666666666666
CLI007684,0.0,0.0,8.0,0.0,10.0
CLI007685,0.0,0.0,0.0,8.0,0.0
CLI007686,8.0,0.0,0.0,7.0,0.0
CLI007687,7.0,0.0,0.0,7.0,9.0
CLI007688,7.0,0.0,8.0,0.0,0.0
CLI007689,8.0,0.0,9.0,9.0,7.0
CLI007690,7.0,0.0,9.0,8.0,0.0
CLI007691,8.0,0.0,0.0,9.0,0.0
CLI007692,0.0,0.0,0.0,7.0,0.0
CLI007693,0.0,7.0,0.0,0.0,0.0
CLI007695,9.0,0.0,0.0,9.0,8.0
CLI007696,0.0,0.0,9.0,0.0,0.0
CLI007697,0.0,0.0,0.0,6.0,8.0
CLI007698,8.0,0.0,10.0,0.0,0.0
CLI007699,0.0,0.0,0.0,0.0,8.0
CLI007700,9.0,8.0,7.666666666666667,0.0,8.0
CLI007701,0.0,8.5,8.5,7.5,0.0
CLI007702,8.0,0.0,7.0,0.0,0.0
CLI007703,0.0,0.0,0.0,7.0,0.0
CLI007704,8.333333333333334,0.0,8.0,0.0,0.0
CLI007705,9.0,8.0,0.0,0.0,8.0
CLI007706,7.0,0.0,10.0,0.0,0.0
CLI007707,0.0,8.0,0.0,0.0,0.0
CLI007709,0.0,0.0,0.0,7.0,8.0
CLI007710,0.0,7.5,8.0,7.0,8.0
CLI007711,0.0,0.0,0.0,0.0,8.0
CLI007712,0.0,10.0,0.0,7.0,0.0
CLI007713,8.0,0.0,0.0,0.0,0.0
CLI007714,0.0,8.0,0.0,10.0,0.0
CLI007715,8.0,0.0,0.0,0.0,0.0
CLI007716,0.0,0.0,8.0,0.0,8.0
CLI007717,0.0,0.0,0.0,0.0,7.0
CLI007718,0.0,0.0,7.0,0.0,0.0
CLI007722,0.0,0.0,0.0,8.0,0.0
CLI007723,0.0,0.0,9.0,0.0,8.0
CLI007724,0.0,0.0,0.0,7.0,0.0
CLI007725,8.0,9.0,9.0,7.0,0.0
CLI007726,0.0,8.5,6.0,0.0,0.0
CLI007728,0.0,0.0,8.0,0.0,0.0
CLI007729,0.0,0.0,7.0,8.333333333333334,0.0
CLI007730,0.0,0.0,0.0,0.0,7.5
CLI007731,8.0,9.0,0.0,0.0,9.0
CLI007732,0.0,0.0,7.0,0.0,7.0
CLI007734,7.0,0.0,0.0,9.0,7.5
CLI007735,0.0,0.0,0.0,0.0,7.0
CLI007736,7.0,0.0,7.5,0.0,8.0
CLI007738,0.0,7.0,8.0,0.0,0.0
CLI007739,7.0,9.0,0.0,8.0,8.0
CLI007740,0.0,0.0,7.0,8.0,0.0
CLI007741,0.0,0.0,0.0,8.0,0.0
CLI007742,8.0,0.0,0.0,0.0,9.0
CLI007743,9.0,9.0,0.0,9.0,9.0
CLI007744,8.0,0.0,0.0,0.0,0.0
CLI007745,7.0,9.0,0.0,8.0,10.0
CLI007746,0.0,0.0,8.5,0.0,0.0
CLI007747,7.0,0.0,9.0,8.0,7.666666666666667
CLI007748,7.5,8.0,8.0,8.0,0.0
CLI007749,7.0,0.0,0.0,6.5,0.0
CLI007750,0.0,9.0,6.0,9.0,7.0
CLI007751,0.0,0.0,0.0,8.0,0.0
CLI007752,0.0,0.0,8.0,0.0,0.0
CLI007753,9.0,8.0,0.0,8.5,0.0
CLI007754,0.0,10.0,0.0,8.0,8.5
CLI007755,0.0,8.0,0.0,0.0,7.5
CLI007757,0.0,8.0,0.0,0.0,0.0
CLI007758,0.0,0.0,9.0,10.0,0.0
CLI007759,7.0,8.0,8.0,6.0,8.5
CLI007760,0.0,0.0,0.0,8.5,8.0
CLI007761,0.0,0.0,7.0,0.0,0.0
CLI007762,10.0,0.0,8.0,0.0,0.0
CLI007763,6.5,8.0,8.0,0.0,8.5
CLI007764,0.0,8.0,0.0,0.0,0.0
CLI007766,8.0,0.0,0.0,8.0,0.0
CLI007767,0.0,0.0,0.0,8.666666666666666,0.0
CLI007768,8.5,0.0,9.0,9.0,9.0
CLI007769,8.0,9.0,0.0,0.0,0.0
CLI007770,10.0,0.0,0.0,0.0,0.0
CLI007771,0.0,0.0,0.0,9.0,0.0
CLI007772,0.0,0.0,8.0,8.0,0.0
CLI007773,9.0,8.0,0.0,0.0,7.0
CLI007774,9.0,0.0,8.0,8.5,0.0
CLI007775,7.0,8.0,7.0,0.0,8.0
CLI007776,8.0,0.0,9.0,6.0,0.0
CLI007778,0.0,0.0,6.0,0.0,9.0
CLI007780,8.0,9.0,8.5,0.0,0.0
CLI007781,9.0,7.666666666666667,0.0,10.0,0.0
CLI007782,0.0,0.0,8.0,0.0,0.0
CLI007783,9.0,0.0,0.0,0.0,0.0
CLI007784,7.0,7.0,0.0,0.0,0.0
CLI007785,0.0,0.0,8.0,0.0,0.0
CLI007786,0.0,0.0,8.0,7.0,9.0
CLI007787,7.0,0.0,0.0,0.0,0.0
CLI007788,8.0,0.0,0.0,10.0,0.0
CLI007790,6.0,0.0,0.0,0.0,0.0
CLI007791,0.0,0.0,0.0,10.0,7.5
CLI007793,0.0,0.0,9.0,0.0,0.0
CLI007794,0.0,0.0,0.0,8.5,9.0
CLI007795,8.0,0.0,9.0,8.0,9.0
CLI007796,8.0,0.0,0.0,9.0,9.0
CLI007797,9.0,9.0,0.0,8.0,9.0
CLI007798,0.0,9.0,0.0,0.0,0.0
CLI007799,0.0,0.0,0.0,8.0,8.0
CLI007800,8.0,9.0,8.0,0.0,0.0
CLI007801,8.5,7.5,9.0,0.0,0.0
CLI007802,0.0,0.0,8.0,0.0,6.0
CLI007803,0.0,0.0,7.0,0.0,0.0
CLI007804,8.5,0.0,7.0,0.0,9.0
CLI007805,0.0,10.0,0.0,9.0,7.666666666666667
CLI007806,0.0,10.0,0.0,7.0,0.0
CLI007807,7.0,0.0,0.0,7.0,8.0
CLI007808,0.0,0.0,0.0,8.0,9.0
CLI007809,8.0,0.0,0.0,0.0,8.0
CLI007810,0.0,0.0,0.0,8.0,6.0
CLI007811,8.5,8.0,0.0,6.0,0.0
CLI007812,7.0,8.0,8.0,0.0,0.0
CLI007813,9.0,0.0,8.0,0.0,0.0
CLI007814,0.0,0.0,7.5,8.0,8.0
CLI007815,6.0,9.0,8.5,0.0,0.0
CLI007816,8.0,9.0,0.0,0.0,0.0
CLI007817,0.0,9.0,9.0,0.0,0.0
CLI007819,9.0,10.0,0.0,0.0,0.0
CLI007820,10.0,0.0,9.0,0.0,0.0
CLI007821,9.0,9.0,8.0,0.0,0.0
CLI007822,10.0,0.0,0.0,0.0,0.0
CLI007823,7.0,7.0,0.0,0.0,0.0
CLI007824,6.5,0.0,0.0,8.0,0.0
CLI007825,10.0,0.0,0.0,0.0,7.0
CLI007826,8.0,7.666666666666667,10.0,0.0,8.0
CLI007827,0.0,9.0,9.0,0.0,9.0
CLI007828,9.0,0.0,0.0,0.0,9.0
CLI007830,0.0,0.0,7.0,8.0,0.0
CLI007831,0.0,0.0,0.0,7.0,0.0
CLI007832,7.0,0.0,0.0,8.0,0.0
CLI007834,0.0,0.0,9.0,0.0,0.0
CLI007835,0.0,7.0,9.0,0.0,0.0
CLI007836,0.0,0.0,0.0,10.0,0.0
CLI007837,7.333333333333333,0.0,9.0,9.0,0.0
CLI007838,8.0,0.0,7.0,0.0,7.0
CLI007839,10.0,0.0,0.0,8.0,0.0
CLI007841,0.0,7.0,0.0,9.0,9.0
CLI007842,8.0,0.0,0.0,0.0,7.0
CLI007844,0.0,0.0,0.0,0.0,8.0
CLI007845,0.0,9.0,0.0,7.5,0.0
CLI007846,0.0,0.0,0.0,8.0,7.0
CLI007847,0.0,7.5,0.0,8.0,8.0
CLI007849,9.0,0.0,0.0,0.0,9.0
CLI007851,0.0,0.0,8.0,0.0,0.0
CLI007852,0.0,9.0,0.0,8.0,9.0
CLI007853,7.0,0.0,0.0,8.666666666666666,10.0
CLI007854,7.0,8.0,0.0,0.0,0.0
CLI007855,9.0,0.0,0.0,0.0,7.0
CLI007857,0.0,0.0,9.0,0.0,0.0
CLI007858,0.0,9.0,0.0,8.0,7.0
CLI007859,0.0,8.0,8.0,0.0,0.0
CLI007860,9.0,9.0,0.0,8.0,0.0
CLI007861,0.0,0.0,9.0,8.0,10.0
CLI007862,9.0,0.0,8.0,0.0,0.0
CLI007863,8.0,0.0,0.0,0.0,0.0
CLI007864,10.0,0.0,8.0,0.0,0.0
CLI007865,9.0,0.0,9.0,7.0,0.0
CLI007866,0.0,6.0,0.0,8.0,0.0
CLI007867,8.0,0.0,0.0,8.5,0.0
CLI007868,9.0,0.0,8.0,8.0,8.0
CLI007869,7.0,8.5,7.0,0.0,8.5
CLI007870,7.0,0.0,0.0,7.0,6.0
CLI007872,7.0,7.0,0.0,0.0,9.0
CLI007873,0.0,0.0,10.0,0.0,0.0
CLI007874,7.0,8.0,8.0,0.0,0.0
CLI007875,0.0,8.0,0.0,0.0,0.0
CLI007876,9.0,8.0,9.0,8.0,7.0
CLI007878,0.0,9.0,10.0,0.0,0.0
CLI007879,0.0,8.0,0.0,9.0,0.0
CLI007880,0.0,10.0,8.0,0.0,0.0
CLI007881,8.0,8.0,0.0,7.666666666666667,0.0
CLI007882,7.0,8.0,7.0,0.0,0.0
CLI007883,6.5,0.0,0.0,0.0,8.0
CLI007886,8.0,0.0,8.0,8.0,7.333333333333333
CLI007887,7.0,7.0,0.0,0.0,0.0
CLI007888,0.0,0.0,9.0,0.0,0.0
CLI007889,0.0,0.0,0.0,0.0,9.0
CLI007890,7.0,7.0,10.0,7.0,0.0
CLI007893,0.0,0.0,8.0,8.0,0.0
CLI007894,9.0,0.0,10.0,0.0,8.0
CLI007896,0.0,0.0,0.0,7.0,0.0
CLI007897,7.0,0.0,8.0,0.0,0.0
CLI007898,0.0,8.0,0.0,0.0,0.0
CLI007899,0.0,7.0,9.0,0.0,0.0
CLI007900,0.0,8.0,0.0,0.0,8.0
CLI007901,0.0,8.0,8.0,0.0,0.0
CLI007902,10.0,0.0,0.0,0.0,8.0
CLI007903,8.0,0.0,0.0,8.0,0.0
CLI007904,0.0,9.0,8.0,0.0,10.0
CLI007905,8.0,9.0,0.0,7.5,0.0
CLI007906,8.0,7.0,0.0,0.0,7.0
CLI007907,0.0,0.0,8.0,0.0,0.0
CLI007908,0.0,0.0,8.0,0.0,7.0
CLI007909,8.0,0.0,0.0,0.0,9.0
CLI007910,8.0,0.0,8.0,8.0,0.0
CLI007911,0.0,0.0,0.0,9.0,0.0
CLI007912,9.0,0.0,0.0,9.0,0.0
CLI007913,0.0,0.0,0.0,0.0,8.0
CLI007914,10.0,0.0,9.0,7.0,0.0
CLI007915,7.0,0.0,7.0,0.0,0.0
CLI007916,7.0,7.0,8.0,0.0,0.0
CLI007917,0.0,8.5,0.0,9.0,7.5
CLI007918,0.0,6.0,9.0,0.0,0.0
CLI007919,0.0,0.0,0.0,0.0,8.5
CLI007921,7.0,0.0,0.0,0.0,9.0
CLI007922,0.0,9.0,0.0,0.0,8.333333333333334
CLI007923,0.0,0.0,8.0,0.0,8.0
CLI007924,0.0,7.5,0.0,0.0,0.0
CLI007925,0.0,9.0,0.0,9.0,0.0
CLI007927,8.5,0.0,8.0,7.0,8.0
CLI007928,0.0,0.0,8.0,9.0,0.0
CLI007929,0.0,7.5,7.0,0.0,0.0
CLI007930,7.0,0.0,7.0,7.0,0.0
CLI007932,0.0,9.0,8.0,8.0,0.0
CLI007933,0.0,0.0,0.0,9.0,0.0
CLI007934,0.0,0.0,7.0,0.0,0.0
CLI007935,9.0,0.0,0.0,0.0,8.5
CLI007936,0.0,0.0,0.0,9.0,0.0
CLI007938,0.0,0.0,0.0,8.0,7.0
CLI007939,0.0,9.0,7.0,0.0,7.0
CLI007940,0.0,0.0,0.0,8.0,0.0
CLI007941,0.0,10.0,8.0,0.0,10.0
CLI007942,8.0,7.5,0.0,0.0,0.0
CLI007943,0.0,0.0,10.0,0.0,9.0
CLI007945,9.0,8.0,0.0,7.0,0.0
CLI007946,0.0,7.0,10.0,8.5,8.0
CLI007948,8.0,9.0,0.0,9.0,6.0
CLI007949,0.0,0.0,9.0,8.0,0.0
CLI007950,8.0,8.0,9.0,0.0,8.0
CLI007951,0.0,0.0,8.0,0.0,0.0
CLI007952,0.0,0.0,0.0,9.0,9.0
CLI007953,7.0,0.0,0.0,0.0,0.0
CLI007954,9.0,0.0,9.0,0.0,0.0
CLI007955,0.0,0.0,0.0,8.0,0.0
CLI007956,8.0,7.5,10.0,8.0,0.0
CLI007957,0.0,9.0,0.0,0.0,0.0
CLI007958,0.0,8.0,9.0,0.0,7.0
CLI007959,8.0,0.0,0.0,0.0,8.5
CLI007960,0.0,9.0,0.0,0.0,8.5
CLI007961,9.0,7.0,8.0,8.0,8.0
CLI007962,7.0,0.0,8.0,0.0,10.0
CLI007963,8.0,8.0,7.0,0.0,0.0
CLI007964,8.5,8.0,0.0,0.0,7.0
CLI007966,0.0,0.0,8.0,0.0,0.0
CLI007967,0.0,8.0,7.0,7.0,9.0
CLI007968,8.0,10.0,9.0,0.0,8.0
CLI007969,9.0,0.0,7.0,8.0,0.0
CLI007970,0.0,0.0,0.0,0.0,10.0
CLI007971,0.0,9.0,7.0,0.0,8.0
CLI007972,8.0,0.0,8.0,0.0,0.0
CLI007974,0.0,0.0,0.0,8.0,0.0
CLI007975,8.0,0.0,8.0,0.0,0.0
CLI007976,9.0,0.0,0.0,8.0,0.0
CLI007977,0.0,9.0,0.0,0.0,0.0
CLI007978,8.0,0.0,0.0,0.0,0.0
CLI007979,0.0,0.0,8.0,0.0,0.0
CLI007980,0.0,0.0,0.0,9.0,0.0
CLI007981,0.0,0.0,0.0,7.0,0.0
CLI007982,0.0,8.0,0.0,0.0,8.0
CLI007983,0.0,0.0,0.0,0.0,7.5
CLI007984,9.0,0.0,0.0,7.5,8.0
CLI007986,0.0,0.0,10.0,8.0,0.0
CLI007987,0.0,0.0,8.0,0.0,0.0
CLI007988,0.0,8.5,0.0,9.0,9.0
CLI007989,0.0,0.0,0.0,9.0,0.0
CLI007990,9.0,0.0,0.0,6.0,0.0
CLI007991,8.0,7.0,9.0,0.0,0.0
CLI007992,0.0,0.0,0.0,0.0,7.0
CLI007993,0.0,0.0,0.0,0.0,8.0
CLI007996,0.0,8.5,0.0,0.0,8.0
CLI007997,8.0,7.333333333333333,8.0,0.0,0.0
CLI007998,8.0,0.0,9.0,0.0,0.0
CLI007999,0.0,0.0,0.0,10.0,0.0
CLI008000,0.0,8.0,0.0,0.0,0.0
CLI008001,8.0,0.0,0.0,8.0,0.0
CLI008002,9.0,0.0,8.0,9.0,0.0
CLI008003,8.333333333333334,0.0,0.0,0.0,8.5
CLI008004,0.0,0.0,9.0,8.0,7.0
CLI008005,0.0,0.0,0.0,7.0,8.0
CLI008007,0.0,0.0,8.0,9.0,0.0
CLI008009,0.0,10.0,0.0,8.0,7.0
CLI008010,7.5,0.0,0.0,0.0,0.0
CLI008012,0.0,0.0,9.0,8.0,7.5
CLI008013,0.0,0.0,9.0,0.0,0.0
CLI008014,8.0,8.0,9.0,0.0,0.0
CLI008015,0.0,0.0,0.0,9.0,8.0
CLI008016,7.5,8.0,0.0,7.0,0.0
CLI008017,0.0,10.0,0.0,8.0,8.5
CLI008018,7.0,0.0,0.0,0.0,0.0
CLI008019,0.0,0.0,9.0,8.0,0.0
CLI008020,0.0,0.0,0.0,0.0,8.0
CLI008021,7.0,9.0,8.0,0.0,0.0
CLI008022,0.0,0.0,0.0,8.0,0.0
CLI008023,0.0,0.0,0.0,8.0,9.0
CLI008026,0.0,0.0,0.0,7.0,8.0
CLI008027,9.0,9.0,7.0,0.0,0.0
CLI008028,0.0,7.0,7.5,0.0,9.0
CLI008029,0.0,0.0,0.0,0.0,9.0
CLI008030,0.0,10.0,0.0,9.0,0.0
CLI008031,0.0,7.0,0.0,8.5,8.0
CLI008032,0.0,0.0,0.0,0.0,8.5
CLI008033,7.0,0.0,7.5,0.0,0.0
CLI008034,0.0,7.0,0.0,7.5,0.0
CLI008035,8.0,8.0,0.0,0.0,0.0
CLI008037,0.0,0.0,8.0,0.0,0.0
CLI008038,0.0,8.0,0.0,0.0,0.0
CLI008039,8.0,7.0,7.0,0.0,0.0
CLI008040,8.0,0.0,8.0,0.0,7.0
CLI008041,0.0,8.0,9.0,6.0,7.0
CLI008042,0.0,0.0,0.0,0.0,10.0
CLI008043,0.0,6.0,0.0,0.0,0.0
CLI008044,0.0,0.0,0.0,0.0,7.666666666666667
CLI008045,0.0,9.0,7.0,7.5,0.0
CLI008046,0.0,0.0,8.0,0.0,9.0
CLI008047,0.0,9.0,6.0,0.0,0.0
CLI008048,8.0,0.0,0.0,0.0,0.0
CLI008049,8.0,0.0,8.5,0.0,0.0
CLI008050,0.0,0.0,0.0,9.0,0.0
CLI008052,0.0,9.0,7.0,0.0,7.0
CLI008053,0.0,7.0,7.5,0.0,0.0
CLI008054,0.0,8.0,0.0,9.0,0.0
CLI008055,9.0,0.0,0.0,0.0,0.0
CLI008056,0.0,0.0,0.0,8.0,0.0
CLI008057,0.0,7.0,9.0,7.0,0.0
CLI008058,0.0,0.0,0.0,0.0,9.5
CLI008059,0.0,0.0,7.0,0.0,0.0
CLI008060,0.0,0.0,9.0,8.0,0.0
CLI008061,8.0,0.0,0.0,0.0,0.0
CLI008063,0.0,8.0,0.0,8.0,0.0
CLI008065,9.0,7.0,0.0,9.0,0.0
CLI008066,0.0,0.0,0.0,8.5,0.0
CLI008067,0.0,9.0,8.0,0.0,0.0
CLI008068,0.0,7.0,8.0,8.0,0.0
CLI008069,0.0,6.0,8.0,0.0,0.0
CLI008070,8.5,8.0,0.0,0.0,7.0
CLI008071,8.0,0.0,0.0,8.0,7.0
CLI008072,0.0,0.0,8.0,8.0,0.0
CLI008073,6.0,0.0,0.0,0.0,0.0
CLI008074,0.0,7.0,0.0,0.0,8.0
CLI008075,0.0,7.0,9.0,9.0,0.0
CLI008076,0.0,0.0,0.0,0.0,9.0
CLI008077,9.0,0.0,8.0,0.0,7.0
CLI008078,0.0,10.0,0.0,0.0,0.0
CLI008079,7.0,9.0,9.0,0.0,8.0
CLI008080,8.0,0.0,8.0,9.0,0.0
CLI008081,0.0,0.0,9.0,9.0,0.0
CLI008082,0.0,0.0,7.0,0.0,0.0
CLI008083,7.0,0.0,0.0,0.0,9.0
CLI008084,0.0,0.0,0.0,9.0,0.0
CLI008085,0.0,7.0,0.0,0.0,0.0
CLI008086,0.0,0.0,8.0,0.0,0.0
CLI008087,10.0,0.0,0.0,7.0,0.0
CLI008088,0.0,0.0,6.0,0.0,9.0
CLI008089,0.0,0.0,8.0,0.0,0.0
CLI008090,7.5,0.0,9.0,7.5,0.0
CLI008091,8.0,8.0,8.0,9.0,8.0
CLI008092,0.0,0.0,7.0,0.0,0.0
CLI008093,0.0,0.0,0.0,10.0,0.0
CLI008094,8.5,8.0,8.0,6.0,8.0
CLI008095,0.0,7.333333333333333,8.0,0.0,0.0
CLI008096,8.0,0.0,8.0,0.0,9.0
CLI008097,0.0,0.0,7.0,8.0,0.0
CLI008098,0.0,0.0,0.0,0.0,8.0
CLI008099,10.0,0.0,0.0,0.0,7.0
CLI008100,0.0,9.0,0.0,8.0,8.0
CLI008101,7.0,0.0,0.0,6.0,9.0
CLI008102,0.0,0.0,8.0,0.0,0.0
CLI008103,0.0,0.0,0.0,0.0,7.0
CLI008104,8.0,0.0,0.0,0.0,0.0
CLI008105,6.0,0.0,0.0,8.0,9.0
CLI008106,8.0,7.0,0.0,8.0,8.0
CLI008107,0.0,8.0,0.0,8.0,8.0
CLI008108,0.0,0.0,7.0,0.0,7.0
CLI008109,7.0,9.5,8.0,0.0,0.0
CLI008110,8.0,8.0,0.0,0.0,9.0
CLI008111,9.0,10.0,0.0,0.0,0.0
CLI008112,0.0,0.0,7.5,8.0,9.0
CLI008113,7.0,0.0,8.0,8.0,8.0
CLI008114,0.0,0.0,0.0,7.5,0.0
CLI008115,8.0,9.0,9.0,8.0,9.0
CLI008116,0.0,0.0,0.0,8.0,0.0
CLI008117,0.0,9.0,0.0,0.0,0.0
CLI008118,0.0,9.0,0.0,7.5,7.0
CLI008120,0.0,0.0,8.333333333333334,0.0,0.0
CLI008121,7.5,0.0,8.666666666666666,0.0,0.0
CLI008122,0.0,0.0,0.0,6.0,0.0
CLI008123,0.0,0.0,9.0,0.0,0.0
CLI008124,0.0,0.0,9.0,0.0,0.0
CLI008125,0.0,8.0,0.0,0.0,0.0
CLI008126,0.0,0.0,8.0,0.0,0.0
CLI008127,0.0,8.0,9.0,0.0,0.0
CLI008128,0.0,0.0,0.0,0.0,7.0
CLI008129,8.0,0.0,6.0,8.0,8.0
CLI008130,7.0,0.0,0.0,0.0,0.0
CLI008131,0.0,7.0,0.0,0.0,0.0
CLI008132,0.0,0.0,0.0,0.0,7.0
CLI008133,0.0,0.0,0.0,10.0,0.0
CLI008134,0.0,8.0,0.0,0.0,0.0
CLI008135,7.5,0.0,0.0,0.0,0.0
CLI008137,9.0,0.0,0.0,0.0,0.0
CLI008138,0.0,0.0,7.0,8.0,7.0
CLI008139,9.0,8.0,0.0,0.0,0.0
CLI008140,0.0,9.0,0.0,0.0,9.0
CLI008141,0.0,0.0,7.0,10.0,0.0
CLI008142,0.0,8.0,0.0,0.0,0.0
CLI008143,8.0,0.0,0.0,0.0,7.0
CLI008144,0.0,0.0,7.0,0.0,9.0
CLI008145,0.0,9.0,0.0,7.0,0.0
CLI008146,0.0,0.0,0.0,8.0,0.0
CLI008148,0.0,7.0,0.0,8.5,7.0
CLI008149,9.0,0.0,0.0,7.0,0.0
CLI008150,9.0,0.0,0.0,0.0,0.0
CLI008151,0.0,0.0,8.0,0.0,8.0
CLI008152,9.0,0.0,8.0,0.0,0.0
CLI008153,8.0,10.0,6.0,8.5,8.0
CLI008154,0.0,0.0,8.666666666666666,7.0,0.0
CLI008155,0.0,0.0,8.0,0.0,0.0
CLI008156,0.0,8.0,0.0,0.0,8.0
CLI008157,0.0,9.0,0.0,0.0,0.0
CLI008158,9.0,0.0,8.0,0.0,0.0
CLI008159,7.0,0.0,0.0,0.0,0.0
CLI008160,0.0,0.0,9.0,0.0,0.0
CLI008161,0.0,0.0,0.0,6.0,6.0
CLI008162,9.0,0.0,9.0,9.0,0.0
CLI008163,7.0,0.0,0.0,0.0,9.0
CLI008164,0.0,9.0,0.0,8.0,9.0
CLI008165,0.0,9.0,8.0,0.0,9.0
CLI008166,0.0,0.0,8.5,0.0,0.0
CLI008167,7.0,0.0,0.0,9.0,0.0
CLI008168,8.5,0.0,8.0,0.0,9.0
CLI008169,8.0,0.0,0.0,7.0,0.0
CLI008170,0.0,0.0,0.0,10.0,0.0
CLI008171,0.0,0.0,10.0,0.0,0.0
CLI008173,0.0,0.0,0.0,8.0,8.0
CLI008174,0.0,0.0,9.0,8.0,0.0
CLI008175,0.0,0.0,0.0,9.0,0.0
CLI008176,0.0,9.0,0.0,0.0,7.0
CLI008177,0.0,0.0,0.0,0.0,10.0
CLI008179,0.0,0.0,8.0,9.0,0.0
CLI008180,7.0,8.0,0.0,8.0,0.0
CLI008181,0.0,9.0,0.0,0.0,7.0
CLI008182,8.0,9.0,8.0,0.0,9.0
CLI008183,9.0,9.0,0.0,0.0,8.0
CLI008185,0.0,0.0,7.0,0.0,0.0
CLI008186,8.0,0.0,0.0,0.0,0.0
CLI008187,0.0,0.0,0.0,0.0,8.0
CLI008188,0.0,0.0,8.0,0.0,0.0
CLI008189,0.0,8.0,0.0,0.0,6.0
CLI008190,7.5,9.0,0.0,0.0,0.0
CLI008191,8.0,9.0,0.0,0.0,0.0
CLI008192,0.0,0.0,8.0,0.0,0.0
CLI008193,8.0,0.0,0.0,0.0,8.0
CLI008194,9.0,8.0,0.0,9.0,7.0
CLI008195,0.0,0.0,8.0,0.0,0.0
CLI008196,8.0,9.5,8.0,0.0,0.0
CLI008198,0.0,0.0,8.0,8.0,0.0
CLI008199,8.0,0.0,8.0,0.0,0.0
CLI008200,0.0,0.0,8.0,8.0,8.0
CLI008201,9.0,0.0,0.0,0.0,0.0
CLI008202,7.0,0.0,0.0,7.0,9.0
CLI008203,9.0,0.0,7.0,0.0,0.0
CLI008204,0.0,10.0,0.0,0.0,0.0
CLI008205,9.0,7.0,0.0,8.0,9.0
CLI008206,0.0,0.0,0.0,8.5,9.0
CLI008207,8.0,0.0,8.0,8.0,0.0
CLI008208,0.0,0.0,9.0,8.5,9.0
CLI008209,0.0,8.0,0.0,0.0,0.0
CLI008210,0.0,8.0,8.0,0.0,10.0
CLI008211,0.0,0.0,0.0,9.0,0.0
CLI008212,0.0,0.0,7.5,9.0,0.0
CLI008213,0.0,7.0,0.0,0.0,0.0
CLI008214,0.0,10.0,0.0,9.0,0.0
CLI008215,0.0,9.0,0.0,0.0,0.0
CLI008216,0.0,9.0,0.0,0.0,7.0
CLI008217,0.0,0.0,6.0,0.0,0.0
CLI008218,0.0,8.0,0.0,0.0,0.0
CLI008219,0.0,0.0,8.0,0.0,8.0
CLI008220,0.0,0.0,0.0,7.5,8.0
CLI008221,0.0,0.0,9.0,0.0,7.0
CLI008222,0.0,8.0,0.0,0.0,0.0
CLI008223,0.0,0.0,7.0,0.0,7.0
CLI008224,0.0,0.0,0.0,9.0,0.0
CLI008225,8.5,0.0,0.0,9.0,8.0
CLI008227,8.0,7.666666666666667,9.0,0.0,0.0
CLI008228,0.0,0.0,0.0,8.0,0.0
CLI008229,0.0,0.0,0.0,10.0,8.0
CLI008230,0.0,9.0,0.0,9.0,8.0
CLI008231,8.0,0.0,0.0,8.0,0.0
CLI008232,0.0,8.0,9.0,0.0,0.0
CLI008233,7.5,9.0,0.0,8.0,8.0
CLI008234,9.0,0.0,10.0,9.0,0.0
CLI008235,0.0,0.0,0.0,9.0,0.0
CLI008236,8.0,0.0,0.0,9.0,7.0
CLI008237,7.0,0.0,0.0,0.0,8.0
CLI008238,9.0,9.0,9.0,9.0,8.0
CLI008239,10.0,0.0,0.0,0.0,8.5
CLI008240,0.0,0.0,0.0,0.0,7.0
CLI008241,7.0,0.0,7.0,7.0,0.0
CLI008242,9.0,0.0,8.0,0.0,0.0
CLI008243,0.0,0.0,0.0,7.0,0.0
CLI008245,0.0,8.0,8.0,7.0,0.0
CLI008246,8.5,8.0,9.0,0.0,0.0
CLI008247,7.0,0.0,0.0,8.0,0.0
CLI008249,0.0,0.0,0.0,9.0,0.0
CLI008250,0.0,7.0,0.0,0.0,0.0
CLI008252,0.0,9.0,9.0,8.0,0.0
CLI008253,9.0,0.0,0.0,7.0,0.0
CLI008254,0.0,8.0,0.0,8.0,0.0
CLI008255,0.0,9.0,9.0,8.0,8.0
CLI008256,0.0,0.0,7.0,0.0,0.0
CLI008257,7.0,0.0,0.0,9.0,10.0
CLI008258,9.0,0.0,8.0,0.0,9.5
CLI008259,0.0,0.0,8.0,7.5,0.0
CLI008260,0.0,0.0,8.0,0.0,0.0
CLI008261,0.0,0.0,8.5,0.0,0.0
CLI008262,9.0,0.0,0.0,7.0,0.0
CLI008263,8.0,0.0,0.0,10.0,0.0
CLI008264,7.0,8.333333333333334,8.0,0.0,0.0
CLI008265,0.0,9.0,8.0,0.0,8.0
CLI008266,0.0,0.0,0.0,10.0,0.0
CLI008267,0.0,9.0,0.0,8.0,0.0
CLI008268,8.0,10.0,0.0,0.0,0.0
CLI008270,9.0,0.0,0.0,0.0,8.0
CLI008271,0.0,0.0,7.0,0.0,0.0
CLI008272,8.0,7.0,0.0,0.0,0.0
CLI008273,0.0,0.0,0.0,10.0,0.0
CLI008274,7.0,0.0,0.0,0.0,8.0
CLI008275,0.0,8.0,0.0,0.0,6.0
CLI008276,8.0,8.0,7.5,0.0,9.0
CLI008277,0.0,0.0,0.0,9.0,7.5
CLI008278,0.0,8.0,0.0,0.0,10.0
CLI008279,9.0,0.0,9.0,0.0,0.0
CLI008280,0.0,8.5,9.0,0.0,9.0
CLI008282,0.0,0.0,0.0,0.0,9.0
CLI008283,0.0,0.0,9.0,9.0,0.0
CLI008285,0.0,0.0,9.0,9.0,7.5
CLI008286,0.0,8.5,0.0,0.0,0.0
CLI008287,0.0,0.0,0.0,0.0,7.0
CLI008288,9.0,0.0,0.0,9.0,8.0
CLI008289,0.0,8.0,7.0,0.0,0.0
CLI008290,0.0,0.0,0.0,9.0,0.0
CLI008291,9.0,0.0,9.0,0.0,0.0
CLI008292,0.0,8.0,0.0,0.0,7.0
CLI008293,0.0,10.0,7.0,8.0,8.0
CLI008294,0.0,7.0,0.0,0.0,9.0
CLI008295,0.0,0.0,7.0,7.5,0.0
CLI008296,7.0,0.0,8.25,0.0,7.0
CLI008297,7.0,0.0,7.0,0.0,0.0
CLI008298,9.0,0.0,0.0,9.0,9.0
CLI008300,0.0,0.0,8.0,8.0,0.0
CLI008302,8.5,7.0,0.0,7.0,9.0
CLI008304,0.0,7.0,0.0,0.0,8.0
CLI008305,0.0,8.0,0.0,0.0,10.0
CLI008306,6.0,0.0,9.0,8.0,0.0
CLI008307,0.0,8.5,8.0,0.0,0.0
CLI008308,8.0,0.0,0.0,0.0,8.0
CLI008310,0.0,7.0,8.0,0.0,0.0
CLI008312,8.0,0.0,0.0,0.0,0.0
CLI008313,0.0,10.0,0.0,0.0,0.0
CLI008314,0.0,9.0,0.0,8.0,0.0
CLI008315,8.5,7.0,9.0,0.0,0.0
CLI008316,9.0,7.0,0.0,7.0,0.0
CLI008317,7.0,0.0,0.0,9.333333333333334,0.0
CLI008318,9.0,0.0,0.0,7.0,9.0
CLI008320,8.0,0.0,0.0,9.0,0.0
CLI008321,8.0,0.0,8.0,8.5,0.0
CLI008322,0.0,0.0,8.0,0.0,8.0
CLI008323,0.0,8.5,8.0,9.0,8.0
CLI008325,7.0,0.0,9.0,0.0,0.0
CLI008326,0.0,0.0,8.0,0.0,0.0
CLI008327,9.0,0.0,0.0,8.0,10.0
CLI008328,0.0,0.0,7.0,9.0,0.0
CLI008329,7.333333333333333,0.0,9.0,8.0,0.0
CLI008330,0.0,8.0,0.0,0.0,7.0
CLI008332,7.5,8.5,8.0,0.0,0.0
CLI008333,0.0,0.0,8.0,0.0,9.0
CLI008334,0.0,0.0,8.0,0.0,8.5
CLI008335,9.0,0.0,10.0,0.0,0.0
CLI008336,0.0,0.0,0.0,0.0,8.0
CLI008337,10.0,0.0,9.0,0.0,8.0
CLI008339,0.0,0.0,10.0,0.0,0.0
CLI008340,0.0,0.0,0.0,0.0,8.0
CLI008341,0.0,6.0,0.0,0.0,0.0
CLI008342,8.0,8.0,9.0,0.0,0.0
CLI008343,7.0,0.0,0.0,0.0,9.0
CLI008344,0.0,0.0,0.0,8.0,6.5
CLI008345,0.0,0.0,9.0,0.0,8.5
CLI008346,7.0,0.0,0.0,0.0,0.0
CLI008347,0.0,0.0,0.0,10.0,0.0
CLI008348,9.0,8.0,0.0,10.0,0.0
CLI008349,9.0,0.0,10.0,0.0,0.0
CLI008351,7.0,0.0,0.0,0.0,0.0
CLI008352,0.0,9.0,0.0,7.0,0.0
CLI008354,9.0,0.0,0.0,0.0,0.0
CLI008355,6.0,8.0,0.0,9.0,0.0
CLI008356,0.0,0.0,8.0,0.0,0.0
CLI008357,6.0,0.0,0.0,7.0,0.0
CLI008358,0.0,7.5,0.0,0.0,0.0
CLI008359,9.0,0.0,7.0,0.0,0.0
CLI008360,0.0,7.333333333333333,0.0,0.0,8.0
CLI008361,6.5,0.0,9.0,0.0,6.0
CLI008362,7.0,0.0,0.0,8.0,8.5
CLI008363,0.0,0.0,10.0,0.0,10.0
CLI008364,7.0,6.5,0.0,8.333333333333334,0.0
CLI008365,0.0,10.0,0.0,0.0,9.0
CLI008366,0.0,10.0,0.0,7.0,0.0
CLI008367,0.0,0.0,0.0,0.0,8.0
CLI008368,0.0,8.0,8.0,0.0,0.0
CLI008369,0.0,0.0,8.0,0.0,0.0
CLI008370,8.0,0.0,7.0,0.0,6.0
CLI008371,0.0,10.0,0.0,8.0,0.0
CLI008372,0.0,0.0,0.0,8.0,8.0
CLI008373,0.0,0.0,9.0,0.0,0.0
CLI008374,0.0,8.0,0.0,0.0,7.0
CLI008376,0.0,8.0,8.0,0.0,8.0
CLI008377,0.0,8.0,7.0,0.0,8.0
CLI008378,7.0,10.0,0.0,0.0,7.0
CLI008379,0.0,9.0,0.0,0.0,0.0
CLI008380,0.0,0.0,7.0,9.0,8.0
CLI008381,0.0,8.0,0.0,0.0,0.0
CLI008382,8.0,0.0,0.0,0.0,8.0
CLI008383,7.0,7.0,0.0,8.0,8.0
CLI008384,0.0,0.0,8.0,0.0,8.0
CLI008385,0.0,9.0,6.0,0.0,7.0
CLI008387,8.0,0.0,0.0,0.0,0.0
CLI008388,0.0,8.0,0.0,0.0,6.5
CLI008389,0.0,9.0,0.0,7.0,0.0
CLI008390,0.0,0.0,8.0,0.0,7.0
CLI008391,0.0,0.0,10.0,0.0,7.0
CLI008392,8.0,0.0,7.0,8.0,0.0
CLI008393,0.0,8.0,7.0,0.0,0.0
CLI008394,0.0,0.0,7.0,0.0,8.0
CLI008395,9.0,7.0,7.0,7.0,0.0
CLI008396,8.0,7.0,7.8,7.0,8.5
CLI008397,0.0,0.0,8.0,7.5,0.0
CLI008398,0.0,9.0,8.0,7.0,0.0
CLI008399,7.0,9.0,10.0,8.0,0.0
CLI008401,0.0,0.0,8.0,0.0,0.0
CLI008402,0.0,8.0,0.0,0.0,8.5
CLI008403,0.0,0.0,8.0,0.0,0.0
CLI008405,0.0,0.0,7.0,8.0,9.0
CLI008406,7.0,0.0,8.0,0.0,6.0
CLI008407,0.0,9.5,0.0,6.0,6.0
CLI008408,9.0,7.5,0.0,0.0,10.0
CLI008409,0.0,0.0,0.0,7.0,9.0
CLI008410,0.0,0.0,0.0,0.0,8.0
CLI008411,0.0,9.0,0.0,10.0,0.0
CLI008412,0.0,0.0,0.0,7.0,0.0
CLI008413,10.0,7.0,0.0,0.0,0.0
CLI008414,0.0,9.0,0.0,0.0,0.0
CLI008415,0.0,8.0,10.0,0.0,8.0
CLI008416,8.0,0.0,0.0,0.0,0.0
CLI008417,8.0,0.0,0.0,9.0,0.0
CLI008418,0.0,8.0,0.0,0.0,8.0
CLI008419,8.0,0.0,0.0,0.0,8.5
CLI008420,9.0,0.0,9.0,7.0,0.0
CLI008421,9.0,8.0,8.0,9.0,0.0
CLI008422,0.0,8.5,0.0,8.0,0.0
CLI008423,0.0,8.5,0.0,0.0,0.0
CLI008424,8.0,8.0,0.0,7.0,0.0
CLI008425,0.0,0.0,0.0,0.0,7.0
CLI008427,8.0,0.0,0.0,0.0,0.0
CLI008428,0.0,0.0,0.0,8.0,0.0
CLI008429,0.0,9.0,0.0,8.5,0.0
CLI008430,8.0,0.0,7.0,9.0,0.0
CLI008431,8.0,0.0,0.0,8.0,0.0
CLI008432,0.0,8.0,0.0,0.0,0.0
CLI008433,0.0,0.0,8.0,9.0,0.0
CLI008434,0.0,0.0,7.0,7.0,7.0
CLI008435,0.0,0.0,8.0,0.0,0.0
CLI008436,0.0,0.0,0.0,8.0,8.0
CLI008437,0.0,0.0,8.0,0.0,10.0
CLI008438,9.0,0.0,7.0,10.0,10.0
CLI008439,0.0,9.0,7.0,8.0,6.0
CLI008440,0.0,9.0,0.0,9.0,0.0
CLI008441,0.0,0.0,7.0,8.0,8.0
CLI008442,8.0,0.0,0.0,7.0,0.0
CLI008443,0.0,10.0,0.0,0.0,0.0
CLI008444,9.0,0.0,6.5,0.0,9.0
CLI008445,7.25,0.0,0.0,8.5,0.0
CLI008448,0.0,0.0,8.333333333333334,9.0,0.0
CLI008449,8.0,0.0,0.0,0.0,0.0
CLI008450,0.0,0.0,9.0,0.0,8.0
CLI008451,8.0,0.0,8.0,0.0,8.5
CLI008452,0.0,0.0,9.0,0.0,8.0
CLI008453,7.0,0.0,0.0,0.0,10.0
CLI008454,7.0,7.0,0.0,0.0,0.0
CLI008455,0.0,0.0,0.0,7.0,8.0
CLI008456,7.5,0.0,0.0,0.0,8.0
CLI008457,6.0,8.0,0.0,0.0,8.0
CLI008458,0.0,0.0,8.5,7.0,0.0
CLI008459,8.0,0.0,0.0,0.0,0.0
CLI008460,10.0,9.0,9.0,10.0,8.0
CLI008461,0.0,7.0,9.0,0.0,0.0
CLI008463,9.0,7.0,0.0,0.0,0.0
CLI008464,7.0,8.0,8.0,8.0,8.5
CLI008465,0.0,8.0,8.0,9.0,0.0
CLI008466,9.0,0.0,0.0,0.0,0.0
CLI008467,0.0,0.0,0.0,0.0,8.0
CLI008468,7.333333333333333,7.0,0.0,0.0,0.0
CLI008469,9.0,0.0,7.0,8.0,0.0
CLI008470,0.0,0.0,7.0,0.0,0.0
CLI008472,0.0,7.0,0.0,0.0,9.0
CLI008473,0.0,0.0,0.0,0.0,7.0
CLI008474,0.0,8.5,7.333333333333333,0.0,0.0
CLI008475,0.0,7.5,8.0,0.0,7.0
CLI008476,0.0,0.0,8.0,7.0,0.0
CLI008477,0.0,8.0,0.0,0.0,0.0
CLI008478,0.0,0.0,0.0,0.0,9.0
CLI008479,9.0,7.0,8.5,0.0,9.0
CLI008480,8.0,8.5,0.0,0.0,0.0
CLI008481,0.0,0.0,0.0,9.0,0.0
CLI008482,7.0,0.0,0.0,7.0,0.0
CLI008483,9.0,0.0,9.0,0.0,0.0
CLI008484,0.0,0.0,0.0,0.0,8.0
CLI008485,0.0,7.0,0.0,0.0,8.0
CLI008486,0.0,0.0,9.0,7.0,0.0
CLI008487,9.0,0.0,8.0,0.0,9.0
CLI008488,0.0,0.0,0.0,8.5,0.0
CLI008489,7.0,0.0,8.0,6.0,0.0
CLI008490,9.0,8.0,0.0,0.0,7.0
CLI008492,0.0,0.0,8.5,0.0,0.0
CLI008493,0.0,0.0,0.0,8.0,9.0
CLI008494,0.0,9.5,0.0,0.0,0.0
CLI008495,0.0,6.0,0.0,0.0,0.0
CLI008496,8.0,0.0,0.0,0.0,0.0
CLI008497,9.0,9.0,0.0,0.0,0.0
CLI008498,0.0,8.0,8.0,0.0,8.0
CLI008499,8.0,7.5,0.0,0.0,0.0
CLI008501,0.0,8.0,7.0,0.0,0.0
CLI008502,6.0,0.0,0.0,8.333333333333334,0.0
CLI008503,8.0,0.0,0.0,6.0,8.0
CLI008505,8.0,0.0,0.0,0.0,0.0
CLI008506,0.0,0.0,0.0,9.0,0.0
CLI008507,0.0,0.0,6.0,8.5,0.0
CLI008508,0.0,0.0,0.0,0.0,8.0
CLI008509,0.0,9.0,0.0,8.0,9.0
CLI008510,0.0,8.0,0.0,0.0,9.0
CLI008511,0.0,0.0,0.0,8.0,8.0
CLI008512,0.0,7.0,0.0,0.0,0.0
CLI008513,8.0,0.0,8.0,0.0,0.0
CLI008514,0.0,8.0,9.0,0.0,7.0
CLI008515,7.5,8.0,0.0,0.0,0.0
CLI008516,9.0,0.0,7.5,7.5,8.0
CLI008517,0.0,0.0,0.0,7.0,9.0
CLI008518,0.0,8.0,0.0,0.0,0.0
CLI008519,0.0,0.0,0.0,8.0,0.0
CLI008520,7.0,0.0,8.0,0.0,9.0
CLI008521,8.0,0.0,0.0,10.0,0.0
CLI008522,9.0,0.0,7.0,0.0,8.5
CLI008523,8.0,0.0,0.0,10.0,0.0
CLI008524,8.0,0.0,0.0,0.0,0.0
CLI008525,0.0,0.0,0.0,7.666666666666667,0.0
CLI008526,0.0,0.0,8.0,0.0,0.0
CLI008527,0.0,0.0,0.0,7.0,7.333333333333333
CLI008528,9.0,0.0,0.0,0.0,8.0
CLI008529,7.0,0.0,0.0,9.0,0.0
CLI008530,9.0,0.0,8.0,0.0,0.0
CLI008531,0.0,8.0,9.0,7.0,0.0
CLI008532,0.0,9.0,7.0,0.0,7.0
CLI008533,0.0,7.0,0.0,0.0,0.0
CLI008534,7.0,7.0,0.0,8.0,10.0
CLI008535,0.0,0.0,9.0,0.0,0.0
CLI008536,8.0,0.0,8.0,0.0,0.0
CLI008538,8.0,0.0,0.0,0.0,7.0
CLI008539,9.0,7.0,0.0,9.0,0.0
CLI008540,0.0,0.0,7.0,9.0,9.0
CLI008541,0.0,0.0,8.0,0.0,7.0
CLI008542,9.0,0.0,0.0,0.0,0.0
CLI008543,9.0,0.0,0.0,0.0,0.0
CLI008544,0.0,0.0,7.0,8.0,0.0
CLI008545,0.0,0.0,0.0,0.0,7.0
CLI008546,0.0,8.0,0.0,0.0,7.0
CLI008547,0.0,10.0,0.0,9.0,7.0
CLI008548,0.0,0.0,0.0,8.0,7.0
CLI008549,0.0,10.0,7.0,0.0,8.0
CLI008550,7.0,0.0,7.0,0.0,0.0
CLI008551,9.0,9.0,0.0,0.0,0.0
CLI008552,0.0,9.0,0.0,0.0,0.0
CLI008553,8.0,6.0,0.0,0.0,8.0
CLI008554,9.0,0.0,0.0,7.5,0.0
CLI008555,9.0,9.0,0.0,8.0,9.0
CLI008556,0.0,6.0,0.0,0.0,0.0
CLI008557,0.0,7.0,0.0,0.0,0.0
CLI008558,0.0,0.0,10.0,0.0,0.0
CLI008559,0.0,8.0,8.0,0.0,0.0
CLI008561,8.0,0.0,9.0,0.0,0.0
CLI008562,0.0,8.0,8.0,0.0,9.0
CLI008563,8.0,9.0,9.0,9.0,0.0
CLI008564,0.0,0.0,0.0,9.0,0.0
CLI008565,0.0,7.0,0.0,0.0,7.0
CLI008566,0.0,0.0,8.0,8.0,0.0
CLI008567,0.0,0.0,0.0,0.0,10.0
CLI008568,7.0,0.0,8.0,0.0,0.0
CLI008569,0.0,0.0,9.0,8.0,0.0
CLI008570,0.0,0.0,0.0,8.0,0.0
CLI008571,8.0,9.0,9.0,0.0,0.0
CLI008572,9.0,0.0,8.0,7.0,8.0
CLI008573,9.0,0.0,0.0,0.0,0.0
CLI008575,8.0,0.0,7.0,0.0,8.0
CLI008576,0.0,8.5,0.0,0.0,7.0
CLI008577,9.0,0.0,8.0,0.0,8.0
CLI008579,7.0,0.0,0.0,8.75,9.0
CLI008580,0.0,0.0,10.0,9.0,0.0
CLI008581,7.0,0.0,0.0,0.0,0.0
CLI008582,0.0,0.0,8.0,0.0,0.0
CLI008583,8.0,0.0,8.0,8.0,0.0
CLI008584,0.0,8.0,0.0,8.0,7.0
CLI008585,7.0,0.0,7.0,0.0,8.0
CLI008586,0.0,0.0,0.0,10.0,7.5
CLI008587,0.0,8.0,10.0,0.0,9.0
CLI008588,0.0,8.0,0.0,7.5,0.0
CLI008589,8.0,0.0,0.0,9.0,8.5
CLI008590,0.0,0.0,0.0,0.0,9.0
CLI008591,10.0,0.0,0.0,9.0,10.0
CLI008593,0.0,0.0,0.0,10.0,0.0
CLI008594,7.0,7.0,0.0,9.0,8.0
CLI008595,0.0,10.0,7.0,9.0,9.0
CLI008596,8.0,0.0,0.0,7.5,0.0
CLI008597,0.0,9.0,8.0,0.0,8.0
CLI008598,0.0,0.0,0.0,7.0,9.0
CLI008599,10.0,0.0,0.0,0.0,7.0
CLI008600,9.0,0.0,0.0,9.0,7.0
CLI008601,0.0,0.0,0.0,0.0,9.0
CLI008602,0.0,10.0,0.0,0.0,0.0
CLI008603,0.0,8.5,0.0,0.0,8.0
CLI008605,0.0,0.0,0.0,7.0,0.0
CLI008606,0.0,0.0,7.0,0.0,9.0
CLI008607,0.0,7.0,8.0,0.0,8.0
CLI008608,0.0,0.0,0.0,0.0,8.0
CLI008609,9.0,0.0,7.0,0.0,0.0
CLI008610,0.0,0.0,0.0,8.5,9.0
CLI008611,0.0,8.0,0.0,0.0,7.0
CLI008612,6.0,0.0,0.0,0.0,0.0
CLI008613,0.0,8.0,0.0,0.0,0.0
CLI008614,0.0,0.0,8.0,9.0,0.0
CLI008615,9.0,0.0,0.0,0.0,7.0
CLI008616,0.0,9.0,0.0,7.0,7.0
CLI008617,7.0,0.0,7.0,7.0,0.0
CLI008618,7.666666666666667,6.0,8.5,0.0,0.0
CLI008619,7.5,0.0,0.0,0.0,0.0
CLI008620,0.0,0.0,9.0,9.0,9.0
CLI008621,0.0,8.0,8.0,0.0,0.0
CLI008622,0.0,0.0,0.0,0.0,8.0
CLI008623,8.0,0.0,8.0,7.0,9.0
CLI008624,9.0,0.0,9.0,10.0,7.0
CLI008625,0.0,0.0,0.0,0.0,8.0
CLI008626,0.0,8.0,9.0,7.0,8.0
CLI008627,8.5,8.0,9.0,0.0,0.0
CLI008628,9.0,0.0,9.0,0.0,0.0
CLI008629,8.0,8.0,8.0,0.0,8.0
CLI008630,0.0,9.0,8.0,7.333333333333333,8.0
CLI008631,7.5,0.0,0.0,0.0,0.0
CLI008632,0.0,0.0,0.0,9.0,0.0
CLI008633,0.0,9.0,0.0,9.0,0.0
CLI008635,0.0,8.0,0.0,0.0,0.0
CLI008636,0.0,8.0,8.5,0.0,0.0
CLI008637,7.0,0.0,7.0,0.0,0.0
CLI008638,0.0,0.0,10.0,8.0,0.0
CLI008640,0.0,0.0,0.0,9.0,0.0
CLI008641,9.0,0.0,6.0,9.0,0.0
CLI008642,8.0,9.0,0.0,0.0,9.0
CLI008643,8.5,6.0,0.0,0.0,0.0
CLI008644,0.0,0.0,8.0,7.0,8.0
CLI008645,0.0,0.0,9.0,0.0,0.0
CLI008646,9.0,0.0,9.0,9.0,0.0
CLI008647,8.5,9.0,6.0,8.5,0.0
CLI008648,0.0,0.0,0.0,0.0,9.0
CLI008649,9.0,0.0,7.0,0.0,8.0
CLI008650,8.0,0.0,0.0,0.0,0.0
CLI008651,0.0,6.0,0.0,0.0,6.0
CLI008654,8.0,0.0,9.0,0.0,8.0
CLI008655,0.0,0.0,0.0,6.0,0.0
CLI008656,6.5,0.0,0.0,7.0,8.0
CLI008657,7.5,0.0,0.0,0.0,0.0
CLI008658,0.0,0.0,0.0,9.0,0.0
CLI008659,0.0,8.0,0.0,0.0,7.0
CLI008660,7.0,0.0,0.0,0.0,8.0
CLI008661,0.0,9.0,0.0,9.0,0.0
CLI008662,0.0,9.0,0.0,0.0,0.0
CLI008663,0.0,0.0,9.0,0.0,8.0
CLI008664,0.0,8.0,0.0,0.0,0.0
CLI008665,0.0,0.0,7.5,0.0,0.0
CLI008666,10.0,7.0,9.0,0.0,8.0
CLI008667,8.0,8.0,9.0,0.0,10.0
CLI008668,0.0,0.0,0.0,0.0,7.0
CLI008670,0.0,7.0,0.0,7.0,0.0
CLI008671,0.0,8.0,0.0,8.333333333333334,0.0
CLI008672,0.0,8.0,8.5,7.0,0.0
CLI008673,0.0,0.0,0.0,0.0,8.0
CLI008674,0.0,9.0,0.0,0.0,0.0
CLI008675,0.0,8.0,8.0,0.0,0.0
CLI008676,8.0,0.0,0.0,8.0,0.0
CLI008677,9.0,0.0,0.0,9.0,8.0
CLI008678,8.0,0.0,8.333333333333334,0.0,0.0
CLI008679,8.0,0.0,0.0,0.0,7.0
CLI008680,0.0,0.0,10.0,9.0,0.0
CLI008681,6.0,8.0,0.0,8.5,0.0
CLI008682,8.0,0.0,8.5,0.0,0.0
CLI008683,0.0,0.0,7.0,0.0,0.0
CLI008684,7.0,0.0,9.0,7.0,0.0
CLI008685,0.0,8.0,0.0,0.0,7.0
CLI008686,0.0,7.333333333333333,9.0,7.0,0.0
CLI008687,9.0,0.0,0.0,0.0,0.0
CLI008688,7.5,0.0,9.5,0.0,8.0
CLI008689,8.0,10.0,0.0,8.0,0.0
CLI008690,0.0,0.0,7.0,8.0,8.0
CLI008691,0.0,8.0,8.5,0.0,0.0
CLI008692,0.0,7.0,8.0,0.0,0.0
CLI008693,8.5,0.0,8.0,7.0,9.0
CLI008694,0.0,0.0,10.0,9.0,0.0
CLI008695,8.0,0.0,0.0,0.0,0.0
CLI008696,0.0,0.0,7.0,8.5,9.0
CLI008697,0.0,0.0,7.5,0.0,10.0
CLI008698,8.0,0.0,7.0,0.0,7.0
CLI008699,0.0,7.0,0.0,0.0,9.0
CLI008700,7.0,0.0,7.0,0.0,7.5
CLI008701,0.0,0.0,7.0,8.5,8.0
CLI008702,0.0,8.0,0.0,7.0,9.0
CLI008703,0.0,0.0,0.0,8.0,0.0
CLI008704,0.0,8.0,8.5,0.0,0.0
CLI008705,8.0,0.0,9.0,0.0,0.0
CLI008706,0.0,0.0,0.0,9.0,0.0
CLI008707,0.0,6.0,0.0,0.0,8.0
CLI008708,10.0,0.0,0.0,0.0,0.0
CLI008709,0.0,0.0,7.0,0.0,0.0
CLI008710,8.0,0.0,8.0,0.0,9.0
CLI008711,7.0,9.5,0.0,9.0,8.0
CLI008712,8.0,0.0,7.0,8.0,7.0
CLI008713,9.0,0.0,0.0,8.0,0.0
CLI008715,0.0,0.0,7.5,0.0,0.0
CLI008716,0.0,0.0,0.0,9.0,0.0
CLI008717,0.0,0.0,8.0,8.0,7.0
CLI008718,7.0,0.0,0.0,0.0,0.0
CLI008719,9.0,0.0,8.0,8.0,10.0
CLI008720,0.0,0.0,8.0,0.0,0.0
CLI008721,0.0,8.0,0.0,0.0,0.0
CLI008722,7.0,8.0,8.0,8.0,9.0
CLI008723,0.0,0.0,0.0,7.0,8.0
CLI008724,0.0,9.0,0.0,0.0,0.0
CLI008725,0.0,7.0,0.0,0.0,0.0
CLI008727,0.0,9.0,0.0,8.0,7.0
CLI008728,0.0,0.0,7.0,0.0,0.0
CLI008729,0.0,8.0,0.0,0.0,0.0
CLI008730,8.0,9.0,9.0,7.0,0.0
CLI008731,7.0,0.0,9.0,0.0,9.0
CLI008733,9.0,0.0,0.0,0.0,0.0
CLI008734,0.0,8.0,0.0,0.0,8.0
CLI008735,0.0,0.0,0.0,8.0,0.0
CLI008737,7.666666666666667,0.0,0.0,8.0,0.0
CLI008738,9.0,8.0,0.0,0.0,0.0
CLI008739,0.0,0.0,0.0,0.0,10.0
CLI008740,0.0,9.0,7.666666666666667,9.0,8.0
CLI008741,0.0,0.0,9.0,8.0,0.0
CLI008742,0.0,10.0,0.0,0.0,8.0
CLI008744,0.0,7.5,0.0,7.0,0.0
CLI008745,0.0,9.0,0.0,0.0,7.5
CLI008747,7.0,0.0,0.0,8.0,8.0
CLI008748,0.0,0.0,9.0,8.5,8.0
CLI008749,0.0,0.0,8.0,9.0,0.0
CLI008750,0.0,0.0,8.333333333333334,0.0,9.0
CLI008751,7.0,0.0,0.0,0.0,0.0
CLI008752,0.0,0.0,0.0,0.0,7.0
CLI008753,8.0,0.0,0.0,9.0,10.0
CLI008754,9.0,0.0,8.0,7.0,0.0
CLI008755,7.0,0.0,8.5,0.0,0.0
CLI008756,0.0,0.0,0.0,6.0,0.0
CLI008757,7.0,0.0,0.0,0.0,0.0
CLI008758,0.0,9.0,0.0,0.0,7.0
CLI008759,8.0,9.0,0.0,0.0,0.0
CLI008760,0.0,8.0,0.0,7.0,9.0
CLI008761,9.0,0.0,8.0,8.5,0.0
CLI008762,9.0,10.0,8.0,0.0,0.0
CLI008763,0.0,7.5,0.0,0.0,0.0
CLI008764,7.0,0.0,0.0,8.0,9.0
CLI008765,8.0,0.0,0.0,0.0,0.0
CLI008766,0.0,0.0,7.0,0.0,0.0
CLI008767,9.0,0.0,0.0,0.0,0.0
CLI008768,0.0,8.0,0.0,0.0,0.0
CLI008769,0.0,6.0,0.0,0.0,0.0
CLI008770,0.0,0.0,0.0,0.0,9.0
CLI008771,8.0,0.0,0.0,0.0,0.0
CLI008772,0.0,9.0,8.0,9.0,7.0
CLI008773,8.0,0.0,9.0,0.0,0.0
CLI008774,0.0,7.0,8.0,0.0,9.0
CLI008775,0.0,9.0,0.0,0.0,9.0
CLI008776,8.0,0.0,0.0,8.5,0.0
CLI008777,0.0,0.0,7.0,0.0,0.0
CLI008778,0.0,0.0,7.5,8.0,7.0
CLI008779,8.0,0.0,0.0,9.5,8.0
CLI008780,0.0,0.0,0.0,8.0,0.0
CLI008781,0.0,0.0,8.0,0.0,0.0
CLI008782,7.5,6.0,9.0,0.0,0.0
CLI008783,0.0,8.666666666666666,9.0,0.0,0.0
CLI008784,0.0,0.0,9.0,0.0,0.0
CLI008785,0.0,8.0,10.0,0.0,0.0
CLI008786,7.0,0.0,0.0,0.0,0.0
CLI008787,8.0,9.0,0.0,8.0,0.0
CLI008788,0.0,6.0,8.5,0.0,8.0
CLI008789,0.0,0.0,0.0,7.5,7.0
CLI008790,6.0,0.0,9.0,0.0,8.0
CLI008791,8.0,10.0,8.5,0.0,9.0
CLI008792,0.0,9.0,0.0,0.0,0.0
CLI008793,9.0,7.5,7.5,0.0,0.0
CLI008794,0.0,10.0,0.0,0.0,0.0
CLI008795,0.0,8.0,0.0,8.0,0.0
CLI008796,0.0,0.0,8.0,0.0,9.0
CLI008797,0.0,0.0,9.0,0.0,0.0
CLI008798,10.0,9.0,8.0,9.0,0.0
CLI008802,0.0,8.0,0.0,9.0,0.0
CLI008803,0.0,0.0,6.0,9.0,9.0
CLI008804,0.0,9.0,0.0,0.0,0.0
CLI008805,8.0,0.0,0.0,0.0,8.0
CLI008806,7.0,7.0,0.0,0.0,6.0
CLI008807,7.0,8.0,8.0,0.0,8.5
CLI008808,8.0,0.0,0.0,0.0,0.0
CLI008809,0.0,9.0,0.0,9.0,7.0
CLI008810,7.5,0.0,7.0,0.0,8.0
CLI008811,0.0,7.0,8.0,0.0,0.0
CLI008812,9.0,0.0,0.0,0.0,7.0
CLI008813,0.0,0.0,8.0,0.0,0.0
CLI008814,0.0,8.0,0.0,0.0,8.0
CLI008815,8.0,7.0,0.0,0.0,8.0
CLI008817,0.0,0.0,0.0,7.0,0.0
CLI008818,8.0,9.0,0.0,0.0,7.0
CLI008819,9.0,0.0,0.0,8.0,0.0
CLI008820,9.0,8.0,0.0,0.0,9.0
CLI008821,8.0,0.0,0.0,0.0,0.0
CLI008822,0.0,0.0,9.0,0.0,0.0
CLI008823,6.0,0.0,0.0,0.0,8.0
CLI008824,9.0,9.0,8.0,8.0,10.0
CLI008825,0.0,0.0,0.0,0.0,8.0
CLI008826,9.0,6.0,7.5,0.0,0.0
CLI008827,7.0,8.0,8.0,9.0,0.0
CLI008828,0.0,0.0,0.0,8.0,0.0
CLI008830,0.0,0.0,0.0,0.0,8.0
CLI008831,8.0,0.0,9.0,8.0,8.0
CLI008832,7.0,8.0,0.0,0.0,7.0
CLI008833,8.5,0.0,0.0,0.0,9.0
CLI008834,0.0,9.0,8.0,8.5,9.0
CLI008835,0.0,0.0,0.0,9.0,8.0
CLI008836,8.0,8.0,0.0,0.0,10.0
CLI008838,0.0,0.0,0.0,8.0,0.0
CLI008839,0.0,0.0,8.0,6.0,7.0
CLI008840,0.0,0.0,7.0,9.0,7.5
CLI008841,0.0,0.0,8.5,10.0,8.0
CLI008842,0.0,7.0,9.0,0.0,0.0
CLI008843,7.0,0.0,0.0,0.0,8.0
CLI008844,0.0,0.0,8.0,0.0,0.0
CLI008845,0.0,0.0,8.0,8.0,0.0
CLI008846,10.0,7.0,0.0,8.0,8.5
CLI008848,0.0,0.0,6.0,0.0,8.5
CLI008849,8.0,7.0,0.0,0.0,8.0
CLI008850,8.0,8.0,9.0,0.0,8.5
CLI008851,0.0,0.0,6.0,8.0,0.0
CLI008852,7.0,0.0,0.0,0.0,8.0
CLI008853,0.0,7.0,9.0,8.0,0.0
CLI008854,8.0,0.0,0.0,0.0,0.0
CLI008855,7.5,0.0,0.0,0.0,0.0
CLI008856,0.0,0.0,0.0,7.5,7.666666666666667
CLI008857,0.0,7.0,0.0,7.0,0.0
CLI008858,9.0,0.0,10.0,0.0,0.0
CLI008859,8.5,9.0,0.0,0.0,0.0
CLI008860,0.0,0.0,0.0,0.0,9.0
CLI008861,7.0,0.0,8.0,0.0,8.0
CLI008862,7.0,0.0,9.0,0.0,0.0
CLI008863,8.5,0.0,0.0,0.0,0.0
CLI008864,9.0,7.0,0.0,8.0,0.0
CLI008865,7.0,0.0,9.0,8.0,7.0
CLI008866,0.0,0.0,9.0,0.0,0.0
CLI008867,0.0,0.0,0.0,0.0,8.0
CLI008868,0.0,0.0,9.0,0.0,7.0
CLI008869,0.0,7.0,7.0,8.0,0.0
CLI008870,0.0,0.0,0.0,9.0,0.0
CLI008871,9.0,0.0,8.0,0.0,9.0
CLI008872,8.0,7.0,0.0,0.0,7.0
CLI008873,9.0,0.0,10.0,0.0,9.0
CLI008876,0.0,8.0,9.0,0.0,0.0
CLI008877,8.0,0.0,8.0,9.0,0.0
CLI008878,0.0,0.0,9.0,9.0,8.0
CLI008879,0.0,0.0,0.0,0.0,9.0
CLI008880,0.0,0.0,0.0,7.0,0.0
CLI008881,8.0,0.0,0.0,0.0,0.0
CLI008882,10.0,8.0,0.0,0.0,7.0
CLI008883,0.0,0.0,8.0,0.0,0.0
CLI008884,7.0,7.0,0.0,8.75,0.0
CLI008885,0.0,8.0,0.0,0.0,0.0
CLI008886,0.0,9.0,0.0,0.0,8.5
CLI008887,0.0,8.0,0.0,0.0,9.0
CLI008888,0.0,0.0,0.0,0.0,7.0
CLI008889,8.0,8.0,7.0,0.0,9.0
CLI008890,0.0,0.0,0.0,8.0,0.0
CLI008891,7.5,0.0,0.0,8.0,7.0
CLI008892,0.0,7.0,0.0,0.0,0.0
CLI008893,9.0,9.0,0.0,7.0,0.0
CLI008894,0.0,7.0,0.0,0.0,0.0
CLI008895,0.0,0.0,7.5,8.0,0.0
CLI008896,8.0,0.0,0.0,0.0,8.0
CLI008897,9.0,0.0,0.0,8.666666666666666,7.0
CLI008898,0.0,0.0,0.0,0.0,9.0
CLI008899,6.0,0.0,0.0,8.5,0.0
CLI008901,0.0,0.0,8.0,0.0,0.0
CLI008902,0.0,9.0,7.0,9.0,0.0
CLI008903,9.0,9.0,0.0,7.0,7.0
CLI008904,0.0,0.0,7.0,0.0,0.0
CLI008906,0.0,8.0,0.0,0.0,8.0
CLI008907,0.0,0.0,8.0,8.0,0.0
CLI008908,0.0,0.0,7.0,8.0,8.0
CLI008909,0.0,8.0,0.0,7.0,0.0
CLI008910,9.0,0.0,10.0,0.0,0.0
CLI008911,10.0,0.0,7.0,8.0,0.0
CLI008912,7.0,8.0,10.0,0.0,0.0
CLI008913,0.0,9.0,0.0,8.0,7.0
CLI008915,0.0,0.0,7.0,0.0,8.5
CLI008916,0.0,8.0,0.0,8.0,9.0
CLI008917,6.0,8.5,7.0,0.0,0.0
CLI008918,0.0,0.0,8.0,0.0,9.0
CLI008919,10.0,0.0,0.0,8.5,0.0
CLI008920,7.666666666666667,0.0,0.0,8.0,8.0
CLI008921,8.0,8.0,6.0,0.0,0.0
CLI008922,0.0,0.0,0.0,8.0,8.5
CLI008923,9.0,0.0,9.0,9.0,0.0
CLI008924,0.0,9.0,8.0,0.0,7.0
CLI008925,0.0,0.0,6.0,8.0,8.0
CLI008926,0.0,9.0,0.0,8.0,0.0
CLI008927,7.5,0.0,0.0,0.0,0.0
CLI008929,9.0,8.0,8.5,0.0,0.0
CLI008930,0.0,7.0,8.0,8.0,0.0
CLI008931,9.5,0.0,0.0,0.0,8.0
CLI008932,8.0,8.0,8.0,0.0,0.0
CLI008933,7.0,0.0,8.0,0.0,7.0
CLI008934,0.0,8.0,8.0,0.0,0.0
CLI008935,7.0,0.0,0.0,0.0,7.0
CLI008936,0.0,6.0,9.0,8.0,8.0
CLI008938,9.0,0.0,0.0,0.0,9.0
CLI008939,0.0,7.0,0.0,0.0,0.0
CLI008940,9.0,0.0,0.0,0.0,0.0
CLI008941,8.0,0.0,0.0,0.0,8.0
CLI008942,0.0,0.0,9.0,8.0,9.0
CLI008943,8.0,0.0,8.0,9.0,0.0
CLI008944,8.0,8.333333333333334,10.0,9.0,0.0
CLI008945,0.0,0.0,8.0,0.0,0.0
CLI008946,7.0,0.0,0.0,0.0,0.0
CLI008947,0.0,0.0,8.0,0.0,7.0
CLI008948,0.0,0.0,0.0,8.0,0.0
CLI008949,0.0,8.0,9.0,6.0,0.0
CLI008950,7.0,0.0,0.0,9.0,9.0
CLI008951,0.0,8.0,8.5,7.0,9.0
CLI008952,9.0,0.0,9.0,8.0,9.0
CLI008953,8.0,0.0,0.0,9.0,0.0
CLI008954,8.0,0.0,0.0,8.0,0.0
CLI008955,9.0,10.0,8.0,7.5,8.0
CLI008956,0.0,0.0,0.0,0.0,9.0
CLI008957,8.5,0.0,7.0,7.0,8.0
CLI008958,7.0,0.0,9.0,0.0,7.0
CLI008959,8.0,0.0,8.0,8.0,0.0
CLI008960,6.0,0.0,0.0,0.0,0.0
CLI008961,8.0,8.5,0.0,0.0,0.0
CLI008962,8.0,0.0,8.0,10.0,9.0
CLI008963,0.0,9.0,0.0,0.0,0.0
CLI008964,9.0,0.0,0.0,7.0,0.0
CLI008965,0.0,0.0,9.0,0.0,0.0
CLI008967,0.0,0.0,9.0,7.0,0.0
CLI008968,0.0,6.0,0.0,0.0,0.0
CLI008969,9.0,0.0,0.0,0.0,8.0
CLI008971,0.0,0.0,0.0,9.0,0.0
CLI008972,0.0,0.0,0.0,0.0,8.0
CLI008973,9.0,0.0,0.0,0.0,9.0
CLI008974,8.0,0.0,0.0,0.0,9.0
CLI008975,7.0,8.0,0.0,0.0,0.0
CLI008976,7.0,0.0,0.0,0.0,0.0
CLI008977,9.0,0.0,0.0,0.0,8.5
CLI008978,0.0,9.0,7.5,0.0,0.0
CLI008979,7.0,0.0,7.0,8.0,0.0
CLI008980,8.0,7.0,0.0,0.0,8.5
CLI008981,8.0,0.0,10.0,8.0,7.0
CLI008982,0.0,0.0,0.0,0.0,9.0
CLI008983,8.0,0.0,0.0,0.0,0.0
CLI008984,8.5,0.0,9.0,0.0,0.0
CLI008985,8.0,9.0,0.0,0.0,0.0
CLI008986,0.0,0.0,7.0,0.0,0.0
CLI008987,8.0,0.0,0.0,0.0,0.0
CLI008988,8.0,0.0,9.0,0.0,0.0
CLI008989,0.0,0.0,7.0,0.0,0.0
CLI008990,0.0,0.0,7.0,8.5,0.0
CLI008991,9.0,8.666666666666666,0.0,0.0,9.0
CLI008992,0.0,0.0,0.0,0.0,7.0
CLI008993,8.0,7.0,0.0,6.0,0.0
CLI008994,0.0,7.5,0.0,7.0,0.0
CLI008995,10.0,9.0,0.0,0.0,0.0
CLI008996,0.0,0.0,9.0,0.0,0.0
CLI008997,7.0,0.0,0.0,0.0,0.0
CLI008999,6.0,0.0,8.0,0.0,8.0
CLI009000,0.0,7.0,9.0,0.0,7.666666666666667
CLI009001,7.0,7.0,8.0,8.5,0.0
CLI009002,9.0,0.0,8.0,0.0,0.0
CLI009003,8.0,0.0,8.0,0.0,0.0
CLI009004,0.0,8.5,0.0,0.0,7.0
CLI009005,7.0,0.0,8.0,0.0,7.0
CLI009006,9.0,9.0,0.0,0.0,10.0
CLI009007,0.0,8.0,0.0,0.0,0.0
CLI009008,8.0,0.0,0.0,8.0,0.0
CLI009009,0.0,8.0,8.0,7.0,8.0
CLI009010,0.0,0.0,9.0,8.333333333333334,9.0
CLI009011,0.0,8.0,0.0,0.0,0.0
CLI009012,7.0,0.0,6.5,10.0,0.0
CLI009013,8.0,0.0,0.0,0.0,6.0
CLI009014,8.0,6.0,8.0,9.0,0.0
CLI009015,0.0,7.0,8.0,0.0,7.0
CLI009016,8.0,0.0,0.0,7.0,0.0
CLI009017,8.0,0.0,8.0,0.0,0.0
CLI009018,7.0,7.0,9.0,0.0,7.0
CLI009019,0.0,9.0,8.0,0.0,9.0
CLI009020,8.0,0.0,0.0,8.0,0.0
CLI009021,9.0,8.0,9.0,0.0,8.0
CLI009022,0.0,7.0,0.0,0.0,0.0
CLI009023,0.0,0.0,8.0,7.0,7.0
CLI009025,7.0,0.0,8.0,8.333333333333334,7.5
CLI009026,0.0,8.0,0.0,0.0,0.0
CLI009027,8.0,0.0,0.0,0.0,7.0
CLI009028,7.5,8.0,0.0,0.0,0.0
CLI009029,9.0,7.0,0.0,0.0,0.0
CLI009031,0.0,6.0,0.0,7.0,0.0
CLI009032,7.0,9.5,0.0,8.0,7.0
CLI009033,0.0,8.0,7.0,0.0,8.0
CLI009034,0.0,7.0,8.0,0.0,0.0
CLI009035,9.0,0.0,8.0,0.0,0.0
CLI009036,7.5,0.0,0.0,8.0,0.0
CLI009037,6.5,0.0,0.0,0.0,8.5
CLI009038,0.0,9.0,0.0,0.0,8.0
CLI009039,9.0,0.0,0.0,0.0,0.0
CLI009040,8.0,0.0,0.0,7.0,9.0
CLI009041,7.0,0.0,8.0,0.0,7.0
CLI009042,10.0,0.0,7.0,0.0,0.0
CLI009044,8.0,0.0,8.0,0.0,0.0
CLI009045,0.0,0.0,7.5,0.0,0.0
CLI009046,7.0,0.0,9.0,0.0,9.5
CLI009047,0.0,7.0,0.0,8.0,0.0
CLI009048,0.0,8.0,0.0,0.0,0.0
CLI009049,0.0,0.0,0.0,8.0,7.0
CLI009050,0.0,8.0,8.333333333333334,0.0,0.0
CLI009051,7.0,8.333333333333334,0.0,8.0,0.0
CLI009052,0.0,0.0,0.0,8.333333333333334,0.0
CLI009054,0.0,0.0,7.0,0.0,0.0
CLI009055,9.0,7.0,0.0,0.0,0.0
CLI009056,10.0,9.0,0.0,8.5,0.0
CLI009057,8.0,0.0,0.0,7.0,0.0
CLI009058,0.0,9.0,7.0,0.0,8.0
CLI009060,0.0,0.0,9.0,0.0,0.0
CLI009062,8.0,9.0,7.0,0.0,9.0
CLI009063,0.0,7.0,0.0,9.0,0.0
CLI009064,0.0,8.0,0.0,8.0,0.0
CLI009067,9.0,0.0,0.0,0.0,0.0
CLI009068,0.0,0.0,0.0,8.0,8.5
CLI009069,7.0,0.0,9.0,0.0,0.0
CLI009070,0.0,0.0,0.0,8.0,0.0
CLI009071,0.0,0.0,8.0,0.0,0.0
CLI009072,0.0,0.0,8.0,9.0,0.0
CLI009073,0.0,10.0,0.0,0.0,0.0
CLI009074,0.0,7.0,10.0,0.0,0.0
CLI009075,0.0,0.0,0.0,8.0,0.0
CLI009076,8.0,8.0,0.0,9.0,0.0
CLI009077,8.5,6.0,0.0,0.0,0.0
CLI009078,0.0,0.0,0.0,0.0,10.0
CLI009079,0.0,0.0,0.0,6.5,0.0
CLI009080,0.0,8.0,0.0,0.0,0.0
CLI009081,0.0,0.0,0.0,0.0,9.0
CLI009082,0.0,7.0,0.0,7.0,0.0
CLI009083,0.0,0.0,0.0,7.0,0.0
CLI009084,0.0,0.0,6.0,0.0,9.0
CLI009085,0.0,0.0,0.0,7.0,0.0
CLI009087,6.0,9.0,0.0,0.0,0.0
CLI009088,6.0,7.0,9.0,8.5,0.0
CLI009089,0.0,7.0,9.0,8.0,0.0
CLI009090,8.0,0.0,0.0,0.0,0.0
CLI009091,0.0,8.0,0.0,7.0,6.5
CLI009092,0.0,0.0,0.0,9.0,9.0
CLI009093,0.0,8.5,7.0,9.0,8.5
CLI009094,0.0,0.0,0.0,8.0,0.0
CLI009095,9.0,0.0,0.0,0.0,0.0
CLI009096,7.0,7.5,0.0,0.0,0.0
CLI009097,0.0,0.0,8.0,9.0,0.0
CLI009099,0.0,0.0,9.0,0.0,0.0
CLI009100,0.0,9.0,0.0,8.0,7.0
CLI009101,9.0,0.0,8.0,8.0,8.0
CLI009102,0.0,0.0,9.0,7.0,0.0
CLI009103,0.0,0.0,8.0,9.0,0.0
CLI009104,0.0,7.0,0.0,0.0,0.0
CLI009105,9.0,8.0,8.0,8.5,0.0
CLI009106,0.0,7.0,8.0,0.0,8.0
CLI009107,8.0,0.0,9.0,9.0,8.0
CLI009108,0.0,8.0,8.0,8.0,0.0
CLI009109,8.0,9.0,7.0,0.0,7.0
CLI009110,0.0,7.5,7.0,0.0,8.0
CLI009111,9.0,9.0,10.0,0.0,9.0
CLI009112,0.0,8.0,0.0,9.0,8.0
CLI009114,0.0,0.0,0.0,9.0,0.0
CLI009115,0.0,0.0,0.0,8.0,0.0
CLI009116,0.0,0.0,7.0,9.0,0.0
CLI009118,7.5,0.0,9.0,8.0,0.0
CLI009119,0.0,9.0,0.0,8.0,9.0
CLI009120,8.0,8.0,0.0,0.0,0.0
CLI009121,9.0,7.0,0.0,0.0,0.0
CLI009122,0.0,0.0,0.0,0.0,8.0
CLI009123,0.0,9.0,0.0,0.0,0.0
CLI009124,0.0,0.0,8.5,0.0,0.0
CLI009125,8.0,0.0,0.0,8.0,7.5
CLI009126,0.0,0.0,7.0,7.5,0.0
CLI009128,0.0,0.0,0.0,8.0,9.0
CLI009129,7.0,0.0,0.0,0.0,0.0
CLI009131,9.0,9.0,0.0,0.0,8.333333333333334
CLI009132,0.0,6.0,7.0,0.0,0.0
CLI009133,9.0,0.0,0.0,0.0,7.0
CLI009135,7.5,0.0,0.0,8.5,0.0
CLI009136,0.0,0.0,0.0,8.0,10.0
CLI009137,8.0,0.0,0.0,0.0,0.0
CLI009138,0.0,10.0,0.0,0.0,9.0
CLI009139,0.0,7.5,0.0,0.0,0.0
CLI009140,8.5,0.0,0.0,9.0,0.0
CLI009141,0.0,0.0,7.333333333333333,0.0,0.0
CLI009142,0.0,7.0,8.0,0.0,0.0
CLI009143,0.0,0.0,0.0,10.0,0.0
CLI009145,7.0,0.0,0.0,0.0,7.0
CLI009146,8.0,0.0,8.0,0.0,0.0
CLI009147,0.0,0.0,9.0,0.0,0.0
CLI009148,8.0,7.0,9.0,0.0,0.0
CLI009149,8.0,0.0,0.0,0.0,8.0
CLI009150,0.0,8.5,0.0,9.0,8.5
CLI009151,0.0,0.0,0.0,8.0,9.0
CLI009153,7.0,8.0,0.0,7.0,0.0
CLI009154,7.0,0.0,8.0,6.5,0.0
CLI009155,0.0,7.5,0.0,0.0,0.0
CLI009156,0.0,7.5,0.0,0.0,0.0
CLI009157,0.0,0.0,7.0,0.0,8.0
CLI009158,8.0,7.0,8.5,0.0,0.0
CLI009159,0.0,0.0,0.0,0.0,9.0
CLI009160,0.0,9.0,0.0,7.0,8.0
CLI009162,7.0,0.0,8.0,7.0,0.0
CLI009163,0.0,8.0,0.0,0.0,9.0
CLI009164,7.0,0.0,0.0,0.0,8.0
CLI009165,0.0,0.0,0.0,9.0,0.0
CLI009166,0.0,0.0,0.0,8.5,0.0
CLI009167,0.0,0.0,8.0,0.0,0.0
CLI009168,8.0,0.0,9.0,0.0,0.0
CLI009169,0.0,0.0,8.0,0.0,8.0
CLI009170,0.0,7.0,0.0,0.0,0.0
CLI009171,7.0,0.0,9.0,0.0,0.0
CLI009173,0.0,0.0,9.0,0.0,0.0
CLI009174,8.0,0.0,0.0,9.0,0.0
CLI009175,0.0,0.0,10.0,0.0,7.0
CLI009176,0.0,0.0,8.0,0.0,0.0
CLI009177,9.0,0.0,0.0,0.0,7.0
CLI009178,0.0,9.0,0.0,8.5,0.0
CLI009179,9.0,0.0,8.0,0.0,9.0
CLI009180,0.0,8.0,0.0,0.0,9.0
CLI009181,8.0,0.0,0.0,0.0,0.0
CLI009182,0.0,9.0,0.0,7.0,7.5
CLI009183,0.0,0.0,0.0,0.0,7.0
CLI009184,0.0,0.0,0.0,0.0,8.0
CLI009185,0.0,0.0,0.0,7.0,0.0
CLI009186,0.0,0.0,0.0,0.0,9.0
CLI009187,8.5,0.0,9.0,8.0,0.0
CLI009188,8.5,0.0,0.0,7.0,0.0
CLI009189,0.0,7.0,0.0,9.0,0.0
CLI009190,8.0,0.0,0.0,0.0,0.0
CLI009191,0.0,0.0,0.0,8.0,0.0
CLI009192,9.0,0.0,0.0,0.0,10.0
CLI009193,0.0,0.0,0.0,8.0,0.0
CLI009194,0.0,10.0,0.0,0.0,8.0
CLI009195,8.0,0.0,8.0,0.0,0.0
CLI009196,0.0,0.0,9.0,0.0,0.0
CLI009197,0.0,0.0,8.0,0.0,0.0
CLI009198,0.0,0.0,0.0,7.0,0.0
CLI009199,0.0,7.0,0.0,8.0,8.0
CLI009200,8.5,0.0,0.0,0.0,7.0
CLI009201,8.0,0.0,0.0,0.0,8.0
CLI009202,0.0,8.5,8.0,8.0,0.0
CLI009203,9.0,0.0,0.0,0.0,0.0
CLI009204,9.0,0.0,0.0,0.0,8.0
CLI009205,0.0,0.0,7.0,9.0,7.0
CLI009207,8.0,0.0,0.0,7.0,9.0
CLI009208,8.0,0.0,0.0,0.0,0.0
CLI009209,8.0,9.0,0.0,9.0,7.75
CLI009210,0.0,0.0,0.0,0.0,9.0
CLI009211,8.666666666666666,7.0,8.0,8.5,0.0
CLI009212,0.0,0.0,0.0,9.5,0.0
CLI009213,8.0,9.0,0.0,8.0,0.0
CLI009214,8.0,8.5,0.0,0.0,0.0
CLI009215,0.0,0.0,0.0,9.0,7.0
CLI009216,0.0,0.0,7.0,0.0,8.0
CLI009217,8.0,0.0,0.0,0.0,8.0
CLI009218,0.0,9.0,0.0,9.0,0.0
CLI009219,0.0,0.0,0.0,0.0,9.0
CLI009220,0.0,9.0,0.0,0.0,0.0
CLI009221,0.0,0.0,7.0,0.0,0.0
CLI009222,0.0,0.0,8.0,0.0,0.0
CLI009223,0.0,0.0,6.0,9.0,0.0
CLI009224,7.0,0.0,0.0,0.0,0.0
CLI009225,6.0,0.0,0.0,7.0,0.0
CLI009226,0.0,0.0,8.0,0.0,0.0
CLI009227,9.0,0.0,0.0,8.0,9.0
CLI009229,9.0,8.0,0.0,0.0,7.0
CLI009230,9.0,8.0,7.0,0.0,0.0
CLI009231,0.0,10.0,0.0,10.0,9.0
CLI009232,0.0,7.0,8.0,0.0,0.0
CLI009233,0.0,0.0,0.0,10.0,0.0
CLI009234,8.0,9.0,10.0,0.0,0.0
CLI009235,0.0,0.0,9.0,7.5,0.0
CLI009236,0.0,0.0,8.0,9.666666666666666,0.0
CLI009237,8.0,0.0,0.0,0.0,0.0
CLI009238,0.0,0.0,0.0,0.0,9.0
CLI009239,0.0,10.0,8.0,9.0,0.0
CLI009240,9.0,0.0,0.0,0.0,9.0
CLI009241,8.0,0.0,0.0,0.0,0.0
CLI009242,0.0,0.0,7.0,0.0,0.0
CLI009243,7.0,9.0,8.0,0.0,0.0
CLI009244,0.0,8.0,9.0,8.0,0.0
CLI009245,7.5,9.0,0.0,0.0,0.0
CLI009246,0.0,8.0,0.0,0.0,7.0
CLI009247,7.0,0.0,0.0,8.0,9.0
CLI009248,0.0,0.0,0.0,0.0,8.0
CLI009250,9.0,0.0,0.0,0.0,7.0
CLI009251,7.0,0.0,0.0,0.0,0.0
CLI009252,0.0,9.0,0.0,0.0,0.0
CLI009253,0.0,9.0,8.5,0.0,0.0
CLI009254,8.0,7.5,0.0,0.0,9.0
CLI009255,0.0,8.5,7.5,0.0,0.0
CLI009256,0.0,0.0,0.0,8.0,0.0
CLI009257,8.5,0.0,0.0,0.0,0.0
CLI009258,9.0,0.0,9.0,0.0,8.5
CLI009259,0.0,0.0,7.0,7.5,8.0
CLI009260,0.0,0.0,0.0,0.0,9.0
CLI009261,0.0,0.0,8.0,0.0,0.0
CLI009262,0.0,0.0,9.0,9.0,8.5
CLI009263,0.0,0.0,7.0,0.0,7.0
CLI009265,0.0,0.0,0.0,7.5,7.0
CLI009266,0.0,9.0,0.0,0.0,8.0
CLI009267,0.0,0.0,0.0,0.0,9.0
CLI009268,0.0,8.0,7.0,0.0,9.0
CLI009269,9.0,0.0,0.0,0.0,0.0
CLI009270,0.0,8.0,0.0,0.0,8.0
CLI009271,7.5,7.0,0.0,0.0,0.0
CLI009272,8.0,8.0,7.0,9.0,0.0
CLI009273,0.0,0.0,8.666666666666666,9.0,0.0
CLI009274,0.0,8.0,0.0,0.0,9.0
CLI009275,7.0,0.0,0.0,7.0,0.0
CLI009276,7.0,7.0,8.5,0.0,10.0
CLI009277,0.0,0.0,0.0,7.0,7.5
CLI009279,0.0,10.0,0.0,0.0,0.0
CLI009280,0.0,8.0,0.0,8.0,8.0
CLI009281,7.666666666666667,0.0,0.0,0.0,8.0
CLI009282,0.0,0.0,7.666666666666667,0.0,8.0
CLI009283,8.0,0.0,0.0,8.0,10.0
CLI009284,0.0,0.0,8.0,9.0,8.5
CLI009285,0.0,6.0,9.0,8.0,0.0
CLI009286,9.0,0.0,8.0,0.0,0.0
CLI009288,8.0,0.0,0.0,0.0,0.0
CLI009290,7.0,8.0,7.0,7.0,0.0
CLI009291,8.0,6.5,0.0,0.0,8.0
CLI009292,0.0,7.0,0.0,0.0,0.0
CLI009293,7.0,0.0,0.0,7.5,7.0
CLI009294,0.0,9.0,0.0,9.0,9.0
CLI009295,0.0,7.5,0.0,7.0,0.0
CLI009296,8.0,0.0,0.0,0.0,0.0
CLI009297,0.0,8.0,8.0,0.0,0.0
CLI009298,8.0,0.0,0.0,0.0,8.0
CLI009299,0.0,9.0,0.0,0.0,0.0
CLI009300,0.0,6.0,10.0,7.0,0.0
CLI009301,0.0,0.0,0.0,9.0,0.0
CLI009302,7.5,0.0,0.0,0.0,7.0
CLI009303,9.0,6.0,0.0,7.0,0.0
CLI009304,10.0,0.0,7.0,8.5,0.0
CLI009305,0.0,0.0,9.0,8.5,7.5
CLI009307,0.0,0.0,7.0,0.0,0.0
CLI009308,0.0,7.5,0.0,0.0,8.0
CLI009309,10.0,8.0,0.0,8.0,7.5
CLI009310,0.0,0.0,0.0,8.0,8.0
CLI009311,0.0,9.0,8.5,0.0,0.0
CLI009312,9.0,0.0,9.0,9.0,0.0
CLI009313,8.0,0.0,0.0,0.0,8.0
CLI009314,8.5,8.0,0.0,9.0,0.0
CLI009315,0.0,0.0,8.0,8.0,0.0
CLI009317,0.0,0.0,0.0,8.0,0.0
CLI009318,0.0,0.0,7.0,10.0,6.0
CLI009319,0.0,7.5,0.0,0.0,7.0
CLI009320,7.0,7.0,0.0,9.0,7.0
CLI009321,0.0,9.0,0.0,0.0,0.0
CLI009322,10.0,7.0,7.0,0.0,8.0
CLI009323,0.0,9.0,0.0,7.0,0.0
CLI009324,0.0,0.0,8.0,0.0,8.0
CLI009325,0.0,8.0,9.0,0.0,7.0
CLI009326,7.0,0.0,9.0,0.0,8.0
CLI009327,0.0,7.0,0.0,0.0,9.0
CLI009328,0.0,7.5,0.0,0.0,7.0
CLI009329,0.0,9.0,0.0,8.0,8.0
CLI009330,8.333333333333334,0.0,9.0,0.0,0.0
CLI009331,10.0,10.0,0.0,8.0,0.0
CLI009332,9.0,7.0,6.0,0.0,9.0
CLI009333,0.0,8.0,0.0,0.0,0.0
CLI009334,0.0,8.0,9.0,0.0,0.0
CLI009336,9.0,0.0,8.0,0.0,9.0
CLI009337,7.0,0.0,0.0,10.0,0.0
CLI009338,0.0,8.0,0.0,7.0,0.0
CLI009340,0.0,8.0,8.0,0.0,7.0
CLI009341,0.0,0.0,0.0,0.0,8.0
CLI009342,8.0,0.0,8.0,8.0,0.0
CLI009343,0.0,8.0,8.75,0.0,8.25
CLI009344,9.0,0.0,7.0,0.0,8.0
CLI009345,8.0,0.0,10.0,0.0,0.0
CLI009346,0.0,0.0,9.0,0.0,0.0
CLI009347,9.0,9.0,0.0,0.0,0.0
CLI009348,0.0,8.0,0.0,0.0,9.0
CLI009349,0.0,9.0,0.0,8.333333333333334,9.5
CLI009350,7.0,9.0,0.0,9.0,0.0
CLI009351,8.0,0.0,0.0,0.0,8.0
CLI009352,8.0,0.0,0.0,7.5,0.0
CLI009353,0.0,0.0,0.0,9.0,0.0
CLI009354,0.0,0.0,0.0,7.0,9.0
CLI009355,9.0,6.0,0.0,0.0,8.0
CLI009356,7.0,10.0,9.0,0.0,0.0
CLI009357,8.0,0.0,10.0,0.0,0.0
CLI009358,0.0,0.0,0.0,0.0,7.0
CLI009359,0.0,8.0,0.0,0.0,0.0
CLI009360,7.0,0.0,8.0,0.0,0.0
CLI009361,0.0,0.0,0.0,9.0,9.0
CLI009362,7.0,7.0,8.0,0.0,0.0
CLI009364,7.0,8.333333333333334,0.0,0.0,8.0
CLI009365,0.0,0.0,7.0,0.0,9.0
CLI009366,6.0,8.0,0.0,7.0,0.0
CLI009367,0.0,10.0,8.0,8.0,0.0
CLI009368,0.0,9.0,0.0,0.0,9.5
CLI009369,0.0,0.0,7.0,0.0,0.0
CLI009370,7.0,0.0,9.0,7.0,0.0
CLI009371,9.0,8.0,9.0,8.0,8.0
CLI009372,7.0,0.0,0.0,8.0,0.0
CLI009373,0.0,0.0,0.0,8.0,0.0
CLI009374,0.0,8.0,8.0,0.0,6.0
CLI009375,9.5,0.0,7.0,6.5,8.0
CLI009376,0.0,9.0,0.0,7.0,8.0
CLI009377,9.0,8.0,0.0,8.0,0.0
CLI009378,0.0,0.0,0.0,6.0,7.5
CLI009379,0.0,8.0,0.0,7.0,0.0
CLI009380,7.0,0.0,8.0,0.0,9.0
CLI009381,0.0,7.0,0.0,0.0,0.0
CLI009382,0.0,0.0,9.0,0.0,0.0
CLI009383,7.0,7.0,8.0,0.0,0.0
CLI009384,0.0,0.0,0.0,8.0,0.0
CLI009385,0.0,0.0,0.0,8.0,7.5
CLI009386,0.0,0.0,0.0,6.0,0.0
CLI009387,8.0,8.0,0.0,10.0,0.0
CLI009389,0.0,7.0,0.0,8.0,0.0
CLI009390,0.0,0.0,9.0,0.0,0.0
CLI009391,0.0,8.0,8.333333333333334,0.0,8.0
CLI009393,0.0,0.0,7.0,0.0,0.0
CLI009394,10.0,0.0,7.5,0.0,9.0
CLI009395,8.0,0.0,0.0,9.0,8.0
CLI009396,7.0,0.0,0.0,0.0,0.0
CLI009397,0.0,0.0,7.0,0.0,8.0
CLI009398,0.0,9.0,0.0,0.0,0.0
CLI009399,0.0,0.0,8.0,0.0,10.0
CLI009400,8.0,8.0,0.0,0.0,0.0
CLI009401,0.0,9.0,0.0,8.0,0.0
CLI009402,0.0,8.0,0.0,9.0,8.0
CLI009403,0.0,9.0,8.0,0.0,0.0
CLI009404,0.0,0.0,0.0,7.0,9.0
CLI009405,9.0,8.5,0.0,0.0,0.0
CLI009406,0.0,8.0,0.0,0.0,0.0
CLI009407,0.0,0.0,8.0,8.0,0.0
CLI009408,0.0,8.0,0.0,0.0,0.0
CLI009409,9.0,0.0,0.0,9.0,0.0
CLI009410,0.0,0.0,8.0,8.0,8.0
CLI009411,0.0,0.0,7.0,9.0,0.0
CLI009412,0.0,8.0,7.0,0.0,9.0
CLI009414,0.0,9.0,8.0,8.0,0.0
CLI009415,0.0,0.0,0.0,0.0,7.5
CLI009416,0.0,8.0,0.0,0.0,7.0
CLI009418,0.0,0.0,7.0,0.0,0.0
CLI009419,0.0,8.5,8.0,0.0,9.0
CLI009420,7.0,0.0,10.0,0.0,0.0
CLI009421,0.0,7.0,0.0,0.0,0.0
CLI009422,9.0,0.0,0.0,0.0,0.0
CLI009423,0.0,0.0,0.0,9.0,0.0
CLI009424,9.0,7.0,9.0,8.0,0.0
CLI009425,9.0,8.5,0.0,0.0,7.0
CLI009427,9.0,8.0,7.0,0.0,0.0
CLI009428,0.0,0.0,0.0,7.5,0.0
CLI009429,7.0,9.0,0.0,9.0,0.0
CLI009430,8.0,0.0,0.0,0.0,0.0
CLI009431,0.0,0.0,0.0,9.0,0.0
CLI009432,0.0,0.0,7.0,0.0,0.0
CLI009433,0.0,0.0,0.0,0.0,8.5
CLI009434,0.0,0.0,0.0,10.0,7.0
CLI009435,0.0,0.0,7.0,0.0,0.0
CLI009436,0.0,9.0,0.0,0.0,0.0
CLI009437,0.0,0.0,0.0,0.0,8.0
CLI009438,0.0,8.0,0.0,0.0,8.0
CLI009439,0.0,0.0,8.0,0.0,9.0
CLI009440,0.0,0.0,9.0,0.0,0.0
CLI009441,8.0,0.0,8.0,0.0,0.0
CLI009442,0.0,6.0,0.0,0.0,9.0
CLI009443,9.0,7.0,9.0,0.0,8.0
CLI009444,0.0,0.0,0.0,0.0,9.0
CLI009445,0.0,0.0,9.0,8.0,7.0
CLI009446,0.0,9.0,0.0,0.0,7.0
CLI009447,7.0,7.0,0.0,7.0,0.0
CLI009448,0.0,0.0,7.0,0.0,0.0
CLI009449,0.0,7.0,0.0,6.0,0.0
CLI009450,0.0,0.0,8.0,0.0,0.0
CLI009451,0.0,9.0,8.0,0.0,0.0
CLI009452,0.0,0.0,0.0,8.0,0.0
CLI009453,7.0,8.0,9.0,7.0,0.0
CLI009454,9.0,6.0,7.0,0.0,8.0
CLI009455,7.0,8.0,9.0,0.0,0.0
CLI009456,0.0,0.0,0.0,8.0,0.0
CLI009457,0.0,8.0,0.0,8.0,0.0
CLI009458,0.0,0.0,6.0,0.0,7.0
CLI009459,0.0,0.0,0.0,8.0,6.0
CLI009460,0.0,8.0,9.0,8.0,0.0
CLI009461,8.5,0.0,9.0,0.0,9.0
CLI009462,0.0,0.0,0.0,8.0,7.5
CLI009463,0.0,0.0,8.0,0.0,8.0
CLI009464,7.0,0.0,0.0,0.0,0.0
CLI009465,0.0,7.666666666666667,7.0,0.0,0.0
CLI009466,0.0,8.0,0.0,0.0,10.0
CLI009467,0.0,0.0,6.0,0.0,0.0
CLI009468,0.0,8.0,0.0,0.0,0.0
CLI009469,8.0,0.0,8.0,0.0,9.0
CLI009470,7.5,0.0,0.0,0.0,0.0
CLI009471,0.0,10.0,0.0,0.0,9.0
CLI009472,8.5,0.0,0.0,0.0,0.0
CLI009473,9.0,0.0,0.0,7.0,0.0
CLI009474,7.0,0.0,8.0,8.0,0.0
CLI009475,7.0,7.0,0.0,0.0,8.5
CLI009476,8.0,7.0,0.0,0.0,0.0
CLI009477,0.0,0.0,0.0,8.0,8.0
CLI009478,7.0,0.0,0.0,0.0,0.0
CLI009479,8.0,0.0,8.0,0.0,0.0
CLI009480,0.0,0.0,0.0,7.0,0.0
CLI009481,6.0,10.0,0.0,8.0,0.0
CLI009482,6.0,0.0,7.0,0.0,7.0
CLI009484,9.0,0.0,8.0,9.0,0.0
CLI009486,0.0,8.0,8.0,0.0,7.0
CLI009487,0.0,0.0,7.0,7.0,0.0
CLI009488,8.0,8.666666666666666,9.0,7.0,0.0
CLI009489,0.0,0.0,9.0,0.0,0.0
CLI009490,8.0,0.0,0.0,0.0,8.0
CLI009491,7.0,8.0,0.0,0.0,7.0
CLI009493,0.0,9.0,0.0,0.0,7.0
CLI009494,0.0,0.0,0.0,7.0,0.0
CLI009495,0.0,0.0,6.0,9.0,0.0
CLI009496,0.0,7.5,8.0,0.0,0.0
CLI009497,8.0,0.0,0.0,7.5,8.0
CLI009498,7.0,0.0,8.0,0.0,0.0
CLI009499,0.0,0.0,9.0,7.0,0.0
CLI009500,9.0,0.0,0.0,8.0,0.0
CLI009501,7.0,8.0,7.5,0.0,0.0
CLI009502,8.0,0.0,0.0,8.0,0.0
CLI009503,0.0,8.0,9.0,0.0,8.0
CLI009505,7.0,0.0,0.0,0.0,0.0
CLI009506,9.0,0.0,0.0,0.0,7.0
CLI009507,9.0,0.0,0.0,0.0,0.0
CLI009508,0.0,0.0,0.0,0.0,9.0
CLI009509,0.0,0.0,6.0,0.0,7.5
CLI009510,8.0,0.0,0.0,0.0,0.0
CLI009511,8.0,7.0,0.0,7.0,0.0
CLI009512,10.0,9.0,0.0,0.0,0.0
CLI009513,0.0,0.0,0.0,8.0,0.0
CLI009514,0.0,8.0,0.0,0.0,0.0
CLI009515,9.0,0.0,0.0,0.0,9.0
CLI009516,0.0,8.5,0.0,9.0,0.0
CLI009517,0.0,0.0,0.0,0.0,8.0
CLI009518,8.0,0.0,8.0,0.0,0.0
CLI009519,0.0,10.0,0.0,0.0,9.5
CLI009520,0.0,0.0,7.0,0.0,0.0
CLI009522,0.0,0.0,0.0,9.0,0.0
CLI009525,6.0,0.0,0.0,0.0,0.0
CLI009526,0.0,0.0,0.0,0.0,10.0
CLI009527,8.0,8.5,0.0,0.0,7.0
CLI009528,8.0,8.0,0.0,8.5,0.0
CLI009529,0.0,0.0,6.0,8.0,8.0
CLI009530,0.0,0.0,9.0,0.0,7.0
CLI009531,0.0,8.0,8.0,7.0,8.0
CLI009532,0.0,9.0,7.0,7.0,0.0
CLI009533,0.0,8.5,0.0,0.0,0.0
CLI009534,0.0,0.0,0.0,9.0,0.0
CLI009535,0.0,0.0,0.0,9.0,0.0
CLI009536,0.0,0.0,0.0,8.0,8.0
CLI009537,9.0,0.0,7.0,0.0,0.0
CLI009538,8.0,0.0,0.0,0.0,9.0
CLI009539,0.0,0.0,0.0,8.5,0.0
CLI009540,7.0,8.0,9.0,8.0,10.0
CLI009541,7.666666666666667,0.0,6.0,0.0,10.0
CLI009542,9.0,0.0,8.0,0.0,0.0
CLI009543,7.0,0.0,7.0,9.0,0.0
CLI009544,0.0,0.0,0.0,7.0,8.666666666666666
CLI009545,0.0,9.0,7.0,9.0,7.5
CLI009546,7.0,0.0,0.0,0.0,0.0
CLI009547,0.0,0.0,0.0,8.0,0.0
CLI009548,8.0,0.0,8.0,7.0,8.0
CLI009549,8.0,0.0,0.0,0.0,0.0
CLI009550,0.0,8.0,9.0,9.0,9.0
CLI009551,9.0,9.0,0.0,8.0,0.0
CLI009552,8.0,0.0,0.0,8.0,7.0
CLI009553,0.0,8.0,0.0,0.0,0.0
CLI009554,0.0,0.0,7.0,0.0,0.0
CLI009555,6.0,0.0,0.0,7.0,0.0
CLI009556,0.0,0.0,6.0,9.0,8.0
CLI009557,0.0,0.0,7.0,0.0,9.0
CLI009558,0.0,0.0,9.0,8.0,7.0
CLI009559,7.0,0.0,0.0,0.0,6.0
CLI009560,8.0,0.0,8.0,0.0,0.0
CLI009561,0.0,0.0,0.0,7.0,0.0
CLI009562,0.0,0.0,10.0,0.0,8.0
CLI009563,7.5,0.0,0.0,8.0,9.0
CLI009564,9.0,0.0,0.0,8.0,0.0
CLI009565,0.0,0.0,0.0,8.0,0.0
CLI009567,0.0,7.0,0.0,10.0,0.0
CLI009568,0.0,0.0,8.666666666666666,7.0,0.0
CLI009570,0.0,0.0,0.0,7.0,0.0
CLI009571,10.0,0.0,9.0,8.0,7.0
CLI009572,6.0,0.0,0.0,0.0,0.0
CLI009573,7.0,7.0,8.0,9.0,0.0
CLI009574,0.0,0.0,9.0,0.0,9.0
CLI009575,0.0,0.0,0.0,9.0,0.0
CLI009576,0.0,8.0,0.0,0.0,0.0
CLI009577,6.0,0.0,6.5,0.0,0.0
CLI009578,0.0,0.0,8.333333333333334,0.0,9.0
CLI009579,7.666666666666667,0.0,0.0,0.0,0.0
CLI009580,8.0,7.0,0.0,0.0,9.0
CLI009581,0.0,0.0,9.0,0.0,0.0
CLI009582,10.0,9.0,0.0,0.0,0.0
CLI009583,7.0,9.0,0.0,0.0,0.0
CLI009584,0.0,9.0,0.0,0.0,6.0
CLI009585,8.0,0.0,0.0,0.0,0.0
CLI009586,0.0,7.0,7.0,9.0,7.0
CLI009587,0.0,0.0,8.0,9.5,8.5
CLI009589,0.0,0.0,0.0,0.0,8.0
CLI009590,8.0,0.0,0.0,0.0,7.0
CLI009592,0.0,0.0,8.0,0.0,0.0
CLI009593,0.0,0.0,7.0,0.0,8.5
CLI009594,8.0,8.0,0.0,0.0,0.0
CLI009595,7.0,8.0,9.0,0.0,0.0
CLI009596,9.0,8.5,0.0,0.0,0.0
CLI009597,0.0,7.0,0.0,8.0,0.0
CLI009598,0.0,0.0,0.0,0.0,8.666666666666666
CLI009599,8.0,0.0,0.0,0.0,8.0
CLI009600,0.0,0.0,0.0,0.0,8.0
CLI009601,9.0,7.0,8.5,8.0,8.0
CLI009602,8.0,6.5,9.0,9.0,0.0
CLI009603,8.0,0.0,0.0,8.0,0.0
CLI009604,8.5,9.0,0.0,0.0,10.0
CLI009605,10.0,9.0,7.5,0.0,0.0
CLI009606,0.0,0.0,7.0,8.0,0.0
CLI009608,0.0,7.5,8.0,7.0,8.0
CLI009609,0.0,8.0,9.0,0.0,0.0
CLI009610,0.0,8.0,0.0,7.0,0.0
CLI009611,0.0,0.0,0.0,9.0,7.0
CLI009612,0.0,0.0,0.0,0.0,7.5
CLI009613,10.0,0.0,0.0,0.0,0.0
CLI009614,0.0,10.0,0.0,8.5,7.0
CLI009615,0.0,9.0,8.0,0.0,0.0
CLI009616,8.0,8.0,0.0,9.0,8.0
CLI009617,8.0,0.0,0.0,6.0,7.0
CLI009618,0.0,8.0,0.0,8.0,10.0
CLI009619,0.0,0.0,0.0,7.0,0.0
CLI009621,8.5,0.0,9.0,7.0,0.0
CLI009622,0.0,0.0,9.0,8.5,0.0
CLI009623,7.0,0.0,9.0,8.0,0.0
CLI009624,0.0,9.0,9.0,9.5,7.0
CLI009625,7.0,0.0,9.0,10.0,0.0
CLI009626,0.0,9.0,0.0,8.0,0.0
CLI009627,0.0,0.0,8.0,7.0,0.0
CLI009628,7.0,0.0,9.0,7.5,0.0
CLI009629,9.0,9.0,9.0,0.0,8.0
CLI009630,0.0,7.5,0.0,9.0,0.0
CLI009631,0.0,0.0,0.0,0.0,7.0
CLI009632,0.0,0.0,8.0,0.0,8.0
CLI009633,0.0,8.0,0.0,0.0,0.0
CLI009634,0.0,0.0,8.0,8.0,8.0
CLI009635,10.0,0.0,8.0,0.0,0.0
CLI009636,8.0,7.5,0.0,0.0,0.0
CLI009637,8.0,0.0,0.0,0.0,0.0
CLI009638,8.0,0.0,0.0,0.0,0.0
CLI009639,9.0,0.0,0.0,0.0,8.0
CLI009640,8.0,0.0,0.0,0.0,0.0
CLI009641,0.0,8.0,0.0,9.0,0.0
CLI009642,8.0,0.0,8.0,0.0,0.0
CLI009643,9.0,0.0,8.0,0.0,7.5
CLI009644,9.0,9.0,0.0,9.0,9.0
CLI009645,8.0,8.0,8.0,0.0,0.0
CLI009646,8.0,0.0,0.0,0.0,0.0
CLI009647,0.0,0.0,0.0,0.0,7.0
CLI009648,7.0,7.0,0.0,0.0,8.0
CLI009649,9.0,9.0,0.0,0.0,0.0
CLI009650,0.0,8.0,0.0,0.0,0.0
CLI009651,0.0,7.0,7.5,0.0,8.0
CLI009652,0.0,0.0,0.0,8.5,8.0
CLI009653,0.0,0.0,0.0,10.0,0.0
CLI009655,7.0,0.0,8.0,0.0,7.5
CLI009656,8.0,8.0,0.0,0.0,0.0
CLI009657,0.0,0.0,9.0,9.0,10.0
CLI009658,9.0,0.0,7.0,0.0,0.0
CLI009659,8.5,0.0,9.0,0.0,0.0
CLI009660,7.0,0.0,9.0,0.0,0.0
CLI009661,0.0,0.0,0.0,9.5,0.0
CLI009662,0.0,0.0,8.0,0.0,0.0
CLI009663,0.0,0.0,9.0,0.0,0.0
CLI009664,0.0,0.0,8.0,0.0,9.0
CLI009665,8.0,0.0,0.0,9.0,0.0
CLI009669,0.0,0.0,7.666666666666667,0.0,8.5
CLI009670,0.0,0.0,9.0,8.0,0.0
CLI009671,0.0,0.0,0.0,8.0,0.0
CLI009672,0.0,0.0,9.0,0.0,8.0
CLI009673,7.0,8.0,0.0,0.0,0.0
CLI009674,9.0,9.5,9.0,0.0,0.0
CLI009675,0.0,0.0,8.0,9.5,0.0
CLI009677,0.0,0.0,0.0,8.0,8.0
CLI009678,0.0,0.0,7.5,9.0,0.0
CLI009679,9.0,0.0,7.0,0.0,0.0
CLI009681,8.333333333333334,0.0,0.0,0.0,8.0
CLI009682,0.0,0.0,0.0,7.0,0.0
CLI009683,8.0,0.0,8.5,7.5,0.0
CLI009684,0.0,7.0,0.0,7.0,0.0
CLI009685,0.0,8.0,0.0,7.0,9.0
CLI009686,9.0,0.0,0.0,9.0,9.0
CLI009687,9.0,9.0,9.0,8.0,0.0
CLI009688,7.0,8.0,8.0,0.0,6.0
CLI009689,0.0,0.0,8.0,0.0,0.0
CLI009690,0.0,9.0,0.0,0.0,0.0
CLI009692,7.0,0.0,7.0,0.0,8.0
CLI009693,7.0,0.0,0.0,0.0,0.0
CLI009694,0.0,7.5,0.0,0.0,8.0
CLI009695,9.0,0.0,0.0,0.0,9.0
CLI009696,0.0,0.0,8.0,7.0,0.0
CLI009697,0.0,0.0,8.0,0.0,0.0
CLI009698,0.0,9.0,8.0,0.0,0.0
CLI009700,0.0,0.0,0.0,8.666666666666666,0.0
CLI009701,8.0,9.0,0.0,0.0,0.0
CLI009702,8.0,7.5,0.0,0.0,0.0
CLI009703,0.0,0.0,0.0,0.0,8.0
CLI009704,0.0,0.0,8.0,7.0,0.0
CLI009705,0.0,7.0,7.0,0.0,7.0
CLI009706,0.0,8.0,0.0,8.0,9.0
CLI009708,0.0,0.0,0.0,7.5,9.0
CLI009709,0.0,7.0,0.0,0.0,0.0
CLI009710,10.0,0.0,0.0,0.0,9.0
CLI009711,8.0,0.0,7.5,7.0,0.0
CLI009712,9.0,0.0,0.0,0.0,0.0
CLI009713,0.0,0.0,0.0,0.0,8.5
CLI009714,8.0,0.0,0.0,0.0,0.0
CLI009715,7.0,0.0,0.0,7.0,0.0
CLI009716,0.0,0.0,0.0,9.0,9.0
CLI009717,0.0,0.0,0.0,9.0,0.0
CLI009719,0.0,8.0,0.0,0.0,8.0
CLI009720,0.0,0.0,0.0,8.0,8.0
CLI009721,0.0,7.0,8.0,0.0,0.0
CLI009722,0.0,0.0,8.0,7.0,9.0
CLI009723,8.0,0.0,0.0,0.0,0.0
CLI009724,9.0,0.0,0.0,8.0,6.0
CLI009725,8.0,9.0,7.0,8.0,8.5
CLI009726,7.0,0.0,0.0,0.0,0.0
CLI009727,0.0,8.0,8.0,0.0,0.0
CLI009728,9.0,0.0,0.0,8.0,8.0
CLI009729,9.0,0.0,0.0,0.0,0.0
CLI009730,0.0,7.0,0.0,0.0,0.0
CLI009731,8.0,0.0,0.0,0.0,0.0
CLI009732,0.0,7.666666666666667,0.0,0.0,0.0
CLI009733,0.0,7.0,0.0,0.0,0.0
CLI009734,7.0,9.0,0.0,9.0,0.0
CLI009735,0.0,7.0,0.0,8.0,0.0
CLI009736,0.0,0.0,0.0,7.0,8.0
CLI009737,9.0,0.0,7.0,0.0,8.0
CLI009738,0.0,0.0,7.5,9.0,0.0
CLI009739,8.0,0.0,8.0,0.0,0.0
CLI009740,0.0,7.0,0.0,8.0,0.0
CLI009741,0.0,0.0,0.0,7.0,8.0
CLI009742,0.0,0.0,8.5,0.0,6.0
CLI009743,7.0,8.0,0.0,0.0,0.0
CLI009744,9.0,8.0,8.0,0.0,0.0
CLI009745,7.0,9.0,0.0,0.0,0.0
CLI009746,0.0,10.0,0.0,8.0,6.0
CLI009747,0.0,0.0,8.5,0.0,8.5
CLI009748,8.5,0.0,8.0,0.0,0.0
CLI009749,0.0,8.0,7.0,9.0,0.0
CLI009750,8.0,0.0,0.0,0.0,0.0
CLI009751,0.0,0.0,8.0,0.0,7.0
CLI009752,0.0,0.0,8.5,8.0,8.0
CLI009753,0.0,0.0,8.5,0.0,0.0
CLI009754,7.0,8.0,0.0,8.0,0.0
CLI009755,0.0,7.5,9.0,0.0,7.666666666666667
CLI009756,9.0,9.0,0.0,0.0,0.0
CLI009757,0.0,0.0,8.0,0.0,0.0
CLI009758,0.0,8.5,0.0,0.0,9.0
CLI009759,8.0,8.0,0.0,0.0,0.0
CLI009760,0.0,9.0,0.0,0.0,7.0
CLI009761,9.0,0.0,0.0,7.0,9.0
CLI009762,0.0,9.0,0.0,0.0,0.0
CLI009764,7.0,0.0,0.0,0.0,8.5
CLI009765,9.0,8.0,0.0,8.0,0.0
CLI009766,8.0,0.0,0.0,8.0,0.0
CLI009767,7.5,8.0,9.0,9.0,0.0
CLI009768,0.0,9.0,7.0,0.0,0.0
CLI009769,0.0,0.0,0.0,0.0,9.0
CLI009770,8.0,0.0,7.5,0.0,8.5
CLI009771,0.0,0.0,0.0,0.0,10.0
CLI009773,0.0,0.0,9.0,0.0,0.0
CLI009775,7.5,0.0,0.0,0.0,0.0
CLI009776,0.0,8.0,8.5,0.0,0.0
CLI009777,0.0,0.0,0.0,0.0,8.0
CLI009778,8.5,9.0,0.0,0.0,7.0
CLI009779,8.5,0.0,0.0,0.0,0.0
CLI009780,7.0,0.0,0.0,0.0,0.0
CLI009781,0.0,8.5,0.0,0.0,8.0
CLI009782,0.0,0.0,0.0,0.0,7.0
CLI009783,0.0,0.0,9.0,7.0,9.0
CLI009784,0.0,9.0,0.0,9.0,0.0
CLI009785,8.0,7.666666666666667,6.0,0.0,8.0
CLI009786,8.0,0.0,0.0,0.0,0.0
CLI009787,0.0,0.0,7.333333333333333,8.5,0.0
CLI009788,0.0,0.0,0.0,8.0,0.0
CLI009789,0.0,9.0,9.0,0.0,8.5
CLI009791,0.0,10.0,0.0,7.0,0.0
CLI009792,0.0,9.0,0.0,0.0,0.0
CLI009793,8.0,10.0,0.0,0.0,0.0
CLI009794,0.0,0.0,8.5,0.0,0.0
CLI009795,0.0,0.0,7.0,0.0,8.5
CLI009796,8.0,0.0,0.0,8.0,8.0
CLI009797,0.0,9.0,9.0,8.0,0.0
CLI009799,9.0,6.0,0.0,0.0,0.0
CLI009801,0.0,9.0,8.0,0.0,8.0
CLI009802,7.0,7.0,7.0,0.0,9.0
CLI009803,0.0,0.0,9.0,8.0,0.0
CLI009804,0.0,0.0,8.0,0.0,0.0
CLI009805,0.0,8.0,9.0,9.0,0.0
CLI009806,0.0,7.0,0.0,8.0,7.0
CLI009807,0.0,0.0,0.0,8.5,0.0
CLI009808,0.0,0.0,7.0,10.0,0.0
CLI009809,9.0,0.0,0.0,9.0,0.0
CLI009811,0.0,0.0,0.0,0.0,9.0
CLI009812,0.0,0.0,0.0,9.0,0.0
CLI009813,0.0,0.0,0.0,8.0,9.0
CLI009814,0.0,8.0,0.0,8.0,0.0
CLI009815,8.5,0.0,0.0,0.0,0.0
CLI009816,0.0,0.0,0.0,8.0,7.5
CLI009817,0.0,0.0,7.0,0.0,8.5
CLI009818,0.0,0.0,7.5,0.0,0.0
CLI009819,9.0,0.0,6.0,0.0,0.0
CLI009820,8.0,0.0,0.0,0.0,0.0
CLI009821,0.0,0.0,0.0,0.0,8.0
CLI009822,0.0,0.0,0.0,9.0,8.0
CLI009823,0.0,0.0,9.0,0.0,10.0
CLI009824,0.0,7.5,0.0,0.0,8.0
CLI009825,0.0,9.0,0.0,0.0,7.0
CLI009826,0.0,8.0,10.0,0.0,0.0
CLI009827,7.333333333333333,0.0,8.5,7.0,7.5
CLI009828,9.0,0.0,7.0,0.0,0.0
CLI009829,8.0,9.0,8.5,0.0,0.0
CLI009830,0.0,0.0,0.0,8.0,0.0
CLI009831,9.0,0.0,0.0,0.0,0.0
CLI009832,0.0,9.0,0.0,0.0,9.0
CLI009833,0.0,0.0,0.0,9.0,8.0
CLI009835,8.0,0.0,9.0,7.0,0.0
CLI009836,0.0,8.0,0.0,0.0,0.0
CLI009837,0.0,10.0,9.0,0.0,8.0
CLI009839,9.0,8.0,0.0,7.5,7.0
CLI009840,0.0,0.0,8.0,0.0,9.0
CLI009841,0.0,0.0,8.0,7.666666666666667,8.666666666666666
CLI009843,9.0,8.0,9.0,0.0,0.0
CLI009844,8.0,0.0,8.0,0.0,6.0
CLI009845,6.0,0.0,0.0,8.0,8.333333333333334
CLI009846,9.0,0.0,10.0,9.0,8.5
CLI009847,9.0,7.0,0.0,8.0,0.0
CLI009848,0.0,0.0,8.0,8.0,8.5
CLI009849,7.0,8.5,9.0,8.0,0.0
CLI009851,0.0,0.0,0.0,9.0,0.0
CLI009852,0.0,10.0,0.0,0.0,7.0
CLI009853,0.0,0.0,7.0,10.0,0.0
CLI009854,8.0,0.0,0.0,0.0,8.0
CLI009855,0.0,0.0,8.0,9.0,9.0
CLI009856,0.0,0.0,0.0,7.0,9.0
CLI009857,10.0,0.0,0.0,0.0,7.0
CLI009858,8.0,0.0,8.0,0.0,7.0
CLI009859,0.0,0.0,9.0,6.0,0.0
CLI009860,0.0,0.0,7.5,0.0,6.0
CLI009861,7.0,0.0,0.0,7.666666666666667,0.0
CLI009862,0.0,0.0,9.0,9.0,8.0
CLI009863,0.0,0.0,0.0,0.0,8.0
CLI009864,7.0,0.0,0.0,9.0,0.0
CLI009865,8.0,0.0,0.0,0.0,0.0
CLI009866,0.0,9.0,0.0,8.0,0.0
CLI009867,8.0,0.0,0.0,0.0,0.0
CLI009868,7.0,0.0,0.0,0.0,7.0
CLI009869,8.0,0.0,0.0,8.0,0.0
CLI009870,8.0,0.0,0.0,0.0,8.0
CLI009871,0.0,0.0,9.0,7.0,0.0
CLI009872,9.0,0.0,0.0,0.0,8.0
CLI009873,0.0,0.0,8.0,0.0,0.0
CLI009874,7.5,6.0,0.0,7.5,0.0
CLI009875,8.5,0.0,0.0,7.0,0.0
CLI009876,8.0,0.0,8.0,0.0,8.0
CLI009877,8.0,0.0,0.0,0.0,0.0
CLI009878,0.0,8.0,0.0,0.0,0.0
CLI009879,0.0,0.0,0.0,7.5,0.0
CLI009881,0.0,8.0,0.0,7.0,8.0
CLI009882,0.0,9.0,0.0,0.0,0.0
CLI009883,0.0,7.0,8.5,0.0,0.0
CLI009885,0.0,0.0,0.0,9.0,8.0
CLI009887,0.0,0.0,0.0,8.0,8.0
CLI009888,0.0,0.0,0.0,0.0,8.0
CLI009889,8.0,0.0,7.0,0.0,7.0
CLI009890,8.0,8.0,9.0,0.0,0.0
CLI009891,0.0,0.0,0.0,8.0,0.0
CLI009892,0.0,8.0,9.0,0.0,8.0
CLI009893,7.0,0.0,9.0,0.0,0.0
CLI009894,0.0,8.0,0.0,0.0,0.0
CLI009895,0.0,0.0,0.0,0.0,8.666666666666666
CLI009896,0.0,8.0,9.0,9.0,0.0
CLI009898,0.0,0.0,8.0,7.0,6.0
CLI009899,9.0,0.0,0.0,0.0,7.0
CLI009900,7.0,0.0,6.0,0.0,0.0
CLI009901,9.0,0.0,0.0,0.0,8.0
CLI009902,0.0,0.0,0.0,9.0,8.0
CLI009903,0.0,7.0,9.0,0.0,9.0
CLI009904,0.0,0.0,7.0,7.0,0.0
CLI009905,0.0,8.0,6.0,0.0,0.0
CLI009906,7.0,8.0,7.333333333333333,0.0,9.0
CLI009907,8.0,8.0,0.0,8.0,0.0
CLI009908,0.0,8.0,0.0,0.0,0.0
CLI009909,9.0,8.0,0.0,8.0,0.0
CLI009910,8.0,0.0,8.0,0.0,0.0
CLI009911,0.0,9.0,0.0,10.0,0.0
CLI009912,0.0,0.0,0.0,8.0,0.0
CLI009913,8.0,0.0,0.0,0.0,8.0
CLI009914,0.0,0.0,9.0,0.0,0.0
CLI009915,0.0,0.0,0.0,8.0,8.0
CLI009916,8.0,0.0,9.0,0.0,0.0
CLI009917,7.0,0.0,9.0,0.0,0.0
CLI009918,0.0,0.0,8.0,0.0,0.0
CLI009919,0.0,8.0,0.0,0.0,0.0
CLI009920,9.0,7.0,8.0,10.0,8.0
CLI009921,0.0,9.0,7.0,0.0,0.0
CLI009922,0.0,9.0,8.0,0.0,8.0
CLI009923,8.0,0.0,0.0,8.0,9.0
CLI009924,0.0,9.0,7.0,10.0,7.0
CLI009925,0.0,0.0,7.5,7.0,6.0
CLI009926,8.0,0.0,0.0,0.0,0.0
CLI009927,8.5,0.0,8.0,0.0,8.0
CLI009928,0.0,0.0,8.0,8.0,9.0
CLI009930,0.0,8.0,6.0,7.0,0.0
CLI009931,0.0,0.0,0.0,7.0,0.0
CLI009932,9.0,0.0,0.0,8.0,9.0
CLI009933,8.0,0.0,0.0,0.0,9.0
CLI009934,7.0,0.0,6.0,9.0,8.0
CLI009935,9.0,8.0,10.0,0.0,0.0
CLI009936,0.0,0.0,10.0,8.0,0.0
CLI009937,0.0,8.0,8.0,0.0,0.0
CLI009940,0.0,0.0,0.0,0.0,9.0
CLI009941,0.0,0.0,7.0,0.0,0.0
CLI009942,0.0,0.0,8.0,7.0,0.0
CLI009943,0.0,9.0,0.0,9.0,0.0
CLI009944,0.0,8.0,0.0,0.0,9.0
CLI009945,0.0,0.0,7.0,0.0,0.0
CLI009946,0.0,9.5,0.0,0.0,0.0
CLI009947,8.0,0.0,0.0,0.0,0.0
CLI009948,8.0,8.5,0.0,0.0,9.0
CLI009949,0.0,0.0,0.0,7.0,0.0
CLI009950,0.0,7.0,0.0,0.0,0.0
CLI009951,7.0,0.0,7.5,0.0,8.0
CLI009952,0.0,0.0,0.0,0.0,8.0
CLI009953,0.0,8.0,9.0,6.0,0.0
CLI009954,9.0,0.0,0.0,0.0,7.5
CLI009955,0.0,0.0,0.0,7.0,0.0
CLI009956,0.0,7.0,9.0,0.0,8.0
CLI009957,9.0,7.0,8.333333333333334,8.0,9.0
CLI009958,8.0,0.0,8.0,0.0,0.0
CLI009960,0.0,0.0,8.0,0.0,0.0
CLI009961,9.0,0.0,0.0,9.0,7.0
CLI009962,8.0,8.0,8.5,0.0,0.0
CLI009963,0.0,0.0,0.0,8.0,0.0
CLI009964,0.0,9.0,9.0,0.0,0.0
CLI009965,0.0,6.0,0.0,0.0,0.0
CLI009966,8.0,0.0,7.0,0.0,9.0
CLI009967,0.0,8.0,0.0,7.0,9.0
CLI009968,0.0,8.0,0.0,0.0,8.5
CLI009969,0.0,9.0,7.0,0.0,10.0
CLI009970,7.0,0.0,9.0,7.5,7.0
CLI009971,0.0,0.0,7.0,0.0,0.0
CLI009973,0.0,9.0,8.0,0.0,10.0
CLI009974,0.0,8.0,9.0,9.0,10.0
CLI009975,7.0,0.0,0.0,0.0,0.0
CLI009977,0.0,8.0,9.0,7.0,0.0
CLI009978,0.0,8.0,0.0,0.0,8.0
CLI009979,0.0,0.0,0.0,0.0,8.5
CLI009980,0.0,0.0,8.0,0.0,8.0
CLI009981,0.0,8.0,0.0,8.0,0.0
CLI009982,7.0,0.0,0.0,9.333333333333334,0.0
CLI009983,0.0,6.0,9.0,0.0,0.0
CLI009984,0.0,7.0,0.0,0.0,0.0
CLI009985,0.0,0.0,7.0,9.0,0.0
CLI009986,7.666666666666667,0.0,0.0,0.0,0.0
CLI009987,7.0,0.0,0.0,0.0,8.0
CLI009988,8.0,0.0,0.0,7.0,9.0
CLI009989,0.0,7.0,0.0,0.0,0.0
CLI009990,0.0,7.333333333333333,9.0,0.0,9.0
CLI009991,0.0,0.0,0.0,0.0,7.5
CLI009992,0.0,8.0,6.0,0.0,8.5
CLI009993,0.0,0.0,0.0,0.0,7.5
CLI009994,7.0,0.0,7.0,0.0,0.0
CLI009995,8.5,0.0,0.0,9.5,9.0
CLI009998,0.0,7.0,0.0,0.0,0.0
CLI009999,0.0,8.0,8.0,0.0,7.0
CLI010000,8.0,0.0,0.0,0.0,0.0
CLI010001,0.0,0.0,8.0,0.0,0.0
CLI010002,8.0,0.0,8.0,0.0,0.0
CLI010003,0.0,0.0,7.5,0.0,0.0
CLI010004,0.0,7.0,0.0,0.0,8.0
CLI010005,8.0,0.0,9.0,0.0,0.0
CLI010006,0.0,0.0,0.0,8.5,0.0
CLI010007,0.0,0.0,0.0,8.0,7.0
CLI010008,0.0,0.0,8.0,0.0,0.0
CLI010009,9.0,7.0,0.0,9.0,0.0
CLI010010,0.0,0.0,9.0,10.0,0.0
CLI010013,0.0,0.0,8.0,0.0,8.0
CLI010014,8.0,0.0,0.0,0.0,7.0
CLI010016,0.0,10.0,0.0,0.0,8.0
CLI010017,8.0,0.0,0.0,0.0,0.0
CLI010018,0.0,7.0,8.0,7.0,0.0
CLI010019,0.0,0.0,0.0,0.0,8.0
CLI010020,6.0,0.0,0.0,0.0,0.0
CLI010021,0.0,0.0,9.0,8.0,9.0
CLI010022,0.0,9.0,0.0,9.0,0.0
CLI010023,0.0,0.0,9.0,0.0,9.0
CLI010024,10.0,10.0,8.0,7.0,8.0
CLI010025,9.0,8.0,7.0,0.0,0.0
CLI010027,0.0,0.0,8.0,8.0,9.0
CLI010028,0.0,0.0,0.0,0.0,9.0
CLI010029,0.0,7.0,0.0,0.0,0.0
CLI010030,9.0,0.0,9.0,0.0,7.0
CLI010032,0.0,0.0,9.0,8.0,7.0
CLI010033,8.0,0.0,0.0,0.0,0.0
CLI010034,0.0,0.0,7.0,0.0,7.0
CLI010035,8.0,0.0,0.0,7.0,0.0
CLI010036,0.0,9.0,0.0,0.0,9.0
CLI010038,10.0,8.0,8.0,6.0,0.0
CLI010039,0.0,0.0,9.0,0.0,8.0
CLI010040,0.0,0.0,0.0,9.0,0.0
CLI010041,0.0,0.0,0.0,9.0,0.0
CLI010043,9.0,9.0,0.0,8.0,9.0
CLI010044,7.0,0.0,7.0,0.0,0.0
CLI010045,7.0,0.0,7.0,9.0,0.0
CLI010046,8.333333333333334,6.0,0.0,0.0,8.666666666666666
CLI010048,0.0,8.5,9.0,0.0,7.0
CLI010049,9.0,0.0,7.0,8.0,0.0
CLI010050,0.0,0.0,0.0,0.0,10.0
CLI010051,0.0,0.0,9.0,7.0,7.0
CLI010052,0.0,0.0,0.0,8.0,0.0
CLI010053,0.0,8.0,8.0,0.0,0.0
CLI010054,9.0,0.0,0.0,0.0,0.0
CLI010055,7.0,7.5,0.0,8.0,9.0
CLI010057,9.0,7.0,7.0,8.0,0.0
CLI010058,0.0,0.0,9.0,8.0,7.0
CLI010059,0.0,9.0,7.0,9.0,0.0
CLI010060,0.0,0.0,0.0,0.0,8.0
CLI010061,0.0,8.0,9.0,0.0,7.0
CLI010062,8.0,0.0,0.0,8.5,0.0
CLI010063,0.0,8.0,7.0,0.0,0.0
CLI010064,0.0,9.0,7.333333333333333,8.0,0.0
CLI010065,10.0,0.0,9.0,8.0,0.0
CLI010066,8.0,0.0,8.5,0.0,8.0
CLI010067,0.0,8.0,10.0,0.0,0.0
CLI010068,0.0,0.0,0.0,7.0,0.0
CLI010069,0.0,7.0,8.0,0.0,0.0
CLI010071,0.0,8.0,7.0,8.0,0.0
CLI010072,0.0,8.0,8.0,8.0,9.0
CLI010073,7.0,0.0,0.0,0.0,0.0
CLI010074,7.0,9.0,8.0,8.0,0.0
CLI010075,0.0,6.0,8.0,0.0,8.0
CLI010076,0.0,0.0,6.0,0.0,9.0
CLI010077,0.0,0.0,0.0,8.0,0.0
CLI010078,0.0,0.0,0.0,8.0,0.0
CLI010079,0.0,0.0,0.0,10.0,0.0
CLI010080,0.0,0.0,8.0,0.0,0.0
CLI010081,9.0,8.0,0.0,0.0,0.0
CLI010082,0.0,8.0,8.0,0.0,0.0
CLI010083,0.0,0.0,0.0,7.5,8.0
CLI010085,0.0,8.5,7.0,0.0,0.0
CLI010086,8.0,9.0,7.5,7.0,0.0
CLI010087,0.0,0.0,0.0,8.0,0.0
CLI010089,0.0,0.0,9.0,7.0,8.0
CLI010090,8.0,9.0,10.0,8.0,7.0
CLI010091,8.0,0.0,0.0,7.0,0.0
CLI010092,9.0,0.0,0.0,7.0,10.0
CLI010093,0.0,0.0,0.0,0.0,9.0
CLI010094,6.0,0.0,0.0,0.0,7.333333333333333
CLI010095,0.0,0.0,7.0,9.0,0.0
CLI010096,8.0,8.0,0.0,9.0,8.0
CLI010097,9.0,0.0,0.0,8.5,7.666666666666667
CLI010098,0.0,8.5,0.0,0.0,8.0
CLI010099,0.0,7.0,0.0,0.0,8.0
CLI010100,0.0,0.0,0.0,7.0,9.0
CLI010101,0.0,8.0,8.0,7.5,0.0
CLI010102,0.0,9.0,0.0,0.0,0.0
CLI010103,8.25,8.0,0.0,8.0,0.0
CLI010104,0.0,0.0,7.0,0.0,0.0
CLI010106,7.0,8.0,0.0,9.0,0.0
CLI010109,6.0,0.0,0.0,9.0,0.0
CLI010110,0.0,7.0,9.0,0.0,0.0
CLI010111,9.0,0.0,0.0,8.5,7.0
CLI010112,0.0,0.0,0.0,8.0,0.0
CLI010113,0.0,9.0,0.0,8.0,0.0
CLI010115,8.0,0.0,8.0,0.0,9.0
CLI010116,9.0,0.0,9.0,0.0,0.0
CLI010117,0.0,8.0,7.0,0.0,0.0
CLI010118,0.0,10.0,6.0,0.0,0.0
CLI010119,9.5,9.0,0.0,10.0,10.0
CLI010120,0.0,0.0,0.0,8.0,0.0
CLI010122,0.0,0.0,9.0,8.0,0.0
CLI010123,0.0,0.0,0.0,9.0,0.0
CLI010124,0.0,9.0,0.0,0.0,0.0
CLI010125,0.0,8.0,0.0,8.0,0.0
CLI010126,0.0,7.0,7.0,8.0,0.0
CLI010127,8.0,8.5,0.0,0.0,0.0
CLI010128,0.0,0.0,7.0,9.0,7.0
CLI010129,0.0,0.0,0.0,0.0,9.0
CLI010130,0.0,0.0,7.5,0.0,9.0
CLI010131,0.0,7.5,0.0,0.0,8.333333333333334
CLI010132,0.0,0.0,0.0,8.0,0.0
CLI010133,0.0,0.0,0.0,7.0,7.0
CLI010134,0.0,0.0,0.0,8.0,8.0
CLI010135,0.0,0.0,7.0,0.0,9.0
CLI010136,0.0,7.0,8.0,8.333333333333334,0.0
CLI010137,0.0,0.0,0.0,0.0,8.0
CLI010139,0.0,0.0,7.0,9.0,7.0
CLI010140,0.0,8.0,7.5,9.0,6.0
CLI010141,10.0,0.0,8.0,0.0,0.0
CLI010142,0.0,0.0,8.0,0.0,0.0
CLI010143,0.0,0.0,0.0,0.0,8.0
CLI010144,8.0,7.5,9.0,0.0,8.0
CLI010145,9.0,0.0,0.0,0.0,0.0
CLI010146,0.0,0.0,0.0,0.0,10.0
CLI010147,0.0,0.0,7.0,7.0,0.0
CLI010148,9.0,8.0,0.0,0.0,0.0
CLI010149,0.0,0.0,7.0,0.0,7.0
CLI010150,0.0,0.0,0.0,8.0,0.0
CLI010151,8.0,8.0,0.0,8.0,8.0
CLI010152,8.666666666666666,0.0,8.0,10.0,0.0
CLI010153,7.0,8.0,10.0,0.0,0.0
CLI010154,0.0,0.0,0.0,8.0,0.0
CLI010155,0.0,7.0,7.0,8.0,0.0
CLI010156,8.0,8.0,0.0,0.0,0.0
CLI010157,0.0,7.0,0.0,9.0,0.0
CLI010158,0.0,0.0,8.0,0.0,10.0
CLI010159,8.0,0.0,0.0,0.0,0.0
CLI010161,6.666666666666667,0.0,0.0,9.0,0.0
CLI010162,7.0,8.666666666666666,0.0,0.0,8.0
CLI010163,9.0,9.0,7.0,0.0,0.0
CLI010164,0.0,0.0,0.0,8.0,9.0
CLI010165,0.0,0.0,8.0,0.0,0.0
CLI010166,0.0,0.0,0.0,8.0,8.0
CLI010167,0.0,8.0,0.0,0.0,0.0
CLI010168,8.0,0.0,10.0,10.0,0.0
CLI010169,8.0,0.0,0.0,9.0,0.0
CLI010170,0.0,0.0,8.0,9.0,0.0
CLI010171,0.0,9.0,0.0,7.0,0.0
CLI010172,8.0,0.0,0.0,6.0,9.0
CLI010173,9.0,0.0,10.0,0.0,0.0
CLI010175,0.0,7.0,0.0,0.0,0.0
CLI010176,7.0,0.0,7.0,8.5,0.0
CLI010177,0.0,10.0,0.0,0.0,0.0
CLI010178,0.0,8.0,0.0,0.0,9.0
CLI010179,0.0,0.0,8.5,8.0,0.0
CLI010180,0.0,0.0,0.0,8.0,9.0
CLI010181,0.0,9.0,0.0,8.0,7.0
CLI010182,0.0,9.0,8.5,9.0,0.0
CLI010183,9.0,0.0,0.0,0.0,0.0
CLI010184,0.0,0.0,8.0,9.0,0.0
CLI010185,0.0,8.0,0.0,9.0,9.0
CLI010186,0.0,7.0,9.0,7.0,0.0
CLI010187,8.0,0.0,0.0,7.0,0.0
CLI010188,7.0,0.0,0.0,0.0,0.0
CLI010189,0.0,0.0,0.0,9.0,0.0
CLI010190,0.0,0.0,9.0,0.0,0.0
CLI010191,8.333333333333334,0.0,0.0,8.0,10.0
CLI010192,7.0,0.0,0.0,0.0,7.0
CLI010193,0.0,0.0,0.0,6.0,0.0
CLI010194,9.0,8.0,0.0,0.0,0.0
CLI010195,0.0,9.0,0.0,0.0,0.0
CLI010196,0.0,0.0,8.0,8.0,0.0
CLI010197,0.0,8.0,0.0,0.0,0.0
CLI010198,0.0,0.0,9.0,10.0,8.0
CLI010199,0.0,7.0,0.0,0.0,6.5
CLI010200,9.0,0.0,0.0,9.0,7.0
CLI010203,0.0,0.0,7.0,0.0,0.0
CLI010204,0.0,9.0,0.0,8.0,0.0
CLI010205,8.0,8.0,0.0,0.0,0.0
CLI010206,8.5,8.0,0.0,0.0,9.0
CLI010207,6.0,0.0,0.0,0.0,8.0
CLI010208,0.0,8.0,9.0,0.0,0.0
CLI010209,0.0,0.0,8.0,0.0,0.0
CLI010210,0.0,0.0,8.0,7.0,7.0
CLI010211,8.0,9.0,8.0,0.0,0.0
CLI010212,0.0,8.0,0.0,0.0,8.0
CLI010213,0.0,0.0,0.0,10.0,7.0
CLI010214,8.0,7.5,8.0,9.0,0.0
CLI010215,7.0,7.0,9.5,0.0,0.0
CLI010216,9.0,0.0,0.0,7.0,0.0
CLI010217,0.0,9.0,8.0,0.0,0.0
CLI010218,0.0,0.0,0.0,8.0,9.0
CLI010219,0.0,9.0,0.0,0.0,0.0
CLI010220,0.0,0.0,0.0,8.0,0.0
CLI010222,0.0,8.0,0.0,8.0,0.0
CLI010223,8.0,0.0,9.0,0.0,0.0
CLI010224,6.0,0.0,9.0,0.0,0.0
CLI010226,0.0,9.0,0.0,8.0,0.0
CLI010227,0.0,7.0,0.0,8.5,0.0
CLI010228,0.0,9.0,0.0,8.5,8.666666666666666
CLI010229,6.0,0.0,0.0,8.0,10.0
CLI010230,9.0,0.0,0.0,8.0,6.0
CLI010231,0.0,8.0,0.0,0.0,0.0
CLI010232,0.0,8.0,9.0,0.0,8.0
CLI010233,0.0,0.0,7.0,0.0,9.0
CLI010234,7.0,8.0,0.0,8.0,9.0
CLI010235,0.0,7.0,0.0,8.0,9.0
CLI010236,7.5,0.0,0.0,0.0,0.0
CLI010237,0.0,8.0,0.0,0.0,0.0
CLI010238,0.0,0.0,7.0,0.0,0.0
CLI010239,9.0,0.0,0.0,0.0,8.5
CLI010240,0.0,0.0,0.0,0.0,8.25
CLI010241,0.0,7.0,0.0,9.0,7.0
CLI010242,8.0,7.0,0.0,8.0,7.0
CLI010243,8.0,0.0,8.0,0.0,8.5
CLI010244,7.0,0.0,8.0,6.5,8.0
CLI010245,0.0,7.666666666666667,0.0,0.0,8.0
CLI010248,0.0,9.0,0.0,8.5,7.0
CLI010249,6.0,7.0,0.0,0.0,0.0
CLI010250,8.0,0.0,0.0,8.0,0.0
CLI010251,0.0,0.0,0.0,0.0,8.5
CLI010254,7.0,7.0,0.0,7.0,0.0
CLI010255,0.0,8.0,0.0,9.0,0.0
CLI010256,0.0,0.0,7.0,8.0,7.0
CLI010257,0.0,0.0,0.0,0.0,10.0
CLI010259,0.0,0.0,7.0,0.0,0.0
CLI010260,9.0,0.0,0.0,8.0,0.0
CLI010262,0.0,0.0,10.0,0.0,0.0
CLI010263,0.0,7.0,0.0,0.0,0.0
CLI010264,0.0,0.0,8.0,0.0,0.0
CLI010265,9.0,0.0,0.0,0.0,10.0
CLI010266,8.0,10.0,0.0,8.0,8.0
CLI010267,9.0,0.0,9.0,0.0,0.0
CLI010268,8.0,0.0,0.0,0.0,7.0
CLI010269,0.0,0.0,0.0,0.0,8.0
CLI010270,10.0,9.0,0.0,8.0,0.0
CLI010271,9.0,0.0,0.0,6.0,0.0
CLI010272,0.0,8.0,9.0,0.0,0.0
CLI010273,9.0,8.0,0.0,0.0,9.0
CLI010274,8.0,7.0,0.0,0.0,0.0
CLI010275,7.0,0.0,0.0,8.0,0.0
CLI010276,0.0,7.0,0.0,8.0,0.0
CLI010277,9.0,0.0,7.5,6.0,0.0
CLI010278,0.0,0.0,9.0,0.0,0.0
CLI010279,0.0,8.0,0.0,0.0,9.0
CLI010280,0.0,0.0,0.0,0.0,7.666666666666667
CLI010281,0.0,0.0,0.0,0.0,8.0
CLI010282,7.333333333333333,0.0,0.0,0.0,7.0
CLI010284,0.0,0.0,7.5,0.0,10.0
CLI010285,0.0,7.0,9.0,0.0,0.0
CLI010286,0.0,8.5,7.0,9.0,8.5
CLI010287,9.0,0.0,0.0,8.0,8.0
CLI010289,0.0,0.0,8.0,8.0,10.0
CLI010290,7.5,0.0,8.0,8.0,7.0
CLI010291,9.0,0.0,9.0,8.0,8.0
CLI010292,9.0,9.5,6.0,7.0,0.0
CLI010293,8.666666666666666,0.0,0.0,0.0,0.0
CLI010294,9.0,0.0,0.0,7.0,0.0
CLI010296,0.0,0.0,0.0,9.0,0.0
CLI010297,0.0,0.0,0.0,8.0,0.0
CLI010299,0.0,0.0,8.0,0.0,0.0
CLI010301,0.0,0.0,8.0,0.0,0.0
CLI010302,0.0,9.0,9.0,0.0,0.0
CLI010303,0.0,7.0,6.0,9.0,9.0
CLI010304,0.0,8.25,0.0,0.0,0.0
CLI010305,8.0,9.0,9.5,7.5,7.0
CLI010306,0.0,0.0,8.0,9.0,0.0
CLI010307,0.0,10.0,8.0,0.0,0.0
CLI010308,0.0,9.0,0.0,7.666666666666667,0.0
CLI010309,8.5,0.0,0.0,0.0,7.0
CLI010310,0.0,0.0,0.0,0.0,9.0
CLI010311,8.0,0.0,0.0,0.0,9.0
CLI010312,0.0,8.0,0.0,0.0,9.0
CLI010314,0.0,7.0,0.0,0.0,0.0
CLI010315,0.0,8.666666666666666,0.0,0.0,8.5
CLI010316,0.0,0.0,9.0,0.0,0.0
CLI010317,0.0,9.0,0.0,0.0,8.0
CLI010318,7.0,0.0,0.0,0.0,0.0
CLI010319,0.0,0.0,7.0,0.0,8.5
CLI010320,9.0,0.0,0.0,8.0,8.5
CLI010321,0.0,7.5,0.0,8.0,0.0
CLI010322,0.0,7.0,0.0,0.0,7.0
CLI010323,0.0,0.0,9.0,0.0,9.0
CLI010324,0.0,8.0,0.0,8.0,8.0
CLI010325,0.0,9.0,7.5,8.0,0.0
CLI010326,9.0,9.0,0.0,0.0,0.0
CLI010327,0.0,8.0,0.0,0.0,7.5
CLI010329,0.0,10.0,0.0,0.0,0.0
CLI010330,0.0,0.0,0.0,9.0,0.0
CLI010331,0.0,0.0,8.0,0.0,0.0
CLI010333,0.0,0.0,0.0,0.0,8.5
CLI010334,0.0,0.0,0.0,8.0,7.0
CLI010335,0.0,8.0,8.0,10.0,0.0
CLI010336,9.0,0.0,8.0,0.0,9.0
CLI010338,8.0,9.0,0.0,8.0,8.0
CLI010339,0.0,0.0,8.0,0.0,10.0
CLI010340,0.0,10.0,8.0,0.0,9.0
CLI010341,0.0,8.0,0.0,9.0,8.0
CLI010342,9.0,0.0,7.5,0.0,9.0
CLI010343,0.0,0.0,0.0,6.0,0.0
CLI010344,7.0,9.0,8.5,0.0,7.0
CLI010345,9.0,8.0,8.0,9.0,9.0
CLI010346,0.0,0.0,0.0,0.0,9.0
CLI010347,7.0,0.0,0.0,8.0,8.0
CLI010348,0.0,7.0,0.0,8.0,0.0
CLI010349,8.0,7.0,9.0,0.0,8.0
CLI010350,10.0,9.0,0.0,0.0,0.0
CLI010351,0.0,0.0,9.0,9.0,8.0
CLI010352,8.0,0.0,8.0,8.0,0.0
CLI010353,9.0,0.0,0.0,8.0,8.0
CLI010354,7.0,9.0,8.0,9.0,0.0
CLI010355,0.0,0.0,7.0,0.0,0.0
CLI010356,0.0,9.0,0.0,6.0,7.0
CLI010357,9.0,0.0,7.0,0.0,0.0
CLI010359,0.0,7.5,0.0,8.5,0.0
CLI010360,9.0,0.0,8.0,0.0,9.0
CLI010361,8.5,0.0,8.0,7.0,8.0
CLI010362,0.0,9.0,0.0,7.0,0.0
CLI010363,0.0,6.0,0.0,0.0,0.0
CLI010364,0.0,0.0,8.0,8.0,0.0
CLI010365,0.0,8.5,10.0,0.0,0.0
CLI010366,0.0,0.0,7.5,7.0,0.0
CLI010367,0.0,0.0,0.0,9.0,0.0
CLI010368,0.0,8.0,0.0,7.25,6.0
CLI010369,0.0,0.0,8.0,8.0,0.0
CLI010370,0.0,0.0,0.0,7.0,0.0
CLI010371,0.0,9.0,0.0,0.0,0.0
CLI010372,7.0,0.0,8.0,0.0,0.0
CLI010373,0.0,8.0,0.0,8.0,0.0
CLI010374,0.0,7.0,9.0,8.0,0.0
CLI010375,7.0,0.0,8.0,0.0,0.0
CLI010377,7.0,0.0,0.0,8.0,0.0
CLI010378,8.0,8.0,0.0,0.0,8.0
CLI010379,0.0,0.0,0.0,0.0,7.0
CLI010380,0.0,0.0,8.0,0.0,8.0
CLI010381,0.0,8.0,7.0,0.0,0.0
CLI010382,9.0,0.0,7.5,0.0,9.0
CLI010383,7.0,0.0,8.0,0.0,9.0
CLI010384,8.0,0.0,0.0,9.0,0.0
CLI010385,9.0,7.0,0.0,0.0,0.0
CLI010386,0.0,8.0,0.0,0.0,7.0
CLI010387,8.0,0.0,9.0,0.0,0.0
CLI010388,0.0,0.0,8.0,0.0,8.0
CLI010389,0.0,0.0,0.0,0.0,7.0
CLI010391,0.0,0.0,8.0,7.0,0.0
CLI010392,0.0,0.0,0.0,9.0,7.0
CLI010393,8.0,0.0,0.0,0.0,0.0
CLI010394,8.0,0.0,0.0,0.0,7.0
CLI010395,0.0,0.0,0.0,10.0,8.5
CLI010396,8.0,0.0,8.0,0.0,0.0
CLI010397,0.0,9.0,0.0,0.0,0.0
CLI010398,0.0,9.0,0.0,7.0,7.0
CLI010400,0.0,0.0,9.0,0.0,0.0
CLI010403,9.0,0.0,0.0,0.0,0.0
CLI010404,0.0,7.666666666666667,0.0,8.0,10.0
CLI010405,9.0,0.0,0.0,7.0,0.0
CLI010406,10.0,0.0,8.0,0.0,0.0
CLI010407,8.0,9.0,0.0,9.0,0.0
CLI010408,8.0,0.0,0.0,8.0,8.0
CLI010409,8.0,0.0,7.0,8.0,0.0
CLI010410,8.0,0.0,0.0,9.0,9.0
CLI010412,0.0,0.0,8.0,0.0,9.0
CLI010413,0.0,0.0,8.5,9.0,0.0
CLI010414,0.0,9.0,8.5,0.0,10.0
CLI010415,8.0,0.0,8.0,0.0,0.0
CLI010416,0.0,0.0,0.0,9.0,0.0
CLI010417,0.0,0.0,0.0,0.0,9.0
CLI010418,8.0,0.0,0.0,8.5,0.0
CLI010419,0.0,9.0,10.0,7.5,0.0
CLI010420,10.0,7.5,0.0,0.0,8.666666666666666
CLI010421,8.0,8.0,0.0,0.0,0.0
CLI010422,9.0,0.0,8.0,0.0,0.0
CLI010423,8.0,0.0,0.0,0.0,0.0
CLI010424,0.0,0.0,0.0,8.0,0.0
CLI010425,8.5,0.0,7.0,8.0,0.0
CLI010426,9.0,0.0,7.0,9.0,0.0
CLI010427,7.5,0.0,0.0,0.0,0.0
CLI010428,8.5,0.0,0.0,9.0,0.0
CLI010429,0.0,0.0,0.0,9.0,7.0
CLI010430,0.0,8.0,0.0,0.0,7.5
CLI010431,8.0,8.0,0.0,0.0,8.0
CLI010432,0.0,7.0,0.0,0.0,0.0
CLI010433,8.5,0.0,7.5,0.0,0.0
CLI010434,0.0,8.0,9.0,0.0,0.0
CLI010437,7.0,8.0,0.0,8.0,8.0
CLI010438,8.0,9.0,0.0,6.5,8.0
CLI010439,8.0,9.0,9.0,0.0,9.0
CLI010440,0.0,0.0,0.0,7.0,9.0
CLI010441,0.0,8.0,8.0,0.0,0.0
CLI010442,0.0,0.0,9.0,0.0,0.0
CLI010443,0.0,7.5,0.0,0.0,0.0
CLI010444,0.0,10.0,0.0,0.0,8.0
CLI010446,9.0,8.333333333333334,9.0,0.0,9.0
CLI010447,0.0,8.0,0.0,0.0,8.0
CLI010448,0.0,0.0,8.5,0.0,9.0
CLI010449,0.0,0.0,8.0,9.0,0.0
CLI010450,0.0,0.0,10.0,9.0,0.0
CLI010451,0.0,0.0,0.0,0.0,8.5
CLI010452,8.0,0.0,8.0,0.0,10.0
CLI010453,7.0,8.5,0.0,8.0,0.0
CLI010454,0.0,0.0,0.0,8.0,0.0
CLI010456,0.0,0.0,0.0,6.0,0.0
CLI010458,0.0,7.0,0.0,7.0,0.0
CLI010459,8.0,0.0,0.0,9.0,0.0
CLI010460,9.0,0.0,9.0,0.0,0.0
CLI010461,8.5,0.0,0.0,0.0,0.0
CLI010462,0.0,0.0,0.0,0.0,8.5
CLI010463,0.0,0.0,8.0,8.0,0.0
CLI010464,0.0,7.0,9.0,0.0,8.0
CLI010465,9.5,10.0,8.0,7.0,7.0
CLI010466,0.0,0.0,0.0,0.0,8.0
CLI010467,0.0,7.0,0.0,0.0,0.0
CLI010468,8.666666666666666,9.0,7.0,0.0,7.0
CLI010469,9.0,0.0,8.0,0.0,0.0
CLI010471,7.0,0.0,6.0,0.0,10.0
CLI010472,0.0,9.0,0.0,8.0,8.0
CLI010473,0.0,0.0,7.0,0.0,0.0
CLI010474,0.0,0.0,0.0,8.0,9.0
CLI010475,8.0,0.0,9.0,0.0,0.0
CLI010476,0.0,0.0,8.0,0.0,0.0
CLI010477,0.0,0.0,6.0,7.0,0.0
CLI010478,0.0,0.0,7.0,0.0,0.0
CLI010479,0.0,0.0,7.0,0.0,0.0
CLI010481,8.0,0.0,0.0,8.0,0.0
CLI010482,0.0,0.0,7.0,8.0,8.5
CLI010483,0.0,0.0,8.0,7.0,9.0
CLI010484,8.0,0.0,8.0,9.0,0.0
CLI010485,0.0,8.0,0.0,0.0,0.0
CLI010486,0.0,9.0,0.0,0.0,0.0
CLI010487,7.0,7.0,8.0,0.0,0.0
CLI010488,0.0,8.0,0.0,0.0,0.0
CLI010489,0.0,0.0,9.0,9.0,0.0
CLI010490,0.0,0.0,9.0,0.0,8.0
CLI010491,0.0,7.0,0.0,0.0,7.0
CLI010492,9.0,0.0,0.0,0.0,0.0
CLI010493,0.0,0.0,9.0,7.0,7.0
CLI010494,0.0,0.0,0.0,8.0,0.0
CLI010495,0.0,8.0,0.0,9.0,0.0
CLI010496,0.0,9.0,0.0,0.0,8.0
CLI010497,0.0,9.0,0.0,8.0,0.0
CLI010498,0.0,0.0,6.0,0.0,0.0
CLI010499,0.0,8.0,0.0,0.0,9.0
CLI010501,7.0,9.0,0.0,0.0,0.0
CLI010503,0.0,0.0,9.0,0.0,0.0
CLI010504,0.0,7.0,0.0,0.0,0.0
CLI010505,7.0,0.0,0.0,0.0,0.0
CLI010506,8.0,7.0,8.0,0.0,8.0
CLI010507,0.0,0.0,0.0,0.0,8.0
CLI010508,8.0,6.0,0.0,8.5,0.0
CLI010509,0.0,0.0,0.0,8.0,8.0
CLI010510,0.0,0.0,7.0,0.0,0.0
CLI010512,10.0,0.0,0.0,0.0,9.0
CLI010513,6.0,8.0,0.0,0.0,0.0
CLI010514,9.0,0.0,0.0,0.0,0.0
CLI010515,8.0,0.0,0.0,9.0,0.0
CLI010516,6.0,8.0,8.5,8.5,9.0
CLI010517,8.0,0.0,0.0,8.0,0.0
CLI010518,0.0,0.0,7.0,0.0,0.0
CLI010519,0.0,0.0,6.0,0.0,0.0
CLI010520,0.0,0.0,8.0,9.0,0.0
CLI010521,0.0,8.0,0.0,0.0,0.0
CLI010522,0.0,0.0,0.0,0.0,8.0
CLI010523,7.5,8.0,7.0,0.0,8.0
CLI010524,7.0,0.0,9.5,8.0,0.0
CLI010526,0.0,9.0,0.0,0.0,8.0
CLI010527,0.0,7.0,8.0,9.0,0.0
CLI010528,10.0,8.0,9.0,0.0,9.0
CLI010529,8.0,9.0,9.0,0.0,0.0
CLI010530,0.0,0.0,8.0,7.0,8.5
CLI010531,0.0,7.333333333333333,0.0,0.0,8.0
CLI010532,0.0,0.0,8.0,0.0,0.0
CLI010533,0.0,0.0,8.0,0.0,9.0
CLI010534,8.0,0.0,0.0,0.0,0.0
CLI010535,8.0,0.0,8.0,0.0,10.0
CLI010536,8.0,0.0,0.0,8.0,6.0
CLI010537,0.0,9.0,0.0,8.0,0.0
CLI010538,8.0,0.0,0.0,8.0,8.0
CLI010539,7.666666666666667,7.0,0.0,7.0,8.5
CLI010540,0.0,8.0,8.0,0.0,0.0
CLI010541,10.0,0.0,8.0,0.0,0.0
CLI010542,9.0,0.0,9.0,0.0,0.0
CLI010543,0.0,0.0,9.0,0.0,0.0
CLI010544,8.0,10.0,8.0,0.0,0.0
CLI010545,0.0,0.0,7.5,9.0,0.0
CLI010546,0.0,0.0,0.0,0.0,7.0
CLI010547,8.0,0.0,0.0,9.0,7.0
CLI010548,0.0,0.0,8.0,9.0,7.5
CLI010549,9.0,0.0,0.0,9.0,0.0
CLI010550,0.0,0.0,8.5,8.0,0.0
CLI010551,0.0,0.0,8.0,8.0,0.0
CLI010552,8.5,0.0,0.0,0.0,0.0
CLI010553,8.0,0.0,9.0,0.0,0.0
CLI010555,0.0,9.0,8.0,0.0,9.0
CLI010556,0.0,0.0,0.0,8.5,8.0
CLI010557,0.0,0.0,0.0,0.0,6.0
CLI010558,9.0,6.0,0.0,9.0,7.5
CLI010559,8.0,8.0,0.0,0.0,7.0
CLI010561,0.0,10.0,8.0,0.0,9.0
CLI010562,0.0,0.0,0.0,8.0,0.0
CLI010563,8.0,9.0,0.0,0.0,8.5
CLI010564,0.0,9.0,0.0,0.0,0.0
CLI010565,0.0,7.0,0.0,0.0,0.0
CLI010566,0.0,0.0,6.5,0.0,9.0
CLI010567,0.0,0.0,0.0,0.0,8.5
CLI010568,0.0,8.5,0.0,0.0,0.0
CLI010569,0.0,8.0,8.0,0.0,8.0
CLI010570,0.0,0.0,8.0,9.0,0.0
CLI010571,0.0,8.0,0.0,8.5,0.0
CLI010572,8.0,0.0,0.0,0.0,0.0
CLI010573,0.0,0.0,9.0,9.0,0.0
CLI010574,0.0,0.0,8.0,0.0,0.0
CLI010575,8.5,0.0,0.0,0.0,9.0
CLI010576,9.0,0.0,8.0,0.0,7.0
CLI010577,0.0,0.0,0.0,0.0,8.0
CLI010578,8.0,0.0,0.0,0.0,0.0
CLI010579,8.0,0.0,9.0,0.0,0.0
CLI010580,7.0,7.0,9.0,7.0,8.5
CLI010581,9.0,6.0,7.0,0.0,0.0
CLI010582,0.0,7.0,9.0,8.0,8.0
CLI010583,0.0,0.0,6.0,8.0,6.0
CLI010584,9.0,0.0,0.0,8.0,7.0
CLI010585,10.0,0.0,0.0,0.0,0.0
CLI010586,9.0,10.0,0.0,7.5,8.0
CLI010587,0.0,9.0,0.0,0.0,8.0
CLI010588,0.0,7.0,8.0,9.0,10.0
CLI010590,0.0,0.0,7.5,8.0,0.0
CLI010591,7.0,0.0,0.0,7.5,0.0
CLI010592,6.0,0.0,0.0,0.0,0.0
CLI010595,7.0,0.0,0.0,8.0,0.0
CLI010596,0.0,8.0,0.0,0.0,8.0
CLI010597,0.0,0.0,0.0,8.0,0.0
CLI010598,0.0,0.0,0.0,0.0,9.0
CLI010599,0.0,0.0,0.0,8.75,0.0
CLI010600,0.0,0.0,0.0,8.5,0.0
CLI010601,0.0,0.0,0.0,0.0,8.0
CLI010602,0.0,0.0,8.0,0.0,7.0
CLI010603,9.0,8.0,0.0,8.0,0.0
CLI010604,7.0,0.0,0.0,0.0,0.0
CLI010605,0.0,0.0,0.0,0.0,9.0
CLI010606,7.5,7.0,0.0,0.0,0.0
CLI010608,0.0,0.0,0.0,7.0,9.0
CLI010609,8.0,6.0,0.0,7.0,0.0
CLI010610,0.0,9.0,0.0,0.0,9.0
CLI010611,0.0,10.0,8.0,0.0,0.0
CLI010612,0.0,7.0,0.0,8.5,0.0
CLI010613,0.0,0.0,0.0,0.0,9.0
CLI010614,0.0,8.5,0.0,0.0,0.0
CLI010615,0.0,0.0,6.0,8.0,8.5
CLI010616,0.0,9.0,0.0,0.0,8.0
CLI010617,7.0,0.0,9.0,9.0,0.0
CLI010618,0.0,9.0,0.0,6.0,0.0
CLI010619,9.0,0.0,0.0,8.0,8.0
CLI010620,0.0,9.0,0.0,0.0,0.0
CLI010621,8.0,0.0,10.0,0.0,0.0
CLI010622,0.0,0.0,9.0,9.0,7.0
CLI010623,9.0,7.0,0.0,0.0,0.0
CLI010624,8.0,8.0,0.0,10.0,10.0
CLI010626,6.0,0.0,0.0,0.0,0.0
CLI010627,8.0,0.0,9.0,0.0,0.0
CLI010628,0.0,7.0,0.0,0.0,0.0
CLI010629,0.0,0.0,0.0,8.0,7.0
CLI010631,9.0,0.0,0.0,0.0,0.0
CLI010632,0.0,0.0,6.0,0.0,7.0
CLI010633,8.0,8.0,7.0,0.0,8.0
CLI010635,8.0,0.0,8.333333333333334,0.0,0.0
CLI010637,0.0,8.0,0.0,7.0,0.0
CLI010638,0.0,0.0,0.0,0.0,9.0
CLI010639,0.0,0.0,8.0,7.0,0.0
CLI010640,8.0,8.0,0.0,0.0,6.0
CLI010641,0.0,7.0,0.0,7.0,8.0
CLI010642,0.0,0.0,0.0,0.0,9.0
CLI010643,0.0,7.0,9.0,0.0,9.0
CLI010644,0.0,8.0,8.0,0.0,8.0
CLI010645,7.0,0.0,7.666666666666667,0.0,8.0
CLI010646,0.0,8.0,0.0,0.0,0.0
CLI010647,0.0,8.0,0.0,0.0,8.0
CLI010648,0.0,9.0,0.0,0.0,9.0
CLI010649,8.666666666666666,0.0,10.0,0.0,8.0
CLI010650,0.0,8.0,0.0,0.0,0.0
CLI010651,7.0,0.0,0.0,0.0,0.0
CLI010652,0.0,0.0,0.0,9.0,8.0
CLI010654,0.0,7.0,0.0,0.0,0.0
CLI010655,0.0,0.0,0.0,0.0,9.5
CLI010656,0.0,0.0,0.0,0.0,6.0
CLI010657,0.0,8.0,9.0,0.0,0.0
CLI010658,7.0,0.0,0.0,0.0,0.0
CLI010659,0.0,0.0,9.0,0.0,0.0
CLI010661,7.0,7.0,6.0,8.0,0.0
CLI010662,0.0,9.0,9.0,7.0,9.0
CLI010663,0.0,0.0,9.0,0.0,9.0
CLI010664,0.0,0.0,0.0,8.0,0.0
CLI010665,7.5,0.0,7.0,8.0,0.0
CLI010666,0.0,0.0,8.0,9.0,0.0
CLI010667,0.0,0.0,8.0,0.0,0.0
CLI010668,0.0,0.0,8.0,7.0,0.0
CLI010670,0.0,0.0,8.0,7.5,7.0
CLI010671,0.0,0.0,0.0,9.0,8.0
CLI010672,0.0,0.0,0.0,10.0,0.0
CLI010673,0.0,0.0,0.0,8.0,0.0
CLI010674,8.0,0.0,0.0,0.0,8.5
CLI010675,0.0,7.0,0.0,9.0,0.0
CLI010676,9.0,7.0,0.0,9.5,0.0
CLI010677,0.0,7.5,0.0,0.0,8.666666666666666
CLI010679,0.0,9.0,0.0,0.0,0.0
CLI010680,7.0,0.0,0.0,10.0,9.0
CLI010681,0.0,0.0,0.0,0.0,6.0
CLI010682,0.0,0.0,0.0,8.5,8.0
CLI010683,7.0,0.0,0.0,0.0,0.0
CLI010684,8.0,0.0,10.0,10.0,0.0
CLI010685,0.0,0.0,0.0,6.0,8.0
CLI010687,0.0,9.0,0.0,9.0,6.0
CLI010688,0.0,10.0,0.0,9.0,0.0
CLI010689,0.0,8.0,0.0,8.0,9.0
CLI010690,8.0,9.0,0.0,0.0,7.0
CLI010691,0.0,0.0,8.0,0.0,8.0
CLI010692,8.0,0.0,0.0,0.0,0.0
CLI010693,0.0,0.0,7.0,0.0,0.0
CLI010694,8.333333333333334,0.0,6.0,9.0,9.0
CLI010695,7.5,0.0,9.0,6.0,0.0
CLI010696,0.0,0.0,7.5,8.0,0.0
CLI010698,0.0,0.0,0.0,0.0,7.5
CLI010699,0.0,8.2,0.0,8.5,7.5
CLI010700,7.0,0.0,0.0,0.0,0.0
CLI010701,8.5,0.0,8.0,0.0,0.0
CLI010702,0.0,0.0,0.0,0.0,10.0
CLI010703,7.0,8.0,7.5,0.0,8.0
CLI010704,0.0,7.0,8.0,0.0,9.0
CLI010705,0.0,8.0,8.0,0.0,0.0
CLI010706,7.0,0.0,0.0,9.0,8.0
CLI010707,0.0,0.0,6.0,0.0,0.0
CLI010708,0.0,8.0,8.5,9.0,0.0
CLI010709,0.0,0.0,8.0,0.0,0.0
CLI010710,0.0,0.0,0.0,8.0,0.0
CLI010711,8.0,8.0,8.0,0.0,8.0
CLI010712,0.0,0.0,0.0,0.0,8.0
CLI010714,9.0,0.0,8.0,0.0,0.0
CLI010715,0.0,0.0,0.0,8.0,0.0
CLI010716,0.0,9.0,0.0,8.0,8.0
CLI010717,0.0,0.0,9.0,0.0,0.0
CLI010718,0.0,7.0,0.0,0.0,8.0
CLI010719,0.0,9.0,0.0,0.0,0.0
CLI010720,0.0,7.0,9.0,0.0,0.0
CLI010721,0.0,0.0,0.0,6.0,8.0
CLI010722,8.0,8.0,0.0,8.0,0.0
CLI010723,0.0,9.0,8.0,0.0,9.0
CLI010724,0.0,8.0,0.0,0.0,7.0
CLI010725,9.0,0.0,0.0,0.0,0.0
CLI010727,8.5,0.0,0.0,0.0,10.0
CLI010728,7.0,0.0,8.5,0.0,0.0
CLI010729,0.0,0.0,0.0,8.0,0.0
CLI010730,9.5,0.0,0.0,7.0,7.0
CLI010731,8.0,0.0,0.0,9.0,0.0
CLI010733,9.0,0.0,0.0,0.0,10.0
CLI010734,0.0,0.0,8.0,0.0,0.0
CLI010735,9.0,0.0,10.0,0.0,0.0
CLI010736,0.0,8.0,8.0,0.0,0.0
CLI010737,0.0,7.0,0.0,0.0,0.0
CLI010738,8.0,0.0,7.0,0.0,0.0
CLI010739,9.0,0.0,8.0,0.0,8.0
CLI010740,0.0,0.0,8.5,0.0,9.0
CLI010741,7.0,9.0,0.0,0.0,9.0
CLI010742,0.0,0.0,8.0,8.0,7.0
CLI010743,8.0,0.0,0.0,0.0,7.0
CLI010744,7.0,0.0,0.0,8.0,0.0
CLI010745,0.0,9.0,0.0,0.0,0.0
CLI010746,8.5,0.0,0.0,0.0,0.0
CLI010747,9.0,0.0,0.0,9.0,8.0
CLI010748,0.0,0.0,8.0,0.0,7.0
CLI010749,0.0,0.0,8.0,0.0,0.0
CLI010750,0.0,0.0,0.0,0.0,7.0
CLI010751,0.0,0.0,0.0,7.0,0.0
CLI010753,0.0,9.0,0.0,0.0,0.0
CLI010754,0.0,0.0,0.0,0.0,7.0
CLI010755,9.0,0.0,0.0,0.0,9.0
CLI010758,0.0,0.0,8.0,7.0,8.0
CLI010759,0.0,0.0,0.0,8.0,0.0
CLI010760,7.0,0.0,9.0,9.0,0.0
CLI010761,0.0,7.0,8.0,8.0,0.0
CLI010762,9.0,0.0,8.0,0.0,0.0
CLI010763,8.0,8.0,0.0,0.0,8.0
CLI010764,0.0,8.0,0.0,6.0,0.0
CLI010765,0.0,7.0,9.0,0.0,0.0
CLI010766,0.0,8.0,0.0,0.0,7.0
CLI010767,8.0,0.0,0.0,0.0,0.0
CLI010768,0.0,8.0,9.0,7.0,8.5
CLI010769,7.0,0.0,0.0,0.0,7.5
CLI010770,8.0,0.0,0.0,0.0,0.0
CLI010771,0.0,0.0,0.0,0.0,9.0
CLI010772,9.0,0.0,8.0,0.0,10.0
CLI010773,7.0,9.0,8.0,10.0,0.0
CLI010774,0.0,0.0,0.0,10.0,0.0
CLI010775,9.0,8.0,0.0,0.0,8.0
CLI010776,0.0,9.0,0.0,8.0,7.0
CLI010777,0.0,7.0,0.0,9.0,8.0
CLI010778,0.0,0.0,8.0,8.0,0.0
CLI010779,7.0,8.0,0.0,0.0,8.0
CLI010780,9.0,0.0,0.0,8.5,0.0
CLI010781,9.0,0.0,7.0,9.0,9.0
CLI010783,8.333333333333334,0.0,0.0,0.0,0.0
CLI010784,7.0,0.0,8.0,7.0,0.0
CLI010785,0.0,8.333333333333334,9.0,0.0,0.0
CLI010786,0.0,9.0,0.0,8.0,0.0
CLI010787,0.0,0.0,7.5,0.0,7.0
CLI010788,0.0,0.0,0.0,0.0,8.0
CLI010789,8.0,8.333333333333334,8.0,0.0,0.0
CLI010790,0.0,8.0,0.0,0.0,0.0
CLI010791,9.0,0.0,0.0,0.0,9.0
CLI010792,6.0,7.0,0.0,0.0,9.0
CLI010793,8.0,0.0,7.0,9.0,7.0
CLI010794,0.0,0.0,9.0,0.0,9.0
CLI010795,0.0,0.0,0.0,0.0,8.0
CLI010796,0.0,0.0,8.0,0.0,0.0
CLI010797,0.0,9.0,0.0,0.0,0.0
CLI010798,0.0,7.0,7.0,9.0,0.0
CLI010799,7.0,0.0,0.0,0.0,8.0
CLI010800,0.0,8.0,7.0,8.0,10.0
CLI010801,0.0,0.0,7.666666666666667,0.0,0.0
CLI010802,8.0,7.0,7.0,0.0,8.0
CLI010804,0.0,10.0,0.0,8.0,8.0
CLI010806,9.0,8.0,7.0,8.0,7.0
CLI010808,0.0,8.0,0.0,6.0,0.0
CLI010809,9.0,0.0,10.0,8.333333333333334,0.0
CLI010810,0.0,0.0,0.0,0.0,6.0
CLI010811,7.5,8.0,9.0,8.0,8.0
CLI010812,0.0,8.5,0.0,0.0,0.0
CLI010813,0.0,8.0,0.0,7.0,7.0
CLI010814,10.0,0.0,8.0,0.0,0.0
CLI010815,10.0,0.0,9.0,0.0,9.0
CLI010816,0.0,0.0,0.0,9.0,0.0
CLI010817,8.0,0.0,7.5,0.0,8.0
CLI010818,0.0,7.0,0.0,0.0,9.0
CLI010819,0.0,9.0,0.0,10.0,0.0
CLI010820,6.0,0.0,8.0,6.5,0.0
CLI010821,7.0,0.0,0.0,0.0,0.0
CLI010822,6.0,0.0,0.0,0.0,0.0
CLI010823,9.0,7.0,0.0,0.0,10.0
CLI010824,8.0,0.0,8.5,0.0,10.0
CLI010825,0.0,0.0,9.0,0.0,0.0
CLI010826,0.0,0.0,8.0,0.0,0.0
CLI010827,0.0,8.0,0.0,10.0,8.0
CLI010828,0.0,9.0,0.0,0.0,0.0
CLI010829,0.0,8.0,0.0,0.0,9.0
CLI010830,7.5,7.0,0.0,0.0,7.0
CLI010831,8.333333333333334,9.0,0.0,6.0,7.5
CLI010832,0.0,0.0,0.0,0.0,9.0
CLI010833,0.0,7.0,0.0,7.0,9.0
CLI010834,0.0,0.0,8.0,0.0,9.0
CLI010835,0.0,0.0,0.0,0.0,7.0
CLI010836,0.0,7.0,0.0,0.0,0.0
CLI010837,7.5,0.0,0.0,0.0,0.0
CLI010838,0.0,8.0,0.0,8.0,0.0
CLI010839,0.0,7.0,8.333333333333334,0.0,0.0
CLI010840,0.0,0.0,0.0,0.0,7.0
CLI010842,8.0,7.0,9.0,0.0,7.0
CLI010843,0.0,9.0,0.0,9.0,0.0
CLI010844,8.0,0.0,0.0,0.0,0.0
CLI010845,8.0,0.0,0.0,0.0,6.5
CLI010847,0.0,0.0,7.0,7.0,8.0
CLI010848,0.0,8.0,0.0,0.0,0.0
CLI010850,0.0,8.5,0.0,0.0,7.0
CLI010851,7.0,0.0,8.0,0.0,0.0
CLI010852,8.0,0.0,7.0,0.0,7.0
CLI010853,8.0,0.0,9.0,0.0,7.5
CLI010854,0.0,0.0,0.0,0.0,10.0
CLI010855,0.0,0.0,8.0,0.0,0.0
CLI010856,8.0,8.0,9.0,0.0,0.0
CLI010857,0.0,0.0,0.0,0.0,7.0
CLI010858,0.0,6.0,0.0,8.0,9.0
CLI010859,9.0,9.0,0.0,9.0,8.0
CLI010860,0.0,7.0,7.0,7.0,8.0
CLI010861,9.0,9.0,0.0,0.0,0.0
CLI010862,0.0,7.0,0.0,7.5,0.0
CLI010863,0.0,8.0,0.0,0.0,7.0
CLI010864,0.0,9.0,0.0,0.0,0.0
CLI010866,0.0,0.0,8.0,0.0,0.0
CLI010867,0.0,0.0,6.0,0.0,0.0
CLI010868,8.0,8.0,0.0,0.0,0.0
CLI010869,0.0,8.0,0.0,7.0,7.0
CLI010870,0.0,8.0,8.0,0.0,0.0
CLI010872,7.0,0.0,8.0,9.0,9.0
CLI010873,8.0,8.0,0.0,0.0,0.0
CLI010874,0.0,0.0,0.0,0.0,9.0
CLI010875,0.0,8.0,7.0,0.0,7.5
CLI010876,0.0,0.0,8.0,0.0,0.0
CLI010877,8.0,0.0,0.0,7.0,0.0
CLI010878,7.0,0.0,0.0,0.0,0.0
CLI010879,0.0,7.0,7.0,0.0,8.0
CLI010881,9.0,0.0,7.0,0.0,9.0
CLI010882,0.0,0.0,0.0,9.0,0.0
CLI010884,9.0,8.0,0.0,0.0,7.0
CLI010887,8.0,8.0,7.5,0.0,0.0
CLI010888,8.0,0.0,9.0,10.0,0.0
CLI010890,0.0,0.0,9.0,7.0,8.0
CLI010891,0.0,0.0,8.0,9.0,8.5
CLI010892,7.0,0.0,0.0,0.0,0.0
CLI010893,0.0,0.0,0.0,0.0,9.0
CLI010894,7.0,0.0,8.0,8.0,9.0
CLI010895,0.0,10.0,0.0,0.0,0.0
CLI010896,0.0,0.0,0.0,7.0,8.0
CLI010897,6.0,9.0,0.0,0.0,0.0
CLI010898,0.0,7.0,8.0,0.0,8.0
CLI010899,7.0,9.0,9.0,0.0,8.0
CLI010900,10.0,0.0,0.0,0.0,0.0
CLI010901,0.0,8.0,0.0,8.0,8.0
CLI010902,0.0,0.0,0.0,8.0,8.0
CLI010903,7.0,0.0,0.0,0.0,0.0
CLI010904,0.0,0.0,10.0,0.0,8.0
CLI010905,10.0,9.0,7.0,0.0,7.0
CLI010906,0.0,0.0,0.0,0.0,8.0
CLI010907,8.0,8.0,0.0,0.0,0.0
CLI010908,0.0,0.0,8.0,0.0,0.0
CLI010909,0.0,0.0,0.0,0.0,7.0
CLI010910,0.0,0.0,0.0,0.0,6.0
CLI010911,0.0,0.0,7.0,7.0,8.0
CLI010912,8.0,8.0,0.0,0.0,0.0
CLI010914,0.0,0.0,7.333333333333333,0.0,0.0
CLI010916,9.0,8.0,0.0,0.0,8.0
CLI010917,0.0,0.0,0.0,0.0,8.0
CLI010918,8.0,9.0,0.0,0.0,8.0
CLI010919,0.0,0.0,0.0,9.0,0.0
CLI010920,0.0,0.0,7.0,8.0,0.0
CLI010921,0.0,0.0,0.0,0.0,7.0
CLI010922,0.0,0.0,8.0,0.0,0.0
CLI010923,8.0,9.0,0.0,8.0,0.0
CLI010924,0.0,9.0,0.0,0.0,0.0
CLI010925,6.5,7.0,0.0,7.0,0.0
CLI010926,9.0,0.0,8.0,0.0,0.0
CLI010927,0.0,7.0,0.0,0.0,0.0
CLI010928,10.0,0.0,0.0,0.0,7.5
CLI010929,0.0,0.0,0.0,7.0,0.0
CLI010931,0.0,0.0,0.0,7.0,0.0
CLI010932,10.0,10.0,0.0,0.0,9.0
CLI010933,0.0,8.0,0.0,0.0,0.0
CLI010934,0.0,0.0,0.0,0.0,8.0
CLI010935,7.0,0.0,0.0,0.0,8.0
CLI010936,7.0,0.0,0.0,7.0,0.0
CLI010937,9.0,8.0,8.0,9.0,0.0
CLI010938,8.0,9.0,0.0,9.0,8.0
CLI010939,0.0,7.0,0.0,8.0,0.0
CLI010940,8.5,0.0,0.0,0.0,0.0
CLI010941,7.0,0.0,7.0,0.0,0.0
CLI010942,0.0,8.0,8.5,0.0,0.0
CLI010943,0.0,7.0,0.0,8.0,9.0
CLI010944,0.0,0.0,0.0,9.0,0.0
CLI010945,0.0,0.0,0.0,8.5,9.0
CLI010946,0.0,7.0,0.0,0.0,7.0
CLI010947,0.0,8.0,0.0,8.0,6.0
CLI010948,8.0,0.0,8.0,0.0,0.0
CLI010949,0.0,0.0,9.0,0.0,0.0
CLI010950,8.0,8.0,0.0,7.0,6.75
CLI010951,8.0,0.0,9.0,0.0,8.5
CLI010952,0.0,7.0,8.0,8.666666666666666,0.0
CLI010953,0.0,0.0,8.0,0.0,0.0
CLI010954,0.0,0.0,0.0,7.0,9.0
CLI010955,9.0,7.0,0.0,0.0,0.0
CLI010956,0.0,8.0,9.0,9.0,6.0
CLI010957,0.0,0.0,0.0,8.0,0.0
CLI010958,0.0,8.0,0.0,0.0,0.0
CLI010961,0.0,8.0,8.5,7.0,0.0
CLI010962,6.0,0.0,0.0,7.5,8.0
CLI010964,0.0,8.0,0.0,0.0,9.0
CLI010965,0.0,0.0,8.0,0.0,8.0
CLI010967,0.0,0.0,8.0,8.0,0.0
CLI010968,0.0,9.5,8.0,8.0,0.0
CLI010969,0.0,0.0,0.0,7.0,0.0
CLI010970,8.0,9.0,0.0,0.0,0.0
CLI010971,0.0,7.0,0.0,9.0,0.0
CLI010972,0.0,0.0,9.0,0.0,7.0
CLI010973,0.0,0.0,0.0,0.0,9.0
CLI010974,0.0,7.0,9.5,7.0,7.0
CLI010976,6.0,0.0,7.0,0.0,0.0
CLI010977,9.0,0.0,0.0,8.5,9.0
CLI010978,0.0,0.0,7.0,0.0,0.0
CLI010979,9.0,0.0,9.0,0.0,0.0
CLI010980,0.0,0.0,0.0,0.0,8.0
CLI010981,7.0,9.0,8.0,0.0,0.0
CLI010982,8.0,0.0,7.0,7.0,8.0
CLI010983,8.0,0.0,0.0,0.0,9.0
CLI010985,0.0,9.0,0.0,0.0,0.0
CLI010986,0.0,0.0,7.5,0.0,7.0
CLI010987,7.5,0.0,8.0,0.0,0.0
CLI010988,9.0,0.0,8.0,0.0,0.0
CLI010989,0.0,8.0,8.0,0.0,0.0
CLI010990,0.0,7.0,0.0,0.0,0.0
CLI010992,8.0,0.0,0.0,8.0,0.0
CLI010993,0.0,0.0,9.0,0.0,9.0
CLI010994,0.0,0.0,7.0,9.0,0.0
CLI010996,0.0,8.0,8.0,8.0,0.0
CLI010997,0.0,8.0,0.0,0.0,9.0
CLI010998,0.0,0.0,10.0,9.5,9.5
CLI010999,8.0,0.0,0.0,0.0,8.0
CLI011000,9.0,0.0,9.0,8.0,0.0
CLI011001,0.0,7.5,0.0,0.0,7.5
CLI011002,0.0,0.0,0.0,0.0,8.0
CLI011003,8.0,0.0,0.0,0.0,8.0
CLI011004,0.0,8.5,7.333333333333333,8.0,0.0
CLI011005,9.0,0.0,0.0,0.0,0.0
CLI011007,8.0,8.0,8.0,8.0,0.0
CLI011008,0.0,0.0,0.0,0.0,9.0
CLI011009,7.0,8.0,0.0,0.0,0.0
CLI011010,0.0,8.0,0.0,0.0,8.0
CLI011011,0.0,0.0,0.0,7.0,0.0
CLI011013,8.0,8.0,8.0,7.0,8.0
CLI011014,9.0,8.0,8.0,7.0,0.0
CLI011015,0.0,0.0,8.0,0.0,0.0
CLI011016,0.0,0.0,0.0,8.0,8.0
CLI011017,8.0,0.0,0.0,0.0,0.0
CLI011018,8.0,0.0,7.0,0.0,7.0
CLI011019,0.0,0.0,9.0,7.0,0.0
CLI011020,0.0,0.0,0.0,8.5,0.0
CLI011021,0.0,0.0,0.0,9.0,0.0
CLI011022,0.0,0.0,8.5,9.0,7.0
CLI011024,0.0,0.0,0.0,6.0,0.0
CLI011025,0.0,0.0,7.0,0.0,0.0
CLI011026,0.0,0.0,8.5,0.0,0.0
CLI011027,7.0,0.0,0.0,8.0,0.0
CLI011028,8.0,8.0,0.0,0.0,7.5
CLI011029,0.0,0.0,0.0,0.0,9.0
CLI011030,8.0,0.0,9.0,0.0,0.0
CLI011031,7.0,0.0,0.0,0.0,0.0
CLI011032,8.0,6.0,0.0,9.0,7.0
CLI011033,0.0,0.0,0.0,7.0,0.0
CLI011034,8.0,8.0,7.0,7.0,0.0
CLI011036,0.0,0.0,0.0,9.0,0.0
CLI011037,0.0,9.5,0.0,0.0,0.0
CLI011038,0.0,7.0,8.0,8.0,0.0
CLI011039,0.0,0.0,0.0,0.0,10.0
CLI011040,0.0,0.0,0.0,0.0,9.0
CLI011041,8.0,0.0,6.0,0.0,0.0
CLI011042,6.0,0.0,7.0,0.0,0.0
CLI011043,10.0,10.0,8.0,0.0,0.0
CLI011044,0.0,8.0,0.0,0.0,0.0
CLI011045,9.0,0.0,8.0,0.0,7.0
CLI011046,7.0,0.0,0.0,0.0,0.0
CLI011047,0.0,7.0,0.0,0.0,0.0
CLI011048,0.0,0.0,7.0,0.0,7.5
CLI011049,8.0,0.0,0.0,7.0,0.0
CLI011050,8.0,0.0,0.0,0.0,0.0
CLI011051,9.0,0.0,7.0,0.0,0.0
CLI011052,8.0,0.0,0.0,0.0,7.0
CLI011053,0.0,0.0,8.0,10.0,7.0
CLI011054,0.0,0.0,7.0,0.0,0.0
CLI011055,8.0,0.0,7.0,0.0,8.0
CLI011056,0.0,8.666666666666666,0.0,7.5,0.0
CLI011057,0.0,8.5,0.0,8.0,0.0
CLI011058,7.0,8.0,0.0,7.0,0.0
CLI011059,0.0,8.5,0.0,0.0,8.0
CLI011060,0.0,8.0,8.0,0.0,7.0
CLI011061,0.0,8.0,10.0,8.5,0.0
CLI011062,0.0,0.0,0.0,7.0,9.0
CLI011063,0.0,0.0,7.0,9.0,0.0
CLI011064,0.0,0.0,0.0,9.5,8.0
CLI011065,8.0,7.0,0.0,0.0,0.0
CLI011066,9.0,0.0,0.0,8.0,7.5
CLI011067,0.0,7.0,0.0,8.0,0.0
CLI011069,0.0,9.0,0.0,0.0,0.0
CLI011070,0.0,0.0,0.0,8.333333333333334,8.0
CLI011072,8.0,0.0,0.0,8.0,9.0
CLI011076,0.0,0.0,7.0,8.0,0.0
CLI011077,7.0,0.0,0.0,0.0,0.0
CLI011078,0.0,9.0,0.0,0.0,0.0
CLI011079,0.0,8.0,0.0,7.0,0.0
CLI011080,0.0,8.0,0.0,9.0,0.0
CLI011081,8.5,0.0,9.0,0.0,0.0
CLI011082,8.0,0.0,8.0,7.333333333333333,0.0
CLI011083,9.0,0.0,0.0,10.0,0.0
CLI011084,8.0,0.0,8.0,0.0,0.0
CLI011085,10.0,0.0,0.0,0.0,7.0
CLI011086,0.0,8.333333333333334,0.0,8.0,8.0
CLI011088,8.0,0.0,0.0,9.0,9.0
CLI011089,0.0,9.0,0.0,0.0,0.0
CLI011090,0.0,0.0,8.0,0.0,9.0
CLI011091,0.0,0.0,8.0,0.0,9.0
CLI011092,9.0,8.333333333333334,7.0,6.0,8.0
CLI011093,9.0,0.0,0.0,6.5,0.0
CLI011094,0.0,0.0,8.0,0.0,0.0
CLI011098,8.5,9.0,0.0,8.0,8.0
CLI011099,0.0,7.0,0.0,0.0,0.0
CLI011100,8.0,7.0,8.0,8.0,8.0
CLI011101,0.0,0.0,9.0,0.0,0.0
CLI011102,7.5,0.0,0.0,0.0,10.0
CLI011103,8.0,0.0,0.0,9.0,0.0
CLI011104,0.0,8.5,0.0,7.0,9.5
CLI011106,0.0,7.0,8.0,7.0,0.0
CLI011107,0.0,9.0,0.0,8.5,0.0
CLI011108,9.0,0.0,0.0,0.0,8.0
CLI011110,9.0,0.0,0.0,0.0,0.0
CLI011111,0.0,8.0,0.0,0.0,0.0
CLI011112,0.0,0.0,7.0,0.0,0.0
CLI011113,0.0,0.0,7.0,0.0,0.0
CLI011114,0.0,0.0,0.0,0.0,9.0
CLI011115,0.0,0.0,9.0,0.0,7.0
CLI011116,6.0,0.0,0.0,7.0,9.0
CLI011117,0.0,7.0,0.0,0.0,0.0
CLI011118,0.0,0.0,0.0,0.0,8.0
CLI011119,0.0,0.0,7.0,0.0,0.0
CLI011121,0.0,9.0,8.0,8.0,8.0
CLI011122,0.0,8.0,6.0,0.0,10.0
CLI011123,8.0,0.0,8.0,9.0,0.0
CLI011124,0.0,0.0,0.0,8.0,0.0
CLI011125,0.0,9.0,0.0,0.0,0.0
CLI011126,7.0,7.0,0.0,0.0,0.0
CLI011127,7.0,0.0,0.0,0.0,0.0
CLI011130,8.5,0.0,9.0,0.0,0.0
CLI011131,0.0,0.0,8.0,0.0,7.0
CLI011132,7.0,8.0,9.0,0.0,7.5
CLI011133,0.0,0.0,0.0,9.0,9.0
CLI011134,0.0,0.0,7.0,0.0,0.0
CLI011135,0.0,0.0,0.0,9.0,0.0
CLI011136,0.0,0.0,0.0,8.0,0.0
CLI011137,0.0,0.0,10.0,0.0,9.0
CLI011138,9.0,8.5,9.0,8.0,0.0
CLI011140,6.0,7.0,0.0,8.0,0.0
CLI011142,0.0,0.0,0.0,8.0,7.0
CLI011143,0.0,9.0,0.0,8.0,9.0
CLI011144,8.0,0.0,0.0,0.0,0.0
CLI011145,0.0,0.0,8.0,8.0,0.0
CLI011146,8.0,0.0,0.0,8.5,6.0
CLI011148,8.0,0.0,0.0,8.0,0.0
CLI011149,0.0,0.0,8.0,8.0,0.0
CLI011150,0.0,8.5,0.0,0.0,9.0
CLI011151,8.0,0.0,8.0,0.0,0.0
CLI011152,0.0,0.0,8.0,0.0,9.0
CLI011153,7.0,6.0,0.0,0.0,0.0
CLI011154,0.0,0.0,9.0,0.0,0.0
CLI011155,8.0,0.0,0.0,0.0,0.0
CLI011156,8.0,8.5,0.0,0.0,0.0
CLI011157,0.0,0.0,0.0,0.0,8.0
CLI011158,7.0,0.0,9.0,0.0,0.0
CLI011159,9.0,7.0,9.0,8.0,9.0
CLI011160,0.0,0.0,7.0,0.0,0.0
CLI011162,0.0,0.0,9.0,0.0,7.0
CLI011163,0.0,10.0,0.0,0.0,8.333333333333334
CLI011164,0.0,0.0,0.0,7.5,0.0
CLI011165,0.0,0.0,0.0,8.0,0.0
CLI011166,0.0,8.0,8.0,0.0,0.0
CLI011167,8.0,0.0,0.0,0.0,0.0
CLI011168,0.0,0.0,9.0,0.0,0.0
CLI011169,7.0,8.0,8.5,0.0,0.0
CLI011171,8.0,0.0,0.0,8.0,0.0
CLI011172,8.0,0.0,8.0,0.0,0.0
CLI011174,9.0,6.0,8.0,0.0,0.0
CLI011175,0.0,0.0,0.0,8.0,9.0
CLI011176,8.0,8.0,0.0,9.0,0.0
CLI011179,9.0,8.0,7.0,0.0,9.0
CLI011180,7.0,7.0,8.0,9.0,0.0
CLI011182,7.5,10.0,9.0,7.666666666666667,0.0
CLI011183,7.0,8.0,7.0,7.0,0.0
CLI011184,9.0,8.0,0.0,0.0,0.0
CLI011185,8.0,8.0,0.0,0.0,0.0
CLI011186,9.0,0.0,0.0,9.0,0.0
CLI011187,0.0,0.0,0.0,8.5,9.5
CLI011189,0.0,8.0,9.0,8.0,0.0
CLI011190,8.0,0.0,0.0,0.0,7.0
CLI011191,0.0,0.0,0.0,8.0,0.0
CLI011192,0.0,8.0,0.0,7.5,0.0
CLI011193,9.0,0.0,10.0,0.0,0.0
CLI011194,0.0,8.0,9.0,0.0,0.0
CLI011195,0.0,0.0,9.0,7.0,0.0
CLI011197,0.0,0.0,7.0,0.0,0.0
CLI011198,0.0,7.0,9.0,0.0,0.0
CLI011199,0.0,7.0,0.0,9.0,0.0
CLI011200,9.0,7.0,0.0,0.0,0.0
CLI011201,9.0,0.0,8.0,8.0,8.0
CLI011202,0.0,0.0,8.5,0.0,0.0
CLI011203,0.0,8.0,7.0,0.0,8.0
CLI011204,7.0,0.0,8.0,0.0,8.0
CLI011205,7.0,8.0,7.0,0.0,0.0
CLI011206,8.666666666666666,10.0,0.0,0.0,0.0
CLI011207,0.0,0.0,0.0,8.0,8.0
CLI011208,0.0,0.0,7.0,8.0,0.0
CLI011209,8.0,0.0,8.0,0.0,0.0
CLI011210,0.0,8.0,0.0,0.0,7.0
CLI011212,0.0,0.0,0.0,0.0,8.0
CLI011213,0.0,6.0,0.0,0.0,0.0
CLI011214,0.0,10.0,0.0,0.0,0.0
CLI011215,0.0,9.0,0.0,0.0,0.0
CLI011216,8.0,0.0,0.0,0.0,0.0
CLI011217,0.0,7.0,8.0,8.0,9.0
CLI011218,0.0,0.0,0.0,0.0,7.5
CLI011219,0.0,0.0,0.0,7.0,8.0
CLI011220,0.0,8.0,8.0,7.0,0.0
CLI011221,6.0,9.0,0.0,8.0,8.0
CLI011222,0.0,0.0,8.0,8.0,0.0
CLI011223,0.0,0.0,0.0,0.0,8.0
CLI011226,8.0,0.0,8.0,0.0,0.0
CLI011227,8.0,0.0,0.0,7.0,8.0
CLI011228,0.0,0.0,9.0,0.0,8.0
CLI011229,0.0,9.0,0.0,7.0,0.0
CLI011230,8.0,0.0,0.0,0.0,0.0
CLI011231,0.0,8.5,0.0,0.0,8.0
CLI011232,8.0,0.0,0.0,7.666666666666667,8.0
CLI011234,7.5,9.0,0.0,0.0,8.0
CLI011236,0.0,0.0,8.0,0.0,0.0
CLI011237,8.0,0.0,0.0,8.0,0.0
CLI011238,8.0,8.0,0.0,0.0,7.5
CLI011239,8.0,8.0,0.0,0.0,8.5
CLI011240,8.0,8.5,0.0,7.0,0.0
CLI011241,0.0,0.0,9.0,0.0,8.0
CLI011242,0.0,9.0,7.0,0.0,0.0
CLI011244,0.0,0.0,0.0,7.0,0.0
CLI011245,0.0,9.0,8.5,9.5,0.0
CLI011246,0.0,8.0,7.0,0.0,7.5
CLI011247,0.0,9.0,0.0,8.5,9.0
CLI011248,0.0,0.0,10.0,7.25,0.0
CLI011249,0.0,8.0,7.5,0.0,8.0
CLI011250,8.0,0.0,9.0,0.0,0.0
CLI011251,0.0,0.0,0.0,7.0,0.0
CLI011253,7.0,0.0,0.0,9.0,0.0
CLI011255,8.0,0.0,9.0,8.0,0.0
CLI011256,8.0,0.0,0.0,8.0,0.0
CLI011257,0.0,9.0,0.0,0.0,0.0
CLI011258,0.0,9.0,8.0,0.0,8.0
CLI011259,7.0,7.5,0.0,0.0,8.0
CLI011260,7.0,0.0,0.0,9.0,9.0
CLI011261,7.0,9.0,0.0,7.0,0.0
CLI011262,8.0,0.0,0.0,7.0,8.333333333333334
CLI011263,0.0,10.0,0.0,0.0,9.0
CLI011264,8.0,8.0,0.0,8.0,0.0
CLI011265,9.0,0.0,0.0,0.0,8.0
CLI011266,0.0,0.0,0.0,0.0,8.0
CLI011267,0.0,0.0,8.0,0.0,0.0
CLI011268,9.0,0.0,0.0,0.0,0.0
CLI011269,6.0,8.5,0.0,0.0,8.0
CLI011270,8.0,0.0,7.5,0.0,0.0
CLI011271,7.0,0.0,9.0,0.0,0.0
CLI011272,8.0,0.0,0.0,0.0,0.0
CLI011274,7.0,0.0,0.0,8.0,0.0
CLI011275,0.0,0.0,0.0,8.0,0.0
CLI011276,0.0,0.0,8.0,0.0,0.0
CLI011277,8.0,7.0,0.0,0.0,0.0
CLI011278,0.0,8.0,0.0,9.0,9.0
CLI011279,7.0,0.0,8.0,7.0,0.0
CLI011280,0.0,7.0,0.0,0.0,7.0
CLI011281,8.0,0.0,0.0,7.0,9.0
CLI011282,0.0,9.0,0.0,8.5,0.0
CLI011283,0.0,0.0,0.0,7.0,0.0
CLI011285,0.0,0.0,0.0,0.0,8.0
CLI011286,0.0,7.666666666666667,7.0,0.0,0.0
CLI011287,0.0,7.0,0.0,7.0,8.0
CLI011288,0.0,0.0,8.0,8.0,0.0
CLI011289,0.0,0.0,8.0,7.0,0.0
CLI011291,0.0,0.0,0.0,9.5,8.0
CLI011292,9.0,8.0,0.0,7.0,8.0
CLI011293,8.0,0.0,0.0,0.0,0.0
CLI011294,8.0,0.0,9.0,8.0,9.0
CLI011296,10.0,8.0,0.0,0.0,0.0
CLI011297,8.0,0.0,9.0,0.0,8.0
CLI011298,7.0,0.0,0.0,0.0,0.0
CLI011299,0.0,0.0,8.0,7.0,0.0
CLI011300,0.0,0.0,9.0,8.0,9.0
CLI011301,8.0,7.0,0.0,8.0,7.0
CLI011302,0.0,9.0,0.0,7.0,0.0
CLI011303,7.5,0.0,0.0,0.0,9.5
CLI011304,0.0,0.0,7.0,0.0,0.0
CLI011305,0.0,0.0,0.0,7.5,8.0
CLI011306,0.0,0.0,7.5,7.0,8.0
CLI011307,0.0,0.0,0.0,7.666666666666667,0.0
CLI011308,0.0,0.0,8.5,0.0,8.0
CLI011309,0.0,8.5,8.0,0.0,8.0
CLI011310,0.0,0.0,0.0,0.0,6.0
CLI011311,0.0,7.5,7.0,9.0,10.0
CLI011312,8.0,0.0,0.0,0.0,8.0
CLI011313,0.0,8.0,8.0,0.0,0.0
CLI011314,0.0,8.0,0.0,8.0,0.0
CLI011315,9.0,0.0,0.0,6.0,10.0
CLI011316,0.0,9.0,0.0,8.5,9.0
CLI011317,0.0,8.0,9.0,8.0,8.0
CLI011318,0.0,0.0,0.0,0.0,6.0
CLI011319,0.0,9.0,8.5,7.0,9.0
CLI011320,9.0,0.0,0.0,8.0,0.0
CLI011321,0.0,8.5,0.0,0.0,7.0
CLI011322,0.0,0.0,8.0,0.0,0.0
CLI011323,7.0,0.0,0.0,10.0,0.0
CLI011324,0.0,0.0,8.0,7.0,8.0
CLI011325,8.0,0.0,0.0,7.0,0.0
CLI011326,0.0,0.0,0.0,0.0,9.0
CLI011327,0.0,8.0,8.0,0.0,0.0
CLI011328,0.0,9.0,9.0,0.0,9.0
CLI011329,0.0,8.0,0.0,8.5,0.0
CLI011330,0.0,7.0,0.0,0.0,0.0
CLI011331,0.0,0.0,8.0,8.0,8.0
CLI011332,8.0,7.0,0.0,9.5,0.0
CLI011333,0.0,0.0,9.0,9.0,0.0
CLI011334,8.0,8.0,0.0,0.0,7.0
CLI011335,7.0,9.0,0.0,0.0,0.0
CLI011336,8.5,8.0,0.0,0.0,0.0
CLI011337,0.0,0.0,9.0,7.0,0.0
CLI011338,7.0,8.0,0.0,6.0,0.0
CLI011339,7.0,10.0,0.0,0.0,0.0
CLI011340,7.0,0.0,0.0,0.0,0.0
CLI011341,0.0,9.0,8.0,0.0,7.0
CLI011342,9.0,0.0,0.0,0.0,7.5
CLI011343,0.0,0.0,8.0,8.0,0.0
CLI011344,7.0,0.0,0.0,9.0,8.5
CLI011345,0.0,0.0,8.5,0.0,0.0
CLI011346,9.0,0.0,0.0,0.0,0.0
CLI011347,0.0,8.0,8.0,0.0,7.0
CLI011348,0.0,0.0,0.0,7.0,9.0
CLI011351,9.0,0.0,0.0,0.0,0.0
CLI011352,0.0,0.0,0.0,8.0,8.0
CLI011353,0.0,9.0,9.333333333333334,0.0,8.0
CLI011354,9.0,0.0,0.0,0.0,0.0
CLI011355,0.0,8.5,0.0,8.0,8.0
CLI011356,10.0,7.666666666666667,0.0,9.0,0.0
CLI011357,8.0,0.0,0.0,0.0,0.0
CLI011358,0.0,0.0,7.0,0.0,0.0
CLI011359,0.0,0.0,0.0,0.0,9.0
CLI011360,0.0,0.0,0.0,8.0,9.0
CLI011361,0.0,7.0,7.0,8.0,0.0
CLI011362,8.0,0.0,0.0,7.5,0.0
CLI011363,0.0,0.0,7.0,10.0,0.0
CLI011364,8.0,0.0,0.0,0.0,0.0
CLI011365,0.0,0.0,0.0,10.0,8.0
CLI011366,0.0,8.0,0.0,0.0,8.0
CLI011367,0.0,6.0,8.0,0.0,0.0
CLI011368,9.0,8.25,8.0,8.5,0.0
CLI011370,0.0,0.0,0.0,7.0,0.0
CLI011371,0.0,0.0,7.0,0.0,0.0
CLI011372,0.0,9.0,0.0,0.0,0.0
CLI011373,8.0,0.0,0.0,0.0,9.0
CLI011374,9.0,8.0,0.0,8.0,0.0
CLI011375,9.0,0.0,8.0,0.0,7.0
CLI011376,0.0,0.0,0.0,9.0,0.0
CLI011377,0.0,0.0,9.0,0.0,7.5
CLI011378,0.0,8.0,8.0,0.0,9.0
CLI011379,0.0,0.0,7.0,7.0,0.0
CLI011380,9.0,0.0,0.0,0.0,0.0
CLI011382,7.0,9.0,0.0,0.0,9.0
CLI011383,0.0,0.0,8.0,0.0,8.0
CLI011384,9.0,6.0,7.0,0.0,0.0
CLI011385,0.0,9.0,10.0,7.5,9.0
CLI011386,0.0,0.0,8.0,0.0,0.0
CLI011387,0.0,8.0,7.0,9.0,0.0
CLI011388,0.0,9.0,9.0,0.0,0.0
CLI011389,0.0,0.0,7.0,0.0,8.5
CLI011390,0.0,8.0,0.0,0.0,9.5
CLI011391,0.0,7.0,0.0,9.0,0.0
CLI011392,0.0,8.0,0.0,0.0,0.0
CLI011393,9.0,8.0,0.0,0.0,0.0
CLI011394,7.0,0.0,8.0,0.0,7.0
CLI011395,8.0,0.0,0.0,0.0,7.666666666666667
CLI011396,9.0,8.0,0.0,0.0,0.0
CLI011397,7.0,0.0,0.0,0.0,8.0
CLI011398,0.0,8.0,0.0,0.0,0.0
CLI011399,10.0,7.0,0.0,8.0,0.0
CLI011400,0.0,0.0,7.0,7.0,0.0
CLI011401,0.0,8.0,8.0,0.0,0.0
CLI011402,8.0,0.0,0.0,9.0,0.0
CLI011403,0.0,0.0,8.0,0.0,9.0
CLI011404,7.0,0.0,0.0,6.5,0.0
CLI011406,0.0,8.0,0.0,0.0,7.5
CLI011407,9.0,7.0,0.0,7.0,8.0
CLI011408,8.0,0.0,9.0,9.0,0.0
CLI011409,0.0,0.0,0.0,9.0,0.0
CLI011410,0.0,8.0,9.0,0.0,0.0
CLI011411,0.0,9.0,0.0,0.0,0.0
CLI011412,0.0,8.0,7.0,0.0,0.0
CLI011413,8.0,8.5,0.0,9.0,0.0
CLI011414,7.0,8.5,0.0,8.0,0.0
CLI011415,0.0,0.0,7.0,8.0,0.0
CLI011417,7.0,6.5,8.0,8.0,0.0
CLI011418,0.0,0.0,7.666666666666667,0.0,7.0
CLI011419,0.0,0.0,0.0,8.0,0.0
CLI011421,0.0,8.5,8.0,8.0,8.0
CLI011422,0.0,0.0,0.0,0.0,9.0
CLI011423,7.0,0.0,8.0,0.0,7.0
CLI011424,8.0,9.0,0.0,10.0,8.0
CLI011425,7.0,8.0,8.5,0.0,8.0
CLI011426,0.0,0.0,0.0,8.0,0.0
CLI011427,8.0,0.0,0.0,8.0,7.0
CLI011428,0.0,7.0,0.0,7.0,8.0
CLI011429,0.0,8.0,0.0,0.0,0.0
CLI011430,0.0,8.0,0.0,8.0,0.0
CLI011432,0.0,9.0,0.0,7.0,0.0
CLI011433,8.0,8.0,0.0,0.0,0.0
CLI011434,0.0,7.0,0.0,0.0,0.0
CLI011435,0.0,0.0,0.0,8.0,0.0
CLI011436,0.0,0.0,0.0,8.0,0.0
CLI011437,10.0,0.0,0.0,0.0,0.0
CLI011438,7.0,8.0,0.0,0.0,0.0
CLI011439,0.0,0.0,0.0,0.0,10.0
CLI011440,8.0,0.0,8.0,9.0,9.0
CLI011441,9.0,8.0,9.0,7.0,0.0
CLI011442,9.0,7.0,0.0,0.0,6.0
CLI011443,8.0,0.0,0.0,0.0,8.0
CLI011444,0.0,0.0,0.0,8.0,7.0
CLI011446,0.0,9.0,0.0,0.0,8.0
CLI011447,9.0,0.0,0.0,0.0,10.0
CLI011448,9.0,0.0,7.0,9.0,0.0
CLI011449,0.0,8.0,0.0,0.0,0.0
CLI011450,8.0,0.0,9.5,0.0,7.0
CLI011451,0.0,8.0,0.0,9.0,7.5
CLI011452,0.0,7.0,0.0,0.0,0.0
CLI011453,0.0,0.0,8.0,7.0,0.0
CLI011454,7.0,8.0,0.0,8.0,0.0
CLI011455,0.0,0.0,7.0,8.0,0.0
CLI011457,0.0,0.0,0.0,0.0,9.0
CLI011458,7.0,0.0,0.0,8.0,0.0
CLI011459,0.0,10.0,0.0,0.0,0.0
CLI011460,0.0,0.0,0.0,0.0,7.0
CLI011462,0.0,7.0,7.0,8.5,8.0
CLI011463,8.0,9.0,9.0,0.0,8.5
CLI011465,9.0,7.0,0.0,9.0,0.0
CLI011466,0.0,0.0,10.0,0.0,0.0
CLI011467,0.0,0.0,8.0,8.0,0.0
CLI011469,0.0,0.0,8.0,8.0,0.0
CLI011470,8.0,7.0,0.0,9.0,10.0
CLI011472,0.0,9.0,7.0,0.0,8.0
CLI011473,6.0,10.0,0.0,7.5,8.0
CLI011474,0.0,0.0,9.0,8.0,0.0
CLI011477,0.0,8.0,0.0,8.0,0.0
CLI011478,0.0,7.5,0.0,0.0,8.0
CLI011479,9.0,0.0,0.0,0.0,0.0
CLI011480,7.0,8.0,0.0,0.0,0.0
CLI011481,7.0,7.0,0.0,0.0,0.0
CLI011482,9.0,0.0,8.0,7.0,7.0
CLI011483,0.0,8.0,8.5,9.0,0.0
CLI011484,9.0,9.0,8.0,0.0,0.0
CLI011485,8.5,0.0,0.0,8.5,0.0
CLI011486,0.0,0.0,0.0,0.0,8.0
CLI011487,7.0,0.0,8.5,7.0,0.0
CLI011489,0.0,0.0,9.0,0.0,7.0
CLI011490,0.0,7.0,9.0,0.0,0.0
CLI011491,0.0,0.0,0.0,9.0,0.0
CLI011492,0.0,9.0,0.0,7.0,0.0
CLI011493,0.0,0.0,8.0,0.0,7.0
CLI011494,8.0,9.0,6.0,7.0,10.0
CLI011495,0.0,9.0,7.0,0.0,0.0
CLI011496,0.0,0.0,0.0,7.0,0.0
CLI011497,9.0,0.0,0.0,0.0,0.0
CLI011498,0.0,8.0,0.0,9.0,0.0
CLI011501,0.0,6.0,0.0,0.0,7.0
CLI011502,0.0,0.0,7.0,0.0,0.0
CLI011503,0.0,9.0,7.0,0.0,0.0
CLI011504,8.0,0.0,9.0,0.0,9.0
CLI011505,0.0,0.0,0.0,8.5,7.0
CLI011506,0.0,0.0,0.0,0.0,9.0
CLI011507,8.0,6.0,0.0,7.0,0.0
CLI011508,7.0,0.0,0.0,0.0,0.0
CLI011509,9.0,8.0,0.0,7.5,0.0
CLI011510,0.0,0.0,8.0,0.0,6.0
CLI011511,0.0,8.0,8.0,9.0,0.0
CLI011512,0.0,0.0,0.0,0.0,7.0
CLI011513,0.0,9.0,7.0,0.0,0.0
CLI011514,7.0,0.0,7.0,0.0,0.0
CLI011515,0.0,7.0,0.0,9.0,8.0
CLI011516,0.0,9.0,0.0,0.0,0.0
CLI011517,0.0,7.0,0.0,7.0,0.0
CLI011518,0.0,8.333333333333334,0.0,0.0,0.0
CLI011519,0.0,8.0,0.0,7.0,0.0
CLI011520,0.0,8.0,6.0,0.0,9.0
CLI011521,7.0,0.0,0.0,0.0,0.0
CLI011522,0.0,10.0,0.0,0.0,0.0
CLI011524,0.0,0.0,0.0,7.0,0.0
CLI011525,0.0,0.0,7.0,0.0,9.0
CLI011526,0.0,9.0,0.0,8.0,0.0
CLI011527,9.5,0.0,8.5,0.0,0.0
CLI011528,7.0,7.0,0.0,0.0,0.0
CLI011529,0.0,0.0,8.0,8.0,0.0
CLI011530,0.0,7.0,0.0,0.0,8.5
CLI011531,0.0,0.0,7.0,0.0,0.0
CLI011532,9.0,0.0,7.0,0.0,0.0
CLI011533,0.0,0.0,0.0,8.0,0.0
CLI011534,9.5,0.0,0.0,7.0,7.0
CLI011535,0.0,8.0,9.0,8.0,0.0
CLI011536,0.0,0.0,9.0,7.0,7.5
CLI011537,7.0,0.0,0.0,0.0,7.0
CLI011538,8.0,0.0,0.0,7.0,0.0
CLI011539,9.0,0.0,0.0,10.0,0.0
CLI011540,7.0,9.0,0.0,9.0,8.0
CLI011542,9.0,0.0,0.0,7.0,0.0
CLI011543,7.5,8.0,0.0,9.0,0.0
CLI011545,9.0,0.0,6.0,0.0,0.0
CLI011546,8.0,0.0,0.0,0.0,7.0
CLI011547,0.0,0.0,0.0,7.0,0.0
CLI011548,9.0,0.0,8.0,8.0,0.0
CLI011549,0.0,0.0,0.0,7.0,8.0
CLI011550,8.0,0.0,0.0,0.0,8.0
CLI011551,7.0,7.0,0.0,0.0,10.0
CLI011552,0.0,0.0,0.0,7.0,0.0
CLI011553,8.0,9.0,0.0,8.0,0.0
CLI011554,9.0,0.0,0.0,8.0,9.0
CLI011556,8.0,0.0,0.0,8.0,8.5
CLI011557,7.0,0.0,7.0,0.0,0.0
CLI011558,0.0,0.0,0.0,9.0,0.0
CLI011559,0.0,0.0,9.0,8.0,0.0
CLI011560,0.0,0.0,0.0,10.0,0.0
CLI011561,0.0,0.0,0.0,0.0,8.0
CLI011562,9.0,0.0,0.0,0.0,0.0
CLI011563,0.0,8.0,0.0,7.0,7.0
CLI011564,0.0,0.0,7.333333333333333,0.0,7.0
CLI011565,9.0,0.0,8.0,0.0,8.0
CLI011566,7.0,0.0,9.0,8.0,0.0
CLI011569,8.0,0.0,0.0,0.0,8.0
CLI011570,0.0,0.0,0.0,7.0,0.0
CLI011571,8.5,8.0,0.0,0.0,7.0
CLI011572,0.0,7.0,0.0,0.0,0.0
CLI011573,7.5,0.0,0.0,9.0,0.0
CLI011574,0.0,0.0,0.0,0.0,8.0
CLI011575,9.5,0.0,7.0,7.0,0.0
CLI011576,0.0,9.0,0.0,0.0,8.0
CLI011578,8.0,0.0,8.0,8.0,8.0
CLI011579,0.0,8.0,0.0,9.0,0.0
CLI011580,0.0,10.0,7.0,0.0,0.0
CLI011581,8.0,8.0,0.0,0.0,0.0
CLI011582,8.0,6.0,8.0,0.0,0.0
CLI011583,9.0,0.0,7.0,8.0,0.0
CLI011584,0.0,8.0,0.0,0.0,0.0
CLI011585,0.0,7.0,9.0,0.0,8.0
CLI011586,0.0,0.0,7.0,10.0,8.0
CLI011587,0.0,0.0,0.0,0.0,7.0
CLI011588,0.0,7.666666666666667,0.0,9.0,0.0
CLI011589,0.0,0.0,8.666666666666666,7.0,0.0
CLI011590,9.0,8.5,0.0,0.0,0.0
CLI011591,0.0,0.0,7.0,0.0,9.0
CLI011592,0.0,0.0,7.0,0.0,0.0
CLI011593,7.666666666666667,0.0,7.0,0.0,8.0
CLI011594,10.0,0.0,7.0,0.0,0.0
CLI011595,0.0,0.0,0.0,8.0,0.0
CLI011596,0.0,7.0,0.0,0.0,0.0
CLI011597,0.0,0.0,7.0,0.0,0.0
CLI011598,0.0,0.0,0.0,8.5,0.0
CLI011599,0.0,10.0,10.0,8.0,9.0
CLI011600,0.0,8.0,0.0,8.0,0.0
CLI011601,0.0,7.0,0.0,0.0,0.0
CLI011602,8.0,7.0,0.0,8.0,0.0
CLI011603,7.0,8.0,8.0,8.0,0.0
CLI011604,0.0,8.0,0.0,0.0,10.0
CLI011605,0.0,0.0,0.0,9.0,0.0
CLI011606,9.0,0.0,0.0,0.0,8.0
CLI011607,0.0,8.0,0.0,8.333333333333334,0.0
CLI011608,0.0,0.0,0.0,0.0,8.0
CLI011609,6.0,10.0,0.0,0.0,6.0
CLI011610,0.0,8.0,0.0,0.0,0.0
CLI011612,0.0,9.0,0.0,8.0,0.0
CLI011613,0.0,0.0,9.0,0.0,9.0
CLI011614,0.0,8.0,9.0,0.0,9.0
CLI011615,8.0,0.0,0.0,7.0,0.0
CLI011616,0.0,9.0,8.0,0.0,0.0
CLI011617,0.0,0.0,8.0,8.0,0.0
CLI011619,7.0,0.0,0.0,0.0,8.0
CLI011620,9.0,0.0,0.0,8.5,8.0
CLI011621,9.0,0.0,9.0,0.0,7.0
CLI011622,0.0,0.0,0.0,0.0,8.0
CLI011623,9.0,0.0,0.0,7.5,0.0
CLI011624,9.0,0.0,0.0,0.0,8.0
CLI011625,0.0,8.0,0.0,0.0,0.0
CLI011626,0.0,7.0,9.0,0.0,8.0
CLI011627,0.0,0.0,0.0,10.0,8.0
CLI011628,0.0,0.0,0.0,9.0,8.0
CLI011629,0.0,0.0,8.0,8.0,0.0
CLI011630,9.0,0.0,0.0,8.0,0.0
CLI011631,0.0,0.0,8.0,0.0,0.0
CLI011632,0.0,7.5,0.0,7.0,0.0
CLI011633,0.0,9.0,7.0,8.0,0.0
CLI011634,0.0,7.0,0.0,8.0,0.0
CLI011635,8.0,0.0,9.0,7.0,0.0
CLI011636,0.0,0.0,9.0,7.5,9.0
CLI011637,8.0,9.0,8.333333333333334,0.0,0.0
CLI011638,0.0,8.666666666666666,10.0,0.0,8.0
CLI011639,0.0,0.0,6.0,8.0,9.666666666666666
CLI011640,9.0,0.0,0.0,9.0,9.0
CLI011641,8.0,7.0,7.0,10.0,7.0
CLI011642,6.5,0.0,0.0,0.0,0.0
CLI011644,0.0,8.0,0.0,0.0,0.0
CLI011645,7.0,0.0,0.0,0.0,0.0
CLI011646,0.0,0.0,0.0,0.0,8.0
CLI011647,0.0,9.0,7.0,0.0,9.0
CLI011648,0.0,7.0,9.0,0.0,0.0
CLI011649,0.0,8.0,8.0,0.0,0.0
CLI011650,0.0,8.5,8.0,0.0,8.0
CLI011651,0.0,0.0,7.0,7.5,0.0
CLI011652,0.0,7.0,8.0,0.0,0.0
CLI011654,8.0,0.0,0.0,9.0,0.0
CLI011655,9.0,0.0,9.0,0.0,9.5
CLI011656,0.0,8.0,7.5,7.0,0.0
CLI011657,0.0,0.0,0.0,8.0,0.0
CLI011658,7.0,9.0,9.0,0.0,0.0
CLI011659,0.0,0.0,9.0,8.0,9.0
CLI011660,8.0,0.0,0.0,8.0,8.0
CLI011663,9.0,8.0,0.0,8.0,0.0
CLI011664,0.0,0.0,0.0,0.0,8.0
CLI011665,0.0,7.0,8.5,0.0,0.0
CLI011666,6.0,0.0,0.0,0.0,0.0
CLI011667,0.0,8.0,0.0,8.0,9.0
CLI011668,6.0,0.0,0.0,0.0,0.0
CLI011669,9.0,0.0,7.0,9.0,9.0
CLI011671,0.0,0.0,9.0,0.0,0.0
CLI011672,0.0,8.0,8.5,0.0,0.0
CLI011673,0.0,9.0,6.0,0.0,7.0
CLI011675,0.0,8.0,0.0,7.0,0.0
CLI011676,0.0,0.0,0.0,8.0,9.0
CLI011677,0.0,0.0,0.0,9.0,8.0
CLI011678,9.0,0.0,0.0,9.5,8.0
CLI011679,8.0,8.0,0.0,0.0,0.0
CLI011680,0.0,8.0,9.0,0.0,0.0
CLI011681,0.0,8.0,8.0,8.0,7.0
CLI011682,0.0,9.0,0.0,8.0,10.0
CLI011683,8.0,0.0,7.0,0.0,0.0
CLI011684,0.0,0.0,0.0,8.0,0.0
CLI011685,9.0,8.0,7.0,8.0,7.0
CLI011686,0.0,0.0,7.0,10.0,0.0
CLI011687,8.0,0.0,0.0,7.0,0.0
CLI011688,8.5,0.0,0.0,0.0,0.0
CLI011689,0.0,8.0,0.0,0.0,8.0
CLI011690,0.0,9.0,0.0,0.0,0.0
CLI011691,0.0,9.0,0.0,0.0,0.0
CLI011692,0.0,0.0,8.0,9.0,0.0
CLI011693,9.0,9.0,0.0,0.0,0.0
CLI011694,0.0,8.0,7.0,8.0,0.0
CLI011695,0.0,0.0,8.0,8.0,0.0
CLI011696,0.0,7.0,7.0,0.0,8.0
CLI011697,9.0,0.0,8.0,0.0,9.0
CLI011698,8.0,0.0,0.0,7.5,0.0
CLI011699,0.0,0.0,8.0,0.0,0.0
CLI011701,7.0,6.0,8.0,0.0,0.0
CLI011702,0.0,0.0,8.0,0.0,0.0
CLI011703,0.0,0.0,0.0,0.0,8.0
CLI011704,0.0,0.0,0.0,7.5,0.0
CLI011705,0.0,0.0,8.0,0.0,0.0
CLI011706,0.0,6.0,8.0,0.0,0.0
CLI011707,0.0,0.0,8.0,0.0,0.0
CLI011708,9.0,0.0,8.0,0.0,9.0
CLI011710,0.0,7.0,9.0,0.0,0.0
CLI011711,0.0,0.0,0.0,0.0,10.0
CLI011712,0.0,9.0,0.0,0.0,0.0
CLI011713,0.0,0.0,7.0,9.0,0.0
CLI011714,9.0,7.0,6.0,0.0,8.0
CLI011715,8.0,0.0,0.0,0.0,8.0
CLI011716,0.0,0.0,0.0,7.0,0.0
CLI011717,0.0,0.0,7.0,7.0,7.5
CLI011718,9.0,0.0,9.0,7.0,0.0
CLI011719,0.0,0.0,0.0,7.5,0.0
CLI011720,0.0,0.0,0.0,9.0,0.0
CLI011721,8.0,0.0,0.0,0.0,0.0
CLI011722,7.333333333333333,0.0,0.0,0.0,0.0
CLI011723,0.0,6.0,0.0,0.0,0.0
CLI011724,0.0,0.0,9.0,8.5,0.0
CLI011725,8.0,8.0,7.0,0.0,9.0
CLI011726,8.0,0.0,8.5,0.0,0.0
CLI011727,9.0,9.0,0.0,0.0,0.0
CLI011728,0.0,0.0,0.0,0.0,8.0
CLI011729,0.0,0.0,0.0,10.0,0.0
CLI011730,9.0,0.0,0.0,0.0,0.0
CLI011731,0.0,0.0,0.0,0.0,8.5
CLI011732,8.0,0.0,9.0,7.0,0.0
CLI011733,6.0,0.0,0.0,0.0,0.0
CLI011734,8.0,8.0,8.0,0.0,9.0
CLI011736,0.0,0.0,0.0,9.0,9.0
CLI011737,0.0,0.0,7.0,0.0,0.0
CLI011738,7.0,0.0,6.5,8.0,7.0
CLI011739,0.0,7.0,8.0,0.0,0.0
CLI011740,8.0,0.0,9.0,0.0,0.0
CLI011741,8.0,0.0,0.0,0.0,8.0
CLI011742,9.0,0.0,0.0,0.0,8.0
CLI011743,7.0,8.0,0.0,7.0,0.0
CLI011744,0.0,8.0,0.0,0.0,9.0
CLI011745,9.0,8.0,0.0,0.0,0.0
CLI011746,0.0,0.0,8.5,0.0,0.0
CLI011747,7.0,10.0,9.0,0.0,0.0
CLI011748,8.5,9.0,7.0,0.0,8.0
CLI011749,7.5,0.0,0.0,0.0,0.0
CLI011750,0.0,0.0,10.0,0.0,9.0
CLI011751,7.5,7.333333333333333,0.0,0.0,0.0
CLI011753,0.0,0.0,0.0,8.0,9.0
CLI011754,6.0,0.0,0.0,7.0,0.0
CLI011755,7.0,7.0,8.0,6.5,7.0
CLI011756,7.5,0.0,0.0,9.0,0.0
CLI011757,0.0,0.0,0.0,8.0,0.0
CLI011758,0.0,0.0,0.0,8.0,7.0
CLI011759,0.0,8.0,0.0,8.0,0.0
CLI011760,0.0,0.0,7.0,0.0,0.0
CLI011761,7.0,0.0,0.0,0.0,0.0
CLI011762,9.0,0.0,0.0,7.333333333333333,0.0
CLI011763,0.0,9.0,8.0,9.5,9.5
CLI011764,0.0,8.0,0.0,0.0,0.0
CLI011765,8.0,0.0,7.0,7.0,0.0
CLI011766,9.0,0.0,0.0,8.0,8.5
CLI011767,8.0,7.0,9.0,0.0,7.0
CLI011768,7.0,0.0,0.0,0.0,0.0
CLI011769,0.0,8.0,9.0,0.0,0.0
CLI011770,0.0,0.0,0.0,0.0,7.333333333333333
CLI011771,0.0,0.0,8.0,0.0,7.0
CLI011772,7.5,7.0,7.0,8.0,0.0
CLI011774,0.0,0.0,7.0,0.0,0.0
CLI011775,7.0,0.0,8.0,0.0,0.0
CLI011776,0.0,0.0,7.0,6.0,0.0
CLI011777,0.0,0.0,0.0,8.0,0.0
CLI011778,6.0,0.0,0.0,0.0,7.0
CLI011779,0.0,0.0,8.0,8.0,0.0
CLI011780,8.0,8.0,0.0,0.0,0.0
CLI011782,8.0,0.0,0.0,0.0,9.0
CLI011783,0.0,0.0,9.0,0.0,9.0
CLI011784,0.0,0.0,9.0,0.0,0.0
CLI011785,0.0,7.0,0.0,0.0,9.0
CLI011786,7.0,0.0,0.0,0.0,0.0
CLI011787,0.0,9.0,8.0,0.0,0.0
CLI011788,0.0,0.0,8.0,7.0,7.0
CLI011789,9.0,0.0,8.0,0.0,0.0
CLI011790,8.0,9.0,9.0,0.0,0.0
CLI011791,8.0,9.0,0.0,9.0,0.0
CLI011792,0.0,6.0,8.0,0.0,8.0
CLI011793,7.0,0.0,7.5,0.0,0.0
CLI011794,9.0,7.0,0.0,0.0,0.0
CLI011795,8.5,0.0,0.0,0.0,7.0
CLI011796,0.0,9.0,7.0,9.0,0.0
CLI011797,0.0,0.0,7.0,0.0,0.0
CLI011798,0.0,0.0,8.5,8.666666666666666,0.0
CLI011799,6.0,0.0,0.0,8.0,0.0
CLI011800,0.0,0.0,8.0,0.0,9.0
CLI011801,0.0,0.0,8.0,8.0,8.0
CLI011802,0.0,0.0,0.0,7.0,0.0
CLI011803,9.0,9.0,0.0,0.0,8.0
CLI011804,7.0,0.0,0.0,6.0,0.0
CLI011805,9.0,0.0,0.0,9.0,0.0
CLI011806,8.666666666666666,8.5,8.0,8.0,0.0
CLI011808,0.0,0.0,0.0,10.0,9.0
CLI011809,7.5,7.5,9.0,7.5,7.0
CLI011810,8.5,0.0,0.0,9.0,0.0
CLI011811,6.0,8.0,0.0,0.0,0.0
CLI011812,9.0,7.0,0.0,0.0,7.0
CLI011813,0.0,7.0,9.0,0.0,0.0
CLI011815,8.5,8.0,0.0,0.0,0.0
CLI011816,0.0,0.0,9.0,8.25,0.0
CLI011817,9.0,9.0,6.0,0.0,7.0
CLI011818,0.0,0.0,7.0,0.0,7.0
CLI011819,8.5,0.0,0.0,0.0,7.0
CLI011820,0.0,8.0,0.0,7.0,0.0
CLI011821,0.0,10.0,9.0,9.0,10.0
CLI011822,9.0,8.0,0.0,0.0,8.0
CLI011823,0.0,0.0,9.0,0.0,9.0
CLI011824,9.0,0.0,0.0,0.0,0.0
CLI011825,0.0,9.0,0.0,8.5,7.0
CLI011826,9.0,0.0,0.0,0.0,0.0
CLI011827,0.0,9.0,0.0,0.0,0.0
CLI011828,9.0,0.0,0.0,8.0,0.0
CLI011829,0.0,0.0,7.0,9.0,7.5
CLI011830,0.0,6.0,7.0,0.0,0.0
CLI011831,8.0,0.0,0.0,0.0,8.5
CLI011832,0.0,8.0,0.0,8.0,0.0
CLI011833,0.0,7.0,8.0,9.0,0.0
CLI011834,0.0,0.0,9.0,6.0,9.0
CLI011835,0.0,8.0,0.0,0.0,8.333333333333334
CLI011837,0.0,7.0,0.0,9.0,8.0
CLI011838,0.0,0.0,0.0,7.0,7.0
CLI011839,0.0,0.0,0.0,0.0,7.0
CLI011840,0.0,8.0,10.0,7.0,9.0
CLI011841,0.0,7.5,0.0,0.0,0.0
CLI011842,8.5,0.0,0.0,0.0,8.0
CLI011843,0.0,9.5,8.0,9.0,0.0
CLI011845,8.0,0.0,0.0,0.0,8.0
CLI011846,7.0,0.0,7.0,8.0,0.0
CLI011847,0.0,0.0,0.0,0.0,9.0
CLI011848,0.0,0.0,0.0,9.0,9.0
CLI011849,0.0,8.0,0.0,0.0,0.0
CLI011850,8.0,0.0,0.0,8.0,0.0
CLI011851,0.0,8.0,0.0,7.0,0.0
CLI011852,9.0,0.0,7.0,8.0,0.0
CLI011853,0.0,0.0,8.0,0.0,0.0
CLI011855,0.0,0.0,0.0,10.0,0.0
CLI011856,0.0,0.0,7.0,0.0,0.0
CLI011857,0.0,0.0,9.0,9.0,7.0
CLI011858,0.0,0.0,0.0,8.0,0.0
CLI011859,0.0,0.0,8.0,8.5,0.0
CLI011860,9.0,7.0,9.0,0.0,0.0
CLI011861,0.0,9.0,0.0,0.0,0.0
CLI011862,0.0,7.0,0.0,0.0,8.0
CLI011863,7.0,0.0,0.0,0.0,10.0
CLI011864,0.0,8.0,0.0,9.0,8.0
CLI011865,8.0,0.0,0.0,0.0,8.0
CLI011866,0.0,9.0,0.0,7.0,0.0
CLI011867,0.0,6.0,0.0,8.0,0.0
CLI011869,0.0,0.0,0.0,9.0,8.0
CLI011870,9.0,7.5,0.0,9.0,0.0
CLI011871,0.0,0.0,7.0,0.0,0.0
CLI011872,0.0,9.0,0.0,8.0,0.0
CLI011873,6.0,7.5,0.0,9.0,8.0
CLI011874,8.0,0.0,8.0,0.0,9.0
CLI011875,0.0,7.0,0.0,8.0,0.0
CLI011876,8.0,0.0,8.5,7.0,0.0
CLI011877,0.0,8.0,0.0,9.0,7.0
CLI011878,7.0,0.0,7.0,7.0,8.0
CLI011879,10.0,0.0,0.0,0.0,0.0
CLI011880,0.0,8.333333333333334,8.0,0.0,0.0
CLI011881,10.0,9.0,7.5,0.0,0.0
CLI011882,0.0,0.0,6.0,0.0,0.0
CLI011883,8.0,7.5,0.0,0.0,8.0
CLI011884,0.0,7.0,0.0,8.0,0.0
CLI011885,7.0,0.0,0.0,0.0,0.0
CLI011886,6.5,0.0,0.0,7.0,0.0
CLI011888,8.0,8.0,9.0,0.0,7.0
CLI011889,0.0,8.0,0.0,0.0,0.0
CLI011890,8.0,10.0,0.0,7.0,8.0
CLI011891,0.0,0.0,0.0,8.0,8.0
CLI011892,0.0,9.0,0.0,0.0,0.0
CLI011893,10.0,7.0,0.0,6.0,7.5
CLI011894,8.0,0.0,8.0,9.0,8.0
CLI011895,7.0,0.0,0.0,8.0,0.0
CLI011896,0.0,8.0,0.0,0.0,0.0
CLI011897,7.0,0.0,7.0,0.0,0.0
CLI011898,0.0,7.0,9.0,0.0,0.0
CLI011900,8.0,0.0,8.0,0.0,7.0
CLI011901,8.333333333333334,0.0,0.0,8.0,7.0
CLI011902,7.5,8.0,7.0,0.0,0.0
CLI011903,0.0,0.0,0.0,8.0,0.0
CLI011904,0.0,10.0,9.0,0.0,0.0
CLI011905,9.0,0.0,0.0,0.0,0.0
CLI011906,0.0,0.0,0.0,8.0,0.0
CLI011907,0.0,10.0,0.0,8.0,10.0
CLI011908,0.0,8.0,0.0,8.0,0.0
CLI011909,0.0,7.0,0.0,8.0,8.0
CLI011910,0.0,0.0,0.0,0.0,7.0
CLI011911,0.0,0.0,0.0,8.0,7.0
CLI011912,8.0,0.0,9.0,0.0,0.0
CLI011913,0.0,0.0,0.0,0.0,8.0
CLI011914,8.0,0.0,0.0,9.0,8.0
CLI011915,0.0,8.0,9.0,0.0,0.0
CLI011916,0.0,0.0,8.0,0.0,0.0
CLI011917,7.5,0.0,9.0,0.0,0.0
CLI011920,7.5,9.0,0.0,7.0,0.0
CLI011921,0.0,0.0,0.0,0.0,9.0
CLI011922,0.0,9.0,0.0,7.0,0.0
CLI011923,0.0,0.0,0.0,9.0,0.0
CLI011925,0.0,9.0,8.0,0.0,8.0
CLI011926,8.666666666666666,0.0,0.0,7.0,0.0
CLI011927,0.0,0.0,10.0,0.0,0.0
CLI011928,7.0,7.0,0.0,0.0,0.0
CLI011929,0.0,8.0,0.0,10.0,0.0
CLI011930,0.0,0.0,0.0,0.0,9.0
CLI011931,0.0,0.0,0.0,8.0,8.0
CLI011932,0.0,9.0,0.0,9.0,0.0
CLI011933,0.0,0.0,0.0,0.0,9.0
CLI011934,0.0,9.0,0.0,6.5,0.0
CLI011935,0.0,9.0,7.0,0.0,6.0
CLI011936,0.0,0.0,0.0,9.5,0.0
CLI011938,0.0,0.0,8.0,0.0,0.0
CLI011939,0.0,0.0,7.0,0.0,9.0
CLI011940,8.0,9.0,0.0,9.0,0.0
CLI011941,8.0,7.5,0.0,0.0,7.5
CLI011942,0.0,0.0,9.0,8.0,0.0
CLI011943,9.0,0.0,8.0,7.0,0.0
CLI011944,0.0,0.0,0.0,8.0,8.5
CLI011945,7.0,0.0,0.0,9.0,0.0
CLI011946,0.0,0.0,8.0,9.0,0.0
CLI011947,0.0,8.5,0.0,0.0,10.0
CLI011948,0.0,0.0,0.0,0.0,8.0
CLI011949,0.0,0.0,0.0,8.0,8.333333333333334
CLI011950,0.0,0.0,7.0,7.0,9.0
CLI011951,0.0,0.0,0.0,8.333333333333334,9.0
CLI011952,0.0,0.0,9.0,0.0,0.0
CLI011953,0.0,8.333333333333334,0.0,0.0,0.0
CLI011954,7.5,0.0,0.0,8.0,8.4
CLI011955,8.0,7.0,0.0,9.0,0.0
CLI011956,0.0,0.0,0.0,7.0,8.5
CLI011957,8.0,0.0,0.0,0.0,9.0
CLI011958,9.0,0.0,0.0,7.0,0.0
CLI011959,8.0,7.0,8.0,0.0,8.0
CLI011960,0.0,10.0,9.0,0.0,0.0
CLI011961,7.0,0.0,0.0,9.0,0.0
CLI011962,0.0,8.0,0.0,0.0,9.0
CLI011963,0.0,0.0,0.0,8.0,8.0
CLI011964,9.0,8.0,9.0,0.0,7.0
CLI011965,0.0,0.0,7.0,0.0,9.0
CLI011967,0.0,8.0,0.0,0.0,0.0
CLI011968,0.0,0.0,8.0,0.0,0.0
CLI011969,0.0,6.0,10.0,0.0,8.5
CLI011970,0.0,8.5,9.0,0.0,7.0
CLI011971,0.0,0.0,9.0,0.0,7.0
CLI011972,0.0,0.0,8.0,0.0,7.0
CLI011973,8.0,0.0,9.0,0.0,0.0
CLI011974,0.0,7.0,0.0,0.0,8.0
CLI011975,0.0,8.0,0.0,0.0,8.5
CLI011976,0.0,8.0,9.0,0.0,0.0
CLI011977,0.0,0.0,0.0,0.0,8.0
CLI011978,6.5,7.5,0.0,9.0,0.0
CLI011980,0.0,0.0,8.0,0.0,0.0
CLI011981,0.0,7.5,0.0,8.0,0.0
CLI011982,0.0,8.0,8.0,8.0,9.0
CLI011983,9.0,0.0,0.0,0.0,0.0
CLI011984,0.0,0.0,0.0,7.0,8.0
CLI011985,0.0,0.0,0.0,10.0,8.0
CLI011986,0.0,0.0,8.0,8.0,10.0
CLI011987,0.0,0.0,8.0,9.0,0.0
CLI011988,0.0,8.5,7.5,7.5,0.0
CLI011989,0.0,0.0,0.0,6.0,0.0
CLI011990,0.0,0.0,0.0,0.0,8.0
CLI011991,0.0,8.0,0.0,0.0,7.0
CLI011992,7.0,0.0,0.0,0.0,0.0
CLI011993,0.0,0.0,7.0,0.0,0.0
CLI011995,0.0,8.0,0.0,0.0,0.0
CLI011996,8.0,7.0,8.5,9.0,7.5
CLI011997,0.0,8.0,7.0,8.0,7.0
CLI012000,0.0,0.0,0.0,0.0,8.5
CLI012001,0.0,0.0,7.0,0.0,0.0
CLI012002,7.0,0.0,0.0,0.0,0.0
CLI012003,0.0,0.0,9.0,9.0,0.0
CLI012004,8.0,0.0,8.0,0.0,0.0
CLI012005,0.0,0.0,0.0,0.0,9.0
CLI012006,0.0,9.0,0.0,0.0,0.0
CLI012007,0.0,0.0,0.0,0.0,9.0
CLI012008,9.333333333333334,0.0,0.0,8.0,7.0
CLI012009,0.0,8.0,0.0,8.0,0.0
CLI012010,9.0,8.0,0.0,0.0,0.0
CLI012012,0.0,8.0,0.0,7.0,9.0
CLI012014,9.0,0.0,0.0,0.0,7.0
CLI012015,8.0,7.0,0.0,0.0,0.0
CLI012017,8.5,0.0,0.0,0.0,9.0
CLI012018,0.0,6.0,9.0,8.0,8.0
CLI012019,9.0,0.0,8.0,0.0,0.0
CLI012020,0.0,8.0,7.0,0.0,8.0
CLI012021,0.0,0.0,9.0,7.0,0.0
CLI012022,0.0,8.0,0.0,0.0,0.0
CLI012023,10.0,7.0,7.0,8.0,0.0
CLI012024,0.0,9.0,9.0,9.0,0.0
CLI012025,0.0,0.0,0.0,8.0,0.0
CLI012026,0.0,6.0,0.0,0.0,0.0
CLI012027,7.0,0.0,8.0,0.0,0.0
CLI012028,0.0,0.0,9.0,9.0,0.0
CLI012029,0.0,8.0,9.0,0.0,0.0
CLI012030,8.0,8.0,8.0,0.0,9.0
CLI012031,0.0,7.0,0.0,0.0,9.0
CLI012033,0.0,9.0,8.0,0.0,0.0
CLI012034,0.0,0.0,0.0,8.0,0.0
CLI012035,0.0,0.0,7.0,0.0,8.25
CLI012036,0.0,7.0,0.0,0.0,0.0
CLI012037,7.0,8.0,0.0,0.0,0.0
CLI012038,0.0,0.0,10.0,0.0,0.0
CLI012040,0.0,0.0,9.0,0.0,0.0
CLI012041,0.0,8.0,0.0,8.0,0.0
CLI012042,10.0,0.0,0.0,9.0,9.0
CLI012043,0.0,9.0,9.0,0.0,8.0
CLI012044,7.0,0.0,8.5,0.0,10.0
CLI012045,0.0,0.0,0.0,10.0,0.0
CLI012046,0.0,8.0,0.0,9.0,0.0
CLI012048,0.0,7.0,0.0,0.0,0.0
CLI012049,0.0,0.0,0.0,0.0,8.0
CLI012051,9.0,8.0,0.0,0.0,9.0
CLI012052,0.0,8.0,8.75,8.0,0.0
CLI012053,9.0,8.5,9.0,8.0,0.0
CLI012054,7.0,9.0,0.0,0.0,0.0
CLI012055,0.0,0.0,0.0,0.0,8.0
CLI012056,0.0,9.0,9.0,0.0,0.0
CLI012057,7.5,9.0,0.0,10.0,0.0
CLI012058,9.0,0.0,0.0,0.0,0.0
CLI012059,8.0,0.0,0.0,0.0,0.0
CLI012060,0.0,0.0,7.0,0.0,9.0
CLI012061,0.0,0.0,9.0,0.0,0.0
CLI012062,0.0,7.0,0.0,0.0,0.0
CLI012063,8.0,0.0,0.0,0.0,0.0
CLI012064,0.0,10.0,0.0,0.0,10.0
CLI012065,0.0,0.0,0.0,7.0,0.0
CLI012066,0.0,9.0,8.0,8.0,0.0
CLI012067,0.0,9.0,0.0,0.0,0.0
CLI012068,0.0,9.0,9.0,0.0,0.0
CLI012069,0.0,0.0,8.0,0.0,8.0
CLI012070,8.0,7.5,0.0,0.0,7.0
CLI012071,8.0,0.0,0.0,8.0,8.5
CLI012072,0.0,0.0,0.0,9.0,7.0
CLI012073,0.0,0.0,8.0,0.0,0.0
CLI012074,6.0,0.0,9.0,0.0,0.0
CLI012077,0.0,8.0,0.0,7.0,0.0
CLI012078,0.0,10.0,0.0,9.0,0.0
CLI012079,9.0,10.0,0.0,7.5,0.0
CLI012080,0.0,0.0,0.0,0.0,8.0
CLI012082,0.0,0.0,0.0,8.0,0.0
CLI012083,0.0,8.0,10.0,0.0,0.0
CLI012084,0.0,0.0,10.0,8.0,0.0
CLI012085,0.0,0.0,8.0,0.0,7.0
CLI012086,8.0,0.0,0.0,0.0,8.0
CLI012087,0.0,9.0,0.0,0.0,0.0
CLI012089,0.0,0.0,0.0,8.0,8.0
CLI012090,0.0,8.0,8.0,8.0,7.0
CLI012091,0.0,8.0,0.0,0.0,0.0
CLI012092,9.0,0.0,7.0,0.0,0.0
CLI012093,0.0,9.0,0.0,8.0,0.0
CLI012094,0.0,7.0,0.0,0.0,0.0
CLI012095,0.0,9.0,7.5,9.0,0.0
CLI012096,0.0,8.0,0.0,0.0,8.0
CLI012098,0.0,0.0,0.0,10.0,0.0
CLI012099,8.5,9.0,0.0,0.0,0.0
CLI012100,7.5,0.0,7.0,0.0,0.0
CLI012101,6.0,9.0,0.0,8.0,0.0
CLI012102,0.0,0.0,0.0,0.0,7.0
CLI012103,8.0,0.0,10.0,8.0,8.0
CLI012104,0.0,7.0,10.0,7.0,0.0
CLI012105,0.0,10.0,8.0,0.0,0.0
CLI012106,0.0,9.0,0.0,7.0,0.0
CLI012107,0.0,0.0,0.0,9.0,0.0
CLI012108,0.0,8.0,0.0,0.0,0.0
CLI012109,0.0,0.0,0.0,7.0,9.0
CLI012111,9.0,8.0,9.0,0.0,8.0
CLI012112,0.0,0.0,0.0,0.0,9.0
CLI012113,7.0,8.5,0.0,9.0,0.0
CLI012114,8.0,8.0,0.0,8.0,0.0
CLI012115,8.0,0.0,0.0,9.0,9.0
CLI012116,0.0,6.0,9.0,0.0,7.0
CLI012117,7.5,0.0,10.0,7.0,8.0
CLI012118,9.0,7.0,8.0,0.0,0.0
CLI012119,0.0,10.0,0.0,0.0,0.0
CLI012120,0.0,0.0,0.0,9.0,0.0
CLI012121,0.0,8.0,7.0,0.0,7.0
CLI012122,7.0,8.0,0.0,0.0,8.5
CLI012123,0.0,0.0,9.0,8.333333333333334,0.0
CLI012124,8.0,0.0,8.0,7.0,9.0
CLI012125,9.0,0.0,7.5,0.0,0.0
CLI012126,0.0,0.0,0.0,7.0,0.0
CLI012127,8.0,7.0,8.0,10.0,0.0
CLI012129,0.0,8.0,8.0,0.0,0.0
CLI012130,0.0,9.0,9.0,0.0,0.0
CLI012131,0.0,0.0,0.0,0.0,9.0
CLI012132,0.0,9.0,8.0,0.0,8.0
CLI012133,7.0,0.0,0.0,8.0,8.0
CLI012134,0.0,0.0,8.0,0.0,7.0
CLI012135,9.5,0.0,8.5,0.0,0.0
CLI012136,6.0,0.0,8.0,0.0,8.0
CLI012137,8.0,9.0,0.0,0.0,9.0
CLI012138,0.0,8.5,0.0,10.0,8.0
CLI012139,9.0,0.0,8.0,0.0,8.0
CLI012141,0.0,0.0,8.333333333333334,0.0,0.0
CLI012142,8.0,0.0,0.0,7.0,0.0
CLI012143,8.5,8.0,8.0,0.0,0.0
CLI012144,9.0,0.0,0.0,0.0,8.0
CLI012145,8.0,0.0,0.0,0.0,0.0
CLI012146,0.0,0.0,0.0,8.0,0.0
CLI012147,8.0,0.0,0.0,9.0,9.0
CLI012148,10.0,0.0,8.0,0.0,8.0
CLI012149,0.0,0.0,0.0,9.0,0.0
CLI012150,7.0,0.0,0.0,0.0,0.0
CLI012151,0.0,9.0,0.0,0.0,7.0
CLI012152,0.0,7.0,0.0,8.0,0.0
CLI012153,0.0,6.0,0.0,8.0,0.0
CLI012154,0.0,9.0,9.0,0.0,6.0
CLI012155,8.0,9.0,9.0,7.0,0.0
CLI012156,8.0,0.0,0.0,0.0,8.0
CLI012157,0.0,0.0,7.0,0.0,8.5
CLI012158,0.0,0.0,7.0,0.0,0.0
CLI012159,10.0,8.0,6.0,0.0,8.0
CLI012161,0.0,9.0,0.0,0.0,0.0
CLI012162,0.0,0.0,0.0,7.0,0.0
CLI012163,7.5,0.0,0.0,9.0,0.0
CLI012164,0.0,6.0,0.0,8.0,0.0
CLI012165,0.0,10.0,10.0,0.0,10.0
CLI012166,0.0,0.0,0.0,8.0,10.0
CLI012167,10.0,0.0,0.0,0.0,0.0
CLI012168,8.0,8.5,7.0,0.0,8.0
CLI012169,8.0,8.0,0.0,0.0,0.0
CLI012170,0.0,7.0,8.0,6.5,0.0
CLI012171,9.0,0.0,0.0,0.0,0.0
CLI012172,0.0,0.0,0.0,8.0,0.0
CLI012173,0.0,6.0,0.0,8.0,8.0
CLI012174,0.0,7.0,0.0,0.0,8.0
CLI012175,0.0,0.0,0.0,0.0,8.0
CLI012176,9.0,8.0,0.0,0.0,0.0
CLI012177,0.0,0.0,0.0,0.0,9.0
CLI012178,9.0,8.0,6.0,0.0,9.0
CLI012179,0.0,0.0,7.0,0.0,0.0
CLI012180,9.0,0.0,0.0,7.0,0.0
CLI012181,0.0,0.0,8.0,0.0,0.0
CLI012183,0.0,0.0,9.0,0.0,0.0
CLI012184,10.0,0.0,0.0,0.0,9.0
CLI012185,0.0,0.0,0.0,0.0,8.5
CLI012186,0.0,8.0,9.0,7.0,8.0
CLI012187,0.0,9.0,0.0,0.0,0.0
CLI012188,8.0,0.0,10.0,0.0,10.0
CLI012189,0.0,0.0,0.0,0.0,9.0
CLI012190,0.0,9.0,8.0,0.0,0.0
CLI012191,9.0,7.0,0.0,0.0,8.0
CLI012192,0.0,0.0,0.0,8.0,0.0
CLI012193,0.0,8.0,8.5,0.0,8.5
CLI012194,0.0,0.0,9.0,0.0,0.0
CLI012195,7.333333333333333,7.0,0.0,0.0,7.0
CLI012196,8.0,0.0,0.0,0.0,0.0
CLI012197,0.0,0.0,0.0,9.0,7.5
CLI012198,7.0,0.0,0.0,0.0,0.0
CLI012200,0.0,0.0,0.0,9.0,0.0
CLI012201,7.0,0.0,0.0,0.0,8.0
CLI012203,7.0,0.0,8.0,8.333333333333334,0.0
CLI012205,0.0,0.0,0.0,8.0,7.0
CLI012206,8.0,8.0,0.0,0.0,10.0
CLI012207,9.0,0.0,0.0,0.0,9.0
CLI012209,9.0,0.0,7.0,8.0,0.0
CLI012210,7.0,8.0,8.0,9.0,8.0
CLI012211,7.0,0.0,0.0,0.0,0.0
CLI012212,0.0,0.0,0.0,0.0,10.0
CLI012213,7.0,9.0,0.0,0.0,7.5
CLI012214,0.0,9.0,8.0,8.0,0.0
CLI012215,8.5,8.0,0.0,0.0,0.0
CLI012216,0.0,0.0,10.0,0.0,0.0
CLI012217,7.0,9.0,6.0,9.0,8.0
CLI012219,8.0,9.0,0.0,8.0,7.0
CLI012220,7.0,0.0,0.0,0.0,0.0
CLI012221,0.0,0.0,0.0,7.5,7.0
CLI012222,0.0,0.0,0.0,0.0,7.0
CLI012223,0.0,0.0,9.5,0.0,0.0
CLI012224,0.0,0.0,0.0,0.0,8.5
CLI012225,7.0,7.0,0.0,0.0,8.0
CLI012226,0.0,8.5,0.0,0.0,0.0
CLI012227,0.0,0.0,0.0,0.0,9.0
CLI012228,8.0,8.0,9.0,8.0,0.0
CLI012229,0.0,0.0,6.0,9.0,7.0
CLI012230,0.0,10.0,0.0,0.0,0.0
CLI012231,0.0,8.0,0.0,0.0,0.0
CLI012232,0.0,0.0,0.0,8.0,0.0
CLI012233,9.0,9.0,8.0,0.0,0.0
CLI012235,0.0,10.0,7.0,7.0,0.0
CLI012238,8.0,0.0,0.0,0.0,9.0
CLI012239,7.0,0.0,9.0,0.0,0.0
CLI012240,9.0,0.0,10.0,8.0,0.0
CLI012241,7.0,7.0,8.0,9.0,0.0
CLI012242,8.0,7.0,0.0,0.0,0.0
CLI012243,8.0,8.5,0.0,0.0,0.0
CLI012244,8.5,0.0,0.0,8.0,7.0
CLI012245,7.0,0.0,8.0,8.0,0.0
CLI012246,8.0,0.0,9.0,9.0,0.0
CLI012247,0.0,0.0,0.0,0.0,8.0
CLI012248,0.0,8.0,8.0,8.0,0.0
CLI012250,10.0,8.0,10.0,9.0,9.0
CLI012251,7.0,0.0,8.0,9.0,8.0
CLI012252,9.0,7.0,8.0,0.0,0.0
CLI012253,0.0,9.0,0.0,0.0,0.0
CLI012254,0.0,0.0,8.0,7.0,0.0
CLI012255,0.0,10.0,8.0,0.0,9.0
CLI012257,0.0,9.0,0.0,0.0,0.0
CLI012258,7.0,0.0,8.0,0.0,0.0
CLI012259,0.0,0.0,0.0,7.0,0.0
CLI012260,0.0,8.0,10.0,0.0,0.0
CLI012261,0.0,10.0,0.0,10.0,10.0
CLI012262,8.0,9.0,8.0,0.0,0.0
CLI012263,8.666666666666666,6.0,0.0,0.0,0.0
CLI012264,0.0,0.0,0.0,8.0,0.0
CLI012265,0.0,7.0,0.0,0.0,0.0
CLI012266,0.0,9.0,0.0,0.0,0.0
CLI012267,7.0,0.0,7.5,8.0,0.0
CLI012268,9.0,8.0,0.0,0.0,0.0
CLI012269,0.0,0.0,0.0,7.0,0.0
CLI012270,0.0,8.0,0.0,10.0,0.0
CLI012271,0.0,0.0,0.0,9.0,0.0
CLI012272,0.0,8.0,8.0,0.0,0.0
CLI012273,8.5,9.0,0.0,7.0,0.0
CLI012274,8.0,7.0,8.333333333333334,0.0,8.0
CLI012275,9.0,9.0,8.5,8.0,0.0
CLI012276,9.0,0.0,8.0,0.0,0.0
CLI012278,7.0,0.0,8.0,7.0,8.5
CLI012279,0.0,0.0,8.0,8.0,0.0
CLI012280,0.0,6.0,7.0,0.0,0.0
CLI012281,9.0,0.0,9.0,0.0,8.0
CLI012282,0.0,8.0,9.0,9.0,0.0
CLI012283,8.0,0.0,8.0,0.0,0.0
CLI012284,8.0,0.0,0.0,0.0,0.0
CLI012285,0.0,0.0,0.0,9.0,8.0
CLI012286,0.0,0.0,0.0,0.0,9.0
CLI012287,7.0,0.0,0.0,0.0,10.0
CLI012288,0.0,0.0,8.0,10.0,8.0
CLI012289,8.0,8.0,9.0,0.0,7.0
CLI012290,7.0,0.0,0.0,0.0,0.0
CLI012291,8.0,0.0,0.0,6.0,0.0
CLI012293,0.0,0.0,0.0,0.0,7.0
CLI012294,0.0,9.0,0.0,0.0,0.0
CLI012295,0.0,8.0,0.0,0.0,8.0
CLI012296,9.0,7.0,8.0,8.0,0.0
CLI012297,0.0,7.0,0.0,0.0,0.0
CLI012298,0.0,7.0,0.0,0.0,6.0
CLI012299,0.0,8.5,0.0,0.0,0.0
CLI012300,0.0,0.0,0.0,8.0,0.0
CLI012301,8.0,0.0,7.0,0.0,0.0
CLI012302,0.0,0.0,9.0,0.0,0.0
CLI012303,8.0,0.0,0.0,0.0,6.0
CLI012304,0.0,0.0,7.0,9.0,0.0
CLI012305,0.0,0.0,0.0,8.0,8.0
CLI012306,7.5,0.0,8.0,0.0,0.0
CLI012307,7.0,0.0,7.75,7.5,9.0
CLI012308,9.0,0.0,0.0,0.0,0.0
CLI012309,9.0,0.0,0.0,8.0,0.0
CLI012313,0.0,0.0,0.0,0.0,8.0
CLI012314,0.0,0.0,8.0,0.0,0.0
CLI012315,0.0,8.5,0.0,7.0,0.0
CLI012316,0.0,0.0,9.0,0.0,0.0
CLI012318,0.0,0.0,0.0,8.5,9.0
CLI012320,0.0,7.5,8.0,0.0,7.0
CLI012321,0.0,0.0,6.0,0.0,7.0
CLI012322,9.0,0.0,0.0,6.0,8.0
CLI012323,0.0,10.0,8.0,0.0,0.0
CLI012324,0.0,0.0,0.0,9.0,8.0
CLI012325,9.0,0.0,8.0,0.0,0.0
CLI012326,9.0,8.0,0.0,9.0,0.0
CLI012327,7.0,0.0,0.0,0.0,8.0
CLI012328,8.0,0.0,9.0,0.0,7.0
CLI012329,0.0,9.0,0.0,0.0,8.0
CLI012330,0.0,0.0,8.0,0.0,0.0
CLI012331,8.0,0.0,0.0,8.0,0.0
CLI012332,8.0,7.0,0.0,0.0,0.0
CLI012333,8.5,7.0,0.0,10.0,0.0
CLI012334,6.0,0.0,9.0,0.0,0.0
CLI012335,8.0,9.0,0.0,0.0,7.5
CLI012336,0.0,0.0,0.0,0.0,10.0
CLI012337,7.0,0.0,8.5,0.0,7.0
CLI012339,0.0,0.0,8.0,0.0,0.0
CLI012341,0.0,0.0,0.0,7.0,9.0
CLI012342,0.0,0.0,0.0,0.0,7.0
CLI012343,0.0,0.0,9.0,6.0,0.0
CLI012344,8.0,0.0,7.0,9.0,0.0
CLI012345,9.0,0.0,8.0,0.0,9.0
CLI012347,8.0,0.0,0.0,8.0,0.0
CLI012348,0.0,7.666666666666667,0.0,0.0,0.0
CLI012349,0.0,7.0,0.0,0.0,0.0
CLI012350,0.0,7.0,0.0,9.0,0.0
CLI012351,0.0,0.0,6.0,9.0,0.0
CLI012352,0.0,0.0,7.0,0.0,0.0
CLI012353,0.0,0.0,0.0,0.0,8.0
CLI012354,0.0,8.0,0.0,7.5,0.0
CLI012355,0.0,8.0,8.0,8.0,8.5
CLI012356,0.0,9.0,0.0,8.0,0.0
CLI012357,0.0,0.0,10.0,0.0,8.0
CLI012358,10.0,9.0,0.0,8.0,0.0
CLI012359,9.0,0.0,9.0,0.0,0.0
CLI012360,0.0,8.5,0.0,0.0,7.0
CLI012361,0.0,7.0,0.0,0.0,0.0
CLI012362,9.0,7.0,0.0,7.0,0.0
CLI012364,8.0,0.0,0.0,9.0,0.0
CLI012365,8.0,0.0,0.0,0.0,8.0
CLI012366,0.0,0.0,0.0,9.0,9.0
CLI012367,8.0,0.0,0.0,9.0,0.0
CLI012368,0.0,0.0,0.0,0.0,7.0
CLI012369,0.0,0.0,7.0,0.0,0.0
CLI012370,8.0,0.0,0.0,8.0,0.0
CLI012371,0.0,6.0,0.0,0.0,9.0
CLI012372,0.0,0.0,0.0,7.0,8.0
CLI012373,8.0,0.0,0.0,8.0,0.0
CLI012374,0.0,0.0,0.0,8.0,0.0
CLI012375,7.5,8.0,0.0,0.0,0.0
CLI012376,8.0,7.0,0.0,0.0,0.0
CLI012377,7.0,9.0,7.5,0.0,7.0
CLI012378,0.0,0.0,8.0,0.0,0.0
CLI012379,0.0,0.0,7.5,7.0,0.0
CLI012380,0.0,0.0,0.0,8.0,0.0
CLI012381,0.0,9.0,0.0,8.0,0.0
CLI012382,8.0,8.0,9.0,0.0,9.0
CLI012383,0.0,0.0,0.0,9.0,0.0
CLI012384,0.0,8.0,8.0,0.0,7.0
CLI012385,8.0,9.0,0.0,0.0,0.0
CLI012386,8.0,0.0,9.0,0.0,0.0
CLI012387,7.0,0.0,8.333333333333334,0.0,8.0
CLI012388,0.0,0.0,0.0,7.0,0.0
CLI012389,7.0,0.0,0.0,0.0,0.0
CLI012390,7.0,8.0,0.0,0.0,8.5
CLI012391,10.0,9.0,0.0,9.0,0.0
CLI012392,0.0,6.0,8.0,9.0,0.0
CLI012393,8.0,9.0,0.0,0.0,0.0
CLI012394,0.0,9.0,9.0,0.0,0.0
CLI012395,0.0,0.0,7.0,0.0,9.0
CLI012396,0.0,0.0,8.0,0.0,0.0
CLI012397,9.0,9.0,7.5,0.0,8.0
CLI012398,8.0,0.0,8.0,0.0,0.0
CLI012399,0.0,9.0,0.0,8.0,0.0
CLI012400,9.0,0.0,0.0,8.0,0.0
CLI012401,0.0,8.5,8.5,0.0,0.0
CLI012402,0.0,9.0,0.0,0.0,0.0
CLI012403,0.0,7.0,0.0,0.0,0.0
CLI012404,10.0,9.0,7.0,0.0,10.0
CLI012405,8.0,0.0,8.0,0.0,8.0
CLI012406,0.0,0.0,0.0,0.0,8.0
CLI012407,0.0,8.0,0.0,9.0,0.0
CLI012409,8.0,0.0,0.0,0.0,0.0
CLI012410,8.666666666666666,0.0,7.0,9.0,0.0
CLI012411,7.333333333333333,9.0,0.0,9.0,0.0
CLI012412,7.666666666666667,0.0,8.0,9.0,8.0
CLI012413,0.0,8.0,0.0,0.0,10.0
CLI012414,0.0,10.0,8.0,9.0,7.0
CLI012415,9.0,0.0,8.0,10.0,0.0
CLI012416,7.0,0.0,7.5,9.0,8.0
CLI012417,8.5,0.0,0.0,0.0,8.0
CLI012418,0.0,0.0,10.0,6.0,7.0
CLI012420,0.0,0.0,8.0,0.0,8.0
CLI012421,9.0,10.0,0.0,0.0,9.0
CLI012422,0.0,0.0,9.0,7.0,0.0
CLI012423,0.0,0.0,0.0,7.0,0.0
CLI012425,0.0,7.0,0.0,0.0,8.0
CLI012426,0.0,8.0,8.0,0.0,0.0
CLI012427,8.0,8.0,0.0,8.0,0.0
CLI012428,0.0,7.0,0.0,0.0,0.0
CLI012429,0.0,0.0,7.0,9.0,0.0
CLI012430,7.5,0.0,0.0,0.0,0.0
CLI012431,0.0,0.0,10.0,0.0,0.0
CLI012433,0.0,0.0,0.0,9.0,8.0
CLI012435,8.0,9.0,9.0,8.0,0.0
CLI012436,8.0,0.0,7.0,0.0,0.0
CLI012437,0.0,8.5,0.0,0.0,0.0
CLI012438,0.0,0.0,9.0,0.0,0.0
CLI012439,0.0,7.0,0.0,10.0,9.0
CLI012440,0.0,10.0,0.0,0.0,10.0
CLI012441,9.0,0.0,0.0,9.0,0.0
CLI012442,10.0,8.0,9.0,0.0,0.0
CLI012444,7.666666666666667,8.0,0.0,0.0,0.0
CLI012445,0.0,8.5,0.0,0.0,6.0
CLI012446,9.0,9.0,7.0,8.0,0.0
CLI012447,0.0,0.0,0.0,10.0,0.0
CLI012448,0.0,0.0,0.0,0.0,9.0
CLI012450,8.0,0.0,0.0,0.0,0.0
CLI012451,9.0,7.333333333333333,0.0,9.0,0.0
CLI012452,0.0,0.0,7.0,0.0,0.0
CLI012453,0.0,0.0,8.0,0.0,0.0
CLI012454,8.0,0.0,0.0,0.0,8.5
CLI012455,0.0,0.0,9.0,0.0,0.0
CLI012456,0.0,7.0,0.0,0.0,0.0
CLI012457,9.0,0.0,0.0,0.0,8.0
CLI012458,0.0,9.0,0.0,9.0,0.0
CLI012459,7.0,9.0,10.0,0.0,0.0
CLI012460,8.0,0.0,0.0,0.0,0.0
CLI012461,8.0,9.0,0.0,0.0,8.0
CLI012462,7.0,8.0,8.0,7.0,7.0
CLI012464,0.0,0.0,8.0,0.0,0.0
CLI012465,0.0,8.0,8.0,0.0,0.0
CLI012468,7.0,9.0,7.0,0.0,0.0
CLI012469,0.0,8.0,0.0,9.0,0.0
CLI012470,0.0,0.0,9.0,7.5,8.0
CLI012471,0.0,0.0,0.0,10.0,0.0
CLI012472,7.5,8.0,0.0,0.0,0.0
CLI012473,9.0,0.0,8.0,8.0,8.0
CLI012474,8.0,8.0,8.333333333333334,0.0,0.0
CLI012475,0.0,0.0,7.0,0.0,0.0
CLI012476,0.0,10.0,8.0,0.0,0.0
CLI012477,0.0,7.0,7.0,7.0,8.0
CLI012478,8.0,0.0,7.5,9.0,7.0
CLI012480,7.0,8.0,9.0,8.0,0.0
CLI012481,0.0,0.0,7.0,8.5,0.0
CLI012482,8.0,8.0,0.0,6.0,0.0
CLI012483,8.0,0.0,0.0,0.0,8.0
CLI012484,0.0,8.0,0.0,0.0,9.0
CLI012485,0.0,0.0,0.0,8.333333333333334,0.0
CLI012486,0.0,7.0,9.0,7.0,0.0
CLI012487,0.0,0.0,8.333333333333334,0.0,0.0
CLI012488,0.0,0.0,0.0,0.0,8.0
CLI012489,8.0,0.0,10.0,0.0,0.0
CLI012490,7.0,8.0,9.0,0.0,0.0
CLI012491,0.0,0.0,0.0,0.0,8.0
CLI012492,9.0,9.0,10.0,9.0,0.0
CLI012493,10.0,0.0,0.0,0.0,0.0
CLI012494,0.0,9.5,0.0,9.0,8.0
CLI012495,0.0,0.0,7.0,9.0,0.0
CLI012497,9.0,9.0,0.0,0.0,0.0
CLI012498,8.0,0.0,8.0,9.0,7.0
CLI012499,0.0,8.0,0.0,9.0,0.0
CLI012500,8.0,0.0,8.0,7.0,9.0
CLI012501,0.0,0.0,0.0,0.0,8.0
CLI012502,0.0,0.0,0.0,0.0,8.5
CLI012503,8.5,0.0,0.0,0.0,0.0
CLI012504,8.0,9.0,7.0,0.0,8.0
CLI012506,0.0,0.0,9.0,7.0,0.0
CLI012507,0.0,0.0,9.0,8.0,0.0
CLI012508,0.0,0.0,0.0,8.0,8.0
CLI012510,0.0,0.0,0.0,0.0,9.0
CLI012511,0.0,0.0,8.0,10.0,0.0
CLI012512,7.0,8.0,9.0,0.0,0.0
CLI012513,9.0,0.0,0.0,8.5,0.0
CLI012514,0.0,0.0,0.0,6.5,0.0
CLI012515,0.0,0.0,7.0,0.0,9.0
CLI012516,8.333333333333334,7.0,7.0,10.0,9.0
CLI012517,0.0,8.5,0.0,0.0,0.0
CLI012518,0.0,0.0,6.0,0.0,0.0
CLI012519,0.0,0.0,8.5,0.0,0.0
CLI012520,9.0,9.0,0.0,7.0,0.0
CLI012521,7.0,0.0,0.0,8.0,9.0
CLI012522,0.0,0.0,0.0,7.5,0.0
CLI012524,0.0,8.0,0.0,7.0,8.0
CLI012525,9.0,0.0,0.0,0.0,0.0
CLI012526,7.5,8.5,0.0,0.0,6.5
CLI012527,10.0,9.0,7.5,10.0,0.0
CLI012528,7.0,8.0,8.0,0.0,0.0
CLI012529,9.0,0.0,0.0,0.0,8.0
CLI012531,7.0,8.0,0.0,0.0,0.0
CLI012532,0.0,0.0,7.5,0.0,0.0
CLI012533,0.0,8.5,0.0,7.0,0.0
CLI012534,0.0,0.0,0.0,8.333333333333334,0.0
CLI012535,8.75,7.0,0.0,0.0,7.5
CLI012536,0.0,9.0,0.0,9.0,0.0
CLI012538,8.0,7.0,0.0,7.5,9.0
CLI012539,0.0,9.0,0.0,7.666666666666667,8.0
CLI012540,8.0,0.0,0.0,9.0,0.0
CLI012541,0.0,8.0,7.0,9.0,0.0
CLI012542,8.0,0.0,0.0,0.0,0.0
CLI012543,8.0,10.0,9.0,9.0,8.5
CLI012544,0.0,7.0,0.0,0.0,8.0
CLI012545,8.0,0.0,8.0,8.0,0.0
CLI012546,7.5,9.0,0.0,8.666666666666666,0.0
CLI012547,0.0,0.0,8.0,0.0,0.0
CLI012548,0.0,7.0,0.0,7.0,8.0
CLI012549,7.0,0.0,0.0,7.0,0.0
CLI012550,0.0,0.0,0.0,8.0,0.0
CLI012551,7.5,9.0,7.0,9.0,7.0
CLI012552,9.0,7.0,0.0,8.0,0.0
CLI012553,0.0,0.0,0.0,8.0,0.0
CLI012554,8.5,0.0,8.666666666666666,0.0,0.0
CLI012556,8.0,8.0,0.0,0.0,0.0
CLI012557,0.0,0.0,0.0,8.0,9.0
CLI012558,0.0,9.0,10.0,7.0,0.0
CLI012559,0.0,8.5,0.0,0.0,0.0
CLI012560,0.0,0.0,0.0,8.0,0.0
CLI012561,8.0,0.0,0.0,0.0,0.0
CLI012562,9.0,0.0,0.0,0.0,0.0
CLI012563,7.0,0.0,0.0,0.0,0.0
CLI012564,8.0,0.0,0.0,8.0,0.0
CLI012565,8.0,9.0,8.0,8.0,0.0
CLI012566,0.0,0.0,0.0,8.0,0.0
CLI012567,7.5,0.0,0.0,8.0,9.0
CLI012568,9.0,9.0,0.0,8.0,0.0
CLI012569,0.0,0.0,0.0,10.0,7.0
CLI012570,8.0,0.0,0.0,0.0,8.0
CLI012572,0.0,0.0,0.0,7.666666666666667,7.0
CLI012573,0.0,8.0,0.0,0.0,7.0
CLI012574,0.0,8.0,0.0,0.0,10.0
CLI012575,0.0,0.0,8.0,0.0,0.0
CLI012576,7.0,0.0,8.0,7.0,0.0
CLI012577,9.0,8.0,0.0,0.0,0.0
CLI012581,0.0,9.0,0.0,10.0,8.5
CLI012582,8.0,0.0,0.0,0.0,0.0
CLI012583,0.0,8.0,7.0,0.0,6.0
CLI012585,8.0,0.0,0.0,7.0,0.0
CLI012586,0.0,0.0,8.0,9.0,0.0
CLI012587,8.333333333333334,7.666666666666667,8.0,0.0,0.0
CLI012588,0.0,0.0,8.5,9.0,0.0
CLI012589,9.0,7.0,7.0,0.0,8.0
CLI012590,8.0,0.0,7.0,8.0,0.0
CLI012591,10.0,0.0,0.0,9.5,8.0
CLI012592,0.0,6.0,0.0,9.0,0.0
CLI012594,7.0,0.0,0.0,7.5,0.0
CLI012595,0.0,0.0,0.0,0.0,8.0
CLI012598,8.5,9.0,0.0,8.0,9.0
CLI012599,0.0,9.0,0.0,0.0,7.5
CLI012600,0.0,0.0,0.0,9.0,0.0
CLI012601,0.0,0.0,0.0,7.333333333333333,0.0
CLI012602,9.0,0.0,7.0,9.0,0.0
CLI012603,0.0,0.0,0.0,0.0,8.0
CLI012604,0.0,0.0,8.0,9.0,8.0
CLI012605,0.0,8.0,8.0,0.0,8.0
CLI012606,0.0,0.0,7.0,0.0,8.0
CLI012607,9.0,0.0,0.0,0.0,0.0
CLI012609,0.0,0.0,9.0,0.0,10.0
CLI012611,8.0,0.0,8.0,7.0,7.0
CLI012612,0.0,8.0,0.0,0.0,0.0
CLI012613,0.0,0.0,0.0,9.0,7.0
CLI012614,0.0,0.0,7.0,9.0,8.5
CLI012615,0.0,0.0,8.0,0.0,10.0
CLI012616,8.0,0.0,0.0,9.0,0.0
CLI012617,0.0,9.0,0.0,7.0,0.0
CLI012619,0.0,0.0,0.0,9.5,7.0
CLI012620,0.0,7.0,8.0,0.0,0.0
CLI012621,6.0,0.0,0.0,0.0,0.0
CLI012622,0.0,0.0,8.0,0.0,10.0
CLI012623,0.0,0.0,0.0,0.0,9.0
CLI012624,7.0,0.0,0.0,8.0,0.0
CLI012626,0.0,9.0,0.0,0.0,9.5
CLI012627,0.0,0.0,0.0,9.0,0.0
CLI012628,8.0,9.0,7.0,8.0,0.0
CLI012629,7.0,8.0,0.0,7.0,0.0
CLI012630,0.0,8.5,0.0,8.5,9.0
CLI012631,0.0,0.0,0.0,9.0,7.0
CLI012632,0.0,0.0,8.0,0.0,0.0
CLI012633,0.0,9.0,0.0,0.0,8.0
CLI012634,8.0,0.0,0.0,10.0,0.0
CLI012635,0.0,0.0,8.0,0.0,0.0
CLI012637,8.0,8.0,9.0,0.0,8.0
CLI012638,9.0,0.0,9.0,7.0,9.5
CLI012639,8.0,0.0,0.0,8.0,0.0
CLI012640,0.0,0.0,0.0,7.0,0.0
CLI012641,0.0,0.0,0.0,8.0,0.0
CLI012642,0.0,0.0,0.0,8.0,0.0
CLI012643,0.0,0.0,8.0,7.0,0.0
CLI012644,0.0,0.0,0.0,8.0,0.0
CLI012645,0.0,0.0,9.0,0.0,0.0
CLI012646,9.0,0.0,0.0,0.0,0.0
CLI012647,8.0,0.0,0.0,0.0,0.0
CLI012648,7.0,0.0,8.5,6.0,8.0
CLI012649,0.0,0.0,0.0,8.0,0.0
CLI012650,9.0,7.0,8.0,0.0,0.0
CLI012652,8.0,0.0,0.0,8.0,0.0
CLI012653,7.5,8.0,8.0,0.0,7.0
CLI012654,8.0,8.0,0.0,7.0,10.0
CLI012655,8.0,0.0,0.0,10.0,0.0
CLI012656,9.0,10.0,8.0,8.0,0.0
CLI012657,0.0,0.0,9.0,9.0,8.0
CLI012658,0.0,0.0,0.0,8.0,8.5
CLI012659,0.0,9.0,8.0,7.0,7.0
CLI012661,8.0,0.0,0.0,0.0,7.0
CLI012662,0.0,0.0,0.0,0.0,8.0
CLI012663,0.0,9.0,0.0,0.0,7.0
CLI012664,0.0,7.0,0.0,0.0,0.0
CLI012665,0.0,8.0,0.0,0.0,9.0
CLI012666,0.0,0.0,7.0,0.0,8.0
CLI012667,6.0,7.0,0.0,7.5,0.0
CLI012668,0.0,0.0,0.0,10.0,7.0
CLI012669,0.0,8.0,0.0,7.0,9.0
CLI012670,8.0,9.0,7.5,0.0,0.0
CLI012671,0.0,0.0,9.0,0.0,0.0
CLI012672,8.0,0.0,0.0,0.0,0.0
CLI012674,9.0,0.0,0.0,0.0,7.0
CLI012675,9.0,0.0,9.0,9.0,8.0
CLI012677,6.0,8.0,10.0,7.0,9.0
CLI012679,0.0,8.0,0.0,9.0,0.0
CLI012681,9.0,9.0,10.0,0.0,0.0
CLI012683,0.0,8.0,0.0,0.0,0.0
CLI012684,8.0,0.0,0.0,8.0,0.0
CLI012685,9.0,7.0,0.0,7.0,9.0
CLI012687,0.0,0.0,8.0,0.0,8.0
CLI012688,0.0,0.0,0.0,8.0,9.0
CLI012689,0.0,10.0,0.0,0.0,0.0
CLI012691,8.0,0.0,9.0,0.0,0.0
CLI012692,8.0,0.0,0.0,8.0,0.0
CLI012693,9.0,7.0,0.0,0.0,0.0
CLI012694,0.0,7.0,8.0,9.0,0.0
CLI012695,0.0,0.0,0.0,9.0,0.0
CLI012696,7.0,6.0,0.0,7.0,8.0
CLI012697,10.0,8.0,0.0,0.0,0.0
CLI012698,0.0,0.0,0.0,8.0,0.0
CLI012699,0.0,9.0,7.0,0.0,0.0
CLI012700,0.0,8.0,0.0,0.0,0.0
CLI012701,9.0,0.0,7.0,0.0,9.0
CLI012703,0.0,0.0,8.0,8.0,0.0
CLI012704,7.0,0.0,0.0,0.0,0.0
CLI012705,0.0,7.0,9.0,0.0,0.0
CLI012706,0.0,9.0,0.0,0.0,0.0
CLI012707,0.0,8.0,0.0,0.0,0.0
CLI012708,0.0,0.0,0.0,9.0,8.0
CLI012709,8.0,0.0,0.0,8.0,0.0
CLI012711,0.0,0.0,8.0,8.0,0.0
CLI012712,8.0,0.0,10.0,9.0,0.0
CLI012713,8.0,0.0,9.0,9.0,0.0
CLI012714,8.0,7.0,0.0,8.0,8.0
CLI012715,0.0,0.0,0.0,7.0,0.0
CLI012716,9.0,0.0,0.0,0.0,8.0
CLI012717,9.0,0.0,0.0,0.0,0.0
CLI012718,0.0,9.0,7.0,0.0,0.0
CLI012719,0.0,9.0,8.0,0.0,9.0
CLI012720,8.0,0.0,6.0,6.5,7.5
CLI012721,0.0,0.0,9.0,0.0,0.0
CLI012722,9.0,0.0,0.0,9.0,0.0
CLI012723,0.0,9.0,7.0,8.666666666666666,9.0
CLI012724,6.0,0.0,8.5,0.0,0.0
CLI012725,8.0,8.0,10.0,0.0,0.0
CLI012726,7.5,7.0,0.0,0.0,9.0
CLI012728,0.0,0.0,8.5,9.0,0.0
CLI012729,0.0,9.0,0.0,0.0,0.0
CLI012730,6.0,0.0,0.0,7.0,0.0
CLI012731,0.0,0.0,10.0,7.0,8.0
CLI012732,7.5,9.0,0.0,9.0,0.0
CLI012733,7.0,0.0,0.0,7.0,9.0
CLI012734,9.0,0.0,0.0,0.0,0.0
CLI012735,7.0,0.0,8.0,10.0,9.0
CLI012736,9.5,7.666666666666667,8.0,0.0,0.0
CLI012737,0.0,8.0,0.0,0.0,0.0
CLI012738,0.0,0.0,8.0,8.0,0.0
CLI012739,8.0,0.0,8.0,0.0,8.0
CLI012740,0.0,0.0,0.0,0.0,9.0
CLI012741,0.0,8.0,8.0,0.0,9.0
CLI012742,8.0,0.0,8.0,0.0,0.0
CLI012743,0.0,9.0,0.0,0.0,0.0
CLI012744,9.0,0.0,8.0,0.0,0.0
CLI012745,8.0,0.0,0.0,0.0,8.0
CLI012746,8.0,10.0,0.0,0.0,0.0
CLI012749,7.0,0.0,0.0,0.0,7.0
CLI012750,10.0,0.0,8.0,0.0,8.0
CLI012751,0.0,8.0,9.0,8.0,7.0
CLI012753,0.0,7.0,0.0,0.0,8.0
CLI012754,0.0,0.0,0.0,0.0,8.0
CLI012755,0.0,9.0,9.0,0.0,0.0
CLI012756,0.0,0.0,9.0,8.0,0.0
CLI012757,0.0,0.0,0.0,0.0,9.0
CLI012758,8.0,7.0,8.0,9.0,0.0
CLI012759,8.0,0.0,9.0,8.0,0.0
CLI012760,0.0,7.0,0.0,0.0,0.0
CLI012762,10.0,0.0,9.0,0.0,0.0
CLI012763,0.0,9.0,7.0,8.333333333333334,0.0
CLI012764,8.0,10.0,0.0,0.0,0.0
CLI012765,0.0,0.0,8.0,0.0,0.0
CLI012766,0.0,0.0,7.5,0.0,8.0
CLI012767,0.0,0.0,0.0,8.0,0.0
CLI012768,0.0,8.0,0.0,0.0,10.0
CLI012769,0.0,10.0,8.0,8.0,8.0
CLI012770,0.0,8.0,0.0,0.0,7.0
CLI012771,8.0,0.0,0.0,9.0,0.0
CLI012772,0.0,0.0,0.0,7.0,0.0
CLI012773,0.0,0.0,0.0,9.0,0.0
CLI012774,0.0,0.0,8.0,0.0,9.0
CLI012775,0.0,0.0,9.0,0.0,0.0
CLI012777,0.0,8.333333333333334,0.0,0.0,0.0
CLI012778,0.0,0.0,6.0,8.5,0.0
CLI012779,7.5,0.0,9.0,0.0,7.0
CLI012780,0.0,0.0,8.0,0.0,0.0
CLI012781,8.0,0.0,8.0,8.0,0.0
CLI012782,0.0,0.0,0.0,0.0,8.0
CLI012784,0.0,7.5,0.0,0.0,0.0
CLI012785,0.0,7.666666666666667,0.0,0.0,0.0
CLI012786,0.0,0.0,0.0,9.0,0.0
CLI012787,9.0,0.0,8.0,0.0,0.0
CLI012788,0.0,0.0,7.0,8.0,0.0
CLI012789,0.0,0.0,9.0,8.0,0.0
CLI012790,0.0,0.0,7.5,0.0,8.0
CLI012791,7.0,8.0,0.0,0.0,0.0
CLI012792,9.0,0.0,7.5,9.5,0.0
CLI012793,9.0,0.0,9.0,9.0,0.0
CLI012794,7.0,8.0,0.0,0.0,8.0
CLI012795,0.0,0.0,0.0,0.0,8.0
CLI012796,6.5,0.0,8.0,0.0,0.0
CLI012798,9.0,8.0,0.0,0.0,7.0
CLI012799,0.0,0.0,0.0,9.0,0.0
CLI012800,0.0,0.0,7.0,8.0,0.0
CLI012802,0.0,0.0,8.0,0.0,8.0
CLI012803,0.0,9.0,0.0,0.0,8.0
CLI012804,0.0,0.0,10.0,0.0,0.0
CLI012805,8.0,8.0,0.0,0.0,0.0
CLI012807,0.0,0.0,0.0,9.0,7.0
CLI012808,8.0,0.0,0.0,0.0,0.0
CLI012809,0.0,9.0,0.0,0.0,9.0
CLI012810,0.0,0.0,0.0,0.0,6.0
CLI012811,0.0,0.0,7.0,8.0,0.0
CLI012812,9.0,0.0,0.0,7.0,8.0
CLI012813,8.0,8.0,9.0,0.0,8.0
CLI012814,8.0,8.0,8.0,0.0,0.0
CLI012815,0.0,0.0,0.0,7.5,0.0
CLI012817,8.0,0.0,0.0,0.0,0.0
CLI012818,7.0,8.0,9.0,7.0,7.0
CLI012819,0.0,8.25,8.0,0.0,0.0
CLI012820,0.0,0.0,0.0,7.0,0.0
CLI012821,0.0,0.0,8.0,0.0,0.0
CLI012822,8.0,0.0,8.0,6.5,0.0
CLI012824,0.0,0.0,0.0,0.0,7.0
CLI012825,0.0,9.0,9.0,9.0,0.0
CLI012826,0.0,0.0,8.0,8.0,7.0
CLI012827,10.0,7.0,0.0,0.0,8.0
CLI012828,0.0,8.333333333333334,0.0,0.0,0.0
CLI012829,0.0,0.0,0.0,0.0,8.0
CLI012830,0.0,8.0,0.0,8.0,0.0
CLI012831,9.0,0.0,0.0,10.0,8.0
CLI012833,8.0,0.0,0.0,0.0,0.0
CLI012834,8.0,0.0,0.0,8.0,0.0
CLI012835,0.0,7.0,7.0,9.0,8.0
CLI012836,0.0,0.0,0.0,0.0,7.0
CLI012837,8.0,0.0,0.0,0.0,0.0
CLI012838,0.0,7.0,0.0,0.0,0.0
CLI012839,0.0,0.0,8.0,9.0,7.5
CLI012840,0.0,0.0,7.0,10.0,0.0
CLI012841,0.0,0.0,0.0,0.0,9.0
CLI012842,8.0,0.0,7.0,0.0,9.0
CLI012843,8.0,7.0,0.0,8.0,0.0
CLI012844,0.0,0.0,0.0,0.0,8.0
CLI012846,8.0,0.0,0.0,0.0,0.0
CLI012847,9.0,0.0,0.0,7.0,9.0
CLI012848,9.0,0.0,0.0,8.0,0.0
CLI012849,8.0,8.0,0.0,0.0,8.5
CLI012850,7.0,0.0,0.0,9.0,8.0
CLI012851,0.0,0.0,8.0,7.0,0.0
CLI012852,6.0,0.0,0.0,8.0,0.0
CLI012853,0.0,8.5,8.0,7.5,0.0
CLI012855,0.0,0.0,7.5,0.0,8.0
CLI012856,0.0,7.0,0.0,0.0,0.0
CLI012857,0.0,7.0,7.5,10.0,0.0
CLI012858,0.0,9.0,0.0,0.0,0.0
CLI012859,0.0,0.0,9.0,0.0,8.0
CLI012860,0.0,0.0,10.0,7.5,7.0
CLI012861,0.0,0.0,7.0,0.0,7.0
CLI012862,9.0,0.0,0.0,8.0,0.0
CLI012863,8.333333333333334,0.0,8.0,7.0,0.0
CLI012864,8.0,8.5,0.0,8.5,7.5
CLI012865,0.0,9.0,6.0,0.0,7.5
CLI012866,0.0,0.0,0.0,0.0,8.0
CLI012867,9.0,0.0,0.0,0.0,8.0
CLI012868,8.5,0.0,0.0,0.0,8.0
CLI012869,10.0,0.0,0.0,10.0,7.0
CLI012870,0.0,8.0,9.0,0.0,0.0
CLI012872,0.0,8.0,0.0,8.0,0.0
CLI012873,0.0,0.0,8.0,0.0,7.0
CLI012874,0.0,0.0,0.0,0.0,7.0
CLI012875,8.0,0.0,0.0,8.0,0.0
CLI012877,0.0,0.0,7.666666666666667,0.0,0.0
CLI012878,0.0,9.0,0.0,0.0,0.0
CLI012879,0.0,0.0,0.0,8.0,0.0
CLI012880,0.0,9.5,8.0,0.0,0.0
CLI012881,7.5,0.0,8.0,0.0,8.0
CLI012882,0.0,0.0,7.0,0.0,0.0
CLI012883,0.0,0.0,0.0,8.0,0.0
CLI012884,8.0,0.0,0.0,8.0,7.0
CLI012885,7.0,0.0,0.0,0.0,0.0
CLI012886,8.0,0.0,0.0,0.0,0.0
CLI012887,0.0,0.0,8.0,0.0,0.0
CLI012888,0.0,8.0,9.0,7.5,10.0
CLI012890,0.0,0.0,10.0,0.0,0.0
CLI012891,9.0,8.5,8.0,0.0,7.0
CLI012892,0.0,0.0,0.0,9.0,0.0
CLI012893,0.0,0.0,0.0,6.0,7.0
CLI012894,0.0,8.5,8.0,0.0,0.0
CLI012895,0.0,9.5,6.0,0.0,0.0
CLI012896,8.0,0.0,0.0,8.0,0.0
CLI012897,7.0,0.0,8.0,0.0,0.0
CLI012898,0.0,8.0,9.0,8.0,8.0
CLI012899,0.0,0.0,7.5,7.0,0.0
CLI012900,0.0,0.0,0.0,0.0,8.0
CLI012901,0.0,0.0,0.0,7.0,8.0
CLI012902,0.0,0.0,0.0,8.0,0.0
CLI012903,0.0,8.0,0.0,7.0,0.0
CLI012904,0.0,0.0,8.5,0.0,7.0
CLI012905,8.0,8.0,0.0,0.0,9.0
CLI012907,8.0,0.0,0.0,8.0,0.0
CLI012909,0.0,7.5,0.0,0.0,7.0
CLI012910,8.0,9.0,0.0,8.0,10.0
CLI012911,0.0,0.0,0.0,9.0,0.0
CLI012912,8.0,9.0,7.5,8.0,8.0
CLI012913,8.0,0.0,8.0,0.0,0.0
CLI012914,0.0,0.0,8.0,0.0,0.0
CLI012915,8.0,0.0,6.0,0.0,0.0
CLI012917,0.0,8.5,0.0,0.0,0.0
CLI012918,8.0,0.0,0.0,0.0,0.0
CLI012919,7.0,8.0,9.0,7.0,8.0
CLI012920,0.0,9.0,0.0,0.0,9.0
CLI012921,8.0,0.0,0.0,0.0,0.0
CLI012922,0.0,9.0,8.5,0.0,7.0
CLI012923,0.0,8.0,0.0,0.0,0.0
CLI012924,9.0,8.0,10.0,0.0,8.5
CLI012925,6.0,7.0,8.0,7.0,0.0
CLI012926,0.0,0.0,0.0,8.0,8.5
CLI012927,0.0,0.0,9.0,0.0,0.0
CLI012928,0.0,6.0,8.0,0.0,8.0
CLI012929,0.0,9.0,7.0,0.0,0.0
CLI012930,0.0,0.0,0.0,0.0,8.0
CLI012931,7.0,8.0,0.0,8.0,0.0
CLI012932,7.5,8.5,0.0,0.0,8.0
CLI012935,8.5,7.0,0.0,8.0,0.0
CLI012936,0.0,0.0,8.0,8.0,8.5
CLI012937,0.0,0.0,8.5,0.0,0.0
CLI012938,0.0,0.0,9.0,0.0,7.0
CLI012939,0.0,0.0,8.0,8.0,0.0
CLI012940,8.0,0.0,7.0,8.0,0.0
CLI012941,0.0,9.0,0.0,8.0,8.0
CLI012942,0.0,0.0,10.0,7.5,0.0
CLI012943,6.0,8.0,8.0,9.0,8.5
CLI012944,0.0,8.0,7.0,0.0,0.0
CLI012945,0.0,9.0,8.0,7.0,0.0
CLI012946,8.0,8.0,8.0,0.0,0.0
CLI012947,7.0,7.0,8.0,0.0,0.0
CLI012948,0.0,0.0,7.0,7.5,9.0
CLI012949,0.0,0.0,0.0,10.0,7.0
CLI012950,0.0,8.0,0.0,7.0,0.0
CLI012951,8.333333333333334,0.0,0.0,0.0,0.0
CLI012952,0.0,9.0,0.0,8.0,0.0
CLI012953,0.0,0.0,8.0,8.0,0.0
CLI012954,0.0,0.0,0.0,8.0,9.0
CLI012955,0.0,0.0,0.0,9.0,8.0
CLI012956,0.0,0.0,0.0,10.0,0.0
CLI012958,0.0,8.0,0.0,9.0,0.0
CLI012960,0.0,7.0,8.0,9.0,0.0
CLI012961,7.0,9.0,9.0,0.0,0.0
CLI012962,0.0,8.0,0.0,0.0,0.0
CLI012963,10.0,9.0,0.0,7.0,0.0
CLI012964,0.0,0.0,0.0,0.0,8.0
CLI012965,0.0,7.5,8.0,0.0,7.5
CLI012966,8.333333333333334,0.0,8.0,7.0,0.0
CLI012967,0.0,0.0,0.0,9.0,0.0
CLI012968,0.0,7.0,0.0,7.0,7.0
CLI012969,0.0,9.0,0.0,0.0,9.0
CLI012970,0.0,0.0,0.0,0.0,8.0
CLI012971,8.0,10.0,0.0,0.0,0.0
CLI012972,0.0,8.0,8.0,0.0,7.0
CLI012973,0.0,10.0,8.0,0.0,0.0
CLI012974,0.0,0.0,0.0,10.0,0.0
CLI012975,8.0,8.0,0.0,9.0,0.0
CLI012976,9.0,0.0,0.0,0.0,0.0
CLI012977,0.0,0.0,0.0,0.0,8.5
CLI012978,9.0,9.0,0.0,0.0,7.5
CLI012979,9.0,7.5,6.0,7.5,0.0
CLI012980,0.0,0.0,0.0,0.0,6.0
CLI012981,9.0,0.0,0.0,0.0,9.0
CLI012982,0.0,0.0,0.0,7.0,10.0
CLI012983,8.0,0.0,0.0,0.0,0.0
CLI012984,0.0,7.0,0.0,0.0,8.0
CLI012985,0.0,7.0,7.5,0.0,0.0
CLI012986,7.666666666666667,0.0,0.0,0.0,0.0
CLI012987,0.0,9.0,9.0,0.0,9.0
CLI012988,0.0,0.0,7.5,0.0,0.0
CLI012989,8.0,8.0,0.0,0.0,8.0
CLI012990,0.0,0.0,10.0,0.0,0.0
CLI012991,9.0,7.5,6.0,0.0,0.0
CLI012992,9.0,9.0,8.0,8.0,8.0
CLI012993,9.0,0.0,0.0,0.0,0.0
CLI012994,8.0,0.0,0.0,0.0,0.0
CLI012995,0.0,0.0,8.0,0.0,0.0
CLI012996,9.0,0.0,0.0,7.0,0.0
CLI012997,8.0,8.0,7.0,0.0,0.0
CLI012998,8.5,0.0,0.0,0.0,0.0
CLI012999,8.0,0.0,0.0,0.0,0.0
CLI013000,0.0,8.0,8.0,0.0,0.0
CLI013001,9.0,8.0,0.0,0.0,0.0
CLI013002,0.0,9.0,0.0,0.0,9.0
CLI013003,8.0,9.0,9.0,7.0,0.0
CLI013004,7.5,6.0,0.0,8.0,9.0
CLI013005,9.0,0.0,0.0,8.0,9.0
CLI013006,7.0,8.5,0.0,10.0,0.0
CLI013007,10.0,8.0,9.0,6.5,10.0
CLI013009,8.0,0.0,0.0,0.0,0.0
CLI013010,7.0,0.0,0.0,0.0,0.0
CLI013011,9.0,8.5,0.0,0.0,0.0
CLI013013,0.0,0.0,10.0,9.0,0.0
CLI013014,8.0,0.0,0.0,8.0,6.0
CLI013015,0.0,0.0,9.0,9.0,8.5
CLI013016,9.0,0.0,0.0,0.0,0.0
CLI013018,7.0,8.0,0.0,0.0,9.0
CLI013019,8.0,0.0,0.0,7.5,0.0
CLI013020,0.0,9.0,8.0,0.0,8.0
CLI013021,8.5,0.0,0.0,8.5,0.0
CLI013025,0.0,0.0,7.0,0.0,8.0
CLI013026,7.0,0.0,7.0,9.0,0.0
CLI013027,0.0,7.0,0.0,8.0,0.0
CLI013029,0.0,0.0,9.0,6.0,0.0
CLI013030,0.0,9.0,0.0,0.0,0.0
CLI013031,8.0,0.0,8.0,0.0,0.0
CLI013032,0.0,0.0,0.0,8.0,6.0
CLI013033,0.0,0.0,0.0,0.0,8.5
CLI013034,0.0,8.666666666666666,8.0,0.0,9.0
CLI013035,0.0,0.0,9.0,0.0,8.0
CLI013036,0.0,0.0,8.0,9.0,9.0
CLI013037,8.5,8.0,9.0,0.0,0.0
CLI013038,8.0,10.0,0.0,0.0,7.0
CLI013039,8.0,0.0,0.0,0.0,7.0
CLI013040,0.0,0.0,10.0,10.0,8.0
CLI013041,0.0,0.0,9.0,8.0,0.0
CLI013042,9.0,0.0,0.0,0.0,0.0
CLI013043,0.0,0.0,0.0,0.0,8.0
CLI013044,0.0,7.0,8.0,0.0,0.0
CLI013045,0.0,8.0,0.0,8.0,0.0
CLI013046,7.5,0.0,9.0,9.0,0.0
CLI013047,7.5,0.0,9.0,0.0,0.0
CLI013048,0.0,8.0,0.0,0.0,8.5
CLI013049,8.0,10.0,0.0,8.0,0.0
CLI013050,8.0,0.0,6.0,0.0,0.0
CLI013051,0.0,8.0,0.0,0.0,8.0
CLI013052,9.5,8.0,0.0,8.0,8.0
CLI013053,8.0,0.0,0.0,8.5,8.0
CLI013054,0.0,0.0,9.0,8.0,0.0
CLI013055,0.0,0.0,8.0,0.0,7.0
CLI013056,8.0,8.5,0.0,0.0,6.0
CLI013057,0.0,8.0,0.0,0.0,0.0
CLI013058,0.0,9.0,0.0,0.0,0.0
CLI013059,9.0,0.0,0.0,0.0,0.0
CLI013061,7.0,8.0,0.0,0.0,6.0
CLI013062,7.0,0.0,0.0,8.0,0.0
CLI013063,0.0,0.0,8.0,0.0,8.0
CLI013064,0.0,0.0,8.0,7.0,9.0
CLI013065,7.0,0.0,7.5,0.0,9.0
CLI013066,0.0,0.0,0.0,0.0,7.0
CLI013067,0.0,9.0,0.0,6.0,8.0
CLI013069,0.0,9.0,7.0,0.0,0.0
CLI013070,0.0,0.0,0.0,0.0,7.0
CLI013072,6.0,0.0,0.0,0.0,0.0
CLI013073,8.0,0.0,0.0,0.0,0.0
CLI013074,7.0,0.0,0.0,8.5,8.0
CLI013075,8.5,0.0,0.0,0.0,9.0
CLI013076,0.0,0.0,0.0,0.0,7.0
CLI013077,10.0,0.0,8.0,7.0,0.0
CLI013078,9.0,0.0,0.0,7.0,0.0
CLI013080,0.0,0.0,0.0,8.0,8.0
CLI013081,0.0,0.0,0.0,0.0,8.0
CLI013082,0.0,7.25,8.0,7.0,0.0
CLI013083,0.0,0.0,7.0,0.0,8.0
CLI013084,8.0,0.0,0.0,7.0,0.0
CLI013085,7.0,0.0,0.0,7.0,0.0
CLI013086,7.0,9.0,8.0,9.0,0.0
CLI013087,0.0,9.0,0.0,8.0,0.0
CLI013089,0.0,0.0,9.0,0.0,9.0
CLI013090,0.0,0.0,8.5,7.0,0.0
CLI013091,0.0,0.0,0.0,8.0,7.0
CLI013092,0.0,0.0,0.0,10.0,0.0
CLI013093,0.0,0.0,10.0,0.0,0.0
CLI013094,0.0,0.0,7.0,0.0,0.0
CLI013095,7.0,0.0,7.0,0.0,0.0
CLI013096,0.0,9.0,7.0,0.0,0.0
CLI013097,0.0,8.0,9.0,0.0,0.0
CLI013098,0.0,9.0,0.0,0.0,7.0
CLI013099,8.0,0.0,9.0,0.0,9.0
CLI013100,7.5,8.0,0.0,0.0,0.0
CLI013101,0.0,0.0,10.0,8.5,0.0
CLI013102,9.0,0.0,9.0,8.5,8.0
CLI013103,8.0,0.0,0.0,0.0,0.0
CLI013104,0.0,0.0,0.0,7.0,0.0
CLI013105,9.0,0.0,0.0,7.0,0.0
CLI013106,0.0,8.0,7.0,0.0,8.0
CLI013108,0.0,8.0,8.0,0.0,7.0
CLI013109,0.0,0.0,0.0,8.0,8.0
CLI013110,0.0,6.0,8.0,0.0,7.0
CLI013111,9.0,0.0,0.0,0.0,0.0
CLI013112,10.0,0.0,0.0,0.0,7.0
CLI013114,0.0,7.0,0.0,0.0,0.0
CLI013115,0.0,0.0,0.0,0.0,8.333333333333334
CLI013116,0.0,0.0,7.0,0.0,0.0
CLI013117,9.0,10.0,8.0,0.0,8.0
CLI013118,7.5,0.0,0.0,0.0,0.0
CLI013119,0.0,0.0,0.0,9.0,0.0
CLI013120,8.5,8.0,0.0,0.0,0.0
CLI013121,0.0,10.0,0.0,0.0,0.0
CLI013122,0.0,0.0,0.0,8.5,0.0
CLI013123,6.5,8.0,0.0,6.0,0.0
CLI013124,0.0,0.0,0.0,0.0,8.0
CLI013125,0.0,7.0,7.0,8.0,8.5
CLI013126,9.0,0.0,0.0,9.0,9.0
CLI013127,9.0,0.0,0.0,0.0,0.0
CLI013128,9.0,0.0,8.0,6.0,0.0
CLI013129,0.0,8.0,7.5,8.0,0.0
CLI013130,9.0,7.0,8.0,9.0,9.0
CLI013131,0.0,8.5,7.0,8.0,0.0
CLI013132,6.0,8.0,0.0,0.0,0.0
CLI013134,7.0,9.0,0.0,0.0,0.0
CLI013135,0.0,8.0,0.0,0.0,0.0
CLI013136,0.0,0.0,0.0,8.0,0.0
CLI013137,8.0,0.0,0.0,0.0,0.0
CLI013138,8.333333333333334,0.0,0.0,9.0,0.0
CLI013139,0.0,0.0,8.0,8.0,0.0
CLI013140,0.0,0.0,0.0,8.5,0.0
CLI013142,0.0,8.0,0.0,7.0,0.0
CLI013143,0.0,7.0,7.0,0.0,10.0
CLI013144,8.0,0.0,0.0,0.0,7.0
CLI013145,8.0,0.0,8.0,0.0,7.5
CLI013147,9.0,0.0,8.5,0.0,9.0
CLI013148,9.0,0.0,9.0,0.0,8.0
CLI013149,9.0,0.0,0.0,0.0,0.0
CLI013150,8.0,7.0,0.0,9.0,0.0
CLI013151,0.0,0.0,0.0,8.0,8.0
CLI013152,9.0,0.0,0.0,0.0,8.0
CLI013153,8.0,7.0,0.0,7.0,6.0
CLI013155,9.0,8.0,0.0,0.0,0.0
CLI013156,8.0,9.0,0.0,9.0,8.0
CLI013157,9.0,9.0,0.0,7.5,0.0
CLI013158,0.0,8.333333333333334,10.0,0.0,9.0
CLI013159,0.0,9.0,10.0,0.0,0.0
CLI013160,0.0,0.0,8.0,0.0,8.0
CLI013162,9.0,0.0,0.0,0.0,0.0
CLI013163,0.0,0.0,0.0,0.0,9.5
CLI013165,8.0,0.0,9.0,7.5,0.0
CLI013166,0.0,0.0,9.0,0.0,0.0
CLI013167,6.0,0.0,0.0,7.0,0.0
CLI013168,10.0,0.0,8.0,9.0,0.0
CLI013169,0.0,9.0,0.0,0.0,0.0
CLI013170,0.0,0.0,0.0,9.0,0.0
CLI013171,0.0,0.0,7.0,10.0,7.5
CLI013172,0.0,7.0,0.0,7.0,7.0
CLI013173,0.0,0.0,0.0,0.0,7.5
CLI013174,0.0,0.0,0.0,9.0,9.0
CLI013175,0.0,8.0,0.0,0.0,0.0
CLI013176,0.0,0.0,0.0,9.0,8.0
CLI013177,9.0,9.0,0.0,8.0,7.0
CLI013179,7.0,0.0,0.0,0.0,0.0
CLI013180,7.666666666666667,0.0,0.0,8.0,0.0
CLI013181,8.0,0.0,0.0,0.0,9.0
CLI013182,0.0,0.0,9.0,8.5,8.0
CLI013183,6.0,0.0,0.0,9.0,0.0
CLI013184,0.0,0.0,0.0,9.0,0.0
CLI013185,8.0,0.0,8.5,0.0,8.0
CLI013186,7.0,9.0,0.0,8.0,7.0
CLI013187,0.0,10.0,0.0,0.0,0.0
CLI013188,0.0,6.0,0.0,7.0,8.0
CLI013189,7.5,10.0,7.5,0.0,9.0
CLI013190,0.0,0.0,7.0,0.0,0.0
CLI013192,0.0,0.0,0.0,0.0,8.0
CLI013193,0.0,0.0,0.0,0.0,8.0
CLI013194,6.0,0.0,8.0,0.0,0.0
CLI013195,7.5,0.0,0.0,0.0,0.0
CLI013196,0.0,9.0,0.0,7.5,0.0
CLI013197,0.0,0.0,0.0,9.0,0.0
CLI013198,0.0,0.0,7.666666666666667,0.0,0.0
CLI013199,0.0,0.0,8.0,8.0,7.0
CLI013200,0.0,0.0,7.0,0.0,9.0
CLI013201,0.0,0.0,8.0,7.0,0.0
CLI013203,0.0,8.0,0.0,9.0,8.0
CLI013204,0.0,0.0,0.0,0.0,7.0
CLI013205,0.0,0.0,0.0,9.0,8.0
CLI013206,9.0,0.0,7.0,6.0,0.0
CLI013207,7.0,6.0,7.0,0.0,0.0
CLI013208,0.0,0.0,9.0,7.0,0.0
CLI013209,9.0,0.0,0.0,0.0,0.0
CLI013210,0.0,0.0,8.0,8.0,8.0
CLI013212,0.0,9.0,7.0,0.0,0.0
CLI013213,0.0,9.0,0.0,0.0,8.0
CLI013214,9.0,7.5,8.0,8.0,0.0
CLI013215,6.0,0.0,0.0,0.0,7.5
CLI013216,0.0,8.5,0.0,8.0,8.5
CLI013217,9.0,0.0,0.0,9.0,8.0
CLI013218,0.0,0.0,9.0,9.0,8.0
CLI013219,9.0,0.0,10.0,0.0,0.0
CLI013220,0.0,0.0,8.0,8.0,0.0
CLI013221,0.0,7.0,0.0,0.0,0.0
CLI013222,0.0,0.0,10.0,0.0,0.0
CLI013223,0.0,0.0,8.0,8.0,7.0
CLI013224,0.0,0.0,0.0,7.0,9.0
CLI013225,8.0,0.0,0.0,0.0,9.0
CLI013227,0.0,0.0,0.0,0.0,8.0
CLI013228,0.0,0.0,8.0,0.0,0.0
CLI013229,8.0,0.0,0.0,8.5,7.0
CLI013230,9.0,0.0,9.0,0.0,0.0
CLI013231,0.0,0.0,0.0,10.0,8.0
CLI013232,9.0,0.0,8.0,0.0,0.0
CLI013233,0.0,0.0,0.0,0.0,8.0
CLI013234,0.0,9.0,0.0,0.0,0.0
CLI013235,0.0,0.0,8.0,7.0,0.0
CLI013236,10.0,0.0,0.0,0.0,0.0
CLI013237,0.0,8.0,9.0,0.0,0.0
CLI013238,0.0,8.0,7.5,8.0,0.0
CLI013239,8.0,9.0,0.0,0.0,0.0
CLI013240,0.0,9.5,8.0,0.0,0.0
CLI013241,8.0,0.0,7.0,0.0,0.0
CLI013242,9.0,0.0,8.0,0.0,8.0
CLI013243,0.0,0.0,0.0,0.0,9.0
CLI013244,0.0,8.5,0.0,8.0,0.0
CLI013245,7.0,10.0,0.0,0.0,9.0
CLI013246,7.0,0.0,0.0,0.0,0.0
CLI013247,0.0,9.333333333333334,8.5,0.0,0.0
CLI013248,0.0,7.0,10.0,0.0,6.5
CLI013249,8.0,0.0,9.0,7.0,9.0
CLI013250,0.0,9.0,0.0,0.0,0.0
CLI013251,7.0,0.0,0.0,0.0,10.0
CLI013253,10.0,8.0,0.0,8.0,0.0
CLI013254,0.0,0.0,9.0,0.0,0.0
CLI013255,9.0,0.0,0.0,0.0,0.0
CLI013256,8.0,8.0,0.0,8.25,8.0
CLI013257,0.0,7.333333333333333,8.0,9.0,0.0
CLI013258,0.0,0.0,7.0,0.0,0.0
CLI013259,0.0,7.0,0.0,0.0,8.0
CLI013260,7.0,0.0,0.0,0.0,0.0
CLI013262,7.0,0.0,8.0,0.0,0.0
CLI013264,8.0,0.0,0.0,10.0,7.0
CLI013265,0.0,8.0,7.0,0.0,9.0
CLI013266,0.0,8.0,9.0,0.0,8.0
CLI013268,7.333333333333333,8.0,0.0,0.0,0.0
CLI013269,0.0,9.0,0.0,7.5,0.0
CLI013270,0.0,0.0,0.0,10.0,10.0
CLI013271,9.0,10.0,0.0,0.0,0.0
CLI013272,0.0,7.5,8.0,8.0,0.0
CLI013273,0.0,9.0,0.0,7.5,7.5
CLI013274,0.0,9.0,0.0,8.5,0.0
CLI013275,0.0,8.0,0.0,7.0,8.0
CLI013276,0.0,0.0,0.0,7.0,0.0
CLI013277,0.0,7.0,0.0,0.0,0.0
CLI013278,0.0,9.0,0.0,0.0,9.5
CLI013279,8.0,8.0,9.0,0.0,0.0
CLI013280,0.0,0.0,0.0,0.0,9.0
CLI013281,0.0,0.0,8.0,9.0,8.0
CLI013282,0.0,0.0,0.0,9.0,8.0
CLI013283,0.0,7.0,7.0,0.0,0.0
CLI013285,0.0,0.0,0.0,9.0,0.0
CLI013286,7.0,0.0,0.0,10.0,0.0
CLI013287,9.0,0.0,0.0,0.0,0.0
CLI013288,0.0,0.0,8.5,8.0,8.0
CLI013289,9.0,0.0,0.0,0.0,7.0
CLI013290,9.0,0.0,0.0,0.0,9.5
CLI013291,8.0,0.0,0.0,0.0,9.0
CLI013292,8.0,0.0,0.0,9.0,0.0
CLI013293,0.0,9.0,0.0,0.0,0.0
CLI013295,0.0,9.0,0.0,0.0,0.0
CLI013296,0.0,0.0,0.0,0.0,9.0
CLI013297,8.0,8.666666666666666,0.0,0.0,0.0
CLI013298,0.0,7.0,7.0,9.0,0.0
CLI013299,10.0,0.0,0.0,9.0,0.0
CLI013300,9.0,0.0,9.0,0.0,0.0
CLI013301,7.0,0.0,0.0,0.0,9.0
CLI013302,8.0,0.0,8.0,7.0,7.0
CLI013303,0.0,0.0,9.0,0.0,9.0
CLI013304,7.0,0.0,9.0,9.0,0.0
CLI013305,9.0,8.0,0.0,7.5,0.0
CLI013306,8.0,7.0,9.0,0.0,10.0
CLI013307,0.0,0.0,8.0,7.0,0.0
CLI013308,0.0,0.0,0.0,0.0,8.0
CLI013309,8.0,0.0,0.0,0.0,0.0
CLI013310,0.0,9.0,0.0,0.0,0.0
CLI013311,8.0,0.0,0.0,10.0,0.0
CLI013312,0.0,0.0,0.0,10.0,9.0
CLI013313,0.0,0.0,0.0,8.0,0.0
CLI013314,0.0,0.0,0.0,8.0,0.0
CLI013315,9.0,0.0,9.0,8.0,0.0
CLI013316,0.0,0.0,8.0,0.0,0.0
CLI013317,9.0,9.0,0.0,0.0,0.0
CLI013318,0.0,7.0,0.0,0.0,0.0
CLI013319,7.0,8.0,0.0,0.0,0.0
CLI013320,8.0,0.0,8.0,0.0,0.0
CLI013321,0.0,0.0,0.0,0.0,9.0
CLI013322,0.0,0.0,0.0,8.0,0.0
CLI013323,8.0,0.0,0.0,0.0,0.0
CLI013324,8.0,8.0,8.0,0.0,8.0
CLI013325,8.0,8.0,0.0,9.0,0.0
CLI013326,8.0,8.333333333333334,0.0,0.0,0.0
CLI013327,9.0,8.0,0.0,0.0,7.0
CLI013328,0.0,0.0,0.0,0.0,10.0
CLI013329,0.0,9.0,0.0,9.0,9.0
CLI013331,7.0,8.0,0.0,0.0,0.0
CLI013332,9.0,0.0,0.0,7.0,0.0
CLI013333,0.0,0.0,0.0,8.5,0.0
CLI013335,0.0,0.0,0.0,7.333333333333333,0.0
CLI013336,0.0,0.0,0.0,7.0,0.0
CLI013337,7.0,0.0,0.0,8.0,0.0
CLI013338,0.0,0.0,8.5,0.0,7.0
CLI013339,0.0,0.0,9.0,7.0,7.0
CLI013340,8.0,0.0,0.0,8.0,0.0
CLI013341,0.0,0.0,0.0,7.0,0.0
CLI013344,0.0,9.0,0.0,0.0,0.0
CLI013345,10.0,0.0,0.0,0.0,8.0
CLI013346,7.0,0.0,9.0,0.0,0.0
CLI013347,0.0,10.0,9.0,10.0,0.0
CLI013348,0.0,0.0,8.0,7.0,7.0
CLI013349,0.0,0.0,0.0,0.0,8.0
CLI013350,0.0,7.5,0.0,0.0,9.0
CLI013351,0.0,8.0,0.0,0.0,0.0
CLI013352,0.0,8.0,0.0,0.0,0.0
CLI013353,8.5,0.0,0.0,0.0,0.0
CLI013354,0.0,0.0,9.0,9.0,0.0
CLI013355,9.0,0.0,8.333333333333334,7.0,0.0
CLI013356,0.0,8.0,0.0,0.0,0.0
CLI013357,0.0,8.0,0.0,0.0,7.5
CLI013358,0.0,0.0,0.0,0.0,7.0
CLI013359,0.0,8.0,8.0,9.0,7.0
CLI013360,0.0,0.0,7.5,9.0,0.0
CLI013361,8.5,9.0,8.5,8.0,8.0
CLI013362,8.0,0.0,8.0,0.0,0.0
CLI013363,7.0,8.0,0.0,0.0,9.0
CLI013364,8.0,0.0,9.0,8.0,8.0
CLI013365,0.0,8.0,0.0,0.0,0.0
CLI013368,0.0,8.0,0.0,8.0,8.0
CLI013369,0.0,0.0,8.0,0.0,0.0
CLI013370,9.0,8.5,0.0,8.333333333333334,8.0
CLI013371,8.0,0.0,8.5,0.0,0.0
CLI013373,9.0,0.0,0.0,9.0,0.0
CLI013374,8.0,8.0,0.0,0.0,0.0
CLI013375,0.0,0.0,8.0,0.0,8.0
CLI013376,0.0,8.0,0.0,0.0,8.0
CLI013377,0.0,0.0,0.0,0.0,8.0
CLI013378,0.0,8.0,0.0,0.0,0.0
CLI013379,0.0,7.0,0.0,8.0,0.0
CLI013381,7.0,0.0,0.0,9.5,0.0
CLI013382,8.0,6.0,0.0,7.0,0.0
CLI013383,0.0,9.0,0.0,0.0,6.666666666666667
CLI013384,0.0,7.0,0.0,0.0,0.0
CLI013385,8.0,0.0,0.0,0.0,0.0
CLI013386,0.0,0.0,8.0,0.0,0.0
CLI013387,0.0,8.0,0.0,9.0,0.0
CLI013389,10.0,0.0,8.0,0.0,7.5
CLI013390,0.0,0.0,0.0,7.0,0.0
CLI013391,8.0,0.0,0.0,0.0,0.0
CLI013392,0.0,8.0,0.0,0.0,9.0
CLI013393,0.0,0.0,9.0,9.0,0.0
CLI013394,0.0,0.0,0.0,7.0,8.0
CLI013395,8.0,7.0,7.0,0.0,0.0
CLI013396,0.0,0.0,0.0,0.0,6.0
CLI013397,0.0,0.0,7.333333333333333,0.0,8.0
CLI013398,0.0,8.0,0.0,0.0,0.0
CLI013399,0.0,9.0,0.0,0.0,0.0
CLI013400,8.0,0.0,8.25,0.0,8.0
CLI013401,0.0,0.0,0.0,8.0,8.0
CLI013402,8.0,0.0,0.0,8.5,10.0
CLI013403,8.0,9.0,0.0,0.0,0.0
CLI013405,9.0,0.0,0.0,0.0,0.0
CLI013406,0.0,0.0,0.0,0.0,10.0
CLI013407,0.0,8.0,7.0,10.0,8.0
CLI013408,0.0,0.0,7.666666666666667,0.0,7.0
CLI013409,0.0,7.0,9.0,0.0,0.0
CLI013410,0.0,7.333333333333333,8.0,0.0,0.0
CLI013412,8.0,0.0,0.0,8.0,8.0
CLI013414,0.0,0.0,9.0,7.0,0.0
CLI013415,7.0,0.0,0.0,8.0,0.0
CLI013416,0.0,8.0,0.0,0.0,0.0
CLI013417,0.0,7.0,0.0,0.0,0.0
CLI013418,8.0,0.0,8.0,9.0,0.0
CLI013419,9.0,8.0,0.0,7.0,7.0
CLI013420,8.0,0.0,8.0,0.0,0.0
CLI013421,9.0,0.0,0.0,0.0,0.0
CLI013422,0.0,0.0,0.0,9.0,0.0
CLI013423,9.0,9.0,0.0,0.0,9.0
CLI013424,0.0,0.0,8.0,0.0,0.0
CLI013425,0.0,8.0,0.0,0.0,0.0
CLI013426,0.0,0.0,9.0,8.0,0.0
CLI013427,0.0,0.0,0.0,7.0,9.0
CLI013428,0.0,9.0,0.0,0.0,0.0
CLI013429,8.0,0.0,0.0,0.0,7.0
CLI013431,0.0,0.0,9.0,9.0,0.0
CLI013432,8.0,0.0,0.0,0.0,8.0
CLI013433,8.0,0.0,7.5,0.0,9.0
CLI013434,0.0,0.0,7.0,0.0,6.0
CLI013436,0.0,0.0,0.0,9.0,8.0
CLI013438,8.0,9.0,0.0,0.0,0.0
CLI013439,9.0,0.0,8.0,0.0,9.0
CLI013440,7.5,0.0,0.0,0.0,0.0
CLI013441,0.0,8.0,0.0,0.0,0.0
CLI013442,0.0,0.0,8.0,6.0,0.0
CLI013446,7.0,0.0,0.0,0.0,7.0
CLI013447,0.0,0.0,7.0,0.0,0.0
CLI013448,8.0,0.0,9.0,0.0,0.0
CLI013449,7.0,8.0,7.0,0.0,9.0
CLI013450,0.0,8.0,0.0,8.0,9.0
CLI013451,0.0,0.0,0.0,0.0,7.0
CLI013452,0.0,0.0,8.0,0.0,9.0
CLI013453,0.0,7.0,0.0,0.0,8.0
CLI013454,0.0,0.0,9.0,0.0,10.0
CLI013455,8.0,0.0,0.0,0.0,0.0
CLI013456,10.0,0.0,0.0,9.0,0.0
CLI013458,8.0,7.5,0.0,0.0,0.0
CLI013459,9.0,7.0,7.0,8.5,0.0
CLI013461,0.0,9.0,7.0,8.5,8.0
CLI013462,0.0,0.0,0.0,8.0,0.0
CLI013463,0.0,0.0,0.0,0.0,9.0
CLI013464,0.0,8.0,0.0,8.0,0.0
CLI013465,0.0,0.0,0.0,8.0,0.0
CLI013467,8.0,0.0,9.0,0.0,8.5
CLI013468,7.5,7.0,7.0,0.0,0.0
CLI013469,0.0,0.0,9.0,8.0,6.0
CLI013470,0.0,0.0,0.0,0.0,8.0
CLI013471,0.0,8.0,0.0,0.0,7.0
CLI013472,9.0,0.0,9.0,0.0,7.0
CLI013473,0.0,0.0,8.0,10.0,0.0
CLI013474,7.0,0.0,0.0,0.0,8.0
CLI013475,9.0,8.0,0.0,0.0,0.0
CLI013476,0.0,0.0,0.0,6.0,8.0
CLI013477,0.0,7.0,9.0,0.0,8.0
CLI013478,0.0,10.0,7.5,7.0,0.0
CLI013479,0.0,0.0,0.0,8.0,0.0
CLI013480,8.0,0.0,0.0,0.0,0.0
CLI013481,0.0,8.5,9.5,0.0,0.0
CLI013482,8.0,9.0,0.0,8.0,0.0
CLI013483,0.0,0.0,0.0,0.0,8.0
CLI013484,0.0,0.0,0.0,8.0,7.5
CLI013485,9.0,7.0,0.0,0.0,7.666666666666667
CLI013486,7.5,0.0,0.0,0.0,0.0
CLI013487,0.0,0.0,9.0,8.0,0.0
CLI013489,0.0,0.0,0.0,8.0,0.0
CLI013490,8.0,9.0,9.0,8.0,8.0
CLI013491,0.0,8.0,0.0,8.0,9.0
CLI013492,8.0,8.0,0.0,0.0,9.0
CLI013493,0.0,0.0,0.0,0.0,10.0
CLI013494,0.0,0.0,0.0,0.0,6.0
CLI013495,7.0,0.0,0.0,0.0,0.0
CLI013496,8.0,9.0,0.0,0.0,0.0
CLI013497,0.0,0.0,9.0,10.0,0.0
CLI013499,0.0,0.0,0.0,0.0,8.0
CLI013500,0.0,8.0,8.75,8.0,8.0
CLI013501,0.0,10.0,0.0,7.0,0.0
CLI013502,7.0,0.0,9.0,0.0,0.0
CLI013503,0.0,7.0,9.0,8.0,6.0
CLI013504,7.0,0.0,8.0,0.0,0.0
CLI013505,8.0,7.0,8.0,0.0,0.0
CLI013506,7.666666666666667,0.0,0.0,0.0,0.0
CLI013507,0.0,8.0,7.5,7.0,8.5
CLI013508,9.0,0.0,9.0,0.0,0.0
CLI013509,8.0,0.0,0.0,8.0,8.0
CLI013510,7.0,0.0,0.0,0.0,0.0
CLI013511,0.0,0.0,9.0,6.0,7.0
CLI013512,0.0,0.0,6.0,9.0,7.0
CLI013513,7.0,0.0,9.0,0.0,0.0
CLI013514,0.0,0.0,0.0,8.0,8.0
CLI013515,0.0,7.0,0.0,0.0,7.0
CLI013516,0.0,8.0,0.0,8.5,0.0
CLI013517,0.0,7.0,0.0,0.0,0.0
CLI013518,8.0,0.0,0.0,0.0,0.0
CLI013519,9.0,0.0,0.0,0.0,7.5
CLI013521,0.0,8.0,0.0,0.0,0.0
CLI013522,0.0,9.0,8.0,0.0,0.0
CLI013523,8.0,9.0,0.0,0.0,8.0
CLI013524,8.0,6.0,7.0,0.0,8.0
CLI013525,0.0,8.0,0.0,9.0,7.0
CLI013526,0.0,9.0,0.0,8.0,0.0
CLI013527,0.0,9.0,8.0,0.0,0.0
CLI013528,0.0,0.0,0.0,8.0,0.0
CLI013529,0.0,0.0,0.0,8.0,0.0
CLI013530,7.0,0.0,0.0,8.0,0.0
CLI013531,0.0,8.0,0.0,0.0,0.0
CLI013532,7.0,0.0,0.0,0.0,0.0
CLI013533,7.0,8.0,0.0,8.0,0.0
CLI013534,0.0,9.0,0.0,10.0,0.0
CLI013535,10.0,0.0,10.0,0.0,8.5
CLI013536,0.0,8.0,8.5,0.0,0.0
CLI013537,8.0,8.5,0.0,7.0,0.0
CLI013538,0.0,8.0,0.0,0.0,7.0
CLI013539,7.0,0.0,0.0,0.0,8.666666666666666
CLI013540,7.0,9.0,0.0,0.0,8.0
CLI013541,0.0,0.0,0.0,9.0,0.0
CLI013542,0.0,9.0,0.0,7.0,10.0
CLI013543,0.0,0.0,8.0,0.0,0.0
CLI013544,8.0,0.0,0.0,0.0,0.0
CLI013545,0.0,7.0,0.0,0.0,9.0
CLI013546,0.0,0.0,0.0,9.0,9.0
CLI013547,8.0,8.0,8.0,8.0,0.0
CLI013548,9.0,0.0,8.0,0.0,0.0
CLI013549,0.0,10.0,9.0,0.0,8.0
CLI013550,8.0,0.0,0.0,0.0,0.0
CLI013551,0.0,0.0,7.0,0.0,9.0
CLI013552,9.0,0.0,7.0,9.0,0.0
CLI013553,0.0,9.0,0.0,9.0,0.0
CLI013554,0.0,0.0,7.0,0.0,0.0
CLI013555,0.0,9.0,0.0,8.0,0.0
CLI013556,0.0,8.0,0.0,8.0,0.0
CLI013557,8.0,7.0,0.0,7.0,8.0
CLI013558,9.0,8.0,7.0,0.0,0.0
CLI013559,7.0,0.0,0.0,0.0,0.0
CLI013560,7.0,0.0,0.0,0.0,0.0
CLI013561,0.0,0.0,0.0,7.0,0.0
CLI013562,0.0,9.0,9.0,7.0,0.0
CLI013564,0.0,9.0,9.0,0.0,0.0
CLI013565,0.0,7.0,8.0,9.0,0.0
CLI013566,0.0,7.5,0.0,0.0,8.0
CLI013569,0.0,0.0,9.5,0.0,7.0
CLI013570,0.0,0.0,8.0,0.0,0.0
CLI013571,0.0,0.0,0.0,9.5,8.0
CLI013572,0.0,6.0,0.0,7.0,0.0
CLI013573,0.0,8.0,0.0,9.0,0.0
CLI013574,8.0,6.0,0.0,7.0,0.0
CLI013576,0.0,0.0,6.0,8.0,0.0
CLI013577,0.0,8.0,0.0,7.5,8.0
CLI013578,8.0,9.0,8.5,0.0,8.0
CLI013579,8.0,0.0,0.0,8.0,0.0
CLI013580,8.0,0.0,9.0,0.0,9.5
CLI013581,0.0,7.0,0.0,9.0,0.0
CLI013582,0.0,9.0,0.0,0.0,0.0
CLI013584,0.0,0.0,7.0,0.0,0.0
CLI013585,8.0,0.0,7.5,0.0,0.0
CLI013586,0.0,8.0,7.0,0.0,7.0
CLI013587,0.0,7.0,8.0,7.5,0.0
CLI013588,0.0,8.0,9.0,0.0,0.0
CLI013589,0.0,0.0,7.0,0.0,0.0
CLI013590,9.0,0.0,10.0,0.0,8.0
CLI013591,0.0,0.0,8.0,7.0,0.0
CLI013592,0.0,7.0,6.0,9.0,0.0
CLI013593,8.0,0.0,0.0,0.0,0.0
CLI013594,8.0,8.0,0.0,0.0,0.0
CLI013596,7.0,0.0,0.0,8.0,8.0
CLI013597,9.0,7.0,9.0,10.0,0.0
CLI013598,7.0,0.0,9.0,0.0,9.0
CLI013599,7.0,0.0,0.0,0.0,9.0
CLI013600,8.0,8.0,9.0,0.0,0.0
CLI013601,8.0,9.0,0.0,0.0,8.0
CLI013602,0.0,0.0,0.0,7.0,8.666666666666666
CLI013604,0.0,9.0,0.0,8.0,6.0
CLI013605,0.0,8.0,8.0,0.0,7.0
CLI013606,0.0,0.0,10.0,8.0,0.0
CLI013607,0.0,0.0,7.0,0.0,0.0
CLI013608,7.5,0.0,0.0,0.0,8.0
CLI013609,0.0,7.0,0.0,7.5,0.0
CLI013610,0.0,0.0,0.0,8.0,0.0
CLI013611,0.0,0.0,0.0,9.0,7.0
CLI013612,0.0,8.0,8.0,7.0,0.0
CLI013613,9.0,0.0,0.0,0.0,0.0
CLI013614,8.0,9.0,8.5,0.0,0.0
CLI013615,0.0,0.0,8.5,0.0,0.0
CLI013616,9.0,9.0,0.0,8.0,0.0
CLI013617,9.0,0.0,9.0,0.0,0.0
CLI013618,0.0,7.0,0.0,0.0,8.0
CLI013621,0.0,7.5,0.0,0.0,0.0
CLI013622,8.0,0.0,0.0,9.0,0.0
CLI013623,0.0,0.0,8.0,7.5,0.0
CLI013624,7.5,9.0,0.0,0.0,8.0
CLI013626,0.0,8.0,0.0,0.0,8.0
CLI013627,0.0,0.0,9.0,0.0,0.0
CLI013628,0.0,0.0,0.0,6.0,10.0
CLI013629,9.0,0.0,8.0,0.0,0.0
CLI013630,0.0,7.0,10.0,0.0,8.0
CLI013631,0.0,0.0,7.0,9.0,0.0
CLI013632,7.0,0.0,0.0,0.0,0.0
CLI013633,0.0,9.0,0.0,0.0,9.0
CLI013634,0.0,0.0,9.0,9.0,8.0
CLI013635,0.0,8.0,0.0,9.0,8.0
CLI013636,9.0,0.0,0.0,8.0,8.5
CLI013637,0.0,0.0,6.0,0.0,7.0
CLI013638,9.0,0.0,0.0,0.0,9.0
CLI013639,0.0,8.0,8.0,0.0,8.0
CLI013640,10.0,0.0,0.0,0.0,9.0
CLI013641,0.0,8.0,8.0,0.0,0.0
CLI013642,0.0,0.0,8.0,0.0,0.0
CLI013643,8.0,0.0,0.0,0.0,8.0
CLI013644,0.0,0.0,0.0,0.0,7.0
CLI013645,9.0,8.0,0.0,0.0,0.0
CLI013646,0.0,0.0,7.0,8.0,9.0
CLI013648,9.0,0.0,6.0,0.0,8.0
CLI013649,6.0,0.0,0.0,0.0,0.0
CLI013650,0.0,0.0,8.5,10.0,0.0
CLI013651,9.0,9.0,0.0,8.0,0.0
CLI013653,8.0,10.0,0.0,0.0,8.0
CLI013654,7.0,0.0,0.0,9.0,0.0
CLI013655,0.0,8.0,0.0,8.0,8.0
CLI013656,7.0,0.0,0.0,0.0,0.0
CLI013657,6.0,0.0,0.0,0.0,0.0
CLI013658,9.0,9.0,9.0,0.0,9.0
CLI013659,8.0,0.0,0.0,0.0,0.0
CLI013660,0.0,8.5,0.0,0.0,8.0
CLI013661,0.0,0.0,0.0,0.0,7.0
CLI013662,8.0,0.0,7.0,0.0,0.0
CLI013663,9.0,0.0,0.0,0.0,0.0
CLI013664,0.0,0.0,0.0,0.0,7.5
CLI013665,8.0,7.0,0.0,0.0,0.0
CLI013666,8.0,0.0,9.0,0.0,0.0
CLI013667,8.5,0.0,0.0,0.0,0.0
CLI013668,8.0,8.0,0.0,0.0,9.0
CLI013669,8.0,0.0,0.0,0.0,0.0
CLI013670,9.0,7.0,8.0,0.0,0.0
CLI013671,8.0,0.0,8.0,0.0,7.0
CLI013672,0.0,0.0,0.0,7.0,0.0
CLI013673,0.0,0.0,7.5,0.0,0.0
CLI013674,7.0,0.0,0.0,0.0,6.0
CLI013676,7.0,0.0,0.0,0.0,0.0
CLI013677,0.0,0.0,0.0,0.0,8.0
CLI013678,0.0,8.0,0.0,8.0,8.0
CLI013679,0.0,9.0,0.0,0.0,0.0
CLI013680,7.0,8.0,0.0,0.0,0.0
CLI013681,0.0,0.0,9.0,0.0,7.5
CLI013682,8.0,0.0,9.0,0.0,0.0
CLI013683,0.0,0.0,9.0,0.0,10.0
CLI013684,0.0,0.0,7.5,8.0,0.0
CLI013685,7.0,9.0,8.25,0.0,0.0
CLI013686,0.0,8.0,0.0,0.0,7.0
CLI013687,9.0,0.0,9.0,0.0,0.0
CLI013688,0.0,8.0,6.0,0.0,9.0
CLI013689,0.0,0.0,0.0,0.0,7.0
CLI013690,0.0,0.0,0.0,0.0,8.0
CLI013691,0.0,8.0,0.0,8.666666666666666,0.0
CLI013692,10.0,8.0,8.0,0.0,0.0
CLI013693,8.0,0.0,0.0,0.0,0.0
CLI013694,0.0,0.0,8.0,0.0,0.0
CLI013695,0.0,0.0,10.0,0.0,0.0
CLI013696,0.0,7.0,0.0,0.0,0.0
CLI013697,0.0,0.0,7.0,0.0,8.0
CLI013698,9.0,8.0,0.0,0.0,9.0
CLI013699,0.0,8.0,0.0,7.0,7.0
CLI013700,0.0,8.0,7.0,9.0,8.0
CLI013701,8.0,8.0,8.0,9.0,0.0
CLI013702,0.0,0.0,0.0,8.0,10.0
CLI013703,0.0,8.0,7.5,0.0,8.0
CLI013704,0.0,8.0,0.0,0.0,0.0
CLI013705,8.0,0.0,0.0,8.0,0.0
CLI013707,0.0,0.0,0.0,0.0,9.0
CLI013708,8.0,0.0,0.0,0.0,0.0
CLI013709,8.0,0.0,0.0,0.0,8.0
CLI013710,8.0,7.5,0.0,0.0,0.0
CLI013711,0.0,0.0,0.0,0.0,7.0
CLI013712,8.0,7.0,9.0,8.0,0.0
CLI013713,0.0,0.0,0.0,8.0,8.0
CLI013714,0.0,0.0,0.0,0.0,8.0
CLI013715,0.0,7.0,9.0,0.0,0.0
CLI013716,0.0,9.0,9.0,0.0,8.0
CLI013717,0.0,0.0,0.0,0.0,9.0
CLI013719,9.0,9.0,9.0,0.0,8.0
CLI013721,8.0,8.5,0.0,9.0,9.0
CLI013722,7.0,7.0,8.0,0.0,8.5
CLI013723,0.0,0.0,8.0,0.0,0.0
CLI013724,8.0,0.0,0.0,0.0,0.0
CLI013725,0.0,7.5,0.0,0.0,7.0
CLI013726,7.0,0.0,0.0,9.0,8.0
CLI013727,8.0,7.0,10.0,0.0,9.0
CLI013728,0.0,9.0,0.0,0.0,0.0
CLI013729,9.0,0.0,0.0,9.0,0.0
CLI013730,8.0,9.0,0.0,0.0,10.0
CLI013731,0.0,0.0,8.0,0.0,0.0
CLI013732,0.0,8.5,0.0,7.0,0.0
CLI013733,9.0,8.5,6.0,0.0,9.0
CLI013734,0.0,0.0,0.0,0.0,9.0
CLI013736,0.0,0.0,0.0,7.0,9.0
CLI013737,8.0,10.0,0.0,7.5,0.0
CLI013738,0.0,0.0,8.0,0.0,0.0
CLI013739,7.0,0.0,8.0,8.0,0.0
CLI013740,7.0,0.0,9.0,10.0,0.0
CLI013741,8.0,0.0,7.5,0.0,0.0
CLI013742,9.0,0.0,0.0,0.0,0.0
CLI013743,0.0,0.0,0.0,9.0,8.0
CLI013744,9.0,7.0,7.0,0.0,0.0
CLI013745,0.0,0.0,0.0,8.0,8.0
CLI013746,0.0,9.0,0.0,0.0,8.0
CLI013748,8.0,0.0,0.0,8.0,0.0
CLI013749,7.0,0.0,0.0,8.0,0.0
CLI013750,0.0,0.0,0.0,0.0,10.0
CLI013751,0.0,8.0,0.0,0.0,8.0
CLI013752,0.0,0.0,7.5,9.0,0.0
CLI013753,6.0,8.0,0.0,9.0,0.0
CLI013754,0.0,0.0,9.0,0.0,0.0
CLI013755,7.666666666666667,0.0,0.0,8.0,0.0
CLI013756,8.0,9.0,0.0,7.0,8.0
CLI013757,8.0,7.0,0.0,7.0,0.0
CLI013758,0.0,0.0,9.0,0.0,0.0
CLI013759,7.0,0.0,0.0,0.0,0.0
CLI013762,8.0,0.0,8.5,9.0,0.0
CLI013763,0.0,0.0,9.0,7.0,0.0
CLI013765,0.0,7.0,0.0,8.0,0.0
CLI013766,8.0,9.0,9.0,8.0,0.0
CLI013767,0.0,0.0,7.0,0.0,8.5
CLI013770,9.0,0.0,0.0,0.0,0.0
CLI013772,0.0,0.0,0.0,0.0,8.0
CLI013773,9.0,0.0,0.0,0.0,0.0
CLI013774,0.0,0.0,7.0,0.0,0.0
CLI013776,0.0,0.0,9.0,0.0,0.0
CLI013777,7.0,9.0,8.0,0.0,9.0
CLI013778,7.5,0.0,10.0,0.0,0.0
CLI013779,0.0,0.0,0.0,0.0,9.0
CLI013780,8.0,0.0,0.0,9.0,8.0
CLI013782,7.0,8.0,0.0,8.0,0.0
CLI013783,0.0,0.0,8.0,0.0,0.0
CLI013784,0.0,0.0,0.0,0.0,8.0
CLI013785,0.0,8.0,8.0,0.0,0.0
CLI013786,0.0,8.0,0.0,7.0,0.0
CLI013787,0.0,9.0,0.0,7.0,0.0
CLI013788,0.0,0.0,7.0,0.0,0.0
CLI013789,0.0,0.0,0.0,0.0,7.0
CLI013790,0.0,0.0,9.0,0.0,0.0
CLI013791,0.0,0.0,0.0,8.0,8.0
CLI013792,9.0,0.0,8.0,8.0,0.0
CLI013793,7.0,9.0,7.0,0.0,0.0
CLI013794,0.0,9.0,10.0,0.0,0.0
CLI013795,0.0,7.0,8.0,0.0,6.0
CLI013796,8.5,0.0,8.0,8.0,0.0
CLI013797,8.0,0.0,8.0,0.0,0.0
CLI013798,0.0,0.0,0.0,9.5,0.0
CLI013799,0.0,0.0,0.0,8.0,0.0
CLI013801,0.0,0.0,8.5,0.0,0.0
CLI013802,8.0,8.0,0.0,8.0,9.0
CLI013803,0.0,0.0,0.0,9.0,0.0
CLI013804,0.0,0.0,0.0,9.0,0.0
CLI013805,0.0,0.0,0.0,9.0,0.0
CLI013806,8.0,0.0,0.0,0.0,8.0
CLI013807,0.0,0.0,8.0,0.0,0.0
CLI013808,8.0,9.0,0.0,0.0,0.0
CLI013809,8.0,0.0,8.0,8.0,0.0
CLI013810,8.0,6.0,0.0,0.0,0.0
CLI013811,0.0,0.0,10.0,9.0,0.0
CLI013812,0.0,0.0,0.0,8.0,0.0
CLI013813,8.0,0.0,10.0,9.0,7.0
CLI013814,0.0,7.0,0.0,0.0,9.0
CLI013815,0.0,9.0,7.0,0.0,8.0
CLI013816,0.0,7.0,0.0,0.0,0.0
CLI013817,0.0,9.0,0.0,9.0,0.0
CLI013818,0.0,8.0,8.0,0.0,8.666666666666666
CLI013819,0.0,7.0,0.0,0.0,9.0
CLI013820,9.0,0.0,0.0,8.0,0.0
CLI013821,0.0,0.0,8.0,8.0,0.0
CLI013822,0.0,7.0,0.0,0.0,0.0
CLI013823,0.0,0.0,0.0,8.5,0.0
CLI013824,7.0,0.0,0.0,0.0,0.0
CLI013825,0.0,9.0,7.5,0.0,0.0
CLI013826,8.0,0.0,8.0,0.0,0.0
CLI013827,7.666666666666667,0.0,9.0,8.0,0.0
CLI013828,0.0,7.0,0.0,0.0,0.0
CLI013829,8.0,0.0,0.0,7.5,9.5
CLI013830,0.0,0.0,0.0,0.0,9.0
CLI013831,7.0,0.0,0.0,10.0,7.5
CLI013832,0.0,0.0,0.0,0.0,8.0
CLI013833,0.0,0.0,9.0,10.0,0.0
CLI013834,7.0,0.0,0.0,0.0,7.0
CLI013835,0.0,9.0,0.0,7.0,8.0
CLI013836,0.0,0.0,0.0,7.5,0.0
CLI013837,8.0,0.0,0.0,0.0,8.5
CLI013838,0.0,9.0,0.0,0.0,0.0
CLI013839,8.0,0.0,0.0,0.0,0.0
CLI013840,8.0,8.5,0.0,0.0,8.0
CLI013841,9.0,0.0,0.0,9.5,8.0
CLI013842,8.0,0.0,8.0,8.0,0.0
CLI013843,0.0,0.0,0.0,8.0,0.0
CLI013844,9.0,7.0,9.0,0.0,0.0
CLI013845,0.0,6.0,0.0,0.0,0.0
CLI013846,7.0,8.0,8.5,7.5,0.0
CLI013847,0.0,0.0,8.0,0.0,0.0
CLI013848,0.0,8.0,0.0,0.0,0.0
CLI013849,0.0,7.0,0.0,0.0,0.0
CLI013850,8.0,0.0,0.0,0.0,9.0
CLI013851,8.25,8.0,0.0,0.0,0.0
CLI013852,0.0,0.0,7.5,0.0,0.0
CLI013854,8.0,0.0,9.0,0.0,8.0
CLI013855,9.5,0.0,0.0,0.0,0.0
CLI013856,0.0,0.0,8.0,0.0,9.0
CLI013857,0.0,8.0,0.0,0.0,9.0
CLI013858,0.0,0.0,0.0,7.5,7.0
CLI013859,0.0,9.0,0.0,0.0,8.0
CLI013861,0.0,8.0,8.0,0.0,9.0
CLI013862,0.0,0.0,9.0,0.0,7.0
CLI013863,0.0,0.0,0.0,9.0,0.0
CLI013864,0.0,0.0,8.0,0.0,7.0
CLI013865,0.0,9.0,7.666666666666667,9.0,7.0
CLI013866,0.0,9.0,0.0,0.0,7.0
CLI013867,0.0,7.5,0.0,8.5,7.0
CLI013868,0.0,0.0,7.0,0.0,0.0
CLI013869,0.0,0.0,0.0,8.0,0.0
CLI013870,8.0,9.0,0.0,9.0,7.0
CLI013871,0.0,8.0,7.0,0.0,0.0
CLI013872,8.0,0.0,6.0,0.0,8.0
CLI013873,10.0,0.0,7.0,0.0,0.0
CLI013874,8.0,0.0,0.0,7.0,0.0
CLI013876,0.0,7.0,7.75,0.0,0.0
CLI013877,0.0,8.0,0.0,0.0,9.0
CLI013878,0.0,0.0,8.333333333333334,8.0,0.0
CLI013879,0.0,0.0,8.0,0.0,0.0
CLI013880,0.0,0.0,7.5,0.0,0.0
CLI013881,0.0,9.0,0.0,8.0,0.0
CLI013882,7.0,0.0,0.0,0.0,0.0
CLI013883,8.0,0.0,0.0,0.0,0.0
CLI013884,10.0,0.0,0.0,0.0,9.0
CLI013885,8.0,0.0,8.0,8.0,0.0
CLI013886,9.0,7.0,7.5,0.0,10.0
CLI013887,0.0,8.0,0.0,0.0,7.0
CLI013888,7.0,0.0,0.0,0.0,0.0
CLI013889,9.0,0.0,0.0,0.0,8.0
CLI013890,0.0,7.5,8.0,0.0,6.0
CLI013891,8.0,0.0,0.0,7.5,0.0
CLI013892,0.0,8.0,0.0,0.0,0.0
CLI013893,0.0,9.0,0.0,0.0,0.0
CLI013894,0.0,0.0,7.0,0.0,0.0
CLI013895,0.0,8.0,8.0,0.0,8.0
CLI013896,8.0,0.0,0.0,9.0,0.0
CLI013897,0.0,0.0,0.0,0.0,8.0
CLI013898,0.0,0.0,0.0,9.0,8.5
CLI013899,0.0,9.0,0.0,7.0,0.0
CLI013900,8.5,8.0,0.0,8.0,0.0
CLI013901,8.0,9.0,0.0,8.0,0.0
CLI013902,0.0,9.0,10.0,0.0,0.0
CLI013903,0.0,0.0,8.0,0.0,8.666666666666666
CLI013904,8.0,0.0,9.0,8.5,0.0
CLI013905,0.0,9.0,0.0,0.0,0.0
CLI013906,0.0,0.0,8.0,0.0,8.0
CLI013908,8.0,8.5,8.0,8.0,0.0
CLI013909,9.0,9.0,0.0,0.0,0.0
CLI013910,0.0,0.0,7.0,0.0,0.0
CLI013911,0.0,0.0,8.0,8.0,0.0
CLI013912,9.0,9.0,7.0,7.0,0.0
CLI013913,0.0,8.0,0.0,9.0,0.0
CLI013914,0.0,0.0,8.0,0.0,0.0
CLI013915,9.0,0.0,9.0,0.0,0.0
CLI013916,0.0,0.0,0.0,8.5,7.0
CLI013917,9.0,0.0,0.0,0.0,0.0
CLI013918,0.0,0.0,9.0,0.0,0.0
CLI013919,0.0,0.0,8.0,9.0,9.0
CLI013920,0.0,0.0,7.5,8.0,0.0
CLI013921,0.0,0.0,0.0,0.0,6.0
CLI013922,0.0,0.0,0.0,8.0,8.0
CLI013923,0.0,0.0,9.5,0.0,0.0
CLI013924,8.0,8.0,0.0,0.0,9.0
CLI013925,8.0,0.0,0.0,0.0,0.0
CLI013926,0.0,0.0,9.0,8.0,0.0
CLI013927,0.0,8.0,0.0,0.0,0.0
CLI013928,0.0,0.0,9.0,0.0,8.0
CLI013929,0.0,8.0,0.0,8.0,8.0
CLI013930,0.0,0.0,9.0,8.0,0.0
CLI013931,0.0,0.0,8.0,7.0,0.0
CLI013932,6.0,0.0,0.0,0.0,0.0
CLI013933,7.0,7.0,8.0,0.0,0.0
CLI013934,0.0,0.0,9.0,0.0,0.0
CLI013935,0.0,0.0,0.0,0.0,8.0
CLI013936,8.0,0.0,9.0,0.0,0.0
CLI013937,0.0,7.0,0.0,7.0,0.0
CLI013938,0.0,0.0,8.0,0.0,9.0
CLI013939,8.0,7.0,0.0,0.0,8.0
CLI013940,0.0,8.0,0.0,8.0,7.0
CLI013941,8.0,0.0,8.0,9.0,9.0
CLI013942,0.0,8.0,0.0,0.0,10.0
CLI013943,9.0,0.0,7.0,0.0,0.0
CLI013944,0.0,0.0,9.0,0.0,0.0
CLI013945,8.0,0.0,0.0,0.0,0.0
CLI013946,9.0,7.0,0.0,8.0,0.0
CLI013947,0.0,0.0,0.0,0.0,7.0
CLI013948,7.5,9.0,8.0,8.0,8.5
CLI013949,0.0,0.0,9.0,0.0,0.0
CLI013951,0.0,0.0,0.0,8.0,7.0
CLI013952,0.0,0.0,7.0,0.0,0.0
CLI013953,0.0,0.0,0.0,8.0,0.0
CLI013954,9.0,10.0,0.0,0.0,8.0
CLI013955,0.0,7.0,0.0,9.0,7.0
CLI013956,0.0,0.0,9.0,7.0,7.5
CLI013957,0.0,0.0,0.0,8.0,0.0
CLI013958,7.0,0.0,8.0,7.0,0.0
CLI013959,0.0,8.0,0.0,0.0,0.0
CLI013961,0.0,0.0,9.0,0.0,0.0
CLI013962,0.0,0.0,7.0,0.0,0.0
CLI013963,8.0,0.0,0.0,9.0,0.0
CLI013964,0.0,0.0,0.0,0.0,7.5
CLI013965,0.0,8.0,9.0,7.0,0.0
CLI013966,0.0,8.0,0.0,7.0,0.0
CLI013967,0.0,0.0,6.0,9.0,8.0
CLI013968,8.0,0.0,0.0,0.0,0.0
CLI013969,9.0,8.0,7.5,0.0,9.0
CLI013970,8.0,9.0,0.0,0.0,7.0
CLI013971,8.0,0.0,0.0,0.0,0.0
CLI013972,8.0,9.0,0.0,0.0,0.0
CLI013973,0.0,0.0,8.0,9.0,8.0
CLI013974,0.0,0.0,0.0,9.0,6.0
CLI013975,9.0,8.0,9.0,0.0,0.0
CLI013976,9.0,8.5,8.0,0.0,0.0
CLI013977,9.0,0.0,0.0,7.0,8.0
CLI013978,0.0,9.0,0.0,0.0,8.0
CLI013979,0.0,0.0,0.0,7.0,8.0
CLI013980,0.0,0.0,0.0,8.0,9.0
CLI013981,7.0,7.0,8.0,8.0,8.0
CLI013982,0.0,7.5,0.0,0.0,0.0
CLI013983,0.0,0.0,0.0,0.0,8.0
CLI013984,7.0,0.0,0.0,0.0,0.0
CLI013985,0.0,9.0,0.0,0.0,0.0
CLI013986,9.0,9.0,0.0,7.0,0.0
CLI013987,0.0,0.0,7.0,0.0,8.0
CLI013988,8.0,8.0,0.0,0.0,0.0
CLI013989,0.0,0.0,8.0,8.0,8.0
CLI013990,0.0,7.0,0.0,7.0,8.0
CLI013991,0.0,8.0,0.0,0.0,0.0
CLI013992,10.0,0.0,0.0,0.0,0.0
CLI013993,6.0,0.0,0.0,0.0,0.0
CLI013994,7.5,0.0,9.0,0.0,0.0
CLI013995,0.0,0.0,0.0,8.0,8.0
CLI013996,0.0,9.0,0.0,8.0,9.0
CLI013997,0.0,7.0,8.0,6.0,0.0
CLI013998,8.0,0.0,8.0,0.0,0.0
CLI013999,8.0,8.0,0.0,0.0,8.5
CLI014000,0.0,0.0,8.5,0.0,0.0
CLI014001,0.0,8.0,0.0,0.0,0.0
CLI014002,9.0,0.0,0.0,0.0,8.5
CLI014003,8.0,9.0,0.0,0.0,0.0
CLI014004,8.0,8.0,0.0,7.0,0.0
CLI014005,0.0,0.0,9.0,8.5,0.0
CLI014006,7.0,8.5,0.0,8.5,7.0
CLI014007,8.0,8.0,0.0,9.0,0.0
CLI014008,8.0,0.0,8.0,0.0,0.0
CLI014009,0.0,0.0,8.0,8.0,0.0
CLI014010,8.666666666666666,10.0,0.0,0.0,0.0
CLI014011,8.0,0.0,0.0,8.0,0.0
CLI014012,0.0,8.0,0.0,0.0,9.5
CLI014013,0.0,7.0,0.0,8.0,0.0
CLI014014,9.5,8.0,0.0,8.0,0.0
CLI014015,0.0,9.0,0.0,0.0,8.0
CLI014016,9.0,6.0,0.0,0.0,8.0
CLI014017,0.0,0.0,9.0,9.0,9.0
CLI014018,7.5,0.0,7.0,0.0,9.0
CLI014019,0.0,8.0,8.0,0.0,0.0
CLI014020,7.0,0.0,0.0,0.0,9.0
CLI014021,0.0,9.0,0.0,0.0,0.0
CLI014022,0.0,0.0,8.0,7.5,8.0
CLI014023,0.0,0.0,0.0,7.0,0.0
CLI014024,0.0,0.0,8.5,7.0,0.0
CLI014025,8.0,9.0,0.0,7.0,8.0
CLI014026,8.0,0.0,0.0,0.0,8.5
CLI014028,10.0,7.0,9.0,8.0,9.0
CLI014029,0.0,0.0,6.0,0.0,7.0
CLI014032,0.0,0.0,0.0,0.0,8.0
CLI014033,8.333333333333334,7.0,0.0,0.0,8.0
CLI014034,0.0,0.0,7.0,0.0,9.5
CLI014035,0.0,8.0,8.0,9.0,0.0
CLI014036,0.0,8.0,8.0,9.0,7.0
CLI014037,10.0,0.0,7.5,0.0,0.0
CLI014038,8.0,0.0,0.0,8.5,0.0
CLI014039,0.0,0.0,9.0,8.5,0.0
CLI014040,7.0,0.0,0.0,9.5,7.0
CLI014041,0.0,0.0,9.0,0.0,0.0
CLI014042,9.0,8.0,9.0,8.666666666666666,8.0
CLI014043,7.0,8.0,0.0,0.0,8.0
CLI014044,0.0,8.0,0.0,0.0,8.0
CLI014045,8.0,9.0,7.0,9.0,9.5
CLI014046,9.0,0.0,7.0,0.0,0.0
CLI014047,0.0,0.0,8.5,0.0,0.0
CLI014048,0.0,0.0,7.0,0.0,0.0
CLI014049,0.0,7.0,0.0,0.0,0.0
CLI014050,7.0,0.0,0.0,8.0,0.0
CLI014051,0.0,0.0,0.0,8.5,0.0
CLI014052,0.0,7.5,8.0,9.0,8.0
CLI014053,0.0,0.0,0.0,8.0,7.0
CLI014054,7.5,0.0,0.0,0.0,7.0
CLI014055,0.0,8.0,7.0,9.0,0.0
CLI014056,8.0,0.0,10.0,9.0,0.0
CLI014057,7.0,0.0,0.0,7.0,0.0
CLI014058,7.5,0.0,0.0,0.0,8.0
CLI014059,7.0,0.0,0.0,9.0,7.0
CLI014060,7.0,8.0,0.0,8.0,0.0
CLI014061,9.0,0.0,0.0,0.0,6.0
CLI014063,0.0,0.0,0.0,0.0,9.0
CLI014064,0.0,0.0,0.0,7.5,0.0
CLI014065,7.0,8.0,7.5,9.0,7.0
CLI014066,9.0,7.0,0.0,0.0,0.0
CLI014067,0.0,8.0,9.0,0.0,8.5
CLI014068,7.5,0.0,9.0,7.666666666666667,0.0
CLI014069,8.0,0.0,9.0,0.0,0.0
CLI014070,9.5,7.0,0.0,0.0,7.25
CLI014072,8.0,0.0,0.0,8.0,0.0
CLI014073,0.0,0.0,9.0,8.0,0.0
CLI014074,0.0,0.0,8.0,8.0,0.0
CLI014075,8.0,0.0,0.0,0.0,0.0
CLI014076,0.0,8.0,0.0,7.0,0.0
CLI014077,10.0,9.0,0.0,0.0,0.0
CLI014078,0.0,0.0,9.0,0.0,0.0
CLI014079,8.0,0.0,8.0,0.0,0.0
CLI014080,8.5,0.0,7.666666666666667,0.0,0.0
CLI014081,0.0,0.0,0.0,0.0,10.0
CLI014082,0.0,0.0,0.0,9.0,0.0
CLI014083,0.0,8.0,0.0,7.0,0.0
CLI014084,0.0,0.0,6.0,0.0,8.0
CLI014085,0.0,0.0,8.0,0.0,0.0
CLI014086,8.0,0.0,0.0,0.0,0.0
CLI014088,0.0,0.0,0.0,9.0,8.0
CLI014089,0.0,7.0,0.0,9.0,0.0
CLI014091,0.0,8.0,0.0,9.0,9.0
CLI014092,7.0,0.0,0.0,8.0,0.0
CLI014093,0.0,0.0,7.5,0.0,0.0
CLI014094,6.0,0.0,8.5,0.0,0.0
CLI014095,8.0,9.0,0.0,0.0,0.0
CLI014096,8.0,0.0,0.0,9.0,8.0
CLI014097,0.0,0.0,0.0,8.0,8.0
CLI014098,8.0,0.0,0.0,0.0,0.0
CLI014099,7.0,8.0,0.0,8.0,7.0
CLI014101,8.5,8.0,0.0,0.0,9.0
CLI014102,0.0,0.0,9.0,9.0,0.0
CLI014103,8.0,0.0,0.0,0.0,0.0
CLI014104,0.0,7.0,0.0,0.0,0.0
CLI014105,0.0,8.0,0.0,0.0,0.0
CLI014106,9.0,0.0,9.0,0.0,0.0
CLI014107,7.0,8.0,0.0,0.0,0.0
CLI014108,7.5,0.0,0.0,8.0,9.0
CLI014109,0.0,9.0,0.0,0.0,0.0
CLI014110,0.0,7.0,8.0,8.0,0.0
CLI014112,0.0,9.0,0.0,0.0,0.0
CLI014113,0.0,0.0,0.0,9.0,0.0
CLI014114,0.0,0.0,0.0,8.5,0.0
CLI014115,8.0,0.0,9.0,0.0,0.0
CLI014116,8.0,0.0,8.0,8.0,9.0
CLI014117,8.5,8.0,8.0,8.0,7.0
CLI014118,0.0,9.0,0.0,10.0,9.0
CLI014119,9.0,8.0,0.0,0.0,0.0
CLI014120,6.0,0.0,0.0,0.0,7.0
CLI014121,9.0,0.0,8.0,8.5,8.0
CLI014122,9.0,8.0,0.0,0.0,0.0
CLI014123,0.0,8.333333333333334,0.0,0.0,0.0
CLI014124,0.0,0.0,9.0,0.0,0.0
CLI014125,0.0,0.0,0.0,8.5,0.0
CLI014127,0.0,7.0,0.0,8.0,7.0
CLI014128,7.5,0.0,0.0,0.0,0.0
CLI014129,0.0,0.0,7.5,7.0,0.0
CLI014131,6.0,0.0,0.0,0.0,0.0
CLI014132,9.0,0.0,7.0,0.0,8.0
CLI014133,0.0,8.0,8.0,8.333333333333334,0.0
CLI014134,0.0,0.0,8.0,0.0,0.0
CLI014135,9.0,0.0,0.0,7.0,9.0
CLI014136,9.0,8.0,0.0,0.0,0.0
CLI014137,0.0,0.0,8.0,0.0,9.0
CLI014138,0.0,0.0,8.0,0.0,0.0
CLI014139,8.0,8.0,8.0,0.0,9.0
CLI014140,0.0,0.0,9.0,8.0,0.0
CLI014141,0.0,8.0,0.0,0.0,0.0
CLI014142,0.0,9.0,8.666666666666666,8.5,0.0
CLI014143,0.0,0.0,0.0,8.0,0.0
CLI014144,0.0,0.0,0.0,8.0,0.0
CLI014146,7.5,0.0,0.0,0.0,0.0
CLI014147,0.0,9.0,0.0,8.0,8.0
CLI014148,0.0,0.0,8.0,0.0,6.0
CLI014149,0.0,8.0,0.0,0.0,8.0
CLI014151,8.0,0.0,0.0,9.0,8.5
CLI014152,0.0,0.0,8.0,8.0,0.0
CLI014153,0.0,0.0,9.0,0.0,9.0
CLI014154,0.0,9.0,0.0,0.0,7.5
CLI014155,10.0,0.0,0.0,9.0,0.0
CLI014156,0.0,9.0,0.0,0.0,8.0
CLI014157,9.0,0.0,7.0,9.0,0.0
CLI014159,0.0,0.0,8.0,0.0,0.0
CLI014160,0.0,8.0,9.0,0.0,9.0
CLI014161,8.0,7.0,0.0,0.0,8.0
CLI014162,8.0,0.0,0.0,0.0,0.0
CLI014163,0.0,0.0,8.0,0.0,0.0
CLI014164,8.5,0.0,8.0,10.0,8.0
CLI014165,8.5,0.0,0.0,10.0,7.0
CLI014166,9.5,0.0,0.0,0.0,0.0
CLI014167,0.0,8.0,0.0,8.0,9.0
CLI014168,0.0,6.0,0.0,0.0,0.0
CLI014169,0.0,8.0,8.0,0.0,9.0
CLI014170,8.0,0.0,0.0,0.0,0.0
CLI014171,6.5,0.0,0.0,0.0,0.0
CLI014172,8.0,0.0,0.0,0.0,8.0
CLI014173,8.0,0.0,8.0,0.0,0.0
CLI014174,7.0,0.0,0.0,0.0,0.0
CLI014176,8.0,0.0,8.5,0.0,8.0
CLI014177,0.0,0.0,0.0,6.0,10.0
CLI014178,0.0,0.0,0.0,0.0,9.0
CLI014179,7.0,7.0,0.0,8.5,0.0
CLI014180,0.0,0.0,0.0,0.0,8.5
CLI014181,0.0,0.0,0.0,0.0,7.0
CLI014182,10.0,0.0,0.0,0.0,7.0
CLI014183,7.0,0.0,0.0,9.0,8.0
CLI014184,9.0,9.0,0.0,7.5,0.0
CLI014185,0.0,8.0,0.0,0.0,0.0
CLI014186,7.0,0.0,0.0,7.0,0.0
CLI014187,0.0,0.0,8.0,0.0,0.0
CLI014188,8.0,7.0,0.0,0.0,0.0
CLI014189,0.0,8.0,0.0,8.0,0.0
CLI014190,0.0,0.0,8.0,0.0,0.0
CLI014191,8.0,0.0,0.0,0.0,8.0
CLI014192,0.0,7.5,0.0,7.0,0.0
CLI014193,0.0,0.0,0.0,8.0,0.0
CLI014194,0.0,0.0,7.666666666666667,0.0,0.0
CLI014195,0.0,7.0,0.0,0.0,0.0
CLI014196,6.0,0.0,0.0,8.0,0.0
CLI014197,7.0,0.0,0.0,7.5,7.0
CLI014198,8.0,0.0,0.0,0.0,0.0
CLI014199,0.0,0.0,9.0,0.0,0.0
CLI014200,8.0,0.0,0.0,0.0,0.0
CLI014201,0.0,9.0,0.0,0.0,8.0
CLI014202,0.0,0.0,8.0,8.0,0.0
CLI014203,9.0,9.0,7.0,0.0,0.0
CLI014204,9.0,9.0,0.0,0.0,7.0
CLI014205,7.5,0.0,9.0,0.0,0.0
CLI014206,7.0,8.0,8.5,0.0,7.0
CLI014207,9.0,0.0,8.0,0.0,0.0
CLI014208,8.0,8.0,7.0,0.0,0.0
CLI014209,0.0,0.0,0.0,7.0,0.0
CLI014210,8.0,8.0,8.0,8.0,8.0
CLI014211,8.0,9.0,0.0,0.0,0.0
CLI014213,0.0,0.0,8.0,0.0,8.333333333333334
CLI014214,0.0,0.0,8.0,9.0,7.0
CLI014215,0.0,8.0,8.0,0.0,0.0
CLI014216,0.0,0.0,9.0,7.0,0.0
CLI014217,0.0,0.0,8.5,8.0,0.0
CLI014218,9.0,0.0,0.0,0.0,0.0
CLI014219,0.0,8.0,7.5,8.0,6.5
CLI014220,9.0,0.0,0.0,0.0,0.0
CLI014221,0.0,8.0,0.0,0.0,9.0
CLI014222,0.0,8.5,7.0,8.0,0.0
CLI014223,0.0,8.0,0.0,0.0,0.0
CLI014224,0.0,9.0,0.0,0.0,10.0
CLI014225,0.0,0.0,0.0,8.0,0.0
CLI014226,0.0,8.0,0.0,0.0,0.0
CLI014227,0.0,7.0,0.0,0.0,7.0
CLI014228,8.0,0.0,8.0,0.0,0.0
CLI014229,8.0,7.5,0.0,8.0,0.0
CLI014230,8.5,0.0,0.0,9.0,7.0
CLI014231,9.0,0.0,0.0,0.0,7.5
CLI014232,7.0,10.0,0.0,0.0,8.0
CLI014233,0.0,0.0,0.0,0.0,9.0
CLI014234,0.0,0.0,8.0,0.0,7.0
CLI014235,7.0,0.0,7.0,7.0,8.5
CLI014236,0.0,9.0,0.0,0.0,0.0
CLI014237,9.0,0.0,0.0,8.0,0.0
CLI014238,0.0,0.0,9.5,0.0,0.0
CLI014239,0.0,8.333333333333334,0.0,0.0,0.0
CLI014240,0.0,7.0,9.0,0.0,7.0
CLI014241,7.0,0.0,0.0,0.0,9.0
CLI014242,8.0,0.0,0.0,0.0,7.5
CLI014243,0.0,0.0,8.0,9.0,0.0
CLI014244,0.0,0.0,9.0,9.0,0.0
CLI014245,0.0,0.0,0.0,9.0,8.0
CLI014246,0.0,10.0,8.0,0.0,9.0
CLI014247,0.0,8.333333333333334,0.0,0.0,0.0
CLI014248,9.0,0.0,8.0,6.0,8.5
CLI014249,8.0,8.0,0.0,0.0,8.0
CLI014250,0.0,0.0,0.0,8.0,0.0
CLI014251,7.5,0.0,10.0,0.0,0.0
CLI014252,0.0,8.0,0.0,0.0,0.0
CLI014253,0.0,7.333333333333333,0.0,8.0,8.0
CLI014254,9.0,0.0,0.0,0.0,7.0
CLI014255,8.0,0.0,8.0,0.0,8.0
CLI014256,8.0,0.0,0.0,7.0,0.0
CLI014257,0.0,9.0,8.0,8.0,0.0
CLI014259,0.0,0.0,7.0,0.0,0.0
CLI014261,8.0,8.0,0.0,8.0,0.0
CLI014262,9.0,0.0,9.0,6.0,0.0
CLI014263,10.0,7.0,0.0,0.0,0.0
CLI014264,7.5,9.0,8.0,0.0,8.0
CLI014265,0.0,7.5,7.0,0.0,0.0
CLI014266,0.0,0.0,7.0,0.0,9.0
CLI014268,9.0,7.0,8.0,0.0,0.0
CLI014269,0.0,0.0,0.0,9.0,0.0
CLI014270,0.0,10.0,10.0,0.0,8.0
CLI014271,7.0,8.0,0.0,0.0,0.0
CLI014272,0.0,0.0,8.0,0.0,0.0
CLI014273,0.0,0.0,8.0,10.0,9.0
CLI014274,0.0,7.0,0.0,0.0,0.0
CLI014275,0.0,0.0,8.0,8.0,0.0
CLI014276,9.0,0.0,0.0,0.0,8.0
CLI014277,8.5,0.0,0.0,0.0,0.0
CLI014278,0.0,0.0,0.0,0.0,9.0
CLI014279,0.0,0.0,7.5,0.0,0.0
CLI014280,9.0,0.0,0.0,0.0,0.0
CLI014281,0.0,0.0,0.0,0.0,9.0
CLI014282,0.0,0.0,10.0,9.0,9.0
CLI014283,0.0,0.0,0.0,7.5,0.0
CLI014284,0.0,0.0,7.5,8.0,0.0
CLI014285,0.0,7.666666666666667,9.0,0.0,0.0
CLI014286,10.0,7.0,8.0,0.0,0.0
CLI014287,0.0,0.0,9.0,0.0,0.0
CLI014288,8.0,0.0,0.0,0.0,9.0
CLI014289,0.0,8.5,8.0,0.0,0.0
CLI014290,0.0,0.0,0.0,0.0,7.0
CLI014291,0.0,9.0,0.0,0.0,8.0
CLI014292,9.0,0.0,8.0,0.0,0.0
CLI014293,0.0,8.0,8.5,8.0,8.5
CLI014294,8.0,0.0,7.0,0.0,0.0
CLI014295,0.0,0.0,8.0,10.0,0.0
CLI014296,0.0,0.0,0.0,8.5,9.0
CLI014297,0.0,8.0,0.0,7.5,0.0
CLI014298,7.0,7.0,0.0,9.0,6.0
CLI014299,0.0,0.0,7.333333333333333,8.0,0.0
CLI014300,0.0,0.0,0.0,8.0,0.0
CLI014301,8.0,0.0,8.0,0.0,0.0
CLI014302,8.0,0.0,6.0,0.0,0.0
CLI014303,9.0,0.0,0.0,0.0,0.0
CLI014304,0.0,7.0,0.0,0.0,0.0
CLI014305,0.0,7.0,7.0,8.0,9.0
CLI014307,0.0,9.0,0.0,8.0,7.0
CLI014308,7.0,7.0,7.0,0.0,0.0
CLI014309,0.0,8.0,0.0,7.0,8.0
CLI014311,0.0,0.0,0.0,7.0,0.0
CLI014312,0.0,0.0,9.0,0.0,7.0
CLI014313,7.5,0.0,0.0,8.0,8.0
CLI014315,0.0,8.0,0.0,0.0,0.0
CLI014316,7.0,0.0,0.0,0.0,0.0
CLI014317,8.0,0.0,0.0,0.0,0.0
CLI014318,0.0,8.0,8.0,9.0,8.5
CLI014320,0.0,0.0,0.0,9.0,0.0
CLI014321,0.0,0.0,0.0,9.0,7.0
CLI014322,7.0,0.0,0.0,10.0,0.0
CLI014323,0.0,0.0,0.0,7.0,0.0
CLI014324,8.0,0.0,0.0,0.0,0.0
CLI014325,0.0,9.0,9.0,0.0,0.0
CLI014326,0.0,0.0,8.0,8.0,0.0
CLI014327,0.0,0.0,0.0,8.0,8.0
CLI014328,8.0,0.0,8.0,0.0,0.0
CLI014329,0.0,6.0,7.0,0.0,0.0
CLI014330,7.0,0.0,0.0,9.0,0.0
CLI014331,0.0,0.0,8.0,8.0,0.0
CLI014332,7.0,0.0,0.0,9.0,0.0
CLI014333,8.0,0.0,0.0,0.0,7.0
CLI014334,0.0,8.0,6.0,0.0,8.0
CLI014335,0.0,0.0,0.0,9.0,0.0
CLI014336,9.0,0.0,0.0,7.5,0.0
CLI014337,0.0,0.0,7.5,0.0,9.0
CLI014338,8.0,8.0,0.0,0.0,0.0
CLI014339,0.0,0.0,0.0,9.0,0.0
CLI014340,8.0,0.0,0.0,0.0,0.0
CLI014341,9.0,0.0,0.0,0.0,0.0
CLI014342,0.0,9.0,0.0,9.0,7.0
CLI014343,8.0,0.0,0.0,8.0,6.0
CLI014344,0.0,0.0,9.0,0.0,8.0
CLI014346,8.0,0.0,0.0,0.0,0.0
CLI014347,0.0,0.0,8.5,0.0,0.0
CLI014348,9.0,0.0,0.0,0.0,7.5
CLI014350,0.0,9.0,7.0,0.0,7.0
CLI014351,7.0,0.0,0.0,10.0,0.0
CLI014352,7.0,0.0,8.0,0.0,9.0
CLI014353,0.0,8.0,8.0,9.0,0.0
CLI014354,0.0,0.0,7.0,0.0,0.0
CLI014355,7.0,9.0,0.0,6.0,7.5
CLI014356,8.0,0.0,0.0,9.0,0.0
CLI014357,7.5,0.0,0.0,9.0,0.0
CLI014358,0.0,9.0,8.0,0.0,9.0
CLI014359,7.0,0.0,9.0,0.0,0.0
CLI014360,0.0,0.0,9.0,0.0,0.0
CLI014362,0.0,9.0,9.0,0.0,8.0
CLI014363,8.0,0.0,0.0,8.333333333333334,0.0
CLI014364,7.0,9.0,9.0,0.0,0.0
CLI014365,0.0,0.0,8.5,0.0,0.0
CLI014366,0.0,0.0,0.0,7.0,0.0
CLI014368,0.0,9.0,9.0,7.0,7.5
CLI014369,7.0,0.0,8.0,0.0,0.0
CLI014372,6.0,0.0,0.0,9.0,0.0
CLI014373,0.0,0.0,0.0,7.0,8.0
CLI014374,0.0,8.0,0.0,0.0,0.0
CLI014375,0.0,0.0,0.0,0.0,7.5
CLI014376,0.0,0.0,8.0,9.0,8.0
CLI014377,0.0,8.0,0.0,0.0,10.0
CLI014378,7.0,0.0,0.0,9.0,0.0
CLI014380,0.0,9.0,0.0,0.0,0.0
CLI014381,10.0,7.0,0.0,9.5,8.5
CLI014383,0.0,0.0,8.0,0.0,0.0
CLI014384,0.0,8.0,0.0,9.0,9.0
CLI014385,8.0,8.0,0.0,0.0,10.0
CLI014386,8.0,0.0,8.0,0.0,0.0
CLI014387,9.0,0.0,0.0,0.0,0.0
CLI014388,0.0,0.0,9.0,0.0,10.0
CLI014390,0.0,0.0,8.0,0.0,0.0
CLI014391,0.0,0.0,8.0,9.0,7.0
CLI014392,0.0,7.0,0.0,0.0,6.0
CLI014394,0.0,0.0,0.0,0.0,7.5
CLI014395,8.0,0.0,0.0,10.0,7.0
CLI014396,0.0,0.0,8.0,0.0,0.0
CLI014397,8.0,0.0,0.0,0.0,0.0
CLI014398,8.0,0.0,7.5,7.0,0.0
CLI014399,0.0,0.0,7.5,9.0,9.0
CLI014400,8.0,8.5,0.0,0.0,8.0
CLI014401,0.0,0.0,7.0,8.0,8.0
CLI014402,0.0,7.5,9.0,0.0,8.0
CLI014403,0.0,9.0,0.0,7.0,0.0
CLI014404,0.0,0.0,8.0,0.0,0.0
CLI014406,8.0,0.0,0.0,0.0,0.0
CLI014407,8.0,9.0,7.0,9.0,9.0
CLI014408,8.0,8.0,0.0,9.0,0.0
CLI014409,0.0,0.0,0.0,0.0,9.0
CLI014411,0.0,9.333333333333334,0.0,0.0,9.0
CLI014412,0.0,0.0,8.5,0.0,0.0
CLI014413,0.0,0.0,8.0,7.0,10.0
CLI014414,0.0,0.0,0.0,9.0,6.0
CLI014415,0.0,7.0,0.0,9.0,7.666666666666667
CLI014417,0.0,8.0,7.0,10.0,0.0
CLI014418,0.0,7.0,0.0,0.0,6.5
CLI014419,0.0,0.0,0.0,8.0,0.0
CLI014420,7.5,0.0,0.0,0.0,0.0
CLI014421,0.0,0.0,7.0,7.0,9.0
CLI014422,0.0,0.0,8.5,0.0,0.0
CLI014423,0.0,0.0,7.0,0.0,0.0
CLI014425,8.5,8.0,0.0,8.0,8.0
CLI014426,8.0,0.0,0.0,7.0,10.0
CLI014427,0.0,0.0,0.0,9.0,0.0
CLI014428,0.0,0.0,7.0,0.0,0.0
CLI014429,0.0,0.0,0.0,8.0,0.0
CLI014430,10.0,0.0,6.0,7.0,0.0
CLI014431,9.0,6.0,8.0,0.0,0.0
CLI014432,0.0,0.0,0.0,0.0,9.0
CLI014433,7.333333333333333,0.0,0.0,0.0,0.0
CLI014434,0.0,9.0,0.0,0.0,8.5
CLI014435,8.0,0.0,0.0,0.0,0.0
CLI014436,8.0,10.0,0.0,0.0,0.0
CLI014437,0.0,0.0,0.0,7.0,0.0
CLI014438,0.0,10.0,0.0,0.0,0.0
CLI014439,10.0,0.0,7.5,0.0,0.0
CLI014440,0.0,0.0,0.0,0.0,9.0
CLI014441,0.0,0.0,8.5,0.0,0.0
CLI014442,7.5,0.0,0.0,0.0,0.0
CLI014443,0.0,9.0,6.0,0.0,8.0
CLI014445,0.0,7.0,6.0,0.0,0.0
CLI014446,0.0,0.0,8.0,8.0,0.0
CLI014447,0.0,0.0,0.0,8.0,0.0
CLI014448,8.0,9.0,7.0,0.0,7.5
CLI014449,0.0,0.0,0.0,9.0,0.0
CLI014450,0.0,0.0,9.5,0.0,0.0
CLI014451,7.0,0.0,0.0,0.0,8.0
CLI014452,9.0,0.0,0.0,8.0,0.0
CLI014453,7.0,0.0,0.0,0.0,7.0
CLI014454,8.0,0.0,0.0,0.0,8.0
CLI014456,0.0,8.0,0.0,0.0,0.0
CLI014457,0.0,0.0,8.0,0.0,0.0
CLI014458,7.333333333333333,8.0,0.0,0.0,0.0
CLI014459,0.0,8.0,7.0,0.0,0.0
CLI014460,0.0,8.0,0.0,0.0,8.0
CLI014461,0.0,0.0,8.0,0.0,0.0
CLI014462,8.0,7.0,0.0,6.0,9.0
CLI014463,0.0,8.0,0.0,0.0,0.0
CLI014464,8.0,7.333333333333333,0.0,6.0,0.0
CLI014465,0.0,8.0,0.0,0.0,0.0
CLI014466,0.0,8.0,0.0,0.0,0.0
CLI014467,0.0,6.0,0.0,0.0,0.0
CLI014468,8.666666666666666,0.0,8.0,0.0,9.0
CLI014469,8.0,9.0,0.0,0.0,9.0
CLI014470,0.0,0.0,7.0,0.0,0.0
CLI014471,9.0,0.0,0.0,8.0,9.0
CLI014472,0.0,6.0,0.0,6.0,0.0
CLI014474,0.0,0.0,9.0,7.5,0.0
CLI014475,0.0,9.0,0.0,0.0,0.0
CLI014476,8.0,0.0,0.0,0.0,0.0
CLI014477,0.0,8.333333333333334,9.0,0.0,0.0
CLI014478,7.0,0.0,0.0,7.0,8.0
CLI014479,8.0,8.0,8.0,9.0,0.0
CLI014480,7.0,9.0,10.0,0.0,7.666666666666667
CLI014481,0.0,7.5,0.0,0.0,0.0
CLI014482,0.0,0.0,9.0,0.0,8.2
CLI014483,0.0,0.0,9.0,0.0,9.0
CLI014484,8.0,0.0,0.0,7.5,0.0
CLI014486,0.0,7.0,0.0,0.0,0.0
CLI014487,9.0,0.0,0.0,0.0,0.0
CLI014488,7.0,9.0,0.0,8.0,0.0
CLI014489,7.0,0.0,0.0,0.0,0.0
CLI014490,7.0,0.0,8.0,0.0,0.0
CLI014491,9.0,0.0,9.0,9.0,0.0
CLI014492,8.0,0.0,0.0,7.0,0.0
CLI014493,9.0,9.0,0.0,0.0,0.0
CLI014494,0.0,9.0,0.0,9.0,8.0
CLI014495,8.0,0.0,0.0,0.0,7.666666666666667
CLI014496,9.0,9.0,8.0,8.0,7.0
CLI014498,0.0,7.0,10.0,8.0,0.0
CLI014499,7.0,8.0,8.0,0.0,0.0
CLI014500,8.0,0.0,0.0,0.0,0.0
CLI014501,0.0,9.0,0.0,0.0,0.0
CLI014502,0.0,0.0,9.0,0.0,0.0
CLI014503,0.0,9.0,0.0,0.0,8.0
CLI014504,0.0,0.0,0.0,0.0,9.0
CLI014505,0.0,8.0,8.0,0.0,7.75
CLI014506,0.0,8.0,8.0,0.0,9.0
CLI014507,0.0,0.0,0.0,0.0,9.0
CLI014508,9.0,0.0,0.0,0.0,8.0
CLI014509,0.0,0.0,0.0,8.0,9.0
CLI014510,9.0,7.5,0.0,0.0,0.0
CLI014511,0.0,0.0,0.0,8.0,7.666666666666667
CLI014512,0.0,9.5,0.0,0.0,0.0
CLI014513,8.0,0.0,8.0,0.0,0.0
CLI014514,0.0,0.0,7.0,0.0,0.0
CLI014515,0.0,0.0,0.0,9.0,7.5
CLI014516,8.5,0.0,8.0,0.0,0.0
CLI014517,0.0,0.0,8.0,0.0,7.0
CLI014518,8.5,0.0,0.0,0.0,7.0
CLI014519,9.0,0.0,7.0,0.0,0.0
CLI014521,0.0,0.0,9.0,0.0,0.0
CLI014522,9.0,0.0,9.0,8.0,0.0
CLI014523,9.0,8.0,8.0,0.0,0.0
CLI014524,8.0,0.0,0.0,0.0,8.0
CLI014525,8.0,0.0,0.0,0.0,0.0
CLI014526,0.0,8.5,0.0,0.0,8.0
CLI014527,8.0,0.0,0.0,8.0,0.0
CLI014528,0.0,0.0,7.0,0.0,10.0
CLI014529,0.0,9.0,0.0,0.0,0.0
CLI014530,9.5,0.0,8.0,8.0,0.0
CLI014533,0.0,7.0,0.0,0.0,9.0
CLI014534,9.0,7.5,0.0,6.0,8.0
CLI014535,0.0,0.0,0.0,8.0,0.0
CLI014536,8.0,9.0,0.0,0.0,9.0
CLI014537,0.0,0.0,0.0,0.0,7.5
CLI014538,0.0,8.0,10.0,8.0,0.0
CLI014539,0.0,0.0,0.0,9.0,0.0
CLI014540,0.0,0.0,9.0,0.0,8.5
CLI014541,8.5,0.0,0.0,7.0,0.0
CLI014542,8.0,0.0,8.0,0.0,0.0
CLI014543,0.0,0.0,8.0,6.0,7.0
CLI014544,8.333333333333334,9.0,0.0,8.5,8.5
CLI014545,0.0,8.0,0.0,0.0,6.0
CLI014546,9.0,0.0,0.0,8.5,0.0
CLI014547,0.0,9.0,7.0,0.0,7.0
CLI014548,0.0,0.0,8.0,8.0,8.0
CLI014549,7.0,0.0,0.0,0.0,0.0
CLI014550,0.0,0.0,0.0,8.0,10.0
CLI014551,0.0,0.0,0.0,8.5,0.0
CLI014552,8.0,0.0,0.0,8.0,0.0
CLI014553,0.0,0.0,0.0,9.0,9.0
CLI014554,8.0,6.0,0.0,0.0,8.0
CLI014555,0.0,0.0,0.0,0.0,7.0
CLI014557,9.0,0.0,0.0,0.0,7.333333333333333
CLI014558,0.0,0.0,10.0,8.0,0.0
CLI014559,7.0,0.0,0.0,0.0,0.0
CLI014560,10.0,0.0,0.0,0.0,8.0
CLI014561,8.0,0.0,0.0,9.0,0.0
CLI014562,0.0,0.0,0.0,0.0,7.0
CLI014563,7.0,0.0,7.0,0.0,0.0
CLI014564,0.0,0.0,8.0,0.0,0.0
CLI014565,0.0,0.0,9.0,0.0,0.0
CLI014566,0.0,0.0,0.0,9.0,0.0
CLI014567,0.0,9.0,0.0,8.0,0.0
CLI014568,6.666666666666667,0.0,9.0,0.0,0.0
CLI014569,0.0,0.0,7.0,7.0,0.0
CLI014570,0.0,8.0,0.0,0.0,0.0
CLI014571,7.0,0.0,8.5,8.0,0.0
CLI014572,8.0,0.0,0.0,0.0,0.0
CLI014573,7.5,0.0,8.0,0.0,7.0
CLI014575,0.0,0.0,8.0,9.0,8.0
CLI014576,0.0,0.0,10.0,0.0,0.0
CLI014577,9.0,10.0,0.0,0.0,0.0
CLI014578,8.0,8.0,9.0,0.0,0.0
CLI014579,0.0,9.0,0.0,7.0,0.0
CLI014580,9.0,0.0,0.0,7.0,0.0
CLI014581,7.5,7.0,8.0,0.0,0.0
CLI014582,6.0,0.0,0.0,8.0,7.0
CLI014583,0.0,0.0,0.0,9.0,0.0
CLI014584,0.0,0.0,8.0,0.0,7.5
CLI014585,9.0,0.0,0.0,0.0,10.0
CLI014586,10.0,0.0,0.0,0.0,0.0
CLI014587,0.0,0.0,0.0,7.5,8.5
CLI014588,0.0,0.0,0.0,10.0,0.0
CLI014589,8.0,0.0,0.0,10.0,7.0
CLI014590,0.0,0.0,7.0,8.0,0.0
CLI014591,8.5,0.0,8.0,7.0,0.0
CLI014592,0.0,8.0,0.0,0.0,0.0
CLI014593,0.0,0.0,8.0,0.0,0.0
CLI014594,0.0,8.0,8.0,8.0,0.0
CLI014595,0.0,0.0,0.0,8.0,7.0
CLI014596,0.0,10.0,7.0,8.0,0.0
CLI014597,0.0,6.0,8.0,8.0,0.0
CLI014598,0.0,0.0,7.0,0.0,10.0
CLI014599,0.0,8.0,0.0,8.0,0.0
CLI014600,7.0,0.0,0.0,8.0,9.0
CLI014601,8.0,0.0,8.5,0.0,0.0
CLI014602,0.0,6.0,0.0,0.0,0.0
CLI014603,0.0,0.0,0.0,0.0,8.0
CLI014604,7.5,10.0,8.5,0.0,0.0
CLI014605,0.0,0.0,0.0,8.5,0.0
CLI014606,0.0,8.0,0.0,7.0,0.0
CLI014607,7.0,0.0,7.0,6.0,7.0
CLI014608,8.5,10.0,0.0,7.5,0.0
CLI014609,9.0,0.0,0.0,0.0,0.0
CLI014610,0.0,6.0,0.0,0.0,7.0
CLI014611,8.0,6.0,0.0,10.0,0.0
CLI014612,8.0,0.0,0.0,0.0,8.0
CLI014613,8.0,0.0,0.0,0.0,7.0
CLI014614,8.0,0.0,0.0,8.0,0.0
CLI014615,7.0,0.0,7.5,0.0,0.0
CLI014616,0.0,8.5,0.0,0.0,0.0
CLI014617,7.5,8.0,0.0,0.0,7.0
CLI014618,9.0,0.0,9.0,0.0,8.0
CLI014619,0.0,0.0,0.0,10.0,0.0
CLI014620,9.0,0.0,8.0,7.0,8.0
CLI014621,0.0,9.0,0.0,0.0,0.0
CLI014622,0.0,0.0,0.0,7.0,0.0
CLI014623,0.0,8.5,0.0,8.0,0.0
CLI014624,9.0,0.0,0.0,9.0,0.0
CLI014625,10.0,9.0,0.0,0.0,8.0
CLI014626,9.0,0.0,8.5,0.0,8.0
CLI014627,0.0,0.0,8.0,9.0,0.0
CLI014628,9.0,0.0,0.0,0.0,0.0
CLI014629,9.0,9.0,0.0,8.0,0.0
CLI014630,0.0,7.0,0.0,8.0,0.0
CLI014631,9.0,0.0,0.0,7.5,7.0
CLI014632,10.0,8.0,8.0,0.0,0.0
CLI014633,0.0,7.0,8.0,0.0,8.0
CLI014634,0.0,0.0,8.0,0.0,0.0
CLI014635,8.0,0.0,0.0,8.0,7.0
CLI014636,9.0,7.666666666666667,7.0,7.0,0.0
CLI014637,0.0,8.5,0.0,7.0,9.0
CLI014638,0.0,0.0,0.0,8.5,9.0
CLI014639,0.0,0.0,9.0,0.0,0.0
CLI014640,8.0,0.0,0.0,0.0,7.0
CLI014641,8.0,8.0,0.0,8.0,8.0
CLI014642,9.0,7.0,0.0,9.0,9.0
CLI014644,0.0,0.0,0.0,8.0,8.0
CLI014645,0.0,0.0,0.0,0.0,8.0
CLI014646,0.0,0.0,0.0,0.0,8.0
CLI014647,0.0,0.0,0.0,0.0,8.0
CLI014648,0.0,8.0,9.0,8.0,0.0
CLI014650,0.0,0.0,0.0,0.0,6.5
CLI014651,6.0,0.0,0.0,8.0,0.0
CLI014652,8.5,9.0,0.0,0.0,0.0
CLI014653,0.0,8.0,0.0,8.0,0.0
CLI014654,9.0,0.0,9.0,0.0,0.0
CLI014655,7.0,0.0,0.0,0.0,7.0
CLI014657,0.0,8.0,8.0,0.0,0.0
CLI014658,8.0,9.0,0.0,10.0,0.0
CLI014660,0.0,0.0,0.0,10.0,7.0
CLI014661,0.0,8.0,7.0,0.0,0.0
CLI014662,7.0,0.0,0.0,0.0,7.0
CLI014663,8.0,6.5,0.0,8.0,0.0
CLI014664,0.0,0.0,9.0,0.0,7.0
CLI014665,0.0,0.0,9.0,0.0,0.0
CLI014666,8.0,0.0,0.0,0.0,6.5
CLI014667,0.0,9.0,0.0,9.0,0.0
CLI014668,9.0,7.0,0.0,0.0,8.0
CLI014669,0.0,0.0,10.0,0.0,0.0
CLI014670,0.0,8.0,8.0,10.0,0.0
CLI014672,0.0,0.0,0.0,7.0,8.666666666666666
CLI014673,0.0,8.0,0.0,8.0,0.0
CLI014674,0.0,0.0,0.0,8.0,0.0
CLI014676,0.0,0.0,0.0,7.0,0.0
CLI014677,8.0,8.0,9.0,9.0,0.0
CLI014678,0.0,7.0,8.0,0.0,0.0
CLI014679,7.0,8.0,0.0,0.0,8.0
CLI014680,0.0,0.0,0.0,0.0,6.0
CLI014682,8.0,6.0,8.0,9.0,0.0
CLI014683,0.0,0.0,9.0,0.0,0.0
CLI014684,9.0,0.0,7.0,7.0,0.0
CLI014685,8.0,0.0,0.0,0.0,9.0
CLI014686,7.0,8.0,7.0,0.0,0.0
CLI014687,0.0,0.0,9.0,0.0,0.0
CLI014688,0.0,9.333333333333334,0.0,8.0,0.0
CLI014689,0.0,0.0,9.0,0.0,8.0
CLI014690,8.0,0.0,0.0,8.0,9.0
CLI014691,0.0,8.5,9.0,0.0,7.0
CLI014692,0.0,8.5,0.0,0.0,0.0
CLI014694,0.0,9.0,0.0,9.0,7.0
CLI014695,10.0,0.0,0.0,0.0,7.0
CLI014696,0.0,9.0,0.0,9.0,0.0
CLI014697,0.0,8.0,0.0,0.0,0.0
CLI014698,9.0,0.0,9.0,0.0,0.0
CLI014699,0.0,7.0,0.0,0.0,0.0
CLI014700,8.0,0.0,9.0,0.0,0.0
CLI014701,9.0,9.0,0.0,0.0,9.0
CLI014702,7.0,0.0,0.0,0.0,7.5
CLI014704,0.0,8.5,0.0,0.0,7.0
CLI014705,6.0,9.5,7.0,0.0,0.0
CLI014706,0.0,0.0,0.0,9.0,7.666666666666667
CLI014707,0.0,9.0,0.0,9.0,7.0
CLI014708,0.0,0.0,0.0,0.0,8.0
CLI014709,0.0,8.333333333333334,8.5,7.0,0.0
CLI014711,8.5,0.0,9.0,0.0,6.0
CLI014713,8.0,0.0,0.0,7.0,0.0
CLI014714,0.0,9.0,0.0,0.0,7.0
CLI014715,0.0,0.0,8.0,8.0,0.0
CLI014716,8.0,0.0,0.0,0.0,0.0
CLI014717,0.0,9.0,7.5,0.0,8.0
CLI014718,0.0,0.0,9.0,0.0,0.0
CLI014719,8.0,0.0,7.0,8.0,8.0
CLI014720,0.0,9.0,7.0,0.0,0.0
CLI014721,9.0,0.0,10.0,8.0,0.0
CLI014722,7.0,0.0,8.0,0.0,0.0
CLI014723,0.0,9.0,0.0,8.0,0.0
CLI014724,0.0,10.0,6.0,8.0,0.0
CLI014725,0.0,8.5,7.0,0.0,9.0
CLI014726,8.5,0.0,0.0,9.0,8.0
CLI014727,0.0,10.0,8.0,8.0,0.0
CLI014728,0.0,8.0,10.0,8.0,7.0
CLI014730,8.0,9.0,0.0,8.0,0.0
CLI014731,9.0,0.0,8.0,0.0,0.0
CLI014732,7.0,0.0,9.0,0.0,0.0
CLI014733,8.0,0.0,10.0,0.0,0.0
CLI014734,0.0,8.0,7.0,0.0,0.0
CLI014735,7.0,0.0,0.0,9.0,7.0
CLI014736,8.0,0.0,0.0,0.0,7.5
CLI014737,0.0,0.0,9.0,9.0,8.0
CLI014738,0.0,8.0,0.0,0.0,0.0
CLI014739,8.0,0.0,7.0,8.0,0.0
CLI014740,9.0,0.0,0.0,9.0,0.0
CLI014742,8.0,0.0,0.0,7.0,0.0
CLI014743,8.0,8.0,0.0,8.0,0.0
CLI014744,7.0,7.0,0.0,0.0,8.0
CLI014745,0.0,7.0,0.0,9.0,0.0
CLI014746,7.0,9.0,0.0,0.0,0.0
CLI014747,0.0,0.0,0.0,9.0,0.0
CLI014748,10.0,0.0,0.0,0.0,0.0
CLI014749,0.0,0.0,7.0,0.0,0.0
CLI014750,8.0,0.0,0.0,0.0,7.0
CLI014751,9.0,8.0,0.0,0.0,8.0
CLI014752,0.0,8.0,0.0,0.0,9.0
CLI014753,0.0,0.0,0.0,7.0,7.0
CLI014754,7.0,9.0,7.0,0.0,0.0
CLI014755,0.0,0.0,0.0,0.0,9.0
CLI014756,7.0,0.0,8.333333333333334,8.0,6.0
CLI014757,0.0,0.0,0.0,0.0,8.0
CLI014759,0.0,0.0,8.0,0.0,0.0
CLI014760,8.0,7.0,0.0,8.0,8.0
CLI014761,9.0,0.0,9.0,0.0,7.666666666666667
CLI014762,0.0,10.0,7.5,0.0,8.0
CLI014763,0.0,8.0,8.0,0.0,10.0
CLI014764,7.0,0.0,0.0,0.0,9.0
CLI014765,8.0,0.0,7.5,0.0,0.0
CLI014766,0.0,8.0,9.0,0.0,0.0
CLI014767,0.0,0.0,0.0,7.0,8.0
CLI014768,0.0,8.0,0.0,0.0,10.0
CLI014769,0.0,0.0,0.0,0.0,7.5
CLI014770,8.0,7.0,0.0,0.0,0.0
CLI014771,0.0,0.0,0.0,8.5,0.0
CLI014772,7.0,8.0,0.0,9.0,8.0
CLI014773,0.0,8.0,0.0,0.0,0.0
CLI014774,8.5,0.0,0.0,0.0,8.0
CLI014775,0.0,0.0,0.0,8.0,9.0
CLI014776,0.0,0.0,8.0,0.0,0.0
CLI014777,0.0,0.0,0.0,0.0,10.0
CLI014778,8.0,9.0,0.0,0.0,0.0
CLI014779,9.0,0.0,8.0,0.0,0.0
CLI014780,0.0,8.0,8.5,7.0,0.0
CLI014781,9.0,9.0,0.0,8.0,0.0
CLI014782,0.0,0.0,0.0,9.0,9.0
CLI014783,8.0,8.0,0.0,6.0,0.0
CLI014784,0.0,0.0,0.0,0.0,7.0
CLI014785,0.0,0.0,8.5,8.0,8.0
CLI014786,0.0,0.0,8.0,8.0,0.0
CLI014787,8.0,0.0,0.0,0.0,8.0
CLI014788,0.0,0.0,0.0,9.0,0.0
CLI014789,8.0,7.0,10.0,7.0,0.0
CLI014790,0.0,0.0,8.0,8.0,0.0
CLI014791,0.0,0.0,7.0,0.0,9.0
CLI014792,7.666666666666667,9.0,0.0,0.0,9.0
CLI014793,0.0,0.0,7.333333333333333,0.0,0.0
CLI014795,0.0,8.0,0.0,0.0,7.0
CLI014796,6.0,0.0,0.0,8.5,7.0
CLI014797,0.0,0.0,0.0,7.75,0.0
CLI014798,0.0,8.75,0.0,0.0,0.0
CLI014799,7.0,9.0,9.0,7.0,0.0
CLI014800,0.0,0.0,8.0,0.0,0.0
CLI014801,0.0,0.0,7.0,7.0,0.0
CLI014802,8.0,8.0,9.0,9.0,0.0
CLI014803,0.0,0.0,0.0,7.0,0.0
CLI014804,7.0,9.0,0.0,0.0,0.0
CLI014807,0.0,0.0,9.0,0.0,0.0
CLI014808,7.5,0.0,7.666666666666667,0.0,8.5
CLI014809,0.0,0.0,0.0,8.0,0.0
CLI014810,0.0,0.0,8.0,8.333333333333334,7.0
CLI014811,0.0,0.0,8.0,10.0,0.0
CLI014812,9.0,9.0,7.0,8.0,0.0
CLI014813,0.0,6.0,0.0,0.0,7.0
CLI014814,7.0,0.0,0.0,0.0,9.0
CLI014815,8.0,0.0,8.0,6.0,8.0
CLI014816,9.0,0.0,10.0,9.0,0.0
CLI014817,0.0,9.0,10.0,0.0,8.0
CLI014818,8.5,0.0,0.0,0.0,9.5
CLI014819,9.0,0.0,9.0,9.0,0.0
CLI014820,0.0,0.0,8.0,6.5,0.0
CLI014821,0.0,0.0,0.0,9.0,0.0
CLI014822,9.0,9.0,7.0,8.0,0.0
CLI014823,9.0,8.0,0.0,0.0,0.0
CLI014824,0.0,9.0,0.0,0.0,6.0
CLI014826,0.0,9.0,0.0,0.0,8.0
CLI014827,0.0,0.0,0.0,7.333333333333333,0.0
CLI014828,6.0,0.0,0.0,0.0,8.5
CLI014829,10.0,8.0,0.0,9.0,0.0
CLI014830,8.0,0.0,0.0,0.0,0.0
CLI014831,8.0,0.0,9.5,0.0,0.0
CLI014832,0.0,7.0,0.0,9.0,8.0
CLI014833,0.0,0.0,0.0,0.0,8.0
CLI014834,7.0,0.0,0.0,0.0,0.0
CLI014835,0.0,0.0,0.0,9.0,0.0
CLI014836,0.0,8.0,0.0,8.0,0.0
CLI014837,0.0,0.0,0.0,0.0,10.0
CLI014838,8.0,0.0,0.0,0.0,0.0
CLI014839,7.0,0.0,0.0,9.0,0.0
CLI014840,0.0,0.0,0.0,8.0,0.0
CLI014841,9.0,0.0,0.0,0.0,0.0
CLI014842,8.0,0.0,0.0,0.0,0.0
CLI014843,7.0,0.0,0.0,0.0,6.0
CLI014844,0.0,0.0,0.0,8.0,8.0
CLI014845,8.0,9.0,8.0,0.0,9.0
CLI014846,7.5,0.0,0.0,0.0,0.0
CLI014847,0.0,0.0,0.0,9.0,0.0
CLI014848,7.0,0.0,0.0,0.0,8.0
CLI014849,0.0,8.0,0.0,8.0,0.0
CLI014850,8.0,7.0,0.0,8.0,0.0
CLI014851,9.0,0.0,0.0,0.0,8.666666666666666
CLI014852,0.0,0.0,0.0,0.0,8.0
CLI014853,8.0,0.0,0.0,0.0,0.0
CLI014854,0.0,9.0,0.0,0.0,0.0
CLI014855,8.5,0.0,0.0,9.0,0.0
CLI014856,8.0,0.0,0.0,8.5,7.0
CLI014857,7.0,9.0,0.0,0.0,0.0
CLI014858,9.0,0.0,0.0,0.0,7.0
CLI014859,0.0,0.0,0.0,8.5,9.0
CLI014860,0.0,8.0,0.0,7.0,0.0
CLI014861,9.0,8.5,6.0,0.0,0.0
CLI014862,8.0,0.0,0.0,8.0,8.0
CLI014863,8.5,8.0,0.0,0.0,0.0
CLI014864,9.0,0.0,0.0,0.0,0.0
CLI014865,0.0,8.0,8.0,0.0,7.5
CLI014866,9.0,0.0,0.0,0.0,8.0
CLI014867,9.0,0.0,0.0,0.0,6.0
CLI014869,6.0,7.0,0.0,8.0,0.0
CLI014870,0.0,0.0,0.0,7.5,0.0
CLI014872,0.0,8.5,0.0,0.0,7.5
CLI014873,0.0,0.0,0.0,0.0,7.0
CLI014874,0.0,0.0,0.0,8.0,6.0
CLI014875,0.0,10.0,0.0,0.0,0.0
CLI014876,0.0,0.0,0.0,0.0,10.0
CLI014877,0.0,0.0,0.0,9.0,0.0
CLI014878,0.0,0.0,7.0,0.0,7.5
CLI014879,0.0,7.0,0.0,0.0,7.0
CLI014880,7.0,0.0,0.0,0.0,9.0
CLI014881,8.0,7.5,0.0,0.0,0.0
CLI014882,9.0,0.0,0.0,8.0,0.0
CLI014883,0.0,9.0,9.0,0.0,7.0
CLI014884,0.0,0.0,0.0,8.0,0.0
CLI014885,0.0,0.0,0.0,9.0,0.0
CLI014886,7.0,0.0,9.0,7.0,0.0
CLI014887,0.0,0.0,0.0,8.5,0.0
CLI014888,7.0,0.0,8.5,0.0,0.0
CLI014889,0.0,9.0,0.0,0.0,9.0
CLI014890,8.0,7.0,0.0,9.0,9.0
CLI014891,0.0,0.0,0.0,0.0,9.0
CLI014892,7.5,0.0,9.0,8.0,0.0
CLI014893,7.0,0.0,0.0,0.0,7.5
CLI014894,8.0,7.0,0.0,0.0,0.0
CLI014895,0.0,6.0,8.0,0.0,0.0
CLI014896,10.0,0.0,0.0,0.0,0.0
CLI014897,0.0,0.0,7.0,0.0,0.0
CLI014898,9.0,0.0,7.0,0.0,0.0
CLI014899,8.0,0.0,0.0,8.0,0.0
CLI014900,9.0,0.0,0.0,0.0,0.0
CLI014901,0.0,0.0,0.0,10.0,0.0
CLI014902,0.0,0.0,0.0,7.0,0.0
CLI014903,0.0,8.0,0.0,0.0,0.0
CLI014904,7.0,0.0,0.0,9.0,0.0
CLI014905,0.0,0.0,0.0,9.0,9.0
CLI014906,0.0,0.0,0.0,8.0,7.0
CLI014907,0.0,8.0,9.0,8.0,0.0
CLI014908,0.0,0.0,9.0,0.0,9.0
CLI014910,0.0,0.0,0.0,9.0,9.0
CLI014911,0.0,8.0,0.0,0.0,0.0
CLI014912,8.0,7.0,0.0,7.0,0.0
CLI014913,0.0,7.5,0.0,0.0,0.0
CLI014914,0.0,8.5,8.0,0.0,9.0
CLI014915,0.0,7.0,0.0,0.0,0.0
CLI014916,0.0,0.0,0.0,7.0,0.0
CLI014917,7.0,8.0,0.0,0.0,0.0
CLI014918,8.0,0.0,9.0,0.0,9.0
CLI014919,8.0,9.0,0.0,8.0,7.0
CLI014920,0.0,0.0,0.0,9.0,7.0
CLI014921,7.5,9.0,0.0,0.0,0.0
CLI014922,0.0,0.0,8.0,0.0,8.0
CLI014923,0.0,8.5,0.0,0.0,0.0
CLI014924,8.0,0.0,9.0,0.0,0.0
CLI014925,0.0,0.0,9.0,0.0,0.0
CLI014926,9.0,8.0,0.0,8.0,8.0
CLI014927,0.0,10.0,0.0,0.0,0.0
CLI014928,0.0,8.0,0.0,0.0,0.0
CLI014929,9.0,7.0,6.0,0.0,8.0
CLI014930,0.0,0.0,8.0,0.0,0.0
CLI014931,0.0,6.0,0.0,0.0,0.0
CLI014932,0.0,0.0,9.0,0.0,7.333333333333333
CLI014933,8.0,0.0,0.0,8.0,0.0
CLI014935,0.0,0.0,0.0,8.0,0.0
CLI014936,7.0,8.0,0.0,8.0,0.0
CLI014937,0.0,8.0,0.0,7.0,0.0
CLI014938,9.0,7.0,0.0,0.0,8.0
CLI014939,7.5,0.0,0.0,10.0,8.0
CLI014940,8.0,8.0,0.0,0.0,0.0
CLI014941,0.0,0.0,0.0,0.0,9.0
CLI014942,8.0,10.0,0.0,9.0,9.0
CLI014943,0.0,0.0,9.0,0.0,0.0
CLI014944,0.0,9.0,8.0,9.0,0.0
CLI014945,8.0,0.0,7.5,0.0,0.0
CLI014947,8.0,9.0,0.0,0.0,0.0
CLI014948,0.0,0.0,0.0,0.0,9.0
CLI014949,0.0,0.0,0.0,0.0,8.0
CLI014950,0.0,8.0,0.0,10.0,0.0
CLI014951,0.0,10.0,0.0,0.0,0.0
CLI014953,9.0,0.0,0.0,0.0,0.0
CLI014954,9.0,0.0,0.0,0.0,0.0
CLI014955,0.0,0.0,9.0,0.0,0.0
CLI014956,0.0,0.0,8.0,0.0,8.0
CLI014957,9.0,9.0,0.0,9.0,8.0
CLI014958,0.0,8.0,0.0,0.0,8.0
CLI014959,8.0,8.0,8.333333333333334,0.0,0.0
CLI014960,7.0,0.0,0.0,0.0,8.0
CLI014961,0.0,0.0,9.0,0.0,0.0
CLI014962,0.0,7.0,0.0,0.0,8.0
CLI014963,9.0,0.0,0.0,0.0,9.0
CLI014964,8.0,0.0,0.0,10.0,0.0
CLI014965,8.0,0.0,8.666666666666666,9.0,8.0
CLI014966,0.0,8.0,0.0,9.0,0.0
CLI014967,0.0,6.0,8.0,8.0,0.0
CLI014968,0.0,0.0,7.5,0.0,0.0
CLI014969,0.0,8.0,0.0,7.0,8.5
CLI014970,0.0,0.0,0.0,8.0,0.0
CLI014973,0.0,0.0,8.0,0.0,0.0
CLI014974,0.0,6.0,8.5,0.0,0.0
CLI014975,0.0,0.0,0.0,0.0,7.0
CLI014976,6.0,0.0,0.0,7.0,0.0
CLI014977,0.0,0.0,0.0,0.0,9.0
CLI014978,8.0,8.0,0.0,0.0,7.0
CLI014979,8.0,0.0,7.0,9.0,0.0
CLI014980,9.0,0.0,0.0,10.0,0.0
CLI014982,0.0,9.0,8.0,0.0,0.0
CLI014984,0.0,0.0,0.0,0.0,9.0
CLI014985,0.0,9.0,0.0,0.0,0.0
CLI014986,7.0,6.0,10.0,0.0,0.0
CLI014987,9.0,9.0,0.0,6.0,0.0
CLI014988,9.0,6.0,0.0,0.0,0.0
CLI014989,0.0,8.0,0.0,0.0,9.0
CLI014990,9.5,0.0,0.0,0.0,0.0
CLI014991,9.0,6.0,8.0,0.0,9.0
CLI014992,7.0,0.0,9.0,8.0,7.0
CLI014993,0.0,0.0,0.0,7.0,8.0
CLI014994,0.0,9.0,7.0,9.0,0.0
CLI014995,9.0,0.0,0.0,0.0,0.0
CLI014996,8.5,0.0,7.0,7.0,8.0
CLI014997,7.0,7.0,0.0,0.0,7.0
CLI014998,0.0,7.0,8.0,0.0,9.0
CLI014999,0.0,0.0,8.0,0.0,0.0
CLI015000,8.0,0.0,8.5,6.0,0.0
CLI015001,0.0,7.0,0.0,0.0,0.0
CLI015002,0.0,8.0,9.0,0.0,0.0
CLI015003,8.0,8.5,0.0,0.0,6.0
CLI015004,0.0,8.0,9.0,8.0,0.0
CLI015005,0.0,8.0,0.0,9.0,0.0
CLI015006,0.0,8.0,0.0,0.0,0.0
CLI015007,7.0,0.0,0.0,8.5,0.0
CLI015008,0.0,0.0,0.0,7.5,9.5
CLI015009,0.0,0.0,0.0,0.0,8.0
CLI015010,9.0,9.0,0.0,8.0,0.0
CLI015011,7.0,0.0,0.0,7.0,0.0
CLI015012,9.0,9.0,8.0,0.0,0.0
CLI015013,8.0,0.0,0.0,0.0,8.5
CLI015014,7.0,0.0,8.0,0.0,0.0
CLI015015,0.0,0.0,9.0,9.0,9.0
CLI015016,0.0,0.0,8.0,7.5,0.0
CLI015017,0.0,7.0,0.0,8.0,0.0
CLI015018,7.0,0.0,7.0,9.0,9.0
CLI015019,8.0,6.0,0.0,0.0,0.0
CLI015020,0.0,0.0,0.0,0.0,9.0
CLI015021,0.0,0.0,10.0,9.0,0.0
CLI015022,0.0,8.0,0.0,10.0,9.0
CLI015023,0.0,0.0,9.0,0.0,0.0
CLI015024,0.0,0.0,0.0,8.5,0.0
CLI015025,0.0,9.0,0.0,0.0,9.0
CLI015026,7.0,0.0,0.0,0.0,0.0
CLI015027,7.5,0.0,7.0,0.0,7.0
CLI015028,0.0,0.0,9.0,8.0,8.0
CLI015029,0.0,7.0,0.0,9.0,0.0
CLI015030,0.0,8.0,7.0,0.0,0.0
CLI015031,0.0,0.0,0.0,8.0,7.0
CLI015032,0.0,0.0,6.0,0.0,8.0
CLI015033,7.0,0.0,0.0,0.0,0.0
CLI015034,0.0,0.0,0.0,7.0,0.0
CLI015035,7.0,0.0,0.0,8.0,8.0
CLI015036,0.0,0.0,0.0,8.5,8.0
CLI015037,8.0,0.0,0.0,0.0,0.0
CLI015038,9.0,8.0,0.0,8.5,0.0
CLI015039,8.0,0.0,10.0,0.0,8.0
CLI015040,0.0,8.0,0.0,9.0,0.0
CLI015041,0.0,9.0,8.0,0.0,0.0
CLI015042,7.0,7.0,0.0,9.0,0.0
CLI015043,0.0,0.0,8.0,8.0,10.0
CLI015044,8.0,0.0,0.0,0.0,0.0
CLI015045,9.0,8.0,8.0,0.0,9.0
CLI015046,8.0,0.0,0.0,0.0,0.0
CLI015047,7.0,8.5,0.0,0.0,0.0
CLI015048,7.0,7.0,0.0,0.0,9.0
CLI015049,7.0,8.5,0.0,0.0,0.0
CLI015050,7.0,0.0,9.0,0.0,0.0
CLI015052,0.0,0.0,0.0,8.0,0.0
CLI015053,0.0,0.0,0.0,8.0,0.0
CLI015054,8.0,7.0,0.0,0.0,9.0
CLI015055,9.0,0.0,8.0,0.0,8.0
CLI015056,0.0,0.0,9.0,0.0,9.0
CLI015057,8.0,0.0,0.0,0.0,0.0
CLI015058,7.0,0.0,8.0,8.0,7.0
CLI015059,0.0,0.0,0.0,8.0,0.0
CLI015060,0.0,9.0,0.0,7.0,6.0
CLI015062,8.0,0.0,0.0,0.0,0.0
CLI015063,8.0,6.5,7.0,0.0,0.0
CLI015064,0.0,0.0,0.0,0.0,8.5
CLI015065,0.0,0.0,0.0,8.333333333333334,0.0
CLI015067,8.0,0.0,0.0,0.0,0.0
CLI015068,0.0,0.0,0.0,9.0,0.0
CLI015069,9.0,8.0,9.0,0.0,0.0
CLI015070,0.0,8.0,7.0,8.0,7.0
CLI015071,0.0,8.0,7.5,0.0,0.0
CLI015072,7.0,0.0,6.0,0.0,9.0
CLI015073,8.25,0.0,8.0,6.0,0.0
CLI015074,0.0,7.0,8.0,7.666666666666667,9.0
CLI015075,0.0,7.5,0.0,0.0,0.0
CLI015076,0.0,8.0,0.0,0.0,8.5
CLI015078,0.0,0.0,8.0,0.0,10.0
CLI015079,0.0,0.0,8.5,8.0,0.0
CLI015080,0.0,7.0,0.0,9.0,0.0
CLI015081,8.0,0.0,0.0,0.0,0.0
CLI015082,0.0,8.0,9.0,9.0,8.0
CLI015083,8.5,7.0,0.0,9.0,0.0
CLI015084,0.0,8.0,0.0,0.0,0.0
CLI015085,0.0,8.0,8.0,7.0,10.0
CLI015086,8.0,0.0,9.0,9.0,0.0
CLI015087,0.0,0.0,0.0,8.0,0.0
CLI015088,7.0,8.5,6.0,0.0,7.0
CLI015089,9.0,0.0,0.0,8.0,7.0
CLI015090,0.0,0.0,0.0,10.0,0.0
CLI015091,9.0,9.0,0.0,0.0,7.0
CLI015092,8.0,0.0,7.0,0.0,0.0
CLI015093,9.0,0.0,0.0,0.0,9.0
CLI015094,0.0,0.0,9.0,0.0,0.0
CLI015095,0.0,0.0,0.0,0.0,7.0
CLI015096,8.0,0.0,0.0,0.0,0.0
CLI015097,0.0,7.0,0.0,0.0,0.0
CLI015098,0.0,0.0,0.0,8.0,8.5
CLI015099,7.0,0.0,8.0,0.0,0.0
CLI015100,0.0,8.0,7.0,0.0,8.0
CLI015101,9.0,0.0,8.0,0.0,0.0
CLI015103,0.0,0.0,9.0,6.0,9.0
CLI015104,0.0,0.0,0.0,0.0,7.0
CLI015105,7.5,7.0,0.0,0.0,0.0
CLI015106,8.0,0.0,7.0,0.0,0.0
CLI015107,7.0,0.0,0.0,9.0,8.0
CLI015108,0.0,8.5,0.0,0.0,8.5
CLI015109,0.0,0.0,0.0,0.0,9.0
CLI015110,0.0,0.0,0.0,8.0,0.0
CLI015111,0.0,8.5,0.0,0.0,7.0
CLI015112,0.0,0.0,0.0,0.0,7.0
CLI015113,7.0,7.5,8.0,0.0,0.0
CLI015114,0.0,0.0,9.0,0.0,0.0
CLI015115,7.0,0.0,8.0,0.0,0.0
CLI015117,0.0,7.0,0.0,0.0,0.0
CLI015118,9.0,0.0,0.0,7.0,0.0
CLI015119,8.5,0.0,0.0,0.0,0.0
CLI015120,9.0,0.0,7.5,9.0,0.0
CLI015121,0.0,0.0,0.0,9.0,0.0
CLI015122,0.0,0.0,0.0,9.0,0.0
CLI015124,0.0,0.0,0.0,7.0,6.0
CLI015125,0.0,0.0,0.0,0.0,8.0
CLI015126,0.0,8.0,7.0,0.0,9.0
CLI015127,0.0,7.0,0.0,7.0,0.0
CLI015128,0.0,9.0,9.0,0.0,0.0
CLI015129,0.0,0.0,0.0,0.0,8.0
CLI015131,9.0,9.0,0.0,9.0,0.0
CLI015132,9.0,9.0,0.0,0.0,0.0
CLI015133,0.0,0.0,0.0,9.0,0.0
CLI015134,0.0,0.0,9.0,0.0,0.0
CLI015135,0.0,8.0,8.0,0.0,0.0
CLI015137,8.0,0.0,7.666666666666667,0.0,8.0
CLI015138,0.0,0.0,8.0,9.0,7.0
CLI015139,8.0,9.0,0.0,0.0,8.0
CLI015140,8.0,0.0,0.0,0.0,0.0
CLI015141,9.0,0.0,6.0,0.0,0.0
CLI015142,0.0,0.0,10.0,0.0,6.0
CLI015143,0.0,6.0,0.0,8.0,8.5
CLI015144,0.0,10.0,0.0,9.0,7.0
CLI015145,0.0,0.0,8.0,0.0,6.0
CLI015146,0.0,0.0,9.0,8.5,10.0
CLI015147,0.0,0.0,0.0,8.0,7.0
CLI015148,0.0,0.0,0.0,8.0,0.0
CLI015149,8.0,0.0,8.0,0.0,8.0
CLI015150,0.0,8.0,9.0,0.0,7.5
CLI015151,9.0,0.0,0.0,0.0,0.0
CLI015152,0.0,0.0,8.0,7.0,8.0
CLI015153,0.0,8.0,0.0,0.0,9.0
CLI015154,7.0,0.0,0.0,7.5,0.0
CLI015155,8.5,8.0,0.0,0.0,0.0
CLI015156,7.0,0.0,0.0,9.0,8.0
CLI015157,0.0,8.0,0.0,0.0,9.0
CLI015158,0.0,0.0,8.0,0.0,0.0
CLI015159,0.0,10.0,0.0,0.0,0.0
CLI015160,0.0,9.0,0.0,0.0,0.0
CLI015161,0.0,0.0,8.5,0.0,0.0
CLI015162,0.0,0.0,0.0,7.0,0.0
CLI015163,7.0,10.0,8.0,0.0,8.0
CLI015164,0.0,0.0,8.0,7.0,0.0
CLI015165,0.0,0.0,0.0,0.0,8.0
CLI015166,7.0,7.0,8.0,0.0,9.0
CLI015167,0.0,0.0,0.0,0.0,7.5
CLI015168,0.0,0.0,0.0,0.0,8.0
CLI015169,0.0,0.0,0.0,0.0,8.0
CLI015170,0.0,8.0,7.0,0.0,9.0
CLI015171,0.0,0.0,9.0,0.0,0.0
CLI015172,9.0,0.0,10.0,7.0,0.0
CLI015173,8.0,0.0,0.0,10.0,0.0
CLI015174,0.0,8.0,7.0,0.0,8.0
CLI015175,0.0,9.0,8.0,0.0,9.0
CLI015176,0.0,0.0,0.0,0.0,8.0
CLI015177,9.0,0.0,0.0,7.0,8.0
CLI015178,0.0,9.0,0.0,7.0,0.0
CLI015180,9.0,0.0,0.0,0.0,7.0
CLI015181,0.0,0.0,0.0,7.0,9.0
CLI015182,6.0,0.0,8.0,9.0,6.0
CLI015184,0.0,8.0,6.0,0.0,0.0
CLI015185,0.0,0.0,0.0,0.0,8.0
CLI015187,7.5,0.0,9.0,9.0,8.0
CLI015188,7.5,0.0,9.0,0.0,0.0
CLI015190,0.0,0.0,0.0,9.0,9.0
CLI015191,8.5,8.0,0.0,7.0,0.0
CLI015192,8.0,0.0,0.0,9.0,0.0
CLI015193,0.0,0.0,0.0,7.5,0.0
CLI015194,0.0,0.0,9.0,0.0,0.0
CLI015195,9.0,0.0,0.0,0.0,0.0
CLI015196,9.0,8.0,0.0,9.0,6.0
CLI015197,0.0,0.0,9.0,9.0,7.0
CLI015198,0.0,0.0,0.0,9.0,7.5
CLI015199,0.0,0.0,9.0,7.0,8.5
CLI015200,0.0,0.0,8.0,0.0,0.0
CLI015202,7.0,0.0,7.0,8.0,0.0
CLI015203,9.0,8.0,0.0,9.0,0.0
CLI015204,9.0,9.0,0.0,7.0,8.25
CLI015205,8.0,7.5,9.0,9.0,0.0
CLI015206,9.0,0.0,7.5,0.0,0.0
CLI015207,0.0,0.0,0.0,8.0,0.0
CLI015208,0.0,10.0,0.0,0.0,8.0
CLI015209,7.0,8.0,7.666666666666667,0.0,8.0
CLI015210,0.0,0.0,8.0,0.0,8.5
CLI015211,0.0,8.0,7.5,0.0,8.0
CLI015212,0.0,8.0,0.0,0.0,8.0
CLI015213,8.0,8.0,6.0,0.0,0.0
CLI015214,10.0,10.0,9.0,0.0,0.0
CLI015215,0.0,8.0,0.0,8.5,6.0
CLI015216,0.0,0.0,0.0,10.0,0.0
CLI015217,0.0,0.0,9.0,0.0,0.0
CLI015218,9.0,0.0,0.0,0.0,0.0
CLI015219,8.0,0.0,10.0,0.0,0.0
CLI015220,0.0,10.0,8.0,0.0,9.0
CLI015221,9.0,9.0,7.333333333333333,7.0,8.0
CLI015222,0.0,0.0,9.0,8.0,0.0
CLI015224,8.0,0.0,8.0,0.0,0.0
CLI015225,0.0,0.0,8.0,8.0,0.0
CLI015226,8.0,0.0,7.0,0.0,0.0
CLI015227,8.0,0.0,0.0,0.0,9.0
CLI015228,9.0,0.0,7.0,8.0,7.0
CLI015229,8.0,0.0,0.0,0.0,0.0
CLI015230,7.0,0.0,0.0,6.0,8.0
CLI015231,0.0,0.0,8.0,0.0,7.5
CLI015232,0.0,0.0,9.0,0.0,0.0
CLI015233,7.0,0.0,0.0,0.0,8.0
CLI015234,8.0,8.0,8.0,8.0,0.0
CLI015235,0.0,0.0,8.0,8.0,0.0
CLI015236,0.0,0.0,0.0,0.0,8.0
CLI015238,8.0,0.0,0.0,7.0,9.0
CLI015239,0.0,0.0,9.0,8.0,0.0
CLI015240,7.0,0.0,0.0,0.0,0.0
CLI015241,0.0,7.0,9.5,0.0,0.0
CLI015242,0.0,7.75,8.0,0.0,0.0
CLI015243,7.0,0.0,7.0,0.0,10.0
CLI015244,0.0,9.0,0.0,0.0,0.0
CLI015245,8.0,0.0,0.0,0.0,9.0
CLI015247,8.0,0.0,0.0,0.0,0.0
CLI015249,0.0,9.0,0.0,0.0,9.0
CLI015251,9.0,0.0,7.0,0.0,7.0
CLI015252,8.0,0.0,0.0,7.0,7.5
CLI015253,0.0,0.0,0.0,0.0,9.0
CLI015255,0.0,0.0,8.0,0.0,9.0
CLI015256,8.0,0.0,0.0,0.0,0.0
CLI015257,9.0,9.0,0.0,8.0,9.0
CLI015259,9.0,0.0,0.0,0.0,7.5
CLI015260,8.0,0.0,9.0,0.0,0.0
CLI015261,0.0,0.0,0.0,7.0,10.0
CLI015263,0.0,0.0,7.0,0.0,0.0
CLI015264,0.0,0.0,9.0,0.0,0.0
CLI015265,0.0,0.0,0.0,0.0,8.0
CLI015266,10.0,0.0,0.0,8.0,0.0
CLI015267,0.0,0.0,0.0,0.0,9.0
CLI015268,9.0,0.0,8.5,9.0,7.0
CLI015269,8.0,0.0,0.0,0.0,0.0
CLI015270,8.0,8.0,9.0,0.0,8.0
CLI015271,0.0,7.5,0.0,0.0,0.0
CLI015273,8.0,0.0,0.0,0.0,8.0
CLI015274,0.0,8.0,0.0,0.0,9.0
CLI015276,0.0,8.0,0.0,0.0,0.0
CLI015277,0.0,9.0,0.0,7.0,0.0
CLI015279,0.0,0.0,9.0,0.0,6.0
CLI015280,0.0,7.0,8.0,0.0,7.0
CLI015281,0.0,9.0,8.0,0.0,0.0
CLI015283,0.0,0.0,0.0,9.5,8.0
CLI015284,7.5,7.0,0.0,0.0,7.0
CLI015285,0.0,0.0,0.0,0.0,8.0
CLI015286,0.0,7.0,0.0,0.0,0.0
CLI015288,9.0,7.0,0.0,0.0,9.0
CLI015289,0.0,0.0,0.0,0.0,9.0
CLI015290,0.0,9.0,0.0,9.0,0.0
CLI015291,0.0,0.0,8.0,0.0,0.0
CLI015292,7.0,8.0,0.0,0.0,0.0
CLI015294,7.0,7.5,0.0,8.0,0.0
CLI015295,0.0,8.0,7.333333333333333,9.0,0.0
CLI015296,0.0,0.0,7.0,7.0,9.0
CLI015297,0.0,0.0,0.0,0.0,7.0
CLI015298,0.0,0.0,0.0,8.0,0.0
CLI015299,0.0,9.0,0.0,0.0,6.0
CLI015300,0.0,8.0,9.0,0.0,8.0
CLI015301,8.0,0.0,9.0,0.0,0.0
CLI015302,9.0,8.0,9.0,0.0,0.0
CLI015303,0.0,0.0,0.0,9.0,7.5
CLI015304,9.0,0.0,0.0,0.0,0.0
CLI015305,9.0,9.0,9.0,9.0,7.0
CLI015306,0.0,8.0,0.0,0.0,0.0
CLI015307,0.0,8.0,9.0,0.0,0.0
CLI015308,0.0,0.0,0.0,0.0,8.0
CLI015309,0.0,7.0,9.0,9.0,7.0
CLI015310,0.0,7.0,0.0,7.0,7.5
CLI015312,0.0,8.0,9.0,8.0,0.0
CLI015313,6.0,0.0,8.0,0.0,7.5
CLI015315,8.5,9.0,0.0,8.0,0.0
CLI015316,0.0,0.0,8.0,0.0,7.0
CLI015317,8.0,8.0,8.0,0.0,0.0
CLI015319,8.0,0.0,7.0,10.0,0.0
CLI015320,0.0,0.0,0.0,7.0,0.0
CLI015321,9.0,0.0,0.0,7.5,0.0
CLI015322,8.0,8.0,0.0,7.0,6.5
CLI015323,8.5,0.0,0.0,0.0,0.0
CLI015324,7.0,8.0,0.0,0.0,0.0
CLI015325,0.0,0.0,9.0,0.0,0.0
CLI015326,8.5,0.0,0.0,7.0,0.0
CLI015327,0.0,0.0,0.0,8.0,10.0
CLI015328,0.0,8.0,0.0,8.0,8.0
CLI015329,8.0,7.0,0.0,0.0,0.0
CLI015330,0.0,0.0,8.0,8.0,8.0
CLI015331,8.0,0.0,0.0,0.0,9.0
CLI015332,6.0,0.0,6.5,0.0,7.0
CLI015333,9.0,9.5,8.0,0.0,0.0
CLI015334,0.0,0.0,0.0,8.0,7.0
CLI015335,0.0,7.0,9.0,0.0,0.0
CLI015336,0.0,0.0,0.0,0.0,8.0
CLI015337,0.0,0.0,0.0,8.0,7.0
CLI015338,9.0,0.0,8.0,0.0,0.0
CLI015339,7.0,0.0,8.0,0.0,8.0
CLI015340,0.0,8.0,0.0,8.0,0.0
CLI015341,0.0,7.5,0.0,0.0,0.0
CLI015342,0.0,0.0,8.0,0.0,8.0
CLI015343,0.0,7.0,0.0,7.0,7.0
CLI015344,0.0,8.0,0.0,0.0,0.0
CLI015345,10.0,0.0,0.0,8.0,0.0
CLI015347,0.0,0.0,7.0,0.0,0.0
CLI015348,7.0,0.0,0.0,0.0,8.0
CLI015349,8.0,0.0,0.0,0.0,0.0
CLI015350,0.0,0.0,6.5,7.0,8.0
CLI015351,8.0,0.0,8.0,9.0,0.0
CLI015352,8.0,0.0,0.0,0.0,0.0
CLI015353,0.0,0.0,7.0,7.0,0.0
CLI015354,0.0,8.0,8.0,0.0,0.0
CLI015355,0.0,7.0,8.0,0.0,0.0
CLI015356,0.0,8.0,0.0,0.0,8.0
CLI015357,0.0,0.0,8.0,0.0,7.0
CLI015358,0.0,0.0,0.0,7.0,0.0
CLI015359,0.0,8.0,0.0,0.0,9.0
CLI015360,0.0,0.0,0.0,0.0,9.0
CLI015361,9.0,0.0,0.0,0.0,0.0
CLI015362,8.0,9.0,0.0,7.0,0.0
CLI015363,7.5,0.0,8.5,10.0,7.5
CLI015364,10.0,7.0,7.0,0.0,7.0
CLI015365,0.0,8.0,0.0,0.0,0.0
CLI015366,0.0,0.0,0.0,9.0,0.0
CLI015367,9.0,0.0,0.0,0.0,0.0
CLI015369,0.0,0.0,0.0,7.0,0.0
CLI015370,0.0,0.0,0.0,8.0,8.5
CLI015371,8.0,8.0,0.0,8.0,0.0
CLI015372,0.0,0.0,0.0,8.5,0.0
CLI015373,7.0,0.0,9.0,0.0,8.0
CLI015374,0.0,8.0,0.0,0.0,9.0
CLI015375,8.0,7.5,8.0,0.0,8.333333333333334
CLI015377,7.0,8.0,0.0,9.0,0.0
CLI015378,8.0,9.0,0.0,0.0,0.0
CLI015379,0.0,0.0,8.0,0.0,0.0
CLI015380,0.0,7.666666666666667,0.0,0.0,8.0
CLI015381,0.0,8.333333333333334,9.0,0.0,0.0
CLI015382,0.0,9.0,9.0,7.0,9.0
CLI015383,9.0,0.0,9.0,8.666666666666666,0.0
CLI015384,0.0,0.0,7.5,0.0,0.0
CLI015385,0.0,0.0,8.0,0.0,0.0
CLI015387,0.0,0.0,10.0,0.0,0.0
CLI015388,0.0,0.0,0.0,0.0,8.0
CLI015389,0.0,0.0,0.0,7.0,7.5
CLI015391,7.0,0.0,8.0,0.0,0.0
CLI015392,7.5,0.0,8.0,0.0,9.0
CLI015393,0.0,0.0,8.0,0.0,0.0
CLI015394,0.0,0.0,0.0,8.0,0.0
CLI015395,0.0,8.0,0.0,9.0,0.0
CLI015397,8.0,0.0,0.0,0.0,0.0
CLI015398,9.0,7.666666666666667,9.0,0.0,0.0
CLI015399,0.0,0.0,0.0,8.0,0.0
CLI015400,9.0,0.0,0.0,0.0,0.0
CLI015401,8.0,9.0,0.0,0.0,8.5
CLI015402,0.0,9.0,0.0,0.0,0.0
CLI015403,7.0,0.0,0.0,0.0,0.0
CLI015404,8.0,0.0,9.0,0.0,0.0
CLI015405,0.0,8.0,0.0,0.0,0.0
CLI015406,0.0,8.0,10.0,0.0,0.0
CLI015407,0.0,0.0,8.0,7.5,7.0
CLI015409,9.0,0.0,8.0,0.0,0.0
CLI015410,0.0,0.0,0.0,7.5,9.0
CLI015411,0.0,7.0,0.0,9.0,7.0
CLI015412,0.0,8.0,8.0,0.0,10.0
CLI015413,0.0,0.0,0.0,0.0,8.0
CLI015414,0.0,0.0,0.0,0.0,9.0
CLI015415,0.0,0.0,0.0,9.0,8.0
CLI015416,0.0,8.0,0.0,0.0,0.0
CLI015417,0.0,0.0,8.0,0.0,9.0
CLI015418,0.0,0.0,7.0,0.0,0.0
CLI015419,0.0,0.0,7.0,8.0,0.0
CLI015420,0.0,0.0,0.0,7.0,0.0
CLI015421,0.0,10.0,0.0,0.0,7.5
CLI015422,0.0,0.0,0.0,8.0,8.0
CLI015423,0.0,0.0,0.0,8.0,0.0
CLI015424,9.0,0.0,9.0,0.0,9.0
CLI015425,0.0,0.0,0.0,9.0,8.0
CLI015426,7.5,7.5,8.0,8.0,0.0
CLI015427,0.0,0.0,9.666666666666666,9.0,0.0
CLI015428,0.0,0.0,7.0,8.0,7.5
CLI015430,8.0,0.0,0.0,0.0,0.0
CLI015431,8.0,0.0,0.0,9.0,8.0
CLI015432,8.0,0.0,0.0,8.0,0.0
CLI015433,8.0,7.0,8.0,9.0,10.0
CLI015434,0.0,0.0,0.0,9.0,0.0
CLI015435,0.0,9.0,9.0,0.0,0.0
CLI015436,0.0,0.0,9.0,0.0,0.0
CLI015437,0.0,0.0,8.0,0.0,0.0
CLI015438,7.5,7.5,0.0,9.0,0.0
CLI015439,7.666666666666667,7.5,0.0,9.0,0.0
CLI015440,0.0,8.0,7.0,9.0,0.0
CLI015441,8.0,0.0,0.0,0.0,0.0
CLI015442,0.0,7.0,0.0,7.5,8.0
CLI015443,8.0,0.0,0.0,0.0,0.0
CLI015444,0.0,7.0,0.0,0.0,0.0
CLI015445,0.0,10.0,0.0,9.0,0.0
CLI015446,0.0,0.0,0.0,0.0,9.0
CLI015447,9.0,0.0,8.0,10.0,8.0
CLI015448,8.0,0.0,0.0,0.0,0.0
CLI015449,0.0,0.0,0.0,9.0,10.0
CLI015450,0.0,0.0,9.0,0.0,0.0
CLI015451,0.0,7.0,0.0,9.0,0.0
CLI015452,0.0,0.0,0.0,0.0,9.0
CLI015453,9.0,0.0,0.0,0.0,0.0
CLI015454,8.0,0.0,9.0,0.0,0.0
CLI015455,9.0,10.0,0.0,0.0,0.0
CLI015456,0.0,9.0,0.0,0.0,10.0
CLI015458,8.0,8.0,0.0,0.0,7.0
CLI015459,7.0,7.0,8.0,8.0,0.0
CLI015460,7.5,0.0,7.0,9.0,9.0
CLI015461,0.0,0.0,8.0,8.0,10.0
CLI015462,0.0,0.0,6.0,0.0,0.0
CLI015463,7.0,0.0,0.0,7.0,9.0
CLI015464,9.0,0.0,0.0,0.0,0.0
CLI015465,8.0,8.0,0.0,0.0,9.0
CLI015466,0.0,9.0,0.0,0.0,0.0
CLI015467,0.0,9.0,0.0,0.0,0.0
CLI015468,9.0,8.0,0.0,0.0,8.0
CLI015469,8.0,9.0,8.0,7.0,0.0
CLI015470,7.0,0.0,9.0,0.0,9.0
CLI015472,8.0,0.0,0.0,9.0,8.25
CLI015473,8.0,7.0,8.0,8.0,9.0
CLI015474,0.0,0.0,8.0,7.0,0.0
CLI015475,9.0,9.0,0.0,0.0,8.0
CLI015477,0.0,9.0,7.0,9.0,0.0
CLI015478,0.0,0.0,9.0,0.0,0.0
CLI015479,0.0,0.0,8.0,0.0,9.0
CLI015480,9.0,7.0,8.5,0.0,0.0
CLI015482,9.0,0.0,0.0,0.0,0.0
CLI015483,8.0,0.0,0.0,0.0,9.0
CLI015484,0.0,0.0,10.0,0.0,7.0
CLI015485,8.0,0.0,0.0,0.0,10.0
CLI015486,0.0,0.0,0.0,9.0,0.0
CLI015487,0.0,0.0,9.0,0.0,8.0
CLI015488,7.0,8.0,0.0,0.0,0.0
CLI015489,9.0,0.0,8.0,0.0,0.0
CLI015490,9.0,9.0,0.0,0.0,7.0
CLI015491,0.0,0.0,0.0,0.0,8.0
CLI015492,0.0,0.0,6.0,9.0,7.5
CLI015493,8.0,8.0,0.0,0.0,7.333333333333333
CLI015494,0.0,8.0,0.0,10.0,9.0
CLI015495,0.0,0.0,0.0,8.0,8.0
CLI015496,0.0,0.0,7.0,0.0,0.0
CLI015497,7.5,0.0,0.0,0.0,0.0
CLI015498,7.0,9.0,8.5,0.0,8.0
CLI015500,8.5,9.0,0.0,8.0,9.0
CLI015501,9.0,9.0,0.0,8.0,0.0
CLI015503,10.0,0.0,0.0,0.0,0.0
CLI015504,0.0,7.5,8.0,8.0,8.0
CLI015505,0.0,7.0,0.0,0.0,0.0
CLI015506,0.0,0.0,7.0,8.0,0.0
CLI015507,0.0,0.0,8.0,10.0,7.5
CLI015508,9.0,9.0,9.0,0.0,8.0
CLI015509,0.0,0.0,0.0,0.0,9.0
CLI015510,0.0,0.0,8.0,9.0,0.0
CLI015511,0.0,0.0,0.0,7.0,8.0
CLI015512,10.0,8.0,0.0,0.0,8.5
CLI015513,0.0,9.0,9.0,9.0,0.0
CLI015514,0.0,0.0,8.5,9.0,7.5
CLI015515,0.0,9.0,0.0,0.0,8.0
CLI015516,0.0,0.0,8.0,0.0,0.0
CLI015517,8.0,8.0,8.0,0.0,0.0
CLI015518,0.0,8.0,8.0,0.0,0.0
CLI015519,8.0,0.0,7.0,0.0,7.0
CLI015520,8.0,8.0,0.0,8.0,0.0
CLI015521,10.0,8.0,0.0,0.0,0.0
CLI015522,7.0,0.0,8.0,0.0,0.0
CLI015523,0.0,0.0,0.0,8.0,0.0
CLI015524,9.0,0.0,0.0,0.0,8.0
CLI015525,0.0,0.0,8.0,0.0,0.0
CLI015526,9.0,0.0,0.0,7.5,0.0
CLI015527,0.0,0.0,9.0,8.0,8.0
CLI015528,9.0,0.0,0.0,0.0,0.0
CLI015529,0.0,9.0,10.0,8.0,9.0
CLI015530,8.0,0.0,7.0,0.0,8.0
CLI015531,0.0,8.0,8.5,0.0,0.0
CLI015532,0.0,9.0,0.0,8.5,0.0
CLI015533,0.0,0.0,8.5,10.0,7.0
CLI015534,0.0,6.0,7.0,8.0,0.0
CLI015535,0.0,8.0,0.0,8.5,9.0
CLI015536,9.0,0.0,0.0,7.0,7.0
CLI015537,0.0,0.0,0.0,0.0,9.0
CLI015538,0.0,0.0,6.0,0.0,0.0
CLI015539,0.0,0.0,7.0,7.0,0.0
CLI015540,7.0,0.0,0.0,0.0,0.0
CLI015541,0.0,0.0,0.0,0.0,9.0
CLI015542,0.0,8.0,0.0,0.0,0.0
CLI015543,0.0,9.0,10.0,7.0,0.0
CLI015544,0.0,0.0,7.5,0.0,0.0
CLI015546,0.0,0.0,0.0,8.0,0.0
CLI015547,0.0,7.0,0.0,7.0,0.0
CLI015548,8.0,0.0,0.0,0.0,8.0
CLI015549,0.0,8.0,0.0,0.0,0.0
CLI015551,0.0,0.0,0.0,7.0,0.0
CLI015552,8.0,8.0,0.0,0.0,8.0
CLI015554,0.0,8.0,0.0,8.0,0.0
CLI015555,0.0,9.0,0.0,0.0,0.0
CLI015556,8.0,7.0,0.0,0.0,0.0
CLI015557,8.0,10.0,9.0,9.0,7.0
CLI015558,0.0,8.5,0.0,9.0,0.0
CLI015559,0.0,0.0,0.0,0.0,9.0
CLI015560,0.0,9.0,0.0,0.0,0.0
CLI015561,0.0,0.0,0.0,9.0,0.0
CLI015563,0.0,0.0,0.0,8.0,0.0
CLI015564,0.0,8.0,8.0,8.0,0.0
CLI015565,8.0,9.0,7.0,9.0,0.0
CLI015566,0.0,0.0,0.0,0.0,6.0
CLI015567,0.0,0.0,8.0,0.0,8.0
CLI015568,0.0,6.0,0.0,9.0,0.0
CLI015569,0.0,0.0,0.0,8.0,8.0
CLI015570,0.0,0.0,0.0,0.0,8.0
CLI015571,7.0,0.0,8.0,9.0,10.0
CLI015572,0.0,8.0,0.0,9.0,0.0
CLI015573,7.5,0.0,7.0,9.5,9.0
CLI015574,8.0,0.0,0.0,8.0,0.0
CLI015575,0.0,0.0,0.0,8.0,0.0
CLI015576,0.0,0.0,0.0,9.0,7.0
CLI015577,9.0,9.0,7.0,0.0,9.0
CLI015578,9.0,8.0,9.0,8.333333333333334,9.0
CLI015579,0.0,0.0,7.0,0.0,6.5
CLI015580,0.0,9.0,8.0,0.0,0.0
CLI015581,9.0,8.0,7.0,10.0,0.0
CLI015582,0.0,0.0,8.0,8.5,7.0
CLI015583,0.0,0.0,0.0,9.0,8.0
CLI015584,10.0,0.0,8.666666666666666,0.0,0.0
CLI015585,8.0,9.0,0.0,0.0,0.0
CLI015587,7.0,7.0,0.0,0.0,8.0
CLI015588,0.0,7.0,0.0,7.0,9.0
CLI015589,6.0,0.0,0.0,7.0,0.0
CLI015590,0.0,0.0,6.0,8.0,0.0
CLI015591,0.0,0.0,9.0,8.0,0.0
CLI015592,0.0,7.0,8.0,8.0,8.0
CLI015593,8.5,9.0,0.0,9.0,0.0
CLI015594,10.0,8.0,0.0,8.0,0.0
CLI015595,0.0,10.0,7.0,0.0,0.0
CLI015596,8.5,8.0,9.0,0.0,0.0
CLI015597,9.0,0.0,8.0,0.0,8.0
CLI015598,8.0,0.0,0.0,0.0,0.0
CLI015599,0.0,7.0,0.0,6.0,0.0
CLI015600,0.0,0.0,7.0,0.0,0.0
CLI015601,9.0,0.0,0.0,0.0,0.0
CLI015602,0.0,0.0,8.5,6.0,8.0
CLI015603,0.0,0.0,8.0,0.0,0.0
CLI015604,9.0,0.0,8.0,0.0,0.0
CLI015605,0.0,8.0,8.0,8.0,9.0
CLI015607,0.0,8.0,0.0,0.0,8.0
CLI015608,0.0,0.0,0.0,8.0,0.0
CLI015609,9.0,9.0,9.0,8.0,9.5
CLI015610,0.0,9.0,0.0,0.0,0.0
CLI015611,8.0,0.0,0.0,0.0,0.0
CLI015612,7.0,0.0,8.0,0.0,0.0
CLI015613,8.0,9.0,0.0,0.0,9.0
CLI015614,10.0,0.0,0.0,0.0,9.0
CLI015615,0.0,9.0,0.0,0.0,0.0
CLI015616,8.0,0.0,0.0,10.0,0.0
CLI015617,0.0,0.0,9.0,0.0,7.5
CLI015619,0.0,0.0,7.0,7.0,0.0
CLI015620,0.0,9.0,0.0,0.0,9.0
CLI015621,0.0,0.0,8.0,0.0,0.0
CLI015622,0.0,0.0,8.0,0.0,8.0
CLI015623,0.0,8.5,0.0,0.0,0.0
CLI015624,0.0,0.0,8.5,8.0,7.0
CLI015625,0.0,7.0,9.0,9.0,0.0
CLI015626,7.0,0.0,0.0,7.0,0.0
CLI015627,0.0,8.0,8.0,0.0,7.0
CLI015628,6.0,7.0,0.0,0.0,7.0
CLI015629,0.0,0.0,0.0,0.0,8.0
CLI015630,0.0,0.0,0.0,0.0,6.0
CLI015631,0.0,7.0,9.0,8.0,8.0
CLI015633,8.0,7.0,0.0,0.0,6.0
CLI015634,8.0,0.0,0.0,6.0,0.0
CLI015635,7.5,7.5,9.0,0.0,0.0
CLI015636,8.75,8.0,8.0,8.0,0.0
CLI015637,8.0,0.0,8.0,0.0,0.0
CLI015639,9.0,7.0,9.0,0.0,0.0
CLI015640,8.0,0.0,8.0,0.0,0.0
CLI015641,0.0,0.0,9.0,0.0,0.0
CLI015642,8.0,8.0,0.0,0.0,0.0
CLI015643,0.0,8.0,8.0,0.0,0.0
CLI015644,7.0,9.0,0.0,8.0,0.0
CLI015646,0.0,0.0,0.0,0.0,9.0
CLI015647,8.0,0.0,0.0,8.0,0.0
CLI015648,9.0,0.0,7.5,0.0,0.0
CLI015649,0.0,0.0,9.0,7.0,8.0
CLI015650,0.0,0.0,0.0,0.0,7.0
CLI015651,0.0,8.5,7.0,0.0,0.0
CLI015652,0.0,8.0,0.0,8.0,0.0
CLI015653,0.0,8.0,0.0,0.0,0.0
CLI015654,0.0,7.0,8.0,8.0,0.0
CLI015655,6.0,8.0,0.0,0.0,0.0
CLI015656,9.0,9.0,0.0,8.0,0.0
CLI015657,8.0,0.0,6.5,0.0,0.0
CLI015658,0.0,0.0,7.0,8.5,0.0
CLI015659,0.0,8.0,8.0,0.0,8.0
CLI015660,0.0,7.0,0.0,0.0,8.0
CLI015661,0.0,0.0,0.0,0.0,8.0
CLI015662,7.5,0.0,7.0,0.0,0.0
CLI015663,0.0,0.0,7.666666666666667,10.0,7.0
CLI015664,7.0,0.0,0.0,0.0,9.0
CLI015665,8.0,0.0,9.0,8.5,0.0
CLI015668,0.0,9.0,0.0,8.0,0.0
CLI015669,9.0,0.0,0.0,0.0,9.0
CLI015670,0.0,0.0,0.0,8.0,8.0
CLI015672,0.0,8.0,8.0,0.0,8.0
CLI015673,0.0,8.0,7.0,0.0,0.0
CLI015674,0.0,8.0,0.0,7.0,8.0
CLI015675,0.0,0.0,0.0,0.0,10.0
CLI015676,8.0,9.0,8.0,0.0,7.0
CLI015677,8.0,0.0,0.0,8.0,0.0
CLI015679,8.0,8.0,0.0,0.0,8.0
CLI015680,0.0,0.0,0.0,7.0,9.0
CLI015681,0.0,0.0,0.0,9.0,0.0
CLI015683,0.0,9.0,9.0,0.0,0.0
CLI015684,0.0,6.0,9.0,0.0,0.0
CLI015685,0.0,9.0,0.0,0.0,10.0
CLI015686,0.0,9.0,7.0,0.0,0.0
CLI015688,10.0,0.0,0.0,0.0,9.0
CLI015689,9.0,0.0,0.0,0.0,0.0
CLI015690,0.0,8.0,7.0,7.0,0.0
CLI015692,0.0,0.0,8.0,0.0,0.0
CLI015693,8.0,0.0,8.0,0.0,7.0
CLI015694,0.0,10.0,0.0,0.0,0.0
CLI015695,8.0,0.0,8.0,9.0,8.0
CLI015696,0.0,8.0,0.0,0.0,0.0
CLI015697,0.0,7.0,0.0,6.0,7.0
CLI015698,7.0,0.0,7.5,0.0,0.0
CLI015699,0.0,8.0,8.0,0.0,8.0
CLI015701,0.0,0.0,0.0,9.0,8.0
CLI015702,6.0,0.0,0.0,0.0,0.0
CLI015703,0.0,9.0,10.0,0.0,7.0
CLI015704,0.0,0.0,0.0,0.0,7.0
CLI015705,8.0,0.0,0.0,0.0,6.0
CLI015707,8.0,0.0,0.0,9.0,0.0
CLI015708,0.0,7.0,0.0,8.0,0.0
CLI015709,0.0,0.0,8.0,8.333333333333334,8.0
CLI015710,0.0,0.0,7.0,0.0,8.5
CLI015711,0.0,0.0,0.0,7.5,8.0
CLI015712,0.0,0.0,0.0,0.0,9.0
CLI015713,0.0,0.0,0.0,0.0,6.0
CLI015714,8.0,8.0,9.0,8.0,9.0
CLI015715,0.0,7.0,0.0,0.0,0.0
CLI015716,0.0,0.0,7.0,0.0,0.0
CLI015717,0.0,0.0,9.0,9.0,0.0
CLI015718,0.0,7.0,0.0,8.5,7.0
CLI015719,0.0,0.0,8.0,0.0,0.0
CLI015720,0.0,8.0,7.0,0.0,0.0
CLI015721,7.0,0.0,8.0,0.0,0.0
CLI015723,0.0,0.0,8.0,0.0,8.0
CLI015725,0.0,0.0,0.0,9.0,8.0
CLI015727,0.0,0.0,0.0,9.0,0.0
CLI015728,8.5,0.0,7.0,9.0,0.0
CLI015729,8.0,8.0,8.0,0.0,8.5
CLI015730,0.0,8.0,9.0,0.0,0.0
CLI015731,8.0,8.0,9.0,0.0,0.0
CLI015733,0.0,9.0,8.0,0.0,7.0
CLI015734,9.0,0.0,0.0,0.0,0.0
CLI015735,8.0,0.0,7.0,0.0,0.0
CLI015736,0.0,0.0,7.0,0.0,0.0
CLI015737,9.0,0.0,0.0,0.0,0.0
CLI015738,9.0,0.0,0.0,0.0,0.0
CLI015739,0.0,9.0,8.0,0.0,0.0
CLI015740,8.0,0.0,0.0,0.0,0.0
CLI015742,9.0,0.0,0.0,0.0,7.0
CLI015743,7.0,0.0,0.0,0.0,0.0
CLI015744,0.0,0.0,0.0,9.5,6.0
CLI015745,7.0,7.0,0.0,8.5,7.0
CLI015747,0.0,0.0,8.0,0.0,0.0
CLI015748,0.0,9.0,0.0,0.0,9.0
CLI015749,8.0,0.0,9.0,0.0,9.0
CLI015750,0.0,10.0,9.0,0.0,0.0
CLI015751,8.0,0.0,0.0,0.0,0.0
CLI015752,0.0,8.0,0.0,8.0,0.0
CLI015753,9.0,8.0,8.0,0.0,0.0
CLI015754,7.0,7.5,0.0,0.0,0.0
CLI015755,0.0,0.0,8.0,8.0,0.0
CLI015756,8.0,0.0,0.0,9.0,0.0
CLI015757,0.0,8.0,7.0,0.0,6.0
CLI015758,7.0,6.0,0.0,0.0,9.0
CLI015759,7.0,0.0,7.0,0.0,7.5
CLI015760,0.0,0.0,8.0,9.0,0.0
CLI015761,0.0,0.0,0.0,0.0,8.0
CLI015762,0.0,7.0,9.0,9.0,8.0
CLI015763,9.0,8.0,0.0,0.0,0.0
CLI015764,0.0,0.0,9.0,0.0,0.0
CLI015765,0.0,8.0,0.0,7.0,0.0
CLI015766,0.0,0.0,7.0,8.0,0.0
CLI015768,0.0,0.0,8.0,0.0,10.0
CLI015769,9.0,0.0,0.0,8.0,0.0
CLI015770,8.0,0.0,0.0,8.0,8.0
CLI015771,0.0,8.0,8.0,0.0,0.0
CLI015772,9.0,0.0,7.8,9.0,0.0
CLI015773,9.0,8.0,0.0,10.0,10.0
CLI015775,0.0,0.0,8.0,0.0,8.0
CLI015776,0.0,9.333333333333334,0.0,0.0,0.0
CLI015777,8.0,0.0,0.0,0.0,0.0
CLI015778,7.5,8.5,0.0,0.0,0.0
CLI015779,8.0,0.0,0.0,9.0,0.0
CLI015780,7.0,0.0,0.0,7.0,0.0
CLI015781,6.0,0.0,9.0,7.0,0.0
CLI015782,7.0,9.0,0.0,0.0,8.0
CLI015783,7.0,0.0,0.0,7.0,0.0
CLI015784,0.0,0.0,9.0,0.0,8.0
CLI015786,8.0,0.0,0.0,7.0,0.0
CLI015787,7.0,8.0,9.0,9.0,0.0
CLI015788,0.0,0.0,9.0,0.0,0.0
CLI015789,8.0,8.0,0.0,10.0,0.0
CLI015790,9.0,0.0,0.0,0.0,7.0
CLI015791,8.0,8.0,0.0,0.0,0.0
CLI015792,8.0,7.0,0.0,8.0,0.0
CLI015794,9.0,9.0,8.0,0.0,0.0
CLI015795,0.0,7.0,0.0,0.0,0.0
CLI015796,0.0,8.0,10.0,0.0,8.0
CLI015797,0.0,0.0,0.0,8.0,0.0
CLI015798,0.0,8.0,0.0,9.5,8.0
CLI015799,0.0,0.0,7.0,9.0,0.0
CLI015800,7.5,0.0,10.0,8.0,0.0
CLI015801,7.5,7.0,7.5,0.0,7.0
CLI015802,0.0,0.0,9.0,0.0,0.0
CLI015803,0.0,0.0,0.0,0.0,8.0
CLI015804,0.0,0.0,0.0,8.0,8.0
CLI015805,0.0,0.0,9.0,9.0,0.0
CLI015806,0.0,0.0,0.0,9.0,0.0
CLI015807,0.0,0.0,7.0,7.0,0.0
CLI015809,8.0,0.0,0.0,8.0,0.0
CLI015810,0.0,0.0,9.0,0.0,8.0
CLI015811,0.0,0.0,0.0,9.0,0.0
CLI015812,7.0,0.0,0.0,0.0,0.0
CLI015813,10.0,0.0,0.0,0.0,8.0
CLI015814,0.0,7.0,8.0,7.0,9.0
CLI015815,7.333333333333333,0.0,8.0,0.0,0.0
CLI015816,0.0,9.0,8.0,0.0,0.0
CLI015817,0.0,8.0,0.0,8.0,0.0
CLI015818,10.0,0.0,0.0,8.0,0.0
CLI015819,0.0,0.0,8.0,0.0,0.0
CLI015820,0.0,8.0,0.0,0.0,0.0
CLI015822,7.0,0.0,9.0,7.0,0.0
CLI015823,9.0,0.0,6.0,0.0,0.0
CLI015824,7.0,0.0,0.0,0.0,8.0
CLI015825,9.0,0.0,0.0,7.0,0.0
CLI015827,0.0,0.0,7.0,10.0,0.0
CLI015828,8.0,0.0,0.0,8.333333333333334,9.0
CLI015830,0.0,8.0,0.0,7.0,7.0
CLI015831,0.0,8.0,0.0,0.0,0.0
CLI015832,7.0,8.0,8.0,10.0,0.0
CLI015833,0.0,0.0,7.0,8.5,8.0
CLI015834,8.0,0.0,0.0,0.0,0.0
CLI015835,0.0,7.0,8.0,9.0,0.0
CLI015836,8.0,0.0,0.0,0.0,0.0
CLI015837,0.0,0.0,0.0,0.0,7.0
CLI015838,0.0,8.0,0.0,10.0,0.0
CLI015839,7.0,0.0,0.0,0.0,0.0
CLI015840,6.0,8.5,0.0,0.0,8.0
CLI015841,9.0,9.0,7.0,0.0,0.0
CLI015842,9.0,0.0,0.0,0.0,0.0
CLI015845,0.0,0.0,7.0,10.0,8.0
CLI015846,8.0,9.0,7.0,0.0,0.0
CLI015847,0.0,0.0,8.0,0.0,9.0
CLI015849,0.0,0.0,10.0,0.0,0.0
CLI015850,0.0,0.0,0.0,8.0,7.5
CLI015851,0.0,8.0,0.0,0.0,7.0
CLI015852,0.0,0.0,0.0,8.0,10.0
CLI015853,8.0,7.0,0.0,8.5,0.0
CLI015854,0.0,0.0,0.0,0.0,6.0
CLI015856,0.0,10.0,0.0,0.0,9.0
CLI015857,9.0,0.0,0.0,0.0,8.0
CLI015858,0.0,8.0,0.0,6.0,0.0
CLI015859,8.0,0.0,0.0,0.0,7.0
CLI015860,0.0,7.0,0.0,0.0,9.0
CLI015861,0.0,0.0,7.0,0.0,0.0
CLI015864,9.0,0.0,8.0,0.0,0.0
CLI015865,0.0,0.0,9.0,0.0,0.0
CLI015866,0.0,7.0,0.0,7.5,8.0
CLI015867,8.0,0.0,8.0,0.0,8.0
CLI015868,9.0,7.0,10.0,7.0,9.0
CLI015870,8.0,6.0,0.0,10.0,0.0
CLI015871,0.0,0.0,0.0,7.0,0.0
CLI015872,0.0,8.0,0.0,0.0,0.0
CLI015873,7.5,0.0,7.0,0.0,0.0
CLI015874,8.5,0.0,0.0,0.0,0.0
CLI015875,8.0,8.0,8.0,7.0,7.0
CLI015876,0.0,9.0,0.0,10.0,6.5
CLI015877,0.0,8.5,9.0,0.0,0.0
CLI015878,0.0,9.0,7.0,0.0,7.5
CLI015879,9.0,8.5,0.0,0.0,9.0
CLI015880,0.0,0.0,9.0,8.5,0.0
CLI015881,0.0,7.0,0.0,7.0,0.0
CLI015882,0.0,9.0,0.0,8.0,0.0
CLI015883,8.0,8.0,0.0,0.0,8.0
CLI015884,9.0,0.0,8.0,8.0,8.5
CLI015885,0.0,0.0,7.0,0.0,0.0
CLI015886,8.0,0.0,0.0,8.0,0.0
CLI015887,0.0,9.0,0.0,10.0,0.0
CLI015888,0.0,8.5,10.0,0.0,7.0
CLI015890,9.0,8.0,10.0,9.0,0.0
CLI015891,0.0,8.0,0.0,0.0,8.5
CLI015892,0.0,7.5,0.0,0.0,0.0
CLI015893,8.0,8.0,9.0,7.0,0.0
CLI015895,0.0,9.0,0.0,8.5,7.0
CLI015896,9.0,9.0,0.0,0.0,0.0
CLI015897,0.0,0.0,8.0,0.0,9.0
CLI015898,0.0,8.0,0.0,0.0,0.0
CLI015899,9.0,9.0,0.0,8.0,0.0
CLI015900,8.0,0.0,0.0,0.0,0.0
CLI015901,0.0,0.0,0.0,0.0,10.0
CLI015903,0.0,0.0,7.0,0.0,0.0
CLI015904,7.0,7.0,0.0,0.0,6.0
CLI015905,8.0,0.0,7.0,10.0,0.0
CLI015906,0.0,0.0,0.0,0.0,9.0
CLI015907,0.0,0.0,8.0,0.0,7.0
CLI015908,8.0,0.0,0.0,0.0,0.0
CLI015909,0.0,9.0,8.0,0.0,8.0
CLI015910,0.0,9.0,9.0,0.0,0.0
CLI015911,10.0,0.0,0.0,0.0,9.0
CLI015912,0.0,7.0,0.0,8.0,0.0
CLI015913,0.0,0.0,7.0,8.0,7.5
CLI015914,0.0,8.0,0.0,9.0,9.0
CLI015916,0.0,8.0,0.0,8.0,0.0
CLI015917,0.0,0.0,9.0,0.0,0.0
CLI015918,0.0,0.0,0.0,9.0,8.0
CLI015919,8.0,0.0,6.0,0.0,8.0
CLI015920,0.0,0.0,6.0,8.0,9.0
CLI015922,8.0,8.0,0.0,0.0,0.0
CLI015923,0.0,0.0,9.0,10.0,10.0
CLI015924,9.0,8.0,0.0,0.0,8.0
CLI015925,0.0,0.0,0.0,8.0,8.0
CLI015926,0.0,0.0,7.0,0.0,8.0
CLI015927,0.0,0.0,0.0,7.0,0.0
CLI015928,9.0,0.0,9.0,7.0,0.0
CLI015929,9.0,0.0,7.0,0.0,8.0
CLI015930,0.0,9.333333333333334,0.0,8.0,8.0
CLI015931,0.0,9.0,0.0,0.0,0.0
CLI015932,8.0,10.0,0.0,8.0,8.0
CLI015933,0.0,0.0,8.0,0.0,7.0
CLI015934,0.0,0.0,7.0,8.0,8.0
CLI015935,0.0,0.0,8.0,8.0,0.0
CLI015936,8.0,0.0,0.0,9.0,0.0
CLI015938,0.0,8.0,0.0,9.0,0.0
CLI015940,0.0,0.0,7.0,9.0,0.0
CLI015942,0.0,0.0,8.0,0.0,0.0
CLI015943,0.0,0.0,9.0,8.0,0.0
CLI015944,8.5,0.0,9.0,0.0,0.0
CLI015945,0.0,0.0,6.0,0.0,0.0
CLI015946,0.0,0.0,9.0,0.0,0.0
CLI015947,0.0,0.0,8.0,0.0,0.0
CLI015948,0.0,0.0,9.5,8.0,0.0
CLI015949,0.0,7.5,0.0,0.0,0.0
CLI015950,7.0,8.0,0.0,8.6,0.0
CLI015951,0.0,0.0,9.0,0.0,0.0
CLI015952,0.0,0.0,0.0,8.0,0.0
CLI015953,9.0,8.0,0.0,0.0,0.0
CLI015954,7.0,0.0,9.0,0.0,0.0
CLI015956,0.0,0.0,0.0,0.0,7.0
CLI015957,8.0,0.0,8.0,10.0,0.0
CLI015958,0.0,0.0,0.0,9.0,0.0
CLI015959,9.0,0.0,0.0,0.0,7.0
CLI015960,0.0,8.0,0.0,0.0,9.0
CLI015961,9.0,0.0,0.0,0.0,9.0
CLI015962,0.0,0.0,0.0,0.0,7.0
CLI015963,0.0,7.5,0.0,0.0,8.0
CLI015964,7.0,0.0,0.0,7.0,0.0
CLI015965,0.0,7.5,9.0,0.0,8.0
CLI015967,0.0,0.0,8.0,0.0,8.333333333333334
CLI015968,0.0,0.0,0.0,0.0,9.0
CLI015969,0.0,0.0,8.333333333333334,8.0,8.0
CLI015971,0.0,10.0,0.0,10.0,7.0
CLI015972,7.0,0.0,8.0,0.0,0.0
CLI015973,8.0,0.0,0.0,9.0,0.0
CLI015974,0.0,0.0,9.0,9.0,6.0
CLI015975,0.0,7.0,0.0,8.0,8.0
CLI015976,0.0,0.0,0.0,8.0,6.0
CLI015977,0.0,0.0,7.0,0.0,0.0
CLI015978,7.0,9.0,0.0,0.0,9.0
CLI015979,8.0,8.0,0.0,0.0,0.0
CLI015980,7.0,0.0,6.0,7.0,7.0
CLI015981,0.0,0.0,0.0,0.0,9.0
CLI015982,8.0,9.0,0.0,0.0,0.0
CLI015984,0.0,9.0,0.0,0.0,9.0
CLI015985,0.0,0.0,10.0,0.0,0.0
CLI015988,0.0,0.0,0.0,8.0,0.0
CLI015989,9.0,0.0,0.0,0.0,0.0
CLI015990,0.0,8.0,0.0,8.0,8.0
CLI015991,0.0,9.0,0.0,7.0,9.0
CLI015992,0.0,0.0,9.0,0.0,9.0
CLI015993,0.0,7.0,0.0,8.5,0.0
CLI015995,0.0,0.0,0.0,9.0,7.0
CLI015996,0.0,8.0,0.0,8.0,0.0
CLI015997,0.0,0.0,8.0,0.0,0.0
CLI015998,0.0,0.0,9.0,0.0,0.0
CLI015999,6.0,0.0,0.0,0.0,0.0
CLI016000,0.0,0.0,0.0,8.0,0.0
CLI016001,0.0,0.0,8.0,0.0,7.0
CLI016002,0.0,0.0,0.0,8.0,0.0
CLI016003,0.0,0.0,0.0,7.5,8.0
CLI016004,7.0,0.0,0.0,8.0,0.0
CLI016005,7.5,0.0,0.0,8.0,0.0
CLI016006,0.0,0.0,0.0,8.5,9.0
CLI016007,0.0,0.0,0.0,9.0,10.0
CLI016008,0.0,0.0,8.0,9.0,0.0
CLI016009,0.0,0.0,0.0,0.0,8.0
CLI016010,0.0,0.0,0.0,7.5,0.0
CLI016012,7.0,0.0,7.0,0.0,0.0
CLI016013,0.0,0.0,8.0,7.0,0.0
CLI016014,0.0,9.0,0.0,0.0,8.0
CLI016015,0.0,0.0,8.5,0.0,0.0
CLI016016,7.0,0.0,9.0,8.0,0.0
CLI016017,7.0,0.0,7.0,8.0,8.0
CLI016018,8.0,0.0,7.0,0.0,8.333333333333334
CLI016019,0.0,7.0,0.0,0.0,0.0
CLI016020,8.0,0.0,8.0,0.0,0.0
CLI016021,0.0,8.5,7.0,0.0,0.0
CLI016022,0.0,0.0,7.5,9.0,0.0
CLI016023,0.0,0.0,0.0,0.0,10.0
CLI016024,0.0,7.5,0.0,0.0,0.0
CLI016025,0.0,9.0,0.0,0.0,8.0
CLI016026,0.0,8.0,0.0,0.0,0.0
CLI016027,0.0,9.0,9.0,0.0,7.0
CLI016029,7.5,0.0,0.0,0.0,10.0
CLI016032,0.0,0.0,0.0,7.0,0.0
CLI016033,7.5,0.0,0.0,0.0,9.0
CLI016034,0.0,6.0,0.0,0.0,0.0
CLI016035,0.0,0.0,7.0,0.0,0.0
CLI016037,0.0,0.0,0.0,0.0,8.0
CLI016038,0.0,0.0,0.0,0.0,9.0
CLI016039,0.0,0.0,7.0,0.0,9.5
CLI016040,9.5,0.0,10.0,0.0,0.0
CLI016041,0.0,8.0,0.0,0.0,8.0
CLI016042,8.0,0.0,0.0,8.0,0.0
CLI016043,9.0,0.0,8.0,0.0,8.0
CLI016044,0.0,0.0,0.0,0.0,8.5
CLI016045,8.0,0.0,0.0,0.0,0.0
CLI016046,0.0,8.0,0.0,9.0,9.0
CLI016047,8.5,8.0,8.0,8.0,7.0
CLI016048,0.0,0.0,9.0,0.0,8.0
CLI016050,10.0,0.0,0.0,9.0,0.0
CLI016051,0.0,0.0,0.0,7.0,0.0
CLI016052,0.0,0.0,9.0,0.0,0.0
CLI016053,0.0,0.0,0.0,0.0,8.0
CLI016054,0.0,7.0,0.0,0.0,6.5
CLI016055,0.0,7.0,0.0,8.0,0.0
CLI016056,8.0,0.0,0.0,0.0,0.0
CLI016057,9.0,0.0,8.0,7.5,0.0
CLI016059,0.0,8.333333333333334,8.333333333333334,0.0,0.0
CLI016060,8.0,0.0,9.0,0.0,0.0
CLI016061,0.0,0.0,7.0,8.0,0.0
CLI016062,0.0,0.0,8.0,9.0,9.333333333333334
CLI016063,0.0,0.0,9.0,9.0,0.0
CLI016064,0.0,0.0,0.0,8.5,7.5
CLI016065,0.0,0.0,0.0,0.0,7.5
CLI016066,0.0,0.0,0.0,10.0,0.0
CLI016067,0.0,8.0,9.0,0.0,0.0
CLI016068,0.0,0.0,9.0,0.0,0.0
CLI016069,0.0,8.0,9.0,0.0,0.0
CLI016070,7.0,0.0,0.0,0.0,0.0
CLI016071,0.0,0.0,7.0,0.0,8.0
CLI016072,9.0,9.0,0.0,7.0,0.0
CLI016073,0.0,8.0,0.0,8.0,7.0
CLI016074,0.0,0.0,7.0,0.0,9.0
CLI016075,0.0,10.0,0.0,9.0,0.0
CLI016076,8.0,8.0,0.0,0.0,7.0
CLI016077,0.0,8.0,0.0,9.0,9.0
CLI016078,7.0,0.0,0.0,0.0,0.0
CLI016079,0.0,0.0,0.0,0.0,8.0
CLI016080,7.5,8.0,0.0,0.0,8.0
CLI016081,9.0,8.0,0.0,0.0,9.0
CLI016082,8.0,0.0,10.0,9.0,9.0
CLI016083,7.5,0.0,0.0,7.5,0.0
CLI016084,0.0,0.0,0.0,9.0,8.0
CLI016085,7.5,9.0,9.0,0.0,8.0
CLI016087,10.0,0.0,0.0,7.0,0.0
CLI016088,0.0,0.0,7.0,0.0,8.0
CLI016090,7.0,0.0,0.0,0.0,0.0
CLI016091,0.0,7.0,0.0,7.0,7.0
CLI016093,7.0,7.0,0.0,0.0,0.0
CLI016094,0.0,8.0,0.0,8.5,0.0
CLI016096,0.0,0.0,0.0,8.0,0.0
CLI016097,7.0,0.0,0.0,7.5,0.0
CLI016098,8.0,0.0,9.0,8.0,0.0
CLI016099,0.0,9.0,9.0,0.0,0.0
CLI016100,9.0,0.0,0.0,0.0,9.0
CLI016101,0.0,0.0,0.0,8.0,0.0
CLI016103,0.0,0.0,0.0,0.0,9.0
CLI016104,8.0,8.0,9.0,0.0,8.0
CLI016105,7.0,0.0,9.0,0.0,0.0
CLI016106,8.0,0.0,8.5,0.0,0.0
CLI016107,0.0,0.0,0.0,9.0,0.0
CLI016108,9.0,0.0,0.0,7.0,0.0
CLI016109,8.0,8.0,8.0,9.0,7.0
CLI016110,0.0,7.0,0.0,0.0,0.0
CLI016111,8.0,0.0,0.0,0.0,0.0
CLI016112,0.0,8.0,0.0,0.0,0.0
CLI016113,0.0,0.0,8.5,7.5,8.0
CLI016114,0.0,9.0,9.0,0.0,0.0
CLI016115,10.0,0.0,0.0,0.0,0.0
CLI016116,8.0,9.0,10.0,8.0,0.0
CLI016117,7.5,7.5,0.0,0.0,0.0
CLI016118,0.0,9.0,8.0,8.0,0.0
CLI016119,0.0,8.0,0.0,0.0,0.0
CLI016120,0.0,9.0,0.0,8.0,7.0
CLI016121,0.0,7.5,0.0,0.0,0.0
CLI016122,0.0,10.0,6.0,0.0,0.0
CLI016123,0.0,0.0,0.0,8.0,0.0
CLI016124,0.0,0.0,9.0,0.0,0.0
CLI016125,0.0,0.0,9.0,8.0,0.0
CLI016126,0.0,8.0,0.0,0.0,0.0
CLI016127,0.0,0.0,0.0,10.0,0.0
CLI016128,9.0,0.0,9.0,9.0,0.0
CLI016129,7.5,0.0,9.0,9.0,0.0
CLI016130,0.0,9.0,8.0,0.0,0.0
CLI016131,0.0,0.0,0.0,0.0,8.0
CLI016132,0.0,0.0,9.0,9.0,7.666666666666667
CLI016133,7.5,0.0,0.0,0.0,0.0
CLI016134,8.0,7.0,0.0,0.0,6.0
CLI016135,8.0,8.0,0.0,0.0,10.0
CLI016136,0.0,0.0,7.0,0.0,0.0
CLI016137,0.0,6.0,10.0,10.0,8.0
CLI016138,0.0,0.0,0.0,9.0,7.666666666666667
CLI016139,0.0,7.0,0.0,0.0,0.0
CLI016140,8.0,0.0,7.0,0.0,0.0
CLI016141,0.0,8.666666666666666,0.0,10.0,8.0
CLI016142,0.0,10.0,0.0,7.0,0.0
CLI016144,8.0,0.0,0.0,0.0,0.0
CLI016145,0.0,0.0,0.0,0.0,8.0
CLI016146,0.0,0.0,0.0,0.0,8.0
CLI016147,0.0,8.0,0.0,9.0,0.0
CLI016148,0.0,0.0,10.0,0.0,9.0
CLI016149,9.0,0.0,8.0,0.0,9.0
CLI016150,7.5,9.0,0.0,0.0,7.0
CLI016151,7.0,0.0,8.0,0.0,7.0
CLI016152,0.0,0.0,0.0,7.0,0.0
CLI016153,9.0,0.0,7.0,8.0,6.0
CLI016154,0.0,0.0,8.0,0.0,0.0
CLI016155,0.0,8.0,0.0,8.0,8.0
CLI016156,0.0,7.0,0.0,9.0,0.0
CLI016157,0.0,0.0,7.0,0.0,0.0
CLI016159,0.0,9.0,0.0,0.0,8.5
CLI016160,10.0,0.0,0.0,0.0,0.0
CLI016161,0.0,0.0,0.0,0.0,8.0
CLI016162,8.5,0.0,0.0,0.0,0.0
CLI016163,0.0,0.0,0.0,0.0,9.0
CLI016164,0.0,8.0,8.0,0.0,9.5
CLI016165,0.0,0.0,7.0,0.0,8.0
CLI016166,0.0,8.0,7.666666666666667,0.0,0.0
CLI016167,8.0,0.0,7.0,0.0,0.0
CLI016168,9.0,0.0,0.0,0.0,0.0
CLI016169,8.0,0.0,0.0,0.0,0.0
CLI016170,8.0,0.0,0.0,0.0,9.0
CLI016171,0.0,0.0,0.0,8.0,0.0
CLI016172,0.0,9.0,0.0,0.0,8.0
CLI016173,0.0,0.0,0.0,9.0,0.0
CLI016175,7.0,8.0,9.0,7.0,9.0
CLI016176,10.0,7.0,8.0,8.0,9.0
CLI016177,8.0,8.0,0.0,0.0,0.0
CLI016179,0.0,0.0,0.0,8.5,0.0
CLI016180,0.0,0.0,9.0,0.0,9.0
CLI016181,9.0,9.5,9.0,0.0,8.0
CLI016182,0.0,0.0,0.0,0.0,6.5
CLI016183,0.0,0.0,7.5,0.0,0.0
CLI016186,8.0,0.0,8.0,7.0,0.0
CLI016187,0.0,0.0,8.0,0.0,7.5
CLI016189,0.0,0.0,0.0,9.0,0.0
CLI016191,0.0,0.0,0.0,0.0,9.0
CLI016192,0.0,0.0,0.0,8.0,0.0
CLI016193,0.0,8.0,0.0,7.0,0.0
CLI016194,0.0,8.0,0.0,0.0,8.0
CLI016195,8.0,0.0,0.0,0.0,7.0
CLI016196,8.0,9.0,9.0,0.0,0.0
CLI016197,8.0,0.0,0.0,7.0,0.0
CLI016198,0.0,0.0,9.0,8.0,0.0
CLI016199,0.0,6.0,0.0,0.0,0.0
CLI016200,0.0,0.0,0.0,9.0,0.0
CLI016203,0.0,0.0,7.0,0.0,0.0
CLI016204,0.0,0.0,0.0,0.0,6.0
CLI016205,7.0,0.0,0.0,9.0,0.0
CLI016206,9.0,0.0,0.0,0.0,0.0
CLI016207,8.0,0.0,7.0,0.0,0.0
CLI016208,7.5,0.0,0.0,0.0,0.0
CLI016209,0.0,8.0,0.0,0.0,0.0
CLI016210,8.0,0.0,0.0,0.0,9.0
CLI016211,0.0,8.5,7.0,0.0,8.0
CLI016212,0.0,9.0,7.0,0.0,0.0
CLI016214,0.0,0.0,0.0,0.0,8.0
CLI016215,0.0,9.5,8.0,10.0,0.0
CLI016216,0.0,0.0,0.0,9.0,0.0
CLI016217,0.0,8.5,0.0,0.0,0.0
CLI016218,10.0,0.0,9.0,0.0,9.0
CLI016219,10.0,9.0,0.0,7.5,9.0
CLI016220,0.0,8.0,8.0,9.0,0.0
CLI016221,0.0,0.0,7.0,7.0,0.0
CLI016222,7.0,0.0,7.0,8.0,0.0
CLI016223,0.0,0.0,8.0,0.0,0.0
CLI016224,8.0,0.0,0.0,0.0,7.5
CLI016225,9.0,8.0,0.0,0.0,0.0
CLI016226,7.0,0.0,0.0,0.0,8.0
CLI016227,8.0,8.0,0.0,0.0,0.0
CLI016229,7.0,9.0,0.0,0.0,0.0
CLI016230,0.0,0.0,0.0,8.5,0.0
CLI016231,8.0,9.0,7.0,7.0,0.0
CLI016232,0.0,0.0,7.0,0.0,0.0
CLI016233,0.0,9.0,0.0,0.0,7.0
CLI016234,8.0,9.0,0.0,9.0,0.0
CLI016235,8.0,0.0,0.0,0.0,0.0
CLI016236,0.0,8.333333333333334,7.0,8.0,0.0
CLI016237,0.0,0.0,10.0,0.0,8.0
CLI016238,9.0,0.0,0.0,0.0,0.0
CLI016239,0.0,7.0,0.0,0.0,0.0
CLI016240,0.0,10.0,0.0,0.0,0.0
CLI016241,0.0,0.0,9.0,0.0,8.666666666666666
CLI016242,0.0,0.0,0.0,10.0,0.0
CLI016243,9.0,6.5,0.0,0.0,7.0
CLI016244,0.0,7.0,8.0,8.0,0.0
CLI016245,9.0,0.0,0.0,6.0,8.0
CLI016246,0.0,10.0,0.0,0.0,8.0
CLI016247,0.0,10.0,0.0,8.0,8.0
CLI016248,9.0,9.0,7.0,8.0,0.0
CLI016249,0.0,8.0,0.0,8.0,7.0
CLI016250,0.0,0.0,10.0,8.0,0.0
CLI016251,0.0,6.0,0.0,0.0,0.0
CLI016253,0.0,0.0,0.0,0.0,9.0
CLI016255,0.0,9.0,8.0,7.666666666666667,0.0
CLI016257,0.0,7.0,0.0,8.0,0.0
CLI016258,0.0,0.0,0.0,0.0,8.0
CLI016259,0.0,0.0,8.0,0.0,9.0
CLI016260,10.0,8.0,0.0,8.0,8.0
CLI016261,8.0,0.0,8.0,0.0,0.0
CLI016262,6.0,7.5,8.333333333333334,0.0,9.0
CLI016263,0.0,8.0,0.0,0.0,6.0
CLI016264,0.0,0.0,9.0,9.0,0.0
CLI016265,0.0,0.0,0.0,9.0,8.0
CLI016266,0.0,9.0,8.0,0.0,8.0
CLI016267,0.0,7.0,0.0,7.0,0.0
CLI016268,0.0,8.0,6.0,0.0,0.0
CLI016269,9.0,0.0,0.0,0.0,0.0
CLI016270,0.0,0.0,0.0,0.0,8.0
CLI016271,7.0,7.5,8.5,0.0,0.0
CLI016272,8.0,7.0,0.0,8.0,8.0
CLI016273,9.0,0.0,0.0,0.0,0.0
CLI016274,9.0,8.0,9.0,8.0,0.0
CLI016276,7.5,7.0,9.0,8.0,9.0
CLI016277,0.0,7.0,0.0,9.0,7.0
CLI016278,0.0,0.0,9.0,0.0,8.0
CLI016279,9.0,0.0,8.5,8.0,8.0
CLI016280,7.666666666666667,0.0,0.0,8.0,9.0
CLI016281,10.0,9.0,0.0,0.0,9.0
CLI016282,0.0,8.0,8.0,8.0,0.0
CLI016283,0.0,0.0,0.0,8.0,0.0
CLI016284,0.0,8.0,8.0,7.0,0.0
CLI016285,0.0,7.0,0.0,0.0,10.0
CLI016287,7.5,8.0,0.0,8.0,8.0
CLI016288,0.0,0.0,8.666666666666666,0.0,7.0
CLI016290,0.0,0.0,0.0,9.0,6.0
CLI016291,7.5,0.0,0.0,7.5,0.0
CLI016294,0.0,0.0,0.0,0.0,9.0
CLI016295,7.0,7.5,0.0,0.0,0.0
CLI016296,7.0,8.0,0.0,0.0,0.0
CLI016297,0.0,0.0,8.0,0.0,0.0
CLI016298,0.0,0.0,8.0,8.5,0.0
CLI016299,0.0,6.0,0.0,0.0,9.0
CLI016301,8.0,0.0,0.0,0.0,0.0
CLI016302,0.0,9.0,0.0,0.0,0.0
CLI016303,0.0,8.0,0.0,7.0,8.0
CLI016304,0.0,0.0,8.0,0.0,0.0
CLI016305,0.0,0.0,0.0,0.0,8.0
CLI016306,0.0,0.0,8.666666666666666,0.0,0.0
CLI016307,7.0,0.0,8.0,0.0,0.0
CLI016308,0.0,9.0,8.0,0.0,0.0
CLI016310,0.0,0.0,8.0,0.0,0.0
CLI016311,0.0,0.0,0.0,0.0,9.0
CLI016312,8.5,0.0,8.5,7.0,0.0
CLI016313,7.0,0.0,0.0,8.0,0.0
CLI016314,0.0,0.0,0.0,0.0,10.0
CLI016315,0.0,0.0,8.333333333333334,0.0,7.0
CLI016316,9.0,0.0,0.0,8.5,0.0
CLI016318,0.0,9.0,8.0,8.5,0.0
CLI016319,8.5,0.0,0.0,0.0,0.0
CLI016320,0.0,0.0,0.0,8.0,0.0
CLI016321,7.0,0.0,9.5,0.0,9.0
CLI016323,0.0,0.0,7.0,0.0,0.0
CLI016324,9.0,10.0,7.5,9.0,0.0
CLI016325,8.0,0.0,8.0,8.5,0.0
CLI016326,7.0,8.0,8.0,8.0,0.0
CLI016327,7.0,0.0,8.0,0.0,9.0
CLI016328,0.0,0.0,9.0,0.0,9.0
CLI016329,8.0,0.0,8.0,0.0,0.0
CLI016330,0.0,9.0,0.0,9.0,0.0
CLI016331,8.0,0.0,0.0,0.0,8.0
CLI016332,7.0,7.0,8.0,9.0,0.0
CLI016334,8.0,7.5,0.0,0.0,0.0
CLI016335,0.0,0.0,7.0,0.0,0.0
CLI016336,0.0,8.0,8.0,0.0,0.0
CLI016337,8.0,0.0,0.0,0.0,0.0
CLI016338,0.0,7.0,7.0,0.0,0.0
CLI016339,0.0,9.0,8.0,0.0,0.0
CLI016340,7.0,0.0,0.0,0.0,0.0
CLI016341,10.0,0.0,0.0,0.0,0.0
CLI016342,0.0,0.0,8.0,9.0,0.0
CLI016343,0.0,0.0,0.0,8.5,0.0
CLI016344,0.0,0.0,9.0,8.0,7.0
CLI016345,9.0,8.0,7.0,0.0,0.0
CLI016346,10.0,8.0,7.0,0.0,0.0
CLI016347,7.5,0.0,0.0,0.0,0.0
CLI016348,9.0,8.0,8.0,7.0,0.0
CLI016349,8.0,0.0,8.0,9.0,0.0
CLI016350,0.0,7.5,0.0,0.0,8.5
CLI016351,0.0,0.0,9.0,0.0,7.0
CLI016352,8.5,0.0,0.0,9.0,0.0
CLI016353,0.0,0.0,0.0,8.0,8.5
CLI016354,0.0,0.0,0.0,0.0,8.0
CLI016355,0.0,9.0,7.0,0.0,0.0
CLI016356,0.0,0.0,8.0,0.0,0.0
CLI016357,8.0,0.0,0.0,0.0,8.0
CLI016358,9.0,0.0,0.0,0.0,7.0
CLI016359,0.0,0.0,8.0,0.0,0.0
CLI016360,10.0,7.333333333333333,0.0,0.0,8.0
CLI016361,7.0,0.0,8.5,0.0,0.0
CLI016362,8.0,9.0,7.5,0.0,0.0
CLI016363,0.0,0.0,0.0,0.0,7.0
CLI016364,0.0,9.0,0.0,9.0,9.0
CLI016365,0.0,9.5,0.0,7.0,0.0
CLI016366,0.0,8.0,9.0,9.0,0.0
CLI016367,0.0,8.0,0.0,6.0,0.0
CLI016368,0.0,0.0,0.0,9.0,0.0
CLI016369,0.0,9.0,7.0,0.0,7.0
CLI016370,9.0,8.0,0.0,0.0,0.0
CLI016371,8.0,0.0,8.0,0.0,0.0
CLI016372,7.0,0.0,0.0,8.5,0.0
CLI016373,0.0,0.0,0.0,9.0,8.0
CLI016374,0.0,0.0,9.0,8.0,0.0
CLI016375,0.0,0.0,0.0,8.5,0.0
CLI016376,0.0,0.0,9.0,0.0,0.0
CLI016377,0.0,7.0,0.0,0.0,9.0
CLI016378,0.0,0.0,0.0,8.0,8.333333333333334
CLI016379,8.0,0.0,0.0,0.0,0.0
CLI016380,0.0,0.0,9.0,9.0,0.0
CLI016381,8.0,7.0,8.0,7.0,0.0
CLI016383,0.0,0.0,8.0,0.0,0.0
CLI016384,0.0,0.0,6.0,0.0,0.0
CLI016386,0.0,8.0,0.0,8.5,0.0
CLI016387,8.0,8.0,9.0,0.0,0.0
CLI016388,0.0,0.0,0.0,0.0,7.0
CLI016389,0.0,7.0,7.0,9.0,8.0
CLI016390,7.0,0.0,8.0,8.0,7.0
CLI016391,0.0,0.0,0.0,0.0,9.0
CLI016392,8.0,0.0,0.0,10.0,0.0
CLI016394,0.0,0.0,8.0,0.0,8.0
CLI016395,8.0,0.0,9.0,8.0,0.0
CLI016396,8.0,0.0,0.0,8.0,0.0
CLI016397,7.0,7.0,0.0,9.0,8.0
CLI016399,8.0,8.333333333333334,8.0,0.0,9.0
CLI016400,9.0,8.0,0.0,8.0,0.0
CLI016401,8.0,9.0,8.0,0.0,0.0
CLI016402,0.0,0.0,0.0,8.0,8.0
CLI016403,0.0,0.0,8.0,9.0,7.0
CLI016404,9.0,9.0,0.0,9.5,0.0
CLI016405,0.0,7.5,0.0,8.0,8.5
CLI016406,7.5,8.0,0.0,8.666666666666666,9.0
CLI016407,0.0,9.0,7.666666666666667,8.0,8.5
CLI016408,8.0,0.0,0.0,0.0,0.0
CLI016409,0.0,0.0,0.0,0.0,7.0
CLI016410,0.0,0.0,0.0,0.0,8.0
CLI016411,8.0,0.0,0.0,7.0,0.0
CLI016412,9.0,0.0,0.0,0.0,0.0
CLI016413,0.0,9.0,0.0,0.0,0.0
CLI016414,7.0,0.0,0.0,0.0,8.25
CLI016415,0.0,7.0,0.0,9.0,9.0
CLI016416,0.0,8.0,7.0,0.0,0.0
CLI016417,0.0,0.0,9.0,0.0,0.0
CLI016418,8.0,0.0,0.0,8.5,0.0
CLI016419,0.0,0.0,8.0,0.0,0.0
CLI016420,0.0,9.0,6.0,0.0,0.0
CLI016421,0.0,0.0,0.0,0.0,9.0
CLI016422,7.0,0.0,0.0,0.0,0.0
CLI016423,0.0,10.0,8.0,0.0,9.0
CLI016424,7.333333333333333,9.0,0.0,0.0,9.0
CLI016425,8.0,8.0,0.0,0.0,0.0
CLI016426,8.0,8.0,8.0,0.0,0.0
CLI016427,0.0,0.0,0.0,0.0,10.0
CLI016428,7.0,0.0,0.0,0.0,6.0
CLI016429,0.0,0.0,7.0,9.0,9.0
CLI016430,0.0,0.0,0.0,6.0,0.0
CLI016431,0.0,0.0,9.0,0.0,0.0
CLI016432,0.0,9.0,0.0,8.5,0.0
CLI016433,0.0,0.0,0.0,0.0,8.0
CLI016434,0.0,8.0,0.0,0.0,7.0
CLI016436,0.0,8.0,0.0,10.0,0.0
CLI016439,7.0,9.0,9.0,0.0,0.0
CLI016440,0.0,0.0,0.0,7.0,0.0
CLI016441,8.0,0.0,0.0,0.0,9.0
CLI016442,7.0,0.0,0.0,0.0,0.0
CLI016443,9.0,8.0,0.0,0.0,0.0
CLI016444,9.0,10.0,9.0,7.0,9.0
CLI016445,7.0,0.0,6.0,0.0,0.0
CLI016446,0.0,9.0,0.0,0.0,7.0
CLI016448,9.0,0.0,0.0,0.0,0.0
CLI016449,0.0,0.0,8.5,0.0,0.0
CLI016450,0.0,8.0,8.0,7.0,7.0
CLI016451,8.0,8.0,7.5,0.0,0.0
CLI016452,7.0,8.0,0.0,0.0,0.0
CLI016453,8.0,0.0,8.0,7.0,0.0
CLI016454,8.0,0.0,6.0,7.5,7.5
CLI016455,0.0,7.5,0.0,9.0,0.0
CLI016456,0.0,7.0,0.0,0.0,0.0
CLI016457,0.0,0.0,0.0,9.0,0.0
CLI016458,8.0,7.0,7.5,0.0,0.0
CLI016459,0.0,8.0,0.0,0.0,9.0
CLI016460,8.0,0.0,0.0,0.0,9.0
CLI016461,9.0,0.0,7.0,7.0,0.0
CLI016462,8.0,0.0,0.0,8.0,9.0
CLI016463,8.5,10.0,0.0,8.0,0.0
CLI016465,9.0,9.0,0.0,0.0,8.5
CLI016466,7.5,9.0,8.0,7.0,0.0
CLI016467,8.0,0.0,0.0,7.0,0.0
CLI016468,0.0,0.0,0.0,0.0,9.0
CLI016469,0.0,0.0,0.0,8.0,0.0
CLI016470,0.0,0.0,8.0,0.0,0.0
CLI016471,0.0,0.0,8.0,6.0,7.0
CLI016472,8.0,7.5,8.0,9.0,0.0
CLI016473,8.5,10.0,7.0,8.5,0.0
CLI016474,0.0,0.0,0.0,6.0,0.0
CLI016475,0.0,0.0,7.666666666666667,8.5,9.0
CLI016476,0.0,9.0,0.0,6.0,0.0
CLI016477,0.0,0.0,0.0,10.0,0.0
CLI016479,0.0,0.0,9.0,8.0,8.0
CLI016480,10.0,0.0,9.0,0.0,0.0
CLI016481,0.0,8.0,0.0,9.0,8.0
CLI016482,0.0,9.0,0.0,0.0,0.0
CLI016483,0.0,0.0,8.666666666666666,9.0,0.0
CLI016484,8.0,0.0,0.0,8.0,0.0
CLI016485,9.0,8.0,0.0,0.0,0.0
CLI016486,10.0,8.0,0.0,0.0,9.0
CLI016487,8.0,7.0,0.0,0.0,8.0
CLI016489,0.0,0.0,0.0,8.666666666666666,10.0
CLI016490,7.0,0.0,8.0,7.0,6.0
CLI016491,7.0,0.0,0.0,0.0,7.0
CLI016492,9.0,0.0,0.0,0.0,0.0
CLI016493,7.0,9.0,8.0,0.0,0.0
CLI016494,8.0,0.0,7.5,0.0,0.0
CLI016495,0.0,0.0,8.0,7.0,8.0
CLI016496,0.0,9.0,0.0,9.0,7.0
CLI016497,9.0,0.0,0.0,9.0,0.0
CLI016498,0.0,0.0,0.0,8.0,0.0
CLI016499,9.0,9.0,0.0,7.0,0.0
CLI016500,0.0,8.0,8.0,8.0,0.0
CLI016501,8.0,8.0,7.0,0.0,0.0
CLI016502,0.0,0.0,0.0,8.0,0.0
CLI016503,9.0,0.0,0.0,0.0,0.0
CLI016504,7.0,0.0,0.0,7.0,0.0
CLI016505,0.0,8.0,9.0,9.0,0.0
CLI016506,0.0,10.0,0.0,0.0,0.0
CLI016507,0.0,0.0,0.0,7.0,0.0
CLI016508,0.0,0.0,9.0,0.0,0.0
CLI016510,8.0,8.0,0.0,9.0,7.0
CLI016511,0.0,0.0,0.0,9.0,8.5
CLI016512,8.0,0.0,8.0,0.0,10.0
CLI016514,7.0,9.0,0.0,8.0,0.0
CLI016515,0.0,0.0,0.0,0.0,9.0
CLI016516,0.0,0.0,8.0,10.0,0.0
CLI016517,0.0,0.0,0.0,9.0,0.0
CLI016518,8.5,0.0,0.0,0.0,0.0
CLI016519,0.0,7.0,0.0,8.0,0.0
CLI016520,0.0,0.0,0.0,0.0,7.0
CLI016521,0.0,0.0,0.0,0.0,9.0
CLI016522,0.0,9.0,0.0,0.0,0.0
CLI016523,8.0,0.0,9.0,7.0,8.333333333333334
CLI016525,9.0,0.0,7.0,0.0,7.0
CLI016526,0.0,8.0,8.0,0.0,7.25
CLI016527,0.0,9.0,0.0,0.0,9.0
CLI016528,0.0,0.0,0.0,0.0,7.0
CLI016529,0.0,0.0,8.0,7.5,0.0
CLI016530,0.0,0.0,7.0,0.0,9.0
CLI016531,0.0,9.0,0.0,0.0,10.0
CLI016532,0.0,0.0,0.0,8.0,8.0
CLI016533,9.0,0.0,0.0,8.0,0.0
CLI016534,7.333333333333333,8.0,0.0,9.0,0.0
CLI016536,8.0,0.0,0.0,10.0,0.0
CLI016537,8.0,0.0,0.0,8.0,8.5
CLI016538,7.0,0.0,7.0,6.0,0.0
CLI016539,9.0,0.0,0.0,0.0,0.0
CLI016540,8.0,0.0,8.0,0.0,7.0
CLI016541,7.0,0.0,0.0,7.0,9.0
CLI016542,0.0,7.0,9.0,7.0,10.0
CLI016543,0.0,0.0,0.0,0.0,8.0
CLI016544,0.0,8.0,0.0,0.0,9.0
CLI016545,0.0,0.0,0.0,8.0,10.0
CLI016546,0.0,0.0,0.0,9.0,0.0
CLI016547,8.0,0.0,0.0,0.0,0.0
CLI016548,0.0,8.0,9.0,0.0,7.0
CLI016549,0.0,0.0,8.0,0.0,0.0
CLI016550,9.0,0.0,9.0,8.0,0.0
CLI016551,0.0,7.5,0.0,0.0,0.0
CLI016552,0.0,0.0,0.0,0.0,8.0
CLI016553,0.0,0.0,0.0,8.0,0.0
CLI016554,0.0,9.0,6.0,8.0,8.0
CLI016555,9.0,8.0,0.0,0.0,8.0
CLI016556,0.0,0.0,9.0,9.0,8.0
CLI016558,0.0,0.0,0.0,0.0,8.0
CLI016559,0.0,0.0,0.0,8.0,7.0
CLI016560,7.0,0.0,0.0,0.0,0.0
CLI016562,0.0,8.0,0.0,0.0,0.0
CLI016563,8.75,0.0,9.0,0.0,8.0
CLI016565,8.0,0.0,0.0,0.0,0.0
CLI016566,8.0,0.0,7.0,9.0,0.0
CLI016567,8.5,0.0,0.0,0.0,8.0
CLI016568,8.5,0.0,9.0,0.0,0.0
CLI016569,0.0,7.0,8.0,0.0,0.0
CLI016570,9.0,0.0,9.0,8.0,0.0
CLI016571,8.5,0.0,8.666666666666666,8.0,0.0
CLI016572,0.0,0.0,8.0,0.0,0.0
CLI016573,0.0,8.0,0.0,0.0,0.0
CLI016574,9.0,0.0,8.0,7.0,0.0
CLI016576,0.0,9.0,7.0,0.0,0.0
CLI016577,8.5,0.0,8.0,8.0,0.0
CLI016580,0.0,0.0,8.0,0.0,0.0
CLI016581,0.0,8.5,0.0,0.0,9.0
CLI016582,9.0,0.0,8.0,0.0,0.0
CLI016583,0.0,8.0,7.0,0.0,8.5
CLI016584,0.0,8.0,7.0,0.0,0.0
CLI016585,0.0,9.0,0.0,0.0,0.0
CLI016586,7.0,8.0,8.5,0.0,0.0
CLI016587,9.0,8.0,8.0,0.0,0.0
CLI016588,0.0,9.0,0.0,8.5,0.0
CLI016589,9.0,7.666666666666667,7.666666666666667,0.0,0.0
CLI016590,0.0,7.0,8.0,0.0,0.0
CLI016591,9.0,7.0,0.0,0.0,9.0
CLI016592,7.0,8.0,9.0,0.0,0.0
CLI016593,0.0,10.0,9.0,0.0,8.0
CLI016594,0.0,9.0,0.0,8.5,0.0
CLI016596,9.0,0.0,0.0,8.5,0.0
CLI016597,8.0,0.0,0.0,10.0,0.0
CLI016599,0.0,7.0,0.0,8.0,0.0
CLI016600,0.0,8.0,0.0,10.0,0.0
CLI016601,9.0,0.0,0.0,0.0,9.0
CLI016603,0.0,9.0,9.5,7.0,8.5
CLI016605,8.5,7.5,0.0,9.0,0.0
CLI016606,0.0,0.0,9.0,0.0,0.0
CLI016607,10.0,0.0,0.0,8.0,7.0
CLI016608,0.0,7.0,9.0,7.0,0.0
CLI016609,8.0,0.0,0.0,9.0,0.0
CLI016610,0.0,0.0,10.0,8.0,6.0
CLI016611,0.0,0.0,0.0,0.0,8.0
CLI016612,0.0,9.0,0.0,8.0,0.0
CLI016613,0.0,0.0,0.0,7.0,0.0
CLI016614,0.0,0.0,0.0,7.5,7.0
CLI016615,0.0,7.0,0.0,8.0,0.0
CLI016616,0.0,0.0,0.0,0.0,9.0
CLI016617,0.0,9.0,8.0,0.0,0.0
CLI016618,0.0,0.0,0.0,8.0,0.0
CLI016620,6.0,0.0,8.0,0.0,0.0
CLI016621,8.0,0.0,0.0,0.0,9.0
CLI016622,8.0,0.0,8.0,0.0,0.0
CLI016623,0.0,0.0,0.0,8.0,8.0
CLI016624,9.0,8.5,8.0,0.0,0.0
CLI016625,0.0,9.0,0.0,9.0,0.0
CLI016626,7.0,0.0,7.0,0.0,0.0
CLI016627,0.0,0.0,0.0,7.0,0.0
CLI016628,8.0,0.0,9.0,8.0,0.0
CLI016629,0.0,8.0,0.0,0.0,0.0
CLI016630,9.0,0.0,8.0,7.5,6.0
CLI016631,0.0,0.0,8.0,0.0,8.0
CLI016632,9.0,9.0,0.0,6.0,8.0
CLI016633,0.0,7.0,0.0,9.0,0.0
CLI016634,8.0,0.0,0.0,0.0,0.0
CLI016636,9.0,0.0,0.0,0.0,9.0
CLI016637,0.0,0.0,0.0,8.5,0.0
CLI016638,8.0,0.0,0.0,0.0,0.0
CLI016639,0.0,0.0,0.0,7.0,0.0
CLI016640,0.0,7.5,0.0,7.0,0.0
CLI016642,0.0,0.0,0.0,0.0,7.0
CLI016644,0.0,8.0,8.0,0.0,0.0
CLI016645,0.0,0.0,0.0,0.0,9.0
CLI016646,0.0,0.0,0.0,0.0,7.0
CLI016647,7.0,9.0,8.0,10.0,0.0
CLI016648,9.5,7.0,7.0,6.5,8.5
CLI016649,8.0,8.0,0.0,0.0,0.0
CLI016650,7.0,10.0,0.0,0.0,0.0
CLI016651,8.0,7.5,7.0,0.0,0.0
CLI016652,0.0,0.0,9.0,7.0,0.0
CLI016653,0.0,0.0,0.0,9.0,9.0
CLI016654,0.0,0.0,8.0,9.0,0.0
CLI016655,0.0,0.0,7.0,0.0,0.0
CLI016656,7.0,0.0,7.0,0.0,7.0
CLI016657,0.0,7.0,7.0,0.0,9.0
CLI016658,0.0,0.0,7.0,8.5,0.0
CLI016659,7.5,0.0,0.0,7.0,0.0
CLI016660,8.0,0.0,9.0,0.0,0.0
CLI016662,8.0,0.0,0.0,0.0,0.0
CLI016663,8.0,0.0,0.0,9.0,9.0
CLI016664,9.0,0.0,8.0,0.0,8.0
CLI016665,0.0,8.0,0.0,0.0,0.0
CLI016666,8.5,0.0,7.0,0.0,0.0
CLI016667,0.0,0.0,0.0,8.666666666666666,0.0
CLI016668,7.0,0.0,7.0,0.0,8.0
CLI016669,9.0,0.0,0.0,8.0,0.0
CLI016670,9.0,0.0,8.0,0.0,0.0
CLI016671,8.5,7.0,0.0,0.0,0.0
CLI016672,0.0,0.0,8.0,9.0,8.0
CLI016673,9.0,0.0,0.0,9.0,0.0
CLI016674,7.0,8.5,9.0,0.0,0.0
CLI016675,8.0,9.0,0.0,9.0,0.0
CLI016677,7.5,0.0,0.0,0.0,0.0
CLI016678,9.0,0.0,8.0,0.0,0.0
CLI016679,7.0,0.0,0.0,0.0,0.0
CLI016680,0.0,0.0,0.0,0.0,8.0
CLI016681,0.0,9.0,7.5,7.5,9.0
CLI016682,9.0,0.0,0.0,8.0,0.0
CLI016683,8.0,0.0,0.0,0.0,0.0
CLI016684,8.0,8.0,0.0,0.0,9.0
CLI016685,8.0,0.0,8.0,10.0,8.0
CLI016686,7.0,0.0,7.0,0.0,0.0
CLI016687,0.0,0.0,9.0,0.0,8.0
CLI016688,0.0,7.0,0.0,0.0,0.0
CLI016689,7.0,0.0,9.0,9.0,8.0
CLI016690,0.0,8.0,9.0,0.0,0.0
CLI016691,0.0,0.0,8.0,0.0,0.0
CLI016692,0.0,0.0,7.0,0.0,7.0
CLI016693,8.0,0.0,9.0,0.0,0.0
CLI016694,9.0,7.0,9.0,0.0,0.0
CLI016696,0.0,0.0,7.5,0.0,0.0
CLI016697,0.0,8.0,0.0,7.5,0.0
CLI016698,0.0,7.0,0.0,0.0,8.0
CLI016699,0.0,8.0,9.0,0.0,9.0
CLI016700,9.0,7.0,0.0,0.0,0.0
CLI016701,0.0,0.0,0.0,6.5,8.0
CLI016702,10.0,0.0,0.0,9.0,9.0
CLI016703,7.0,9.0,0.0,0.0,9.0
CLI016704,9.0,0.0,0.0,0.0,9.0
CLI016705,0.0,0.0,0.0,9.0,9.0
CLI016706,0.0,0.0,9.0,9.0,7.0
CLI016707,0.0,8.0,9.0,0.0,0.0
CLI016708,0.0,0.0,7.0,0.0,0.0
CLI016709,0.0,6.0,0.0,0.0,0.0
CLI016710,0.0,0.0,0.0,0.0,8.0
CLI016711,8.0,9.0,8.0,0.0,8.0
CLI016712,0.0,8.0,7.5,0.0,0.0
CLI016713,8.0,0.0,8.0,9.0,0.0
CLI016715,0.0,8.0,7.0,0.0,0.0
CLI016716,0.0,8.0,0.0,0.0,0.0
CLI016717,7.0,9.0,0.0,0.0,9.0
CLI016718,0.0,8.0,7.0,0.0,0.0
CLI016719,7.5,0.0,0.0,0.0,8.0
CLI016720,10.0,0.0,8.0,0.0,7.5
CLI016722,7.0,0.0,8.0,0.0,6.0
CLI016723,0.0,0.0,8.5,0.0,7.0
CLI016724,0.0,7.5,10.0,0.0,0.0
CLI016725,0.0,0.0,0.0,8.0,0.0
CLI016726,0.0,0.0,8.0,0.0,0.0
CLI016727,8.0,0.0,0.0,8.0,0.0
CLI016728,0.0,0.0,9.0,0.0,0.0
CLI016729,0.0,0.0,0.0,10.0,0.0
CLI016730,10.0,0.0,8.0,0.0,0.0
CLI016731,7.5,0.0,0.0,7.5,0.0
CLI016732,7.0,0.0,7.0,0.0,0.0
CLI016733,0.0,0.0,0.0,9.0,0.0
CLI016734,0.0,0.0,0.0,10.0,8.0
CLI016735,9.0,0.0,8.0,0.0,0.0
CLI016737,0.0,8.0,0.0,0.0,0.0
CLI016738,7.333333333333333,0.0,0.0,9.0,0.0
CLI016739,9.0,0.0,9.0,9.0,0.0
CLI016741,0.0,7.0,9.0,9.0,0.0
CLI016742,0.0,8.0,0.0,0.0,0.0
CLI016743,8.0,7.5,0.0,8.0,0.0
CLI016744,8.0,9.0,0.0,8.333333333333334,8.0
CLI016745,8.0,7.0,0.0,7.0,7.666666666666667
CLI016747,0.0,9.0,0.0,0.0,7.0
CLI016748,9.0,7.666666666666667,0.0,0.0,9.0
CLI016749,8.0,9.0,0.0,8.0,9.0
CLI016750,0.0,0.0,0.0,0.0,6.0
CLI016751,7.0,0.0,0.0,7.5,0.0
CLI016752,0.0,0.0,9.0,7.5,8.0
CLI016753,0.0,6.0,0.0,0.0,8.5
CLI016755,7.5,8.0,9.0,9.0,7.0
CLI016756,0.0,0.0,0.0,7.0,7.0
CLI016757,8.0,0.0,0.0,9.0,0.0
CLI016758,0.0,0.0,8.0,0.0,0.0
CLI016759,0.0,0.0,0.0,7.0,0.0
CLI016760,9.0,0.0,0.0,8.0,0.0
CLI016761,0.0,0.0,0.0,8.0,0.0
CLI016762,0.0,7.0,8.0,0.0,0.0
CLI016763,0.0,0.0,8.0,7.0,9.0
CLI016764,0.0,0.0,8.0,8.0,0.0
CLI016765,0.0,0.0,9.0,0.0,6.0
CLI016766,0.0,0.0,7.5,9.0,9.0
CLI016767,0.0,7.5,0.0,0.0,0.0
CLI016769,0.0,0.0,0.0,0.0,10.0
CLI016770,9.0,7.0,7.0,0.0,8.0
CLI016771,0.0,0.0,0.0,0.0,9.0
CLI016772,8.5,0.0,8.0,9.0,0.0
CLI016774,0.0,0.0,8.0,0.0,0.0
CLI016775,9.0,0.0,0.0,0.0,0.0
CLI016776,8.5,0.0,6.5,0.0,8.0
CLI016777,0.0,8.5,0.0,0.0,7.0
CLI016778,0.0,0.0,8.0,8.5,0.0
CLI016779,8.5,8.0,8.0,9.5,8.0
CLI016780,9.0,9.0,8.0,0.0,0.0
CLI016781,8.0,0.0,0.0,0.0,0.0
CLI016782,0.0,0.0,9.0,0.0,7.0
CLI016783,0.0,9.0,0.0,0.0,0.0
CLI016784,0.0,8.0,9.0,8.0,0.0
CLI016785,0.0,10.0,9.0,0.0,10.0
CLI016786,0.0,0.0,6.0,0.0,7.0
CLI016787,0.0,9.0,0.0,7.0,0.0
CLI016788,0.0,9.0,0.0,9.0,0.0
CLI016789,10.0,0.0,0.0,9.0,0.0
CLI016792,9.0,0.0,0.0,0.0,8.0
CLI016793,0.0,6.0,0.0,9.0,0.0
CLI016794,9.0,0.0,0.0,0.0,10.0
CLI016795,8.0,0.0,0.0,7.0,0.0
CLI016796,9.0,7.0,10.0,0.0,8.0
CLI016797,7.0,7.0,7.0,0.0,7.0
CLI016799,8.0,0.0,0.0,0.0,0.0
CLI016800,0.0,9.0,0.0,7.0,0.0
CLI016801,0.0,0.0,0.0,8.0,0.0
CLI016803,0.0,0.0,8.0,8.0,0.0
CLI016804,0.0,8.0,0.0,0.0,0.0
CLI016806,0.0,8.0,7.0,7.0,7.0
CLI016807,9.0,9.0,8.0,9.0,7.0
CLI016808,0.0,0.0,10.0,0.0,9.0
CLI016809,0.0,7.0,0.0,7.0,0.0
CLI016810,0.0,8.0,8.0,0.0,0.0
CLI016811,7.0,8.0,0.0,0.0,0.0
CLI016812,0.0,8.5,0.0,0.0,7.0
CLI016813,8.0,9.0,0.0,0.0,0.0
CLI016814,9.0,0.0,0.0,0.0,0.0
CLI016815,0.0,7.0,7.0,0.0,0.0
CLI016816,0.0,0.0,7.666666666666667,0.0,7.0
CLI016817,0.0,9.0,7.0,0.0,0.0
CLI016818,0.0,0.0,0.0,7.0,7.0
CLI016819,8.0,8.0,0.0,0.0,0.0
CLI016820,0.0,7.0,0.0,6.0,0.0
CLI016821,0.0,0.0,6.0,0.0,0.0
CLI016822,7.0,0.0,7.5,0.0,0.0
CLI016823,7.5,0.0,0.0,0.0,9.0
CLI016824,0.0,0.0,10.0,8.0,0.0
CLI016825,0.0,8.0,0.0,8.0,7.0
CLI016826,0.0,0.0,0.0,9.0,9.0
CLI016827,0.0,9.0,8.5,8.0,0.0
CLI016828,8.0,0.0,0.0,9.0,0.0
CLI016829,0.0,0.0,9.0,8.0,0.0
CLI016830,0.0,0.0,9.0,0.0,7.0
CLI016831,0.0,8.0,0.0,0.0,0.0
CLI016832,0.0,0.0,0.0,9.0,10.0
CLI016833,9.0,8.5,8.0,8.0,0.0
CLI016834,0.0,8.0,0.0,8.0,0.0
CLI016835,7.5,8.0,0.0,8.0,0.0
CLI016836,0.0,8.0,0.0,8.0,0.0
CLI016837,0.0,7.0,7.5,6.0,0.0
CLI016838,8.5,8.0,9.0,9.0,9.0
CLI016839,9.0,10.0,8.0,8.0,0.0
CLI016840,0.0,0.0,8.0,7.0,8.0
CLI016841,0.0,8.0,0.0,0.0,0.0
CLI016842,0.0,0.0,0.0,0.0,9.0
CLI016843,8.0,0.0,0.0,9.0,10.0
CLI016844,7.0,0.0,0.0,8.0,8.0
CLI016845,7.0,0.0,0.0,0.0,0.0
CLI016846,0.0,7.0,0.0,8.666666666666666,9.0
CLI016847,8.0,0.0,8.0,7.0,0.0
CLI016848,0.0,0.0,0.0,0.0,9.0
CLI016849,0.0,0.0,8.0,0.0,8.0
CLI016850,0.0,9.0,0.0,0.0,0.0
CLI016851,0.0,0.0,0.0,0.0,9.0
CLI016852,0.0,0.0,7.5,0.0,0.0
CLI016853,8.0,0.0,9.0,0.0,0.0
CLI016854,0.0,9.0,0.0,0.0,0.0
CLI016855,0.0,9.0,8.0,0.0,8.0
CLI016856,8.0,0.0,0.0,9.0,9.0
CLI016857,0.0,8.5,8.0,0.0,0.0
CLI016858,7.5,9.0,9.0,0.0,0.0
CLI016859,8.0,0.0,0.0,0.0,10.0
CLI016860,0.0,0.0,8.5,0.0,0.0
CLI016861,0.0,0.0,0.0,7.0,7.5
CLI016862,8.0,7.0,0.0,0.0,0.0
CLI016863,0.0,0.0,0.0,0.0,9.0
CLI016864,7.0,8.0,7.0,0.0,0.0
CLI016865,0.0,6.0,0.0,0.0,8.5
CLI016866,6.0,0.0,0.0,8.0,0.0
CLI016867,8.0,0.0,8.0,9.0,8.0
CLI016868,0.0,0.0,10.0,0.0,0.0
CLI016869,8.0,0.0,0.0,8.0,0.0
CLI016870,0.0,0.0,6.0,0.0,0.0
CLI016871,0.0,9.0,8.0,0.0,9.0
CLI016872,7.0,7.0,6.5,9.0,9.0
CLI016873,7.0,0.0,0.0,0.0,9.0
CLI016874,8.0,0.0,8.0,8.0,0.0
CLI016875,0.0,8.0,0.0,7.0,8.0
CLI016876,9.0,9.0,0.0,0.0,0.0
CLI016877,0.0,8.0,0.0,9.0,0.0
CLI016878,7.0,0.0,0.0,9.0,0.0
CLI016879,8.0,0.0,0.0,10.0,8.0
CLI016880,8.0,0.0,0.0,9.0,9.0
CLI016881,0.0,0.0,8.0,7.0,7.5
CLI016883,0.0,7.0,0.0,0.0,0.0
CLI016884,0.0,7.0,7.0,7.0,0.0
CLI016885,8.5,8.0,0.0,0.0,0.0
CLI016886,0.0,9.0,0.0,0.0,0.0
CLI016887,0.0,0.0,0.0,0.0,9.0
CLI016888,0.0,0.0,7.0,8.0,10.0
CLI016889,8.0,0.0,9.0,0.0,0.0
CLI016890,0.0,0.0,8.0,7.0,0.0
CLI016891,0.0,0.0,0.0,8.0,0.0
CLI016892,0.0,8.0,8.0,8.333333333333334,0.0
CLI016893,0.0,0.0,7.0,7.0,0.0
CLI016894,0.0,9.0,10.0,8.0,7.0
CLI016895,0.0,7.0,6.0,0.0,7.0
CLI016896,8.0,9.0,0.0,8.333333333333334,0.0
CLI016897,9.0,0.0,0.0,8.0,0.0
CLI016898,0.0,8.5,9.0,0.0,8.0
CLI016899,8.0,0.0,8.0,0.0,0.0
CLI016901,0.0,0.0,8.5,8.0,7.0
CLI016902,0.0,0.0,0.0,0.0,8.0
CLI016903,0.0,0.0,7.5,9.0,0.0
CLI016904,9.0,8.0,0.0,0.0,8.0
CLI016905,0.0,0.0,9.0,9.0,0.0
CLI016906,0.0,0.0,0.0,0.0,9.0
CLI016907,0.0,0.0,0.0,9.0,0.0
CLI016908,8.0,0.0,0.0,0.0,8.0
CLI016909,8.0,0.0,8.0,0.0,9.0
CLI016910,7.0,0.0,9.0,8.0,0.0
CLI016911,7.0,8.0,7.5,0.0,0.0
CLI016912,0.0,0.0,0.0,10.0,0.0
CLI016913,0.0,0.0,6.0,0.0,0.0
CLI016914,0.0,8.0,7.0,0.0,0.0
CLI016915,0.0,0.0,10.0,9.0,0.0
CLI016917,0.0,0.0,8.0,8.0,7.0
CLI016918,0.0,0.0,7.0,0.0,8.0
CLI016919,0.0,9.0,9.0,9.0,0.0
CLI016920,0.0,0.0,8.5,0.0,8.0
CLI016921,0.0,0.0,0.0,8.0,0.0
CLI016924,8.0,8.0,7.0,6.0,9.0
CLI016925,0.0,0.0,8.0,0.0,0.0
CLI016926,9.0,0.0,0.0,0.0,8.0
CLI016927,7.0,0.0,7.0,0.0,8.0
CLI016928,0.0,0.0,0.0,0.0,9.0
CLI016929,7.5,8.0,0.0,8.0,0.0
CLI016930,0.0,0.0,8.0,0.0,0.0
CLI016931,0.0,0.0,7.333333333333333,8.0,0.0
CLI016932,8.0,8.0,0.0,0.0,0.0
CLI016933,0.0,0.0,0.0,0.0,8.5
CLI016934,6.0,0.0,0.0,8.0,8.5
CLI016935,0.0,8.5,0.0,0.0,0.0
CLI016936,8.5,0.0,9.0,0.0,8.5
CLI016937,7.0,0.0,7.0,0.0,9.0
CLI016939,0.0,0.0,0.0,0.0,7.0
CLI016940,8.0,0.0,8.0,8.0,10.0
CLI016942,0.0,0.0,6.5,8.0,8.0
CLI016943,0.0,9.0,0.0,0.0,0.0
CLI016944,7.0,0.0,0.0,7.0,0.0
CLI016945,0.0,8.0,0.0,8.0,0.0
CLI016946,0.0,0.0,0.0,0.0,7.5
CLI016947,8.0,0.0,9.0,0.0,0.0
CLI016948,0.0,9.0,8.0,0.0,0.0
CLI016949,0.0,0.0,0.0,0.0,8.5
CLI016950,0.0,0.0,8.0,8.0,0.0
CLI016951,6.0,8.0,8.0,0.0,8.0
CLI016952,0.0,0.0,8.0,0.0,0.0
CLI016953,0.0,0.0,0.0,8.0,0.0
CLI016954,0.0,0.0,8.0,8.0,7.0
CLI016955,7.0,0.0,10.0,0.0,0.0
CLI016956,7.0,8.0,7.0,8.0,0.0
CLI016957,10.0,8.0,0.0,0.0,0.0
CLI016958,0.0,0.0,8.5,8.5,0.0
CLI016959,9.0,0.0,7.5,0.0,7.5
CLI016960,0.0,9.0,0.0,9.0,0.0
CLI016961,8.0,0.0,0.0,8.0,0.0
CLI016962,0.0,0.0,8.0,0.0,0.0
CLI016963,7.0,9.0,9.0,8.0,7.75
CLI016964,7.0,8.0,0.0,9.0,9.0
CLI016965,7.5,0.0,0.0,9.0,9.0
CLI016966,10.0,0.0,0.0,0.0,8.5
CLI016967,8.0,8.666666666666666,8.0,0.0,0.0
CLI016968,8.0,7.0,0.0,0.0,0.0
CLI016969,0.0,0.0,8.0,9.0,0.0
CLI016970,9.0,9.0,0.0,7.0,0.0
CLI016971,8.666666666666666,7.0,8.0,8.5,0.0
CLI016972,8.0,8.0,0.0,8.5,0.0
CLI016973,7.5,0.0,0.0,0.0,0.0
CLI016974,0.0,0.0,6.0,0.0,7.0
CLI016975,0.0,7.0,0.0,0.0,0.0
CLI016976,9.0,8.0,8.0,8.0,7.0
CLI016977,0.0,0.0,0.0,8.5,0.0
CLI016979,9.0,7.0,0.0,0.0,8.0
CLI016980,6.0,9.0,0.0,0.0,0.0
CLI016981,0.0,0.0,7.0,7.0,0.0
CLI016982,0.0,7.0,0.0,0.0,7.0
CLI016984,7.0,8.0,0.0,9.0,7.0
CLI016985,0.0,0.0,0.0,7.0,0.0
CLI016986,0.0,0.0,0.0,0.0,8.0
CLI016987,8.0,8.0,8.0,8.0,9.0
CLI016988,0.0,0.0,9.0,0.0,0.0
CLI016989,0.0,0.0,7.0,0.0,0.0
CLI016990,0.0,8.0,9.0,0.0,0.0
CLI016991,0.0,0.0,0.0,8.0,8.0
CLI016992,8.0,8.0,9.0,0.0,0.0
CLI016993,0.0,8.0,0.0,0.0,0.0
CLI016994,0.0,0.0,7.0,9.0,0.0
CLI016995,0.0,9.0,0.0,0.0,9.0
CLI016996,10.0,0.0,7.75,0.0,10.0
CLI016997,0.0,0.0,0.0,0.0,8.0
CLI016998,7.0,0.0,6.0,0.0,0.0
CLI016999,7.0,0.0,0.0,0.0,8.0
CLI017000,0.0,0.0,9.0,0.0,0.0
CLI017001,0.0,0.0,0.0,8.0,0.0
CLI017002,8.0,0.0,9.0,0.0,9.0
CLI017004,8.0,0.0,0.0,7.0,0.0
CLI017005,0.0,0.0,0.0,0.0,7.5
CLI017006,0.0,0.0,0.0,7.0,0.0
CLI017007,7.5,0.0,0.0,6.0,0.0
CLI017008,9.0,9.0,0.0,8.0,8.0
CLI017009,0.0,0.0,8.0,0.0,0.0
CLI017010,0.0,0.0,0.0,0.0,7.0
CLI017011,6.0,7.0,0.0,9.0,0.0
CLI017012,8.0,8.0,0.0,0.0,8.0
CLI017013,0.0,0.0,7.5,0.0,0.0
CLI017014,8.0,7.0,0.0,0.0,0.0
CLI017015,9.0,0.0,8.0,0.0,0.0
CLI017016,0.0,0.0,0.0,6.0,0.0
CLI017017,0.0,0.0,0.0,9.0,0.0
CLI017019,8.0,0.0,8.0,9.0,7.0
CLI017020,0.0,0.0,7.0,0.0,8.0
CLI017021,6.0,9.0,0.0,0.0,9.0
CLI017022,9.0,0.0,7.0,0.0,0.0
CLI017023,0.0,0.0,0.0,0.0,8.0
CLI017024,9.0,0.0,0.0,0.0,9.0
CLI017025,0.0,9.0,7.0,0.0,8.0
CLI017026,0.0,0.0,0.0,7.0,9.0
CLI017027,0.0,7.0,7.0,0.0,0.0
CLI017029,8.0,7.0,7.0,7.0,0.0
CLI017030,0.0,7.0,0.0,0.0,0.0
CLI017031,0.0,7.0,0.0,0.0,9.0
CLI017032,8.0,0.0,0.0,7.0,0.0
CLI017033,0.0,0.0,8.0,0.0,0.0
CLI017034,0.0,8.0,9.0,0.0,0.0
CLI017035,0.0,9.0,0.0,0.0,0.0
CLI017037,9.0,8.0,7.0,0.0,8.0
CLI017038,8.0,0.0,0.0,0.0,8.0
CLI017039,0.0,0.0,9.0,0.0,8.0
CLI017040,7.25,10.0,0.0,8.0,8.0
CLI017041,7.5,0.0,8.0,9.0,0.0
CLI017042,0.0,8.0,0.0,9.0,7.0
CLI017043,0.0,9.0,0.0,0.0,0.0
CLI017044,9.0,0.0,9.0,0.0,8.5
CLI017045,0.0,6.0,0.0,0.0,0.0
CLI017046,7.0,7.0,0.0,8.0,8.0
CLI017047,8.5,0.0,0.0,9.0,0.0
CLI017048,0.0,0.0,7.0,8.0,0.0
CLI017049,0.0,0.0,0.0,0.0,8.0
CLI017050,0.0,0.0,8.0,0.0,0.0
CLI017051,0.0,0.0,9.0,0.0,0.0
CLI017052,8.0,8.0,0.0,0.0,8.5
CLI017053,0.0,0.0,8.0,0.0,8.0
CLI017054,0.0,9.0,0.0,0.0,7.0
CLI017055,7.0,0.0,7.0,6.0,0.0
CLI017056,0.0,0.0,0.0,8.0,9.0
CLI017057,9.0,0.0,0.0,0.0,9.0
CLI017058,0.0,0.0,0.0,9.0,0.0
CLI017059,0.0,0.0,0.0,8.0,8.0
CLI017060,0.0,0.0,0.0,0.0,8.0
CLI017061,0.0,8.0,9.0,8.0,0.0
CLI017062,0.0,0.0,8.0,0.0,6.5
CLI017063,0.0,0.0,0.0,8.0,9.0
CLI017064,0.0,9.0,0.0,9.0,0.0
CLI017065,8.0,0.0,7.666666666666667,0.0,8.0
CLI017066,7.0,0.0,0.0,0.0,0.0
CLI017067,0.0,0.0,7.0,8.0,0.0
CLI017069,8.0,0.0,9.0,8.0,7.0
CLI017070,8.0,7.0,8.0,0.0,0.0
CLI017071,0.0,0.0,9.0,0.0,0.0
CLI017072,0.0,7.0,0.0,0.0,0.0
CLI017074,0.0,8.0,0.0,0.0,0.0
CLI017075,0.0,9.0,6.0,0.0,0.0
CLI017076,0.0,0.0,0.0,9.0,0.0
CLI017077,0.0,0.0,0.0,0.0,8.5
CLI017078,0.0,0.0,0.0,7.5,0.0
CLI017079,8.0,8.0,7.0,0.0,9.0
CLI017080,0.0,10.0,0.0,0.0,0.0
CLI017081,7.0,7.5,8.0,8.5,0.0
CLI017082,0.0,0.0,0.0,0.0,8.0
CLI017083,0.0,0.0,0.0,9.0,0.0
CLI017084,8.5,0.0,10.0,7.5,0.0
CLI017085,0.0,0.0,9.0,0.0,8.0
CLI017086,8.0,0.0,0.0,0.0,10.0
CLI017087,8.0,0.0,0.0,0.0,0.0
CLI017088,0.0,0.0,10.0,0.0,8.333333333333334
CLI017089,0.0,0.0,0.0,0.0,8.0
CLI017090,0.0,0.0,0.0,7.0,0.0
CLI017091,8.0,0.0,0.0,0.0,0.0
CLI017092,0.0,0.0,0.0,8.0,0.0
CLI017093,0.0,7.0,9.0,0.0,0.0
CLI017095,0.0,0.0,7.0,0.0,8.0
CLI017096,9.0,7.0,0.0,8.0,0.0
CLI017097,8.0,0.0,0.0,8.0,8.0
CLI017098,0.0,0.0,0.0,8.0,0.0
CLI017099,0.0,9.0,10.0,7.0,7.0
CLI017100,7.0,0.0,8.5,9.0,9.0
CLI017101,0.0,0.0,8.0,0.0,8.0
CLI017102,7.5,0.0,0.0,8.5,8.0
CLI017103,9.5,0.0,8.0,9.0,0.0
CLI017104,0.0,8.0,0.0,0.0,8.5
CLI017105,7.0,8.0,6.0,7.0,0.0
CLI017106,7.0,0.0,0.0,0.0,0.0
CLI017107,0.0,7.0,0.0,0.0,8.0
CLI017108,8.0,0.0,8.0,0.0,9.0
CLI017109,8.0,0.0,8.0,9.0,7.0
CLI017110,0.0,0.0,0.0,0.0,8.0
CLI017111,8.0,0.0,0.0,0.0,7.0
CLI017112,0.0,0.0,8.0,0.0,0.0
CLI017113,0.0,0.0,8.0,0.0,7.0
CLI017114,0.0,9.0,0.0,0.0,8.0
CLI017115,0.0,7.0,0.0,0.0,10.0
CLI017116,7.0,0.0,9.0,0.0,8.0
CLI017118,0.0,8.0,0.0,0.0,0.0
CLI017119,8.0,8.5,9.0,0.0,0.0
CLI017120,0.0,0.0,8.0,0.0,0.0
CLI017121,0.0,0.0,10.0,8.333333333333334,0.0
CLI017122,8.5,0.0,7.0,7.0,0.0
CLI017123,8.0,0.0,0.0,9.0,7.0
CLI017124,9.0,0.0,0.0,0.0,0.0
CLI017125,0.0,0.0,0.0,9.0,6.5
CLI017126,0.0,0.0,9.0,8.0,0.0
CLI017127,0.0,0.0,0.0,6.0,9.0
CLI017128,0.0,0.0,0.0,0.0,8.0
CLI017129,0.0,0.0,8.5,9.0,0.0
CLI017130,0.0,0.0,0.0,9.0,7.5
CLI017131,0.0,9.0,7.0,8.0,0.0
CLI017132,0.0,8.0,9.0,9.0,0.0
CLI017133,10.0,0.0,0.0,9.0,0.0
CLI017134,0.0,0.0,8.0,0.0,0.0
CLI017135,8.0,0.0,8.0,0.0,0.0
CLI017136,0.0,0.0,8.0,0.0,6.0
CLI017137,0.0,0.0,7.0,8.0,0.0
CLI017138,7.5,0.0,8.0,0.0,0.0
CLI017139,0.0,8.0,0.0,8.0,0.0
CLI017140,0.0,9.0,6.0,0.0,8.0
CLI017141,0.0,0.0,8.0,7.5,8.5
CLI017142,9.0,0.0,0.0,0.0,8.0
CLI017143,0.0,0.0,0.0,8.0,7.0
CLI017144,0.0,0.0,9.0,0.0,0.0
CLI017145,8.0,0.0,0.0,8.0,10.0
CLI017146,7.0,9.0,0.0,8.0,9.0
CLI017147,10.0,0.0,10.0,7.0,0.0
CLI017148,0.0,8.0,0.0,8.0,0.0
CLI017149,7.0,0.0,0.0,0.0,0.0
CLI017150,9.0,0.0,7.0,8.0,9.0
CLI017151,9.0,8.0,0.0,0.0,7.0
CLI017152,9.0,9.0,0.0,7.0,0.0
CLI017154,0.0,0.0,0.0,7.5,9.0
CLI017155,0.0,0.0,8.0,0.0,0.0
CLI017156,0.0,0.0,9.0,0.0,0.0
CLI017158,0.0,0.0,7.0,0.0,9.0
CLI017159,9.0,0.0,8.0,0.0,0.0
CLI017160,8.0,0.0,0.0,7.0,0.0
CLI017161,9.0,0.0,0.0,0.0,0.0
CLI017162,0.0,0.0,8.0,0.0,9.0
CLI017163,0.0,8.0,0.0,7.0,0.0
CLI017164,8.0,0.0,0.0,7.0,0.0
CLI017165,7.0,0.0,0.0,0.0,9.0
CLI017167,9.0,8.0,8.0,7.0,10.0
CLI017168,6.0,0.0,0.0,9.0,7.666666666666667
CLI017169,0.0,9.0,8.0,0.0,0.0
CLI017170,7.0,0.0,0.0,8.0,0.0
CLI017171,0.0,9.0,10.0,0.0,9.0
CLI017172,0.0,0.0,0.0,0.0,9.0
CLI017173,0.0,8.0,9.0,0.0,8.0
CLI017174,0.0,0.0,9.0,0.0,0.0
CLI017175,7.0,0.0,0.0,9.0,0.0
CLI017176,0.0,7.0,0.0,9.0,0.0
CLI017177,9.0,0.0,0.0,0.0,0.0
CLI017178,9.0,0.0,0.0,8.0,7.0
CLI017179,0.0,7.0,0.0,9.0,0.0
CLI017180,0.0,0.0,8.0,8.0,0.0
CLI017182,10.0,10.0,0.0,0.0,0.0
CLI017183,8.0,0.0,7.0,0.0,8.0
CLI017184,7.0,9.0,8.0,0.0,0.0
CLI017185,9.0,0.0,0.0,0.0,0.0
CLI017186,0.0,9.0,8.0,0.0,8.0
CLI017187,7.0,0.0,7.0,0.0,0.0
CLI017188,0.0,0.0,0.0,9.0,0.0
CLI017189,8.0,8.0,0.0,0.0,0.0
CLI017190,0.0,8.0,8.333333333333334,0.0,8.0
CLI017192,7.0,8.0,8.0,8.0,0.0
CLI017194,8.0,7.0,0.0,9.0,0.0
CLI017195,0.0,7.0,8.0,0.0,9.0
CLI017196,7.0,0.0,7.0,9.0,0.0
CLI017197,8.0,0.0,8.0,0.0,0.0
CLI017198,0.0,0.0,0.0,0.0,9.0
CLI017199,0.0,0.0,0.0,8.0,0.0
CLI017200,8.0,0.0,0.0,0.0,0.0
CLI017201,0.0,0.0,0.0,9.5,10.0
CLI017202,9.0,8.0,9.0,0.0,8.0
CLI017203,8.0,0.0,9.0,0.0,7.0
CLI017204,0.0,8.5,9.0,0.0,0.0
CLI017205,8.5,0.0,0.0,0.0,9.0
CLI017206,0.0,8.0,0.0,0.0,0.0
CLI017207,7.0,6.0,8.0,0.0,7.0
CLI017208,8.0,0.0,0.0,0.0,8.0
CLI017209,8.0,0.0,0.0,0.0,0.0
CLI017210,0.0,0.0,7.0,0.0,0.0
CLI017211,0.0,9.0,6.0,0.0,0.0
CLI017212,8.0,9.0,0.0,0.0,8.0
CLI017213,0.0,0.0,0.0,0.0,8.0
CLI017214,8.0,0.0,0.0,8.5,0.0
CLI017215,8.0,10.0,8.0,0.0,0.0
CLI017216,0.0,0.0,8.0,0.0,8.0
CLI017217,9.0,0.0,0.0,0.0,0.0
CLI017218,9.0,0.0,0.0,7.0,0.0
CLI017219,0.0,9.0,6.5,0.0,8.0
CLI017220,0.0,0.0,9.0,0.0,0.0
CLI017221,0.0,8.0,0.0,0.0,0.0
CLI017222,0.0,6.0,0.0,0.0,0.0
CLI017223,0.0,7.0,7.0,8.0,0.0
CLI017224,0.0,10.0,0.0,0.0,9.0
CLI017225,0.0,0.0,0.0,0.0,8.0
CLI017226,0.0,9.0,6.0,0.0,0.0
CLI017227,8.0,0.0,7.0,0.0,0.0
CLI017228,9.0,0.0,9.0,0.0,0.0
CLI017229,0.0,8.0,0.0,9.0,0.0
CLI017230,8.5,0.0,9.0,0.0,0.0
CLI017231,8.0,8.0,0.0,8.5,9.0
CLI017232,0.0,7.0,7.0,9.0,8.0
CLI017233,7.0,0.0,0.0,0.0,9.0
CLI017235,9.0,8.0,6.0,8.0,0.0
CLI017236,8.0,0.0,0.0,0.0,0.0
CLI017237,9.0,9.5,7.0,7.0,8.0
CLI017238,8.0,0.0,9.0,0.0,7.0
CLI017239,7.0,0.0,0.0,0.0,8.0
CLI017240,0.0,0.0,7.0,0.0,0.0
CLI017241,9.0,0.0,0.0,8.0,0.0
CLI017242,9.0,0.0,0.0,0.0,0.0
CLI017243,0.0,9.333333333333334,7.0,0.0,0.0
CLI017244,7.0,0.0,0.0,0.0,8.0
CLI017245,8.0,0.0,0.0,8.0,0.0
CLI017246,0.0,8.5,0.0,0.0,0.0
CLI017247,7.0,0.0,8.5,0.0,0.0
CLI017248,0.0,0.0,0.0,0.0,8.0
CLI017249,0.0,0.0,0.0,7.0,0.0
CLI017250,9.0,0.0,8.0,0.0,7.0
CLI017251,8.0,8.0,8.0,8.0,7.0
CLI017252,0.0,7.5,0.0,7.0,0.0
CLI017253,0.0,0.0,8.0,0.0,8.0
CLI017254,7.0,0.0,7.333333333333333,0.0,0.0
CLI017255,0.0,7.0,0.0,0.0,9.0
CLI017256,0.0,8.0,0.0,8.0,0.0
CLI017257,9.0,8.0,7.0,9.0,0.0
CLI017258,0.0,0.0,9.0,7.5,9.0
CLI017259,0.0,0.0,8.0,0.0,0.0
CLI017261,0.0,0.0,9.0,0.0,9.0
CLI017262,8.0,0.0,9.0,0.0,8.0
CLI017263,8.0,6.0,0.0,0.0,9.0
CLI017264,0.0,0.0,0.0,0.0,7.0
CLI017265,0.0,8.0,0.0,7.5,7.0
CLI017266,9.0,7.0,0.0,0.0,0.0
CLI017267,0.0,0.0,9.0,0.0,8.0
CLI017268,0.0,7.0,0.0,7.0,0.0
CLI017269,0.0,7.0,0.0,0.0,0.0
CLI017271,0.0,0.0,7.0,0.0,0.0
CLI017272,0.0,0.0,0.0,8.5,7.0
CLI017273,0.0,0.0,7.0,0.0,0.0
CLI017274,8.0,0.0,9.0,0.0,0.0
CLI017275,0.0,0.0,6.0,0.0,7.0
CLI017276,8.0,0.0,7.666666666666667,0.0,0.0
CLI017277,7.0,0.0,0.0,0.0,0.0
CLI017278,7.0,7.5,0.0,8.0,0.0
CLI017279,0.0,9.0,7.0,9.0,9.0
CLI017280,8.0,8.0,0.0,0.0,8.0
CLI017282,8.0,0.0,0.0,0.0,0.0
CLI017283,0.0,8.5,0.0,7.0,0.0
CLI017284,8.0,8.0,0.0,0.0,0.0
CLI017285,8.0,8.0,9.0,0.0,8.0
CLI017286,8.0,0.0,0.0,0.0,9.0
CLI017287,0.0,0.0,0.0,10.0,7.0
CLI017288,0.0,0.0,0.0,0.0,10.0
CLI017289,7.0,8.0,6.5,0.0,8.0
CLI017290,0.0,0.0,0.0,8.0,8.0
CLI017291,0.0,7.0,8.0,0.0,9.0
CLI017292,0.0,0.0,9.0,8.0,0.0
CLI017293,7.0,0.0,0.0,8.0,0.0
CLI017294,7.0,0.0,8.5,7.0,8.0
CLI017295,8.5,0.0,0.0,8.0,0.0
CLI017296,8.0,0.0,7.5,0.0,7.0
CLI017298,0.0,7.0,0.0,7.0,0.0
CLI017299,8.0,9.0,0.0,0.0,9.0
CLI017301,0.0,0.0,0.0,8.5,0.0
CLI017303,0.0,8.5,0.0,8.0,0.0
CLI017304,9.0,0.0,6.5,9.0,0.0
CLI017305,9.0,0.0,0.0,0.0,0.0
CLI017306,0.0,0.0,10.0,9.0,0.0
CLI017307,0.0,7.0,0.0,7.0,7.0
CLI017308,9.0,0.0,0.0,8.0,7.0
CLI017309,7.0,0.0,0.0,0.0,8.0
CLI017310,0.0,0.0,0.0,0.0,7.0
CLI017311,0.0,9.0,9.0,0.0,0.0
CLI017312,0.0,8.0,10.0,0.0,0.0
CLI017313,0.0,0.0,0.0,10.0,0.0
CLI017314,7.0,8.0,0.0,0.0,10.0
CLI017315,0.0,0.0,0.0,8.0,0.0
CLI017316,9.0,0.0,7.5,0.0,0.0
CLI017317,0.0,0.0,0.0,7.0,0.0
CLI017318,7.0,0.0,0.0,8.0,0.0
CLI017319,8.0,0.0,0.0,8.0,0.0
CLI017320,7.0,7.0,0.0,0.0,8.0
CLI017321,0.0,0.0,9.0,0.0,8.0
CLI017322,0.0,8.0,0.0,0.0,8.0
CLI017323,0.0,8.0,0.0,9.0,0.0
CLI017324,9.5,8.0,0.0,0.0,0.0
CLI017325,0.0,0.0,8.0,0.0,0.0
CLI017328,0.0,0.0,6.0,0.0,0.0
CLI017329,0.0,9.0,0.0,0.0,8.5
CLI017330,0.0,0.0,0.0,8.0,0.0
CLI017331,0.0,0.0,7.5,0.0,0.0
CLI017332,8.0,0.0,0.0,6.0,0.0
CLI017333,7.0,8.5,7.5,0.0,7.0
CLI017334,7.5,0.0,8.0,0.0,0.0
CLI017335,8.0,8.333333333333334,0.0,7.0,0.0
CLI017337,0.0,0.0,9.0,0.0,0.0
CLI017338,8.0,0.0,8.0,0.0,7.0
CLI017339,0.0,0.0,8.0,8.0,10.0
CLI017340,0.0,0.0,0.0,0.0,10.0
CLI017342,0.0,8.0,0.0,0.0,0.0
CLI017343,0.0,8.0,0.0,0.0,9.0
CLI017344,9.0,0.0,7.0,0.0,0.0
CLI017345,0.0,8.0,7.5,0.0,7.5
CLI017346,9.0,7.0,8.0,7.0,0.0
CLI017347,0.0,0.0,0.0,9.0,8.5
CLI017348,10.0,8.0,7.0,0.0,9.0
CLI017349,0.0,8.5,0.0,7.0,0.0
CLI017350,8.0,0.0,0.0,0.0,0.0
CLI017351,7.0,8.0,8.0,0.0,0.0
CLI017352,0.0,0.0,8.0,8.0,7.0
CLI017354,8.0,0.0,9.0,0.0,0.0
CLI017355,0.0,8.0,8.5,0.0,0.0
CLI017356,9.0,0.0,0.0,10.0,0.0
CLI017357,0.0,0.0,8.0,0.0,0.0
CLI017358,0.0,8.0,0.0,0.0,0.0
CLI017359,9.0,10.0,0.0,0.0,0.0
CLI017360,8.0,0.0,9.0,0.0,0.0
CLI017361,0.0,0.0,0.0,8.0,0.0
CLI017362,0.0,0.0,9.0,0.0,7.0
CLI017363,0.0,7.0,0.0,0.0,9.0
CLI017364,8.0,0.0,0.0,0.0,0.0
CLI017365,0.0,0.0,0.0,8.5,0.0
CLI017366,8.0,7.0,9.0,0.0,8.0
CLI017367,0.0,0.0,7.0,8.0,7.0
CLI017368,0.0,0.0,0.0,9.0,0.0
CLI017370,8.0,0.0,0.0,0.0,0.0
CLI017371,0.0,0.0,6.0,8.0,7.0
CLI017372,0.0,0.0,7.0,9.0,7.0
CLI017373,8.0,10.0,0.0,8.0,0.0
CLI017374,6.0,0.0,0.0,0.0,9.0
CLI017375,0.0,9.0,0.0,8.0,0.0
CLI017376,0.0,9.0,9.0,9.0,8.0
CLI017377,9.5,8.0,7.0,0.0,0.0
CLI017378,0.0,8.5,0.0,0.0,0.0
CLI017379,7.0,0.0,9.0,0.0,0.0
CLI017380,0.0,0.0,8.0,0.0,0.0
CLI017381,0.0,8.0,0.0,10.0,0.0
CLI017382,0.0,0.0,0.0,0.0,8.0
CLI017383,8.333333333333334,0.0,0.0,9.0,0.0
CLI017385,8.0,0.0,7.0,0.0,0.0
CLI017386,0.0,10.0,0.0,8.0,7.0
CLI017387,7.5,0.0,8.0,0.0,7.0
CLI017388,7.0,0.0,0.0,0.0,0.0
CLI017389,0.0,8.0,0.0,0.0,8.5
CLI017390,6.0,0.0,8.0,0.0,0.0
CLI017391,0.0,0.0,0.0,0.0,7.0
CLI017392,9.0,0.0,0.0,0.0,8.0
CLI017393,9.0,7.0,0.0,0.0,6.0
CLI017394,0.0,8.0,0.0,0.0,0.0
CLI017395,0.0,8.0,0.0,8.0,0.0
CLI017396,0.0,0.0,0.0,0.0,7.0
CLI017397,0.0,8.0,0.0,0.0,0.0
CLI017398,8.0,9.0,0.0,0.0,0.0
CLI017399,9.0,0.0,0.0,9.0,0.0
CLI017400,0.0,0.0,0.0,8.0,0.0
CLI017401,0.0,0.0,0.0,0.0,10.0
CLI017402,0.0,9.0,0.0,6.0,0.0
CLI017403,0.0,0.0,0.0,8.333333333333334,7.0
CLI017405,7.0,8.0,0.0,0.0,0.0
CLI017406,0.0,8.0,7.0,0.0,0.0
CLI017407,7.0,0.0,0.0,8.0,0.0
CLI017409,0.0,0.0,0.0,9.0,0.0
CLI017410,7.0,7.0,7.0,9.0,9.0
CLI017411,9.0,0.0,0.0,9.0,0.0
CLI017412,0.0,7.5,9.0,0.0,8.0
CLI017413,0.0,8.0,0.0,0.0,0.0
CLI017414,0.0,8.0,0.0,0.0,9.0
CLI017415,8.0,9.0,8.0,0.0,8.0
CLI017416,7.0,0.0,8.0,0.0,0.0
CLI017418,8.0,0.0,0.0,8.0,0.0
CLI017419,0.0,8.0,8.5,0.0,8.0
CLI017420,6.0,0.0,8.5,8.0,9.0
CLI017421,0.0,0.0,0.0,8.0,7.0
CLI017422,0.0,0.0,9.0,0.0,0.0
CLI017423,0.0,8.0,0.0,8.0,0.0
CLI017424,9.0,0.0,0.0,9.0,8.0
CLI017425,8.0,0.0,8.0,7.0,0.0
CLI017426,7.0,9.0,8.0,0.0,0.0
CLI017427,0.0,7.0,7.0,9.0,9.0
CLI017428,0.0,8.0,0.0,7.0,0.0
CLI017429,0.0,6.0,0.0,0.0,0.0
CLI017430,0.0,9.0,0.0,0.0,0.0
CLI017432,0.0,0.0,10.0,9.0,0.0
CLI017433,9.0,0.0,0.0,9.5,0.0
CLI017434,9.0,0.0,0.0,0.0,0.0
CLI017435,8.0,0.0,8.0,7.5,0.0
CLI017436,0.0,0.0,8.5,8.0,8.0
CLI017437,0.0,0.0,7.0,8.5,8.0
CLI017438,0.0,0.0,0.0,8.0,0.0
CLI017439,0.0,7.0,8.333333333333334,8.0,0.0
CLI017440,0.0,9.0,8.0,0.0,0.0
CLI017441,0.0,8.0,8.0,0.0,0.0
CLI017443,0.0,0.0,8.0,8.0,8.666666666666666
CLI017444,9.0,0.0,0.0,9.0,0.0
CLI017445,9.0,0.0,0.0,9.0,0.0
CLI017446,8.0,8.333333333333334,0.0,0.0,9.0
CLI017447,0.0,7.0,0.0,0.0,0.0
CLI017448,0.0,7.5,0.0,6.5,0.0
CLI017449,7.0,6.0,6.0,8.666666666666666,0.0
CLI017450,7.0,8.0,0.0,0.0,0.0
CLI017451,0.0,9.0,0.0,7.0,0.0
CLI017453,6.0,7.0,0.0,0.0,0.0
CLI017454,0.0,0.0,0.0,7.0,7.0
CLI017455,7.0,8.0,0.0,8.0,0.0
CLI017456,0.0,0.0,9.0,0.0,0.0
CLI017457,9.0,0.0,7.5,9.0,0.0
CLI017458,9.0,0.0,0.0,9.0,0.0
CLI017459,0.0,0.0,0.0,0.0,8.0
CLI017460,0.0,10.0,9.0,10.0,0.0
CLI017461,0.0,0.0,0.0,9.0,0.0
CLI017462,0.0,0.0,0.0,0.0,9.0
CLI017463,0.0,0.0,0.0,0.0,8.5
CLI017464,8.0,0.0,0.0,0.0,9.0
CLI017466,0.0,0.0,8.0,0.0,8.0
CLI017467,7.0,0.0,0.0,0.0,0.0
CLI017468,9.0,8.0,8.0,0.0,0.0
CLI017469,0.0,0.0,0.0,9.0,0.0
CLI017470,0.0,8.0,0.0,0.0,0.0
CLI017471,8.0,0.0,6.0,8.0,0.0
CLI017472,9.0,6.0,0.0,8.0,0.0
CLI017473,8.5,9.0,0.0,0.0,0.0
CLI017474,0.0,9.0,0.0,0.0,0.0
CLI017475,8.0,0.0,0.0,0.0,0.0
CLI017476,0.0,0.0,8.0,7.0,0.0
CLI017477,8.0,0.0,0.0,7.0,0.0
CLI017478,0.0,0.0,8.0,9.0,8.0
CLI017479,0.0,8.0,0.0,8.0,0.0
CLI017480,6.0,0.0,9.0,0.0,7.0
CLI017481,0.0,0.0,0.0,9.0,0.0
CLI017482,0.0,0.0,8.0,0.0,0.0
CLI017483,0.0,0.0,9.0,0.0,0.0
CLI017484,7.666666666666667,0.0,9.0,0.0,0.0
CLI017485,8.0,0.0,7.0,8.0,7.0
CLI017486,0.0,0.0,0.0,0.0,6.0
CLI017488,0.0,9.0,0.0,9.0,0.0
CLI017489,0.0,9.0,9.0,0.0,8.0
CLI017490,0.0,8.5,8.0,8.0,0.0
CLI017491,0.0,8.0,8.0,0.0,0.0
CLI017492,0.0,0.0,9.0,8.0,0.0
CLI017493,0.0,0.0,7.0,8.0,0.0
CLI017494,0.0,0.0,0.0,0.0,8.0
CLI017495,8.0,0.0,0.0,6.0,0.0
CLI017497,9.0,10.0,0.0,7.0,0.0
CLI017498,0.0,0.0,0.0,7.0,6.0
CLI017499,0.0,0.0,8.0,0.0,9.0
CLI017500,0.0,9.0,0.0,0.0,0.0
CLI017501,0.0,0.0,9.0,0.0,0.0
CLI017502,0.0,7.0,0.0,0.0,8.0
CLI017503,8.0,9.0,0.0,7.0,0.0
CLI017505,0.0,0.0,0.0,7.0,0.0
CLI017506,0.0,0.0,8.0,0.0,0.0
CLI017507,0.0,7.0,8.0,0.0,8.0
CLI017508,0.0,0.0,8.0,0.0,0.0
CLI017509,7.0,8.0,7.0,0.0,0.0
CLI017510,8.0,10.0,7.0,0.0,0.0
CLI017511,0.0,0.0,0.0,0.0,7.0
CLI017512,0.0,0.0,7.0,0.0,0.0
CLI017514,8.0,0.0,0.0,8.0,0.0
CLI017515,0.0,0.0,9.0,0.0,0.0
CLI017516,6.0,0.0,0.0,0.0,0.0
CLI017517,0.0,9.0,8.5,0.0,7.0
CLI017518,0.0,0.0,0.0,9.0,6.0
CLI017519,7.0,0.0,0.0,8.0,0.0
CLI017521,0.0,0.0,0.0,7.5,8.0
CLI017522,9.0,0.0,0.0,0.0,0.0
CLI017523,8.0,0.0,0.0,8.0,7.0
CLI017524,0.0,9.0,0.0,9.0,0.0
CLI017525,7.0,8.0,7.5,0.0,8.0
CLI017526,0.0,7.5,0.0,7.0,0.0
CLI017527,0.0,0.0,0.0,0.0,9.0
CLI017528,0.0,0.0,0.0,8.0,0.0
CLI017529,8.5,0.0,0.0,0.0,0.0
CLI017530,8.666666666666666,9.0,0.0,0.0,0.0
CLI017531,0.0,10.0,0.0,0.0,0.0
CLI017532,0.0,0.0,9.5,10.0,0.0
CLI017533,0.0,9.0,0.0,0.0,0.0
CLI017534,9.0,0.0,0.0,8.0,7.0
CLI017535,0.0,0.0,10.0,0.0,9.0
CLI017536,0.0,0.0,0.0,7.0,0.0
CLI017537,0.0,6.0,0.0,0.0,0.0
CLI017538,0.0,0.0,8.4,0.0,0.0
CLI017539,0.0,0.0,0.0,9.0,8.0
CLI017540,10.0,0.0,8.0,0.0,0.0
CLI017541,6.0,0.0,8.5,9.0,0.0
CLI017543,0.0,0.0,8.0,8.0,0.0
CLI017544,0.0,0.0,0.0,0.0,8.0
CLI017545,0.0,9.0,9.0,8.0,0.0
CLI017546,0.0,0.0,8.0,9.0,0.0
CLI017547,0.0,7.0,0.0,0.0,0.0
CLI017548,8.0,0.0,0.0,0.0,0.0
CLI017549,0.0,7.0,8.0,0.0,0.0
CLI017550,0.0,0.0,9.0,0.0,0.0
CLI017551,0.0,7.0,0.0,8.0,8.0
CLI017552,0.0,0.0,7.0,0.0,0.0
CLI017553,0.0,8.0,9.0,0.0,0.0
CLI017554,0.0,0.0,0.0,9.0,8.0
CLI017555,0.0,7.0,0.0,8.0,0.0
CLI017556,8.0,7.0,0.0,0.0,9.0
CLI017557,10.0,8.5,8.0,0.0,0.0
CLI017558,7.5,0.0,0.0,0.0,7.0
CLI017559,9.0,9.0,0.0,8.0,7.5
CLI017560,8.0,7.0,7.5,0.0,9.0
CLI017561,8.0,9.0,7.0,0.0,7.0
CLI017562,8.0,0.0,9.0,0.0,0.0
CLI017564,7.0,0.0,7.0,0.0,8.0
CLI017565,0.0,10.0,0.0,0.0,0.0
CLI017566,9.0,0.0,0.0,0.0,0.0
CLI017567,0.0,0.0,0.0,0.0,8.0
CLI017568,0.0,9.0,9.0,0.0,0.0
CLI017571,0.0,9.0,0.0,0.0,0.0
CLI017572,9.0,9.0,0.0,0.0,0.0
CLI017573,0.0,0.0,8.0,0.0,9.0
CLI017575,9.0,0.0,7.333333333333333,0.0,0.0
CLI017576,0.0,8.0,0.0,8.0,0.0
CLI017577,8.0,0.0,9.0,8.0,0.0
CLI017578,0.0,8.0,0.0,0.0,0.0
CLI017579,7.5,0.0,7.5,0.0,9.0
CLI017581,0.0,0.0,0.0,0.0,9.0
CLI017582,0.0,0.0,6.0,0.0,8.0
CLI017583,0.0,8.0,0.0,8.0,9.0
CLI017584,7.5,0.0,0.0,0.0,0.0
CLI017586,8.0,6.0,0.0,10.0,7.0
CLI017587,0.0,0.0,0.0,8.5,0.0
CLI017588,0.0,0.0,9.0,0.0,0.0
CLI017589,8.0,0.0,0.0,0.0,0.0
CLI017591,8.5,9.0,8.0,0.0,0.0
CLI017592,0.0,0.0,0.0,0.0,8.0
CLI017593,8.0,0.0,0.0,8.0,0.0
CLI017594,7.0,0.0,0.0,0.0,0.0
CLI017595,9.0,0.0,0.0,9.0,8.0
CLI017596,9.0,0.0,9.0,0.0,7.0
CLI017597,0.0,0.0,7.0,8.0,9.0
CLI017598,9.0,0.0,0.0,0.0,9.0
CLI017599,0.0,9.0,9.5,0.0,0.0
CLI017600,0.0,8.0,7.0,0.0,9.0
CLI017601,0.0,8.0,9.0,0.0,8.0
CLI017602,8.0,0.0,9.0,0.0,0.0
CLI017603,8.0,8.0,0.0,0.0,0.0
CLI017604,7.0,0.0,9.0,0.0,0.0
CLI017605,0.0,0.0,0.0,0.0,8.0
CLI017606,9.0,8.0,9.0,0.0,0.0
CLI017607,8.5,9.0,0.0,0.0,7.333333333333333
CLI017608,10.0,0.0,7.0,8.0,0.0
CLI017609,0.0,6.0,0.0,8.0,0.0
CLI017610,0.0,0.0,0.0,10.0,0.0
CLI017611,0.0,7.0,0.0,0.0,0.0
CLI017613,0.0,0.0,9.0,0.0,0.0
CLI017614,9.0,6.0,0.0,0.0,0.0
CLI017615,7.0,0.0,8.0,0.0,9.0
CLI017616,8.5,0.0,8.0,0.0,0.0
CLI017617,7.5,7.0,7.0,0.0,9.0
CLI017618,8.0,0.0,0.0,0.0,8.0
CLI017619,0.0,0.0,8.5,7.0,9.0
CLI017620,0.0,9.0,0.0,7.0,0.0
CLI017621,0.0,0.0,8.0,7.0,0.0
CLI017622,8.0,9.0,0.0,9.0,0.0
CLI017623,0.0,7.0,9.0,0.0,9.0
CLI017624,9.0,8.0,0.0,9.0,0.0
CLI017625,0.0,8.0,9.0,8.0,9.0
CLI017626,0.0,9.0,0.0,0.0,0.0
CLI017627,7.333333333333333,0.0,0.0,0.0,0.0
CLI017628,8.0,10.0,9.5,9.0,0.0
CLI017629,0.0,9.0,0.0,0.0,0.0
CLI017630,0.0,8.0,8.0,0.0,0.0
CLI017631,0.0,0.0,8.0,0.0,0.0
CLI017632,0.0,9.0,7.0,0.0,8.0
CLI017633,0.0,0.0,0.0,8.0,0.0
CLI017635,9.5,0.0,0.0,0.0,0.0
CLI017636,0.0,9.0,0.0,0.0,9.0
CLI017637,0.0,8.5,0.0,7.0,0.0
CLI017638,8.0,0.0,7.0,0.0,0.0
CLI017639,0.0,7.0,0.0,0.0,0.0
CLI017640,0.0,0.0,9.0,0.0,0.0
CLI017641,0.0,0.0,9.0,7.0,0.0
CLI017642,7.5,0.0,7.0,0.0,0.0
CLI017643,0.0,0.0,7.0,0.0,0.0
CLI017644,0.0,7.0,0.0,0.0,8.0
CLI017645,9.0,9.0,7.0,9.0,0.0
CLI017646,0.0,0.0,0.0,7.0,0.0
CLI017647,7.0,9.0,7.0,0.0,0.0
CLI017648,0.0,0.0,8.5,0.0,7.0
CLI017650,9.0,8.5,0.0,8.0,0.0
CLI017651,8.0,0.0,8.5,7.5,0.0
CLI017652,0.0,0.0,0.0,0.0,8.0
CLI017653,0.0,0.0,0.0,7.0,7.0
CLI017654,0.0,0.0,9.0,6.0,0.0
CLI017655,9.0,0.0,0.0,0.0,0.0
CLI017656,0.0,8.0,0.0,0.0,0.0
CLI017657,7.5,8.0,0.0,7.0,7.0
CLI017658,7.0,0.0,0.0,0.0,0.0
CLI017659,0.0,0.0,8.0,0.0,0.0
CLI017660,8.0,0.0,6.0,9.0,8.0
CLI017662,0.0,0.0,10.0,9.0,0.0
CLI017663,0.0,0.0,0.0,9.0,8.0
CLI017664,0.0,0.0,8.0,8.0,0.0
CLI017665,0.0,0.0,0.0,8.0,9.0
CLI017666,0.0,8.0,7.0,7.0,0.0
CLI017667,7.0,0.0,0.0,0.0,0.0
CLI017669,0.0,9.0,7.0,9.0,7.0
CLI017670,7.0,8.0,0.0,0.0,0.0
CLI017671,0.0,9.0,0.0,8.0,0.0
CLI017672,6.0,8.0,0.0,0.0,0.0
CLI017674,7.0,0.0,8.0,0.0,0.0
CLI017675,9.0,8.0,9.0,0.0,0.0
CLI017676,8.0,0.0,0.0,8.0,9.0
CLI017677,0.0,0.0,0.0,6.0,8.0
CLI017678,0.0,8.0,10.0,0.0,9.0
CLI017679,0.0,0.0,0.0,8.0,8.0
CLI017680,10.0,7.0,7.0,0.0,0.0
CLI017681,7.0,9.0,9.0,0.0,0.0
CLI017682,8.0,8.0,0.0,0.0,0.0
CLI017683,6.0,0.0,0.0,0.0,0.0
CLI017684,0.0,8.0,0.0,9.0,9.0
CLI017685,8.0,8.0,0.0,0.0,8.0
CLI017686,0.0,0.0,0.0,8.0,0.0
CLI017687,0.0,0.0,9.0,0.0,8.0
CLI017688,0.0,0.0,8.0,8.0,0.0
CLI017689,0.0,0.0,0.0,10.0,0.0
CLI017690,9.0,0.0,0.0,8.0,8.0
CLI017691,0.0,0.0,0.0,0.0,6.0
CLI017693,9.0,0.0,0.0,9.0,0.0
CLI017694,8.0,0.0,0.0,0.0,0.0
CLI017695,0.0,0.0,8.5,8.0,0.0
CLI017696,8.0,7.0,8.666666666666666,0.0,0.0
CLI017699,0.0,0.0,0.0,7.0,8.0
CLI017700,0.0,8.0,0.0,0.0,0.0
CLI017701,0.0,8.0,8.0,0.0,7.0
CLI017702,0.0,8.0,0.0,0.0,8.0
CLI017703,0.0,0.0,0.0,7.5,0.0
CLI017704,9.0,8.0,0.0,9.0,9.0
CLI017705,9.0,0.0,8.0,0.0,0.0
CLI017706,0.0,0.0,0.0,9.5,0.0
CLI017707,8.0,0.0,0.0,0.0,0.0
CLI017709,8.0,0.0,6.0,8.666666666666666,8.0
CLI017712,0.0,8.0,0.0,9.0,0.0
CLI017713,0.0,0.0,0.0,7.0,0.0
CLI017715,9.0,0.0,0.0,0.0,0.0
CLI017716,8.0,0.0,9.0,8.666666666666666,0.0
CLI017718,9.5,0.0,0.0,7.0,0.0
CLI017719,8.0,0.0,0.0,7.0,0.0
CLI017720,0.0,0.0,9.0,0.0,7.0
CLI017721,9.0,0.0,0.0,0.0,0.0
CLI017722,0.0,7.666666666666667,0.0,0.0,0.0
CLI017723,0.0,7.0,9.0,0.0,0.0
CLI017724,0.0,0.0,8.0,0.0,0.0
CLI017725,0.0,8.5,0.0,0.0,0.0
CLI017726,8.0,7.0,7.0,9.0,0.0
CLI017727,0.0,0.0,9.0,0.0,0.0
CLI017728,0.0,8.0,0.0,8.0,0.0
CLI017729,0.0,0.0,0.0,7.0,0.0
CLI017731,0.0,7.0,8.0,9.0,0.0
CLI017732,9.5,0.0,0.0,0.0,0.0
CLI017733,0.0,6.0,0.0,0.0,0.0
CLI017737,8.0,9.0,7.0,0.0,7.0
CLI017739,0.0,7.0,0.0,0.0,0.0
CLI017740,0.0,10.0,0.0,8.0,0.0
CLI017741,8.0,0.0,6.0,9.0,7.0
CLI017742,0.0,8.0,0.0,0.0,0.0
CLI017744,7.0,0.0,0.0,7.5,0.0
CLI017745,7.0,0.0,0.0,0.0,0.0
CLI017746,0.0,0.0,10.0,0.0,0.0
CLI017747,6.0,0.0,0.0,9.0,0.0
CLI017748,8.5,8.0,0.0,0.0,0.0
CLI017749,8.0,7.0,0.0,0.0,8.5
CLI017750,8.0,0.0,9.0,0.0,8.0
CLI017752,0.0,0.0,0.0,8.0,0.0
CLI017753,8.0,0.0,9.0,0.0,0.0
CLI017755,0.0,0.0,0.0,9.0,0.0
CLI017756,0.0,9.0,0.0,0.0,8.5
CLI017757,8.0,0.0,6.0,0.0,0.0
CLI017758,0.0,0.0,0.0,8.0,6.0
CLI017760,0.0,8.0,9.5,9.0,0.0
CLI017762,0.0,0.0,8.0,0.0,10.0
CLI017764,0.0,7.0,0.0,8.0,9.0
CLI017765,8.666666666666666,9.0,7.0,0.0,0.0
CLI017766,8.0,7.0,0.0,0.0,0.0
CLI017767,0.0,0.0,0.0,7.0,0.0
CLI017768,0.0,0.0,0.0,0.0,7.5
CLI017769,0.0,0.0,0.0,0.0,8.0
CLI017770,0.0,7.0,0.0,8.0,0.0
CLI017771,0.0,0.0,0.0,9.0,9.0
CLI017772,0.0,0.0,0.0,9.0,8.0
CLI017773,0.0,10.0,0.0,7.0,9.0
CLI017774,0.0,7.666666666666667,0.0,0.0,0.0
CLI017775,8.5,0.0,8.0,0.0,0.0
CLI017776,0.0,8.0,0.0,8.0,0.0
CLI017777,0.0,8.0,0.0,9.5,0.0
CLI017778,8.0,0.0,0.0,0.0,0.0
CLI017779,0.0,8.0,0.0,0.0,8.0
CLI017780,7.0,0.0,8.0,8.0,9.0
CLI017781,0.0,8.0,0.0,8.333333333333334,8.0
CLI017782,0.0,0.0,9.0,0.0,7.0
CLI017784,0.0,0.0,0.0,8.0,9.0
CLI017785,0.0,9.0,0.0,0.0,8.0
CLI017786,7.0,0.0,0.0,7.0,8.0
CLI017787,7.0,0.0,0.0,7.0,0.0
CLI017788,8.0,0.0,0.0,8.0,0.0
CLI017789,0.0,0.0,0.0,8.0,0.0
CLI017790,0.0,8.0,0.0,8.0,7.0
CLI017791,9.0,8.5,8.0,0.0,0.0
CLI017792,0.0,0.0,7.0,8.5,0.0
CLI017793,9.0,0.0,0.0,0.0,0.0
CLI017794,0.0,0.0,0.0,9.0,8.0
CLI017795,0.0,9.0,0.0,10.0,0.0
CLI017796,7.0,0.0,0.0,0.0,0.0
CLI017797,8.0,0.0,0.0,9.0,0.0
CLI017798,8.0,0.0,10.0,8.0,0.0
CLI017799,0.0,0.0,0.0,10.0,7.0
CLI017800,0.0,8.5,8.0,0.0,8.333333333333334
CLI017801,9.0,7.0,0.0,8.0,0.0
CLI017802,0.0,0.0,0.0,7.0,0.0
CLI017803,0.0,7.0,0.0,0.0,8.0
CLI017804,7.5,0.0,8.0,8.0,0.0
CLI017805,0.0,0.0,10.0,0.0,0.0
CLI017806,0.0,0.0,8.0,9.0,0.0
CLI017807,0.0,0.0,0.0,7.0,0.0
CLI017808,0.0,7.0,0.0,0.0,8.0
CLI017809,0.0,0.0,8.0,8.0,9.0
CLI017810,0.0,0.0,8.0,0.0,7.0
CLI017811,7.0,8.666666666666666,8.0,0.0,9.0
CLI017812,8.0,0.0,10.0,0.0,6.0
CLI017813,9.0,0.0,0.0,0.0,8.0
CLI017814,0.0,0.0,9.0,0.0,8.5
CLI017815,7.0,8.0,0.0,0.0,0.0
CLI017816,0.0,9.0,0.0,8.0,0.0
CLI017817,0.0,0.0,0.0,0.0,7.0
CLI017818,7.666666666666667,0.0,8.0,0.0,0.0
CLI017819,0.0,0.0,0.0,8.0,7.5
CLI017820,8.0,0.0,8.5,0.0,0.0
CLI017821,0.0,9.0,8.0,0.0,0.0
CLI017822,0.0,0.0,0.0,7.0,8.0
CLI017823,8.5,0.0,0.0,0.0,10.0
CLI017824,7.0,0.0,9.0,0.0,0.0
CLI017825,8.0,0.0,6.0,0.0,9.0
CLI017826,8.333333333333334,0.0,0.0,9.0,8.0
CLI017827,8.0,0.0,0.0,8.0,0.0
CLI017828,10.0,9.5,0.0,0.0,8.0
CLI017829,0.0,0.0,9.0,0.0,9.0
CLI017830,0.0,9.0,0.0,0.0,8.0
CLI017831,8.0,0.0,0.0,0.0,0.0
CLI017833,0.0,8.0,7.0,8.5,0.0
CLI017834,10.0,0.0,9.0,0.0,8.0
CLI017835,0.0,7.0,0.0,7.0,0.0
CLI017836,0.0,9.0,0.0,0.0,0.0
CLI017837,0.0,8.0,8.0,0.0,0.0
CLI017838,8.0,0.0,0.0,8.0,0.0
CLI017839,9.0,0.0,8.0,0.0,8.0
CLI017840,0.0,9.0,0.0,8.0,0.0
CLI017841,0.0,0.0,9.0,7.0,0.0
CLI017842,9.0,7.0,0.0,0.0,9.0
CLI017843,9.0,0.0,0.0,0.0,0.0
CLI017844,0.0,0.0,7.0,0.0,0.0
CLI017846,8.0,8.0,0.0,0.0,0.0
CLI017847,0.0,0.0,8.0,0.0,8.0
CLI017848,0.0,7.5,0.0,0.0,0.0
CLI017849,0.0,8.0,0.0,0.0,0.0
CLI017850,8.0,0.0,0.0,0.0,0.0
CLI017851,8.5,0.0,7.0,0.0,8.0
CLI017852,0.0,0.0,8.0,9.0,9.0
CLI017853,0.0,0.0,0.0,0.0,10.0
CLI017854,8.0,0.0,0.0,0.0,0.0
CLI017855,0.0,9.0,8.0,0.0,0.0
CLI017856,0.0,0.0,7.0,0.0,9.0
CLI017857,0.0,0.0,7.0,0.0,0.0
CLI017858,0.0,9.0,0.0,0.0,7.0
CLI017859,0.0,0.0,0.0,7.0,0.0
CLI017861,0.0,8.0,9.0,0.0,0.0
CLI017862,8.5,0.0,0.0,0.0,0.0
CLI017864,0.0,0.0,0.0,0.0,6.0
CLI017865,0.0,0.0,0.0,0.0,6.0
CLI017866,8.0,9.0,7.0,9.0,0.0
CLI017867,0.0,8.0,9.0,0.0,9.0
CLI017868,0.0,7.0,8.0,0.0,7.0
CLI017869,0.0,0.0,8.0,0.0,0.0
CLI017870,8.0,0.0,0.0,0.0,7.0
CLI017872,0.0,8.0,0.0,0.0,8.5
CLI017873,6.0,0.0,0.0,9.0,8.0
CLI017875,0.0,9.0,0.0,0.0,7.0
CLI017876,0.0,0.0,0.0,7.0,8.0
CLI017877,0.0,10.0,9.0,0.0,7.0
CLI017878,0.0,0.0,0.0,9.0,0.0
CLI017879,8.0,0.0,0.0,0.0,0.0
CLI017880,7.0,0.0,0.0,0.0,0.0
CLI017881,9.0,0.0,9.0,0.0,0.0
CLI017882,0.0,8.0,9.0,0.0,8.0
CLI017883,0.0,8.0,0.0,0.0,0.0
CLI017885,8.0,8.0,7.0,8.5,0.0
CLI017886,0.0,9.0,7.0,7.0,0.0
CLI017887,0.0,9.0,0.0,7.0,0.0
CLI017888,0.0,0.0,0.0,7.0,0.0
CLI017889,0.0,0.0,0.0,0.0,8.0
CLI017890,8.0,0.0,0.0,0.0,0.0
CLI017891,7.5,8.0,0.0,0.0,0.0
CLI017892,8.0,7.0,8.0,0.0,0.0
CLI017893,0.0,8.0,0.0,0.0,0.0
CLI017894,7.0,0.0,0.0,0.0,0.0
CLI017895,0.0,0.0,9.0,7.0,0.0
CLI017896,0.0,9.0,0.0,0.0,0.0
CLI017897,8.0,0.0,0.0,0.0,0.0
CLI017899,0.0,7.0,0.0,0.0,0.0
CLI017900,7.0,7.0,9.0,0.0,0.0
CLI017902,0.0,0.0,0.0,0.0,8.666666666666666
CLI017904,0.0,8.0,0.0,0.0,0.0
CLI017906,0.0,0.0,7.0,0.0,7.0
CLI017907,8.0,0.0,7.0,7.0,7.0
CLI017908,8.0,0.0,0.0,8.0,0.0
CLI017909,0.0,0.0,0.0,7.0,0.0
CLI017910,0.0,7.0,0.0,0.0,0.0
CLI017911,8.0,0.0,0.0,0.0,8.0
CLI017912,0.0,7.0,0.0,10.0,9.0
CLI017913,0.0,0.0,0.0,7.0,8.0
CLI017914,9.0,8.0,8.0,0.0,7.0
CLI017915,0.0,0.0,9.0,0.0,0.0
CLI017916,7.0,0.0,0.0,0.0,0.0
CLI017917,0.0,0.0,0.0,0.0,8.0
CLI017919,8.0,0.0,0.0,0.0,7.5
CLI017920,0.0,0.0,8.0,8.0,0.0
CLI017921,0.0,9.0,8.0,9.0,8.0
CLI017922,7.0,9.0,0.0,0.0,8.0
CLI017923,0.0,0.0,0.0,0.0,7.0
CLI017924,0.0,0.0,0.0,9.0,0.0
CLI017925,0.0,0.0,0.0,8.0,0.0
CLI017926,8.0,0.0,0.0,9.0,0.0
CLI017927,0.0,8.0,8.0,0.0,10.0
CLI017928,0.0,0.0,0.0,8.0,0.0
CLI017929,0.0,0.0,8.0,0.0,0.0
CLI017930,0.0,0.0,0.0,0.0,9.0
CLI017931,0.0,0.0,0.0,7.0,9.0
CLI017932,0.0,0.0,0.0,0.0,10.0
CLI017933,0.0,0.0,0.0,8.0,0.0
CLI017934,0.0,0.0,0.0,8.0,0.0
CLI017935,8.0,9.0,7.0,0.0,8.0
CLI017937,8.0,8.0,0.0,0.0,8.0
CLI017938,9.0,0.0,7.0,8.0,7.0
CLI017939,0.0,0.0,0.0,0.0,7.0
CLI017940,7.0,0.0,0.0,8.0,8.0
CLI017942,0.0,0.0,0.0,9.0,9.5
CLI017943,8.0,0.0,0.0,8.0,9.0
CLI017944,0.0,0.0,7.0,9.0,7.0
CLI017945,0.0,8.0,0.0,0.0,0.0
CLI017946,0.0,8.0,0.0,0.0,0.0
CLI017947,7.0,7.0,10.0,0.0,0.0
CLI017949,0.0,0.0,0.0,8.0,0.0
CLI017950,0.0,0.0,0.0,8.5,0.0
CLI017951,0.0,0.0,0.0,0.0,7.0
CLI017953,10.0,0.0,0.0,8.0,0.0
CLI017954,0.0,0.0,7.0,0.0,0.0
CLI017955,7.0,0.0,0.0,8.5,0.0
CLI017956,0.0,0.0,9.0,0.0,8.0
CLI017957,0.0,0.0,0.0,8.0,0.0
CLI017958,9.0,9.0,8.0,0.0,0.0
CLI017960,9.0,0.0,0.0,0.0,8.0
CLI017961,8.5,0.0,8.0,0.0,8.0
CLI017962,8.0,7.0,7.5,0.0,0.0
CLI017963,0.0,0.0,8.0,0.0,7.5
CLI017964,10.0,0.0,0.0,0.0,0.0
CLI017965,8.0,9.0,0.0,0.0,0.0
CLI017966,0.0,8.5,7.5,0.0,0.0
CLI017967,0.0,0.0,0.0,0.0,8.0
CLI017968,0.0,0.0,7.0,0.0,8.0
CLI017969,0.0,0.0,0.0,9.0,0.0
CLI017970,0.0,0.0,0.0,7.0,9.0
CLI017971,0.0,0.0,9.0,7.0,0.0
CLI017972,7.5,9.0,8.0,9.0,8.0
CLI017974,8.0,8.0,9.0,8.0,6.0
CLI017975,0.0,8.0,0.0,0.0,0.0
CLI017976,10.0,7.0,0.0,0.0,0.0
CLI017977,0.0,0.0,0.0,0.0,9.0
CLI017978,0.0,0.0,0.0,0.0,7.0
CLI017979,8.0,0.0,0.0,7.0,0.0
CLI017980,0.0,8.0,8.0,8.0,0.0
CLI017982,0.0,7.5,0.0,0.0,8.5
CLI017984,7.5,0.0,0.0,10.0,7.0
CLI017985,9.0,8.0,7.0,0.0,0.0
CLI017986,0.0,0.0,0.0,9.0,0.0
CLI017987,0.0,8.0,9.5,0.0,8.0
CLI017988,0.0,7.0,8.0,10.0,0.0
CLI017989,0.0,9.0,0.0,0.0,0.0
CLI017993,0.0,8.0,8.0,0.0,0.0
CLI017994,0.0,7.0,0.0,0.0,0.0
CLI017995,7.0,8.0,7.5,7.5,0.0
CLI017996,7.0,0.0,0.0,8.0,0.0
CLI017997,9.0,0.0,0.0,0.0,0.0
CLI017998,0.0,8.0,0.0,9.0,0.0
CLI017999,9.0,0.0,0.0,7.0,8.333333333333334
CLI018000,8.666666666666666,8.0,10.0,0.0,0.0
CLI018001,0.0,0.0,8.0,0.0,0.0
CLI018002,0.0,0.0,8.5,0.0,0.0
CLI018003,9.0,7.0,7.0,0.0,0.0
CLI018004,0.0,7.0,0.0,9.0,0.0
CLI018005,0.0,0.0,8.0,8.0,0.0
CLI018006,0.0,0.0,7.0,0.0,0.0
CLI018007,9.0,0.0,9.0,0.0,0.0
CLI018008,8.0,7.0,0.0,0.0,0.0
CLI018009,7.0,0.0,7.0,0.0,0.0
CLI018010,0.0,0.0,7.0,7.0,7.5
CLI018011,9.0,0.0,9.0,9.0,0.0
CLI018012,0.0,8.0,0.0,0.0,7.0
CLI018013,8.0,8.0,9.0,9.0,0.0
CLI018014,7.0,0.0,0.0,0.0,0.0
CLI018015,8.0,0.0,8.5,0.0,0.0
CLI018016,10.0,0.0,0.0,7.0,0.0
CLI018017,7.0,0.0,8.0,8.5,0.0
CLI018018,0.0,0.0,0.0,6.0,7.5
CLI018019,0.0,7.5,0.0,7.0,0.0
CLI018020,7.0,8.0,0.0,0.0,7.0
CLI018021,0.0,0.0,10.0,9.0,0.0
CLI018022,9.0,8.0,10.0,0.0,0.0
CLI018023,9.0,0.0,0.0,0.0,9.5
CLI018026,8.0,8.0,9.0,0.0,0.0
CLI018027,0.0,0.0,7.0,9.0,0.0
CLI018028,7.0,0.0,0.0,0.0,0.0
CLI018029,8.0,0.0,0.0,0.0,0.0
CLI018030,0.0,0.0,0.0,0.0,7.0
CLI018031,0.0,0.0,0.0,7.5,0.0
CLI018032,0.0,0.0,0.0,8.0,0.0
CLI018033,8.0,7.5,0.0,8.0,0.0
CLI018034,0.0,7.5,8.0,0.0,0.0
CLI018035,9.0,0.0,0.0,8.0,7.0
CLI018036,7.0,0.0,0.0,0.0,0.0
CLI018037,8.0,7.0,8.0,6.0,9.5
CLI018038,0.0,0.0,0.0,0.0,9.5
CLI018039,0.0,0.0,0.0,0.0,7.0
CLI018040,0.0,0.0,9.0,0.0,0.0
CLI018041,8.0,0.0,0.0,0.0,9.0
CLI018042,7.5,8.0,0.0,0.0,8.0
CLI018043,0.0,10.0,0.0,0.0,0.0
CLI018044,8.0,0.0,8.0,0.0,0.0
CLI018045,0.0,7.0,0.0,0.0,0.0
CLI018046,7.0,0.0,9.0,0.0,0.0
CLI018048,0.0,0.0,8.0,0.0,0.0
CLI018049,9.0,0.0,0.0,8.0,8.0
CLI018050,9.0,0.0,8.0,0.0,8.333333333333334
CLI018051,8.0,7.5,0.0,8.5,9.0
CLI018052,0.0,0.0,8.0,0.0,0.0
CLI018053,8.0,0.0,0.0,9.0,8.0
CLI018054,8.0,0.0,0.0,0.0,8.0
CLI018055,0.0,0.0,0.0,8.0,0.0
CLI018056,0.0,0.0,9.0,9.0,0.0
CLI018057,9.0,8.0,0.0,8.5,0.0
CLI018058,9.0,8.333333333333334,7.0,0.0,8.0
CLI018059,0.0,0.0,9.0,0.0,0.0
CLI018060,7.0,0.0,0.0,0.0,7.0
CLI018063,8.0,9.0,0.0,0.0,0.0
CLI018064,0.0,0.0,0.0,7.0,0.0
CLI018065,0.0,0.0,8.0,9.0,9.0
CLI018066,0.0,8.0,0.0,6.0,8.0
CLI018067,10.0,8.0,0.0,7.5,0.0
CLI018070,7.0,0.0,0.0,0.0,8.0
CLI018071,0.0,7.5,9.0,0.0,8.0
CLI018072,0.0,0.0,9.0,0.0,0.0
CLI018073,0.0,0.0,9.0,0.0,0.0
CLI018074,0.0,0.0,0.0,0.0,10.0
CLI018076,7.0,0.0,7.0,0.0,9.0
CLI018079,0.0,8.0,9.0,9.5,0.0
CLI018080,0.0,0.0,0.0,0.0,9.0
CLI018081,0.0,0.0,0.0,8.0,0.0
CLI018082,7.0,0.0,0.0,9.0,0.0
CLI018083,0.0,9.0,0.0,7.0,0.0
CLI018084,8.5,0.0,8.0,9.0,0.0
CLI018086,7.0,0.0,0.0,0.0,0.0
CLI018087,0.0,0.0,0.0,7.0,0.0
CLI018088,0.0,0.0,9.0,0.0,0.0
CLI018089,9.0,0.0,0.0,8.0,7.0
CLI018090,0.0,0.0,9.0,8.0,0.0
CLI018091,0.0,0.0,0.0,9.0,0.0
CLI018092,0.0,0.0,9.0,8.0,0.0
CLI018094,9.0,9.0,0.0,9.0,7.0
CLI018095,7.0,8.0,0.0,0.0,9.0
CLI018096,7.0,0.0,0.0,8.0,0.0
CLI018097,0.0,0.0,0.0,8.0,0.0
CLI018098,0.0,7.0,0.0,0.0,8.0
CLI018099,8.0,0.0,0.0,8.0,0.0
CLI018100,8.0,9.0,10.0,0.0,0.0
CLI018101,0.0,0.0,0.0,0.0,8.0
CLI018102,0.0,9.0,7.0,0.0,9.0
CLI018103,0.0,8.5,9.0,8.0,0.0
CLI018104,0.0,8.0,0.0,8.0,0.0
CLI018105,0.0,7.0,0.0,0.0,0.0
CLI018106,0.0,0.0,8.0,0.0,0.0
CLI018107,0.0,0.0,8.0,0.0,0.0
CLI018108,7.5,0.0,0.0,7.5,0.0
CLI018109,0.0,7.0,0.0,7.0,0.0
CLI018110,0.0,0.0,7.0,8.0,8.0
CLI018111,0.0,9.0,0.0,0.0,7.0
CLI018112,0.0,8.0,8.0,0.0,0.0
CLI018113,0.0,0.0,0.0,8.333333333333334,0.0
CLI018115,8.0,7.0,0.0,7.0,0.0
CLI018116,9.0,0.0,8.0,8.333333333333334,0.0
CLI018117,0.0,0.0,0.0,10.0,0.0
CLI018118,7.0,0.0,0.0,0.0,8.0
CLI018119,8.0,8.0,7.0,0.0,9.0
CLI018120,0.0,8.5,0.0,9.0,0.0
CLI018121,0.0,0.0,0.0,8.0,0.0
CLI018122,0.0,0.0,0.0,0.0,8.0
CLI018123,0.0,0.0,6.0,0.0,0.0
CLI018125,8.0,0.0,8.0,9.0,9.0
CLI018126,0.0,0.0,8.0,8.0,0.0
CLI018127,9.0,8.0,0.0,9.0,9.0
CLI018128,0.0,0.0,10.0,0.0,0.0
CLI018129,9.5,0.0,0.0,6.0,8.0
CLI018130,8.5,0.0,10.0,8.0,8.0
CLI018131,0.0,7.0,8.0,0.0,6.0
CLI018132,0.0,0.0,0.0,0.0,10.0
CLI018133,9.0,7.0,0.0,0.0,9.0
CLI018134,0.0,0.0,0.0,0.0,6.5
CLI018135,8.5,8.0,0.0,0.0,10.0
CLI018136,0.0,0.0,0.0,9.0,0.0
CLI018137,7.0,0.0,0.0,0.0,0.0
CLI018138,10.0,0.0,9.5,7.0,9.0
CLI018139,8.0,0.0,0.0,0.0,0.0
CLI018140,0.0,8.5,8.0,0.0,0.0
CLI018141,8.0,0.0,0.0,0.0,0.0
CLI018142,9.0,8.0,0.0,9.0,7.0
CLI018143,0.0,0.0,8.0,0.0,0.0
CLI018144,9.0,9.0,0.0,9.0,8.0
CLI018145,0.0,0.0,7.0,0.0,7.0
CLI018146,0.0,8.0,0.0,0.0,0.0
CLI018147,7.0,9.0,7.5,0.0,0.0
CLI018148,0.0,0.0,0.0,7.0,0.0
CLI018149,0.0,8.0,0.0,0.0,9.0
CLI018150,7.0,0.0,0.0,7.0,0.0
CLI018152,0.0,8.0,0.0,0.0,0.0
CLI018153,0.0,8.0,0.0,0.0,9.0
CLI018154,0.0,0.0,0.0,8.0,0.0
CLI018156,0.0,8.0,0.0,0.0,0.0
CLI018157,0.0,0.0,9.0,0.0,0.0
CLI018158,0.0,0.0,0.0,0.0,8.0
CLI018159,0.0,0.0,0.0,0.0,9.0
CLI018160,0.0,0.0,0.0,0.0,7.0
CLI018162,9.0,8.0,0.0,7.5,7.0
CLI018163,0.0,0.0,0.0,0.0,8.0
CLI018164,8.5,7.666666666666667,0.0,0.0,7.5
CLI018165,0.0,7.0,8.0,0.0,0.0
CLI018166,0.0,7.0,0.0,8.0,0.0
CLI018167,7.0,8.0,0.0,0.0,0.0
CLI018168,8.5,9.0,7.0,8.0,7.0
CLI018169,0.0,0.0,0.0,8.0,6.0
CLI018170,0.0,8.5,8.0,0.0,0.0
CLI018171,0.0,0.0,0.0,8.5,0.0
CLI018172,0.0,8.0,0.0,0.0,0.0
CLI018173,0.0,0.0,0.0,0.0,9.0
CLI018174,7.0,10.0,8.0,0.0,8.25
CLI018175,8.0,7.0,0.0,0.0,0.0
CLI018176,0.0,7.0,8.0,7.0,0.0
CLI018177,0.0,9.0,0.0,0.0,0.0
CLI018178,8.0,9.0,0.0,0.0,8.0
CLI018179,7.0,0.0,0.0,7.5,9.0
CLI018180,0.0,0.0,0.0,8.0,0.0
CLI018181,8.0,0.0,0.0,0.0,0.0
CLI018182,0.0,9.0,0.0,0.0,0.0
CLI018183,0.0,0.0,7.5,8.0,8.0
CLI018184,7.0,0.0,0.0,0.0,0.0
CLI018185,8.0,8.0,0.0,0.0,0.0
CLI018186,0.0,9.0,8.0,0.0,0.0
CLI018187,8.0,9.0,0.0,0.0,8.5
CLI018188,0.0,7.0,0.0,0.0,0.0
CLI018189,0.0,0.0,8.0,0.0,0.0
CLI018190,0.0,8.0,8.0,0.0,0.0
CLI018191,10.0,0.0,0.0,8.0,0.0
CLI018192,0.0,9.0,8.0,0.0,0.0
CLI018194,0.0,0.0,10.0,7.0,8.0
CLI018195,0.0,10.0,9.0,10.0,0.0
CLI018196,0.0,0.0,0.0,8.0,0.0
CLI018197,7.0,0.0,0.0,9.0,0.0
CLI018198,0.0,0.0,0.0,8.5,0.0
CLI018199,0.0,0.0,8.666666666666666,8.0,0.0
CLI018200,0.0,0.0,7.5,6.0,0.0
CLI018202,0.0,7.0,0.0,7.5,0.0
CLI018203,0.0,8.5,0.0,7.0,9.0
CLI018204,8.0,0.0,0.0,0.0,9.0
CLI018205,0.0,8.0,0.0,10.0,0.0
CLI018207,8.0,8.5,9.0,0.0,0.0
CLI018208,7.0,0.0,7.0,0.0,0.0
CLI018210,0.0,0.0,9.0,0.0,0.0
CLI018211,0.0,9.0,0.0,0.0,0.0
CLI018212,0.0,0.0,0.0,0.0,7.0
CLI018213,9.0,0.0,8.0,9.0,0.0
CLI018214,7.0,0.0,8.0,8.0,0.0
CLI018215,8.0,0.0,7.0,0.0,0.0
CLI018216,0.0,0.0,0.0,8.0,0.0
CLI018217,0.0,0.0,8.0,7.0,9.0
CLI018218,0.0,0.0,0.0,0.0,8.0
CLI018219,0.0,0.0,8.0,8.0,0.0
CLI018220,0.0,8.0,9.0,7.0,0.0
CLI018222,7.0,0.0,0.0,0.0,0.0
CLI018223,7.0,0.0,0.0,0.0,8.0
CLI018224,0.0,0.0,0.0,0.0,9.5
CLI018225,8.0,0.0,9.0,0.0,8.0
CLI018226,0.0,0.0,8.0,0.0,8.0
CLI018227,0.0,8.0,0.0,0.0,0.0
CLI018228,7.0,9.0,8.0,7.0,0.0
CLI018229,0.0,7.0,7.0,7.0,7.5
CLI018230,0.0,8.0,10.0,0.0,0.0
CLI018231,8.5,0.0,0.0,9.5,0.0
CLI018232,0.0,8.0,8.0,7.0,8.25
CLI018233,0.0,8.0,0.0,8.0,8.0
CLI018234,0.0,0.0,8.5,0.0,7.0
CLI018235,0.0,8.0,0.0,8.0,0.0
CLI018236,8.0,0.0,9.0,0.0,0.0
CLI018237,0.0,0.0,0.0,8.5,0.0
CLI018238,8.0,0.0,0.0,0.0,0.0
CLI018239,0.0,0.0,0.0,9.0,0.0
CLI018240,0.0,8.0,0.0,9.0,9.0
CLI018241,0.0,8.0,7.0,0.0,10.0
CLI018242,10.0,8.0,8.0,0.0,9.0
CLI018243,0.0,0.0,10.0,0.0,8.0
CLI018244,0.0,7.666666666666667,6.0,0.0,0.0
CLI018245,8.0,0.0,0.0,8.0,8.0
CLI018246,0.0,0.0,7.0,0.0,0.0
CLI018247,8.0,9.0,0.0,0.0,8.0
CLI018248,0.0,10.0,7.5,0.0,8.0
CLI018249,0.0,6.0,9.0,9.0,0.0
CLI018250,7.0,9.0,0.0,0.0,0.0
CLI018251,0.0,7.5,0.0,0.0,0.0
CLI018252,0.0,9.0,0.0,7.0,7.0
CLI018254,0.0,0.0,9.0,0.0,9.0
CLI018255,0.0,8.75,0.0,0.0,9.0
CLI018256,0.0,9.0,0.0,0.0,0.0
CLI018257,0.0,9.0,9.0,0.0,8.0
CLI018258,8.0,0.0,0.0,7.0,0.0
CLI018259,0.0,9.0,8.0,0.0,10.0
CLI018260,0.0,0.0,0.0,0.0,8.5
CLI018261,8.0,0.0,0.0,0.0,0.0
CLI018262,7.0,7.0,0.0,0.0,0.0
CLI018263,0.0,8.0,0.0,8.5,0.0
CLI018264,7.0,0.0,8.0,8.0,0.0
CLI018265,8.0,9.0,0.0,0.0,0.0
CLI018266,8.0,8.0,0.0,0.0,6.0
CLI018267,0.0,8.0,0.0,0.0,0.0
CLI018268,0.0,9.0,0.0,0.0,0.0
CLI018269,0.0,0.0,0.0,8.0,0.0
CLI018270,10.0,0.0,8.0,0.0,0.0
CLI018271,0.0,0.0,0.0,8.333333333333334,8.0
CLI018272,6.0,8.0,0.0,0.0,7.0
CLI018273,8.0,7.0,8.0,0.0,0.0
CLI018274,0.0,0.0,0.0,0.0,10.0
CLI018275,0.0,6.0,8.0,0.0,8.0
CLI018276,0.0,8.5,7.0,0.0,0.0
CLI018277,0.0,10.0,0.0,9.0,0.0
CLI018278,8.333333333333334,0.0,0.0,0.0,0.0
CLI018280,0.0,9.0,0.0,0.0,0.0
CLI018281,8.0,0.0,0.0,0.0,0.0
CLI018282,7.0,0.0,0.0,10.0,7.75
CLI018283,0.0,8.0,0.0,8.0,7.666666666666667
CLI018284,0.0,0.0,8.0,0.0,0.0
CLI018285,0.0,0.0,0.0,8.0,8.0
CLI018286,9.0,8.0,9.0,0.0,0.0
CLI018287,8.0,0.0,9.0,10.0,0.0
CLI018288,0.0,0.0,0.0,6.0,0.0
CLI018289,9.0,9.0,0.0,0.0,0.0
CLI018290,7.0,8.666666666666666,0.0,0.0,0.0
CLI018291,0.0,0.0,0.0,7.0,7.5
CLI018292,0.0,0.0,7.5,9.0,0.0
CLI018293,0.0,9.0,0.0,0.0,7.0
CLI018294,9.0,0.0,8.0,0.0,7.0
CLI018295,0.0,0.0,7.5,0.0,8.0
CLI018296,0.0,0.0,6.0,0.0,7.0
CLI018297,0.0,0.0,9.0,0.0,9.0
CLI018298,7.0,0.0,0.0,7.0,10.0
CLI018299,0.0,8.0,0.0,0.0,0.0
CLI018301,7.0,0.0,0.0,0.0,0.0
CLI018302,0.0,0.0,9.0,0.0,0.0
CLI018303,10.0,8.666666666666666,0.0,0.0,0.0
CLI018304,0.0,0.0,9.0,0.0,0.0
CLI018305,0.0,0.0,10.0,0.0,0.0
CLI018306,7.0,0.0,7.0,0.0,0.0
CLI018307,0.0,0.0,8.0,0.0,8.0
CLI018309,8.0,7.0,8.6,0.0,0.0
CLI018310,0.0,0.0,0.0,8.0,0.0
CLI018311,8.5,0.0,0.0,6.0,0.0
CLI018312,9.0,10.0,0.0,8.0,0.0
CLI018313,7.0,9.0,0.0,10.0,7.0
CLI018314,8.0,8.0,0.0,9.0,0.0
CLI018315,0.0,9.0,0.0,0.0,0.0
CLI018316,0.0,0.0,9.0,7.0,8.5
CLI018317,0.0,0.0,7.0,0.0,0.0
CLI018318,0.0,9.0,8.333333333333334,0.0,0.0
CLI018319,0.0,0.0,0.0,0.0,8.0
CLI018320,0.0,0.0,0.0,6.5,0.0
CLI018321,0.0,9.0,8.0,8.5,8.0
CLI018322,0.0,8.0,0.0,6.0,0.0
CLI018323,0.0,0.0,6.5,0.0,8.333333333333334
CLI018324,0.0,9.0,9.0,8.0,0.0
CLI018325,0.0,0.0,0.0,0.0,8.0
CLI018326,0.0,0.0,0.0,0.0,8.5
CLI018327,0.0,0.0,9.0,8.0,0.0
CLI018328,0.0,6.0,9.0,8.5,0.0
CLI018329,8.0,0.0,0.0,0.0,7.0
CLI018330,0.0,8.0,8.0,9.0,8.0
CLI018331,0.0,8.0,0.0,7.0,0.0
CLI018332,0.0,8.0,0.0,7.0,0.0
CLI018333,9.0,0.0,0.0,9.0,0.0
CLI018334,8.0,9.0,7.0,0.0,0.0
CLI018335,0.0,8.0,10.0,8.0,9.0
CLI018336,8.5,9.0,9.0,0.0,0.0
CLI018337,0.0,0.0,7.0,6.0,8.5
CLI018338,7.0,0.0,7.0,0.0,8.5
CLI018339,0.0,6.0,0.0,0.0,0.0
CLI018340,0.0,8.333333333333334,6.0,6.0,0.0
CLI018341,0.0,7.5,7.0,8.0,0.0
CLI018342,0.0,0.0,0.0,8.0,0.0
CLI018343,0.0,7.5,8.0,8.333333333333334,8.0
CLI018344,7.0,0.0,7.5,0.0,0.0
CLI018345,8.0,6.0,0.0,0.0,0.0
CLI018346,0.0,0.0,0.0,0.0,8.0
CLI018347,0.0,9.0,9.0,0.0,0.0
CLI018351,8.0,0.0,0.0,0.0,0.0
CLI018352,0.0,0.0,0.0,0.0,8.0
CLI018353,0.0,0.0,8.0,0.0,9.0
CLI018354,7.0,8.0,0.0,9.0,8.0
CLI018355,0.0,0.0,0.0,9.0,7.0
CLI018356,8.5,0.0,9.0,0.0,9.0
CLI018357,7.0,0.0,0.0,0.0,8.5
CLI018358,9.0,8.0,0.0,8.0,8.5
CLI018359,8.0,10.0,8.0,0.0,8.0
CLI018360,0.0,0.0,0.0,9.0,0.0
CLI018361,8.0,0.0,0.0,0.0,10.0
CLI018362,0.0,0.0,7.0,0.0,0.0
CLI018363,0.0,0.0,0.0,0.0,9.0
CLI018364,0.0,0.0,9.0,8.0,0.0
CLI018365,8.0,0.0,9.0,0.0,7.0
CLI018366,10.0,0.0,8.0,9.0,0.0
CLI018367,0.0,0.0,0.0,9.5,7.5
CLI018368,0.0,8.0,9.0,8.0,0.0
CLI018370,7.0,0.0,0.0,8.0,0.0
CLI018371,0.0,0.0,7.0,0.0,9.0
CLI018372,9.0,8.0,8.0,0.0,0.0
CLI018373,0.0,0.0,7.0,8.5,0.0
CLI018374,7.5,0.0,9.0,0.0,0.0
CLI018375,0.0,6.0,8.0,0.0,8.0
CLI018376,0.0,10.0,0.0,0.0,9.0
CLI018377,0.0,0.0,0.0,7.666666666666667,0.0
CLI018378,7.0,0.0,0.0,0.0,8.0
CLI018379,0.0,0.0,0.0,9.0,0.0
CLI018380,0.0,0.0,0.0,0.0,10.0
CLI018381,0.0,0.0,0.0,0.0,8.0
CLI018383,0.0,0.0,9.0,0.0,9.0
CLI018384,9.0,9.0,0.0,0.0,0.0
CLI018385,0.0,8.0,8.0,0.0,8.0
CLI018386,0.0,0.0,0.0,0.0,8.0
CLI018387,0.0,7.0,0.0,9.0,0.0
CLI018389,8.0,8.0,0.0,0.0,9.0
CLI018390,0.0,0.0,0.0,8.0,0.0
CLI018391,0.0,8.0,0.0,8.0,0.0
CLI018392,0.0,7.0,7.666666666666667,9.0,7.0
CLI018393,9.0,0.0,0.0,9.0,0.0
CLI018394,8.0,8.0,8.0,8.0,10.0
CLI018396,9.0,7.0,0.0,7.5,0.0
CLI018397,0.0,0.0,0.0,8.0,0.0
CLI018398,8.0,7.0,0.0,0.0,0.0
CLI018399,6.0,0.0,7.0,0.0,7.333333333333333
CLI018400,0.0,0.0,0.0,8.0,0.0
CLI018401,0.0,7.0,0.0,8.5,0.0
CLI018403,8.0,0.0,0.0,0.0,0.0
CLI018404,0.0,0.0,0.0,9.0,0.0
CLI018405,0.0,0.0,0.0,7.0,8.0
CLI018406,8.0,0.0,0.0,0.0,0.0
CLI018407,0.0,0.0,0.0,9.0,0.0
CLI018408,0.0,0.0,8.0,8.0,0.0
CLI018409,8.0,0.0,8.5,0.0,0.0
CLI018410,10.0,0.0,8.0,8.0,9.0
CLI018411,0.0,0.0,7.0,0.0,7.0
CLI018412,0.0,8.0,0.0,0.0,0.0
CLI018413,0.0,0.0,0.0,0.0,7.0
CLI018414,0.0,0.0,7.0,9.0,7.0
CLI018415,0.0,7.0,0.0,0.0,0.0
CLI018416,0.0,8.333333333333334,10.0,0.0,9.0
CLI018417,0.0,0.0,6.0,0.0,0.0
CLI018418,0.0,0.0,0.0,8.0,7.0
CLI018419,8.0,0.0,0.0,0.0,10.0
CLI018421,7.0,0.0,0.0,7.0,8.0
CLI018422,9.0,8.0,7.333333333333333,0.0,8.0
CLI018423,0.0,0.0,9.333333333333334,0.0,6.0
CLI018424,0.0,7.0,0.0,8.0,0.0
CLI018425,8.0,8.0,0.0,0.0,7.5
CLI018426,0.0,0.0,0.0,8.0,0.0
CLI018427,0.0,7.0,9.0,8.0,7.0
CLI018428,0.0,7.0,0.0,0.0,10.0
CLI018429,0.0,0.0,0.0,0.0,8.0
CLI018430,0.0,7.0,8.0,0.0,0.0
CLI018432,0.0,0.0,0.0,0.0,8.0
CLI018433,8.0,0.0,0.0,8.333333333333334,0.0
CLI018434,0.0,8.0,7.0,0.0,8.0
CLI018435,0.0,0.0,0.0,7.0,0.0
CLI018436,0.0,7.0,0.0,0.0,8.0
CLI018438,0.0,0.0,8.0,9.0,9.0
CLI018440,8.0,0.0,9.0,0.0,0.0
CLI018441,10.0,8.5,0.0,0.0,8.5
CLI018442,8.0,9.0,0.0,0.0,0.0
CLI018443,8.0,0.0,9.0,0.0,8.5
CLI018444,8.0,0.0,0.0,0.0,8.0
CLI018445,0.0,8.0,0.0,0.0,0.0
CLI018446,8.0,8.0,0.0,7.0,9.0
CLI018447,0.0,8.0,0.0,0.0,9.0
CLI018449,7.0,0.0,0.0,0.0,0.0
CLI018450,0.0,0.0,0.0,0.0,8.0
CLI018451,8.0,8.0,0.0,0.0,8.0
CLI018452,0.0,8.0,0.0,8.0,0.0
CLI018453,0.0,10.0,7.0,7.0,8.0
CLI018454,0.0,0.0,0.0,7.0,0.0
CLI018455,0.0,7.0,0.0,0.0,0.0
CLI018456,8.0,8.0,0.0,0.0,6.0
CLI018457,0.0,0.0,0.0,0.0,9.0
CLI018458,9.0,0.0,0.0,0.0,0.0
CLI018459,0.0,0.0,7.0,0.0,9.333333333333334
CLI018461,9.0,9.0,8.5,0.0,0.0
CLI018462,8.5,0.0,8.5,7.5,0.0
CLI018463,0.0,0.0,9.0,7.0,0.0
CLI018464,0.0,9.0,0.0,0.0,0.0
CLI018465,9.0,8.0,10.0,0.0,0.0
CLI018466,0.0,8.0,0.0,9.0,8.5
CLI018467,0.0,8.0,8.0,8.0,7.0
CLI018468,8.0,0.0,8.0,0.0,0.0
CLI018469,9.0,0.0,8.0,0.0,10.0
CLI018470,0.0,0.0,0.0,0.0,8.0
CLI018471,0.0,6.0,6.0,8.0,0.0
CLI018472,0.0,8.0,0.0,0.0,0.0
CLI018473,0.0,0.0,9.0,8.0,0.0
CLI018474,0.0,9.0,0.0,9.0,0.0
CLI018475,0.0,9.0,0.0,7.0,0.0
CLI018476,8.0,9.0,8.0,0.0,0.0
CLI018477,8.333333333333334,0.0,0.0,8.0,0.0
CLI018478,9.0,8.0,0.0,0.0,8.0
CLI018479,0.0,0.0,0.0,0.0,10.0
CLI018480,7.0,8.0,0.0,9.0,8.0
CLI018481,0.0,7.5,0.0,7.0,0.0
CLI018482,0.0,8.0,0.0,0.0,9.0
CLI018483,0.0,8.0,0.0,0.0,8.0
CLI018484,0.0,10.0,0.0,7.0,0.0
CLI018485,0.0,0.0,9.0,0.0,0.0
CLI018486,0.0,8.5,0.0,0.0,8.0
CLI018487,0.0,8.0,0.0,0.0,8.5
CLI018488,10.0,0.0,0.0,8.5,0.0
CLI018489,0.0,8.0,7.5,0.0,8.333333333333334
CLI018490,9.0,0.0,0.0,9.0,0.0
CLI018491,0.0,9.0,0.0,7.0,0.0
CLI018492,0.0,0.0,7.5,8.0,8.0
CLI018493,7.0,0.0,8.0,8.0,8.0
CLI018494,0.0,8.0,0.0,8.0,8.0
CLI018495,0.0,8.0,0.0,9.0,0.0
CLI018496,7.0,0.0,7.0,7.0,0.0
CLI018497,9.0,0.0,0.0,0.0,8.0
CLI018498,0.0,0.0,9.0,6.0,0.0
CLI018499,0.0,0.0,9.0,7.0,0.0
CLI018500,0.0,9.0,0.0,0.0,0.0
CLI018501,0.0,0.0,0.0,8.0,0.0
CLI018504,0.0,8.0,8.0,8.0,9.0
CLI018505,9.0,8.5,0.0,7.0,0.0
CLI018506,0.0,7.0,0.0,0.0,7.0
CLI018507,0.0,8.0,0.0,7.0,0.0
CLI018508,0.0,8.0,0.0,0.0,0.0
CLI018509,0.0,0.0,9.5,9.0,7.5
CLI018510,9.0,0.0,0.0,0.0,0.0
CLI018511,9.0,0.0,0.0,0.0,0.0
CLI018512,0.0,7.0,9.0,9.0,0.0
CLI018513,0.0,9.0,7.0,7.0,8.0
CLI018514,0.0,0.0,0.0,8.5,0.0
CLI018515,8.0,0.0,7.0,8.0,7.0
CLI018516,8.0,8.666666666666666,0.0,0.0,0.0
CLI018517,0.0,8.0,7.5,0.0,0.0
CLI018518,0.0,8.0,0.0,0.0,0.0
CLI018519,0.0,9.0,0.0,0.0,0.0
CLI018520,10.0,0.0,7.5,0.0,7.0
CLI018521,9.0,0.0,0.0,7.0,0.0
CLI018522,9.0,9.0,0.0,0.0,0.0
CLI018523,7.0,9.0,0.0,0.0,0.0
CLI018524,0.0,0.0,0.0,0.0,8.0
CLI018525,8.0,7.0,9.0,7.0,8.0
CLI018526,8.5,0.0,8.5,0.0,0.0
CLI018527,0.0,9.0,7.5,0.0,0.0
CLI018528,8.0,8.0,10.0,0.0,0.0
CLI018529,0.0,0.0,8.0,0.0,8.666666666666666
CLI018530,0.0,8.0,8.0,0.0,8.0
CLI018531,0.0,9.0,0.0,0.0,0.0
CLI018532,0.0,7.0,8.0,0.0,0.0
CLI018533,8.0,9.0,0.0,0.0,0.0
CLI018534,0.0,8.0,0.0,8.0,0.0
CLI018535,8.0,7.666666666666667,7.0,0.0,0.0
CLI018536,7.5,9.0,0.0,0.0,0.0
CLI018537,0.0,8.5,0.0,9.0,0.0
CLI018538,8.0,0.0,0.0,8.666666666666666,0.0
CLI018539,0.0,0.0,9.0,9.0,0.0
CLI018540,0.0,8.0,8.0,0.0,0.0
CLI018541,0.0,0.0,8.0,0.0,0.0
CLI018542,8.0,0.0,7.0,0.0,0.0
CLI018543,0.0,0.0,0.0,0.0,9.0
CLI018544,8.0,8.0,0.0,8.0,0.0
CLI018545,0.0,0.0,8.0,0.0,0.0
CLI018546,0.0,9.0,7.0,0.0,0.0
CLI018547,8.5,8.0,7.0,0.0,0.0
CLI018548,0.0,7.0,8.0,8.0,0.0
CLI018549,0.0,0.0,8.0,8.0,0.0
CLI018550,8.0,0.0,0.0,8.0,0.0
CLI018551,0.0,9.0,8.0,0.0,0.0
CLI018552,0.0,8.0,8.5,7.0,8.0
CLI018553,0.0,0.0,0.0,8.0,0.0
CLI018554,8.0,0.0,0.0,0.0,0.0
CLI018555,0.0,8.0,10.0,0.0,10.0
CLI018556,0.0,0.0,9.0,0.0,8.0
CLI018557,0.0,0.0,8.0,0.0,8.0
CLI018558,0.0,9.0,8.5,8.0,8.0
CLI018559,0.0,0.0,10.0,0.0,0.0
CLI018560,8.0,0.0,9.0,8.0,8.0
CLI018561,0.0,0.0,0.0,0.0,9.0
CLI018562,0.0,8.0,8.0,8.0,0.0
CLI018563,0.0,8.0,9.0,7.5,0.0
CLI018564,0.0,0.0,0.0,8.5,0.0
CLI018566,7.0,0.0,0.0,0.0,0.0
CLI018567,0.0,8.0,0.0,0.0,0.0
CLI018568,8.5,0.0,0.0,8.0,0.0
CLI018569,0.0,0.0,7.0,8.0,0.0
CLI018570,0.0,7.0,8.5,8.0,8.5
CLI018571,0.0,10.0,0.0,7.0,0.0
CLI018572,0.0,7.666666666666667,0.0,0.0,0.0
CLI018573,0.0,0.0,7.0,6.0,0.0
CLI018575,9.0,7.0,9.0,0.0,0.0
CLI018576,8.0,7.0,8.0,8.0,8.0
CLI018577,0.0,0.0,0.0,8.0,0.0
CLI018580,9.0,7.0,10.0,0.0,8.5
CLI018581,0.0,0.0,0.0,10.0,0.0
CLI018583,8.0,0.0,9.0,0.0,0.0
CLI018584,0.0,0.0,0.0,8.0,8.0
CLI018585,8.0,7.0,0.0,0.0,0.0
CLI018586,8.0,10.0,0.0,9.0,9.0
CLI018587,0.0,9.0,7.0,8.0,0.0
CLI018588,0.0,7.0,0.0,0.0,7.0
CLI018589,0.0,8.0,0.0,9.0,0.0
CLI018590,0.0,8.0,8.333333333333334,0.0,7.0
CLI018591,8.0,0.0,0.0,0.0,9.0
CLI018592,8.0,0.0,7.0,0.0,8.0
CLI018593,0.0,0.0,0.0,0.0,6.0
CLI018594,0.0,7.5,0.0,0.0,7.0
CLI018595,0.0,8.5,9.0,0.0,7.0
CLI018596,0.0,8.0,9.0,0.0,0.0
CLI018597,7.5,9.0,0.0,7.0,0.0
CLI018598,9.0,0.0,0.0,7.0,0.0
CLI018599,0.0,0.0,7.0,8.666666666666666,7.0
CLI018600,0.0,8.0,8.0,8.0,0.0
CLI018601,0.0,0.0,0.0,8.0,0.0
CLI018602,0.0,0.0,7.0,0.0,0.0
CLI018603,7.0,0.0,0.0,9.0,9.0
CLI018604,0.0,7.0,0.0,0.0,0.0
CLI018605,9.0,7.0,8.0,0.0,0.0
CLI018606,0.0,0.0,8.0,0.0,0.0
CLI018607,0.0,0.0,0.0,0.0,10.0
CLI018608,0.0,0.0,0.0,9.0,8.5
CLI018609,0.0,0.0,9.0,0.0,0.0
CLI018610,0.0,0.0,7.5,8.0,9.0
CLI018612,0.0,0.0,6.0,0.0,7.0
CLI018613,0.0,8.5,0.0,8.5,8.0
CLI018615,0.0,7.0,9.0,8.0,0.0
CLI018616,0.0,9.0,9.0,0.0,7.0
CLI018617,0.0,8.0,0.0,8.5,9.0
CLI018618,8.0,8.0,0.0,8.0,0.0
CLI018619,7.0,8.0,9.0,0.0,0.0
CLI018621,0.0,0.0,0.0,8.0,0.0
CLI018622,0.0,9.0,8.0,0.0,8.0
CLI018623,8.0,9.0,7.0,8.5,8.0
CLI018624,8.0,0.0,7.0,8.0,0.0
CLI018625,9.5,6.0,0.0,7.0,9.0
CLI018626,7.0,7.0,0.0,0.0,0.0
CLI018627,0.0,9.0,0.0,9.0,0.0
CLI018628,0.0,9.0,0.0,8.0,0.0
CLI018629,8.0,7.5,0.0,0.0,8.0
CLI018630,10.0,0.0,7.5,0.0,9.0
CLI018631,9.0,0.0,0.0,7.5,0.0
CLI018632,7.5,9.0,0.0,0.0,0.0
CLI018633,0.0,9.0,0.0,0.0,0.0
CLI018634,0.0,0.0,7.0,0.0,0.0
CLI018635,0.0,8.0,0.0,0.0,8.0
CLI018636,8.0,7.0,8.0,0.0,0.0
CLI018637,7.5,0.0,0.0,0.0,0.0
CLI018638,8.0,0.0,0.0,7.0,7.0
CLI018639,0.0,0.0,6.0,9.5,0.0
CLI018640,10.0,9.0,8.0,0.0,0.0
CLI018641,0.0,0.0,7.0,9.0,0.0
CLI018643,0.0,8.0,0.0,0.0,0.0
CLI018644,9.0,7.0,9.0,6.0,0.0
CLI018645,7.0,9.0,0.0,8.0,0.0
CLI018646,7.0,0.0,9.0,9.0,8.0
CLI018647,9.0,0.0,0.0,0.0,0.0
CLI018648,0.0,0.0,7.0,0.0,0.0
CLI018649,0.0,0.0,8.0,8.0,0.0
CLI018650,9.0,8.0,0.0,0.0,8.5
CLI018651,8.0,0.0,8.0,0.0,0.0
CLI018652,7.333333333333333,0.0,0.0,8.0,0.0
CLI018653,7.0,0.0,8.0,9.0,8.0
CLI018655,0.0,8.5,8.0,0.0,0.0
CLI018656,8.0,8.5,8.0,7.333333333333333,8.0
CLI018657,10.0,8.0,0.0,8.0,9.0
CLI018658,0.0,0.0,6.0,0.0,0.0
CLI018659,8.0,7.0,7.0,10.0,0.0
CLI018660,8.5,7.5,7.0,0.0,0.0
CLI018661,7.5,7.0,0.0,7.0,7.5
CLI018662,9.0,0.0,0.0,0.0,0.0
CLI018663,0.0,9.0,0.0,0.0,0.0
CLI018665,9.0,7.5,0.0,0.0,0.0
CLI018666,9.0,0.0,0.0,9.0,9.0
CLI018667,8.0,0.0,9.0,0.0,8.0
CLI018668,0.0,9.0,7.0,0.0,0.0
CLI018670,10.0,9.0,0.0,8.5,9.0
CLI018671,8.0,0.0,0.0,0.0,0.0
CLI018672,0.0,7.5,0.0,8.0,0.0
CLI018674,8.0,8.333333333333334,0.0,0.0,0.0
CLI018675,0.0,7.0,0.0,0.0,7.0
CLI018676,0.0,0.0,0.0,0.0,8.0
CLI018677,0.0,0.0,9.0,0.0,0.0
CLI018678,0.0,0.0,0.0,0.0,7.0
CLI018681,0.0,0.0,7.0,7.0,0.0
CLI018682,10.0,0.0,0.0,0.0,0.0
CLI018683,0.0,0.0,0.0,0.0,8.0
CLI018684,0.0,8.0,6.0,0.0,7.0
CLI018685,9.0,0.0,0.0,0.0,0.0
CLI018686,0.0,0.0,9.0,9.0,9.0
CLI018687,8.0,9.0,8.0,8.0,0.0
CLI018688,7.0,8.0,0.0,8.0,8.0
CLI018689,9.0,0.0,7.5,0.0,0.0
CLI018690,0.0,0.0,0.0,7.5,8.0
CLI018691,0.0,0.0,0.0,7.5,0.0
CLI018692,8.0,7.0,0.0,0.0,9.0
CLI018693,0.0,8.0,0.0,0.0,0.0
CLI018695,8.333333333333334,0.0,7.0,0.0,7.0
CLI018696,0.0,0.0,0.0,8.0,0.0
CLI018697,0.0,0.0,0.0,8.5,8.0
CLI018698,0.0,0.0,0.0,0.0,8.5
CLI018699,9.0,0.0,0.0,0.0,8.0
CLI018700,0.0,0.0,8.0,7.5,8.0
CLI018703,9.0,8.0,0.0,8.0,8.0
CLI018704,8.0,9.0,8.0,0.0,0.0
CLI018705,0.0,7.0,0.0,7.0,0.0
CLI018706,0.0,0.0,7.0,0.0,9.0
CLI018707,0.0,0.0,8.0,0.0,0.0
CLI018709,8.0,7.0,0.0,0.0,8.5
CLI018710,8.0,0.0,8.5,9.0,0.0
CLI018711,0.0,7.0,0.0,0.0,0.0
CLI018712,8.0,0.0,7.0,0.0,8.0
CLI018713,8.0,0.0,9.0,0.0,0.0
CLI018715,10.0,0.0,0.0,7.0,0.0
CLI018716,0.0,9.0,0.0,9.0,6.0
CLI018717,0.0,7.0,0.0,7.0,0.0
CLI018718,0.0,9.0,7.0,8.0,0.0
CLI018720,8.0,0.0,0.0,0.0,8.0
CLI018721,0.0,0.0,0.0,8.0,0.0
CLI018722,7.0,0.0,0.0,0.0,0.0
CLI018724,0.0,0.0,0.0,0.0,8.0
CLI018725,9.0,0.0,8.5,9.0,7.0
CLI018726,0.0,0.0,7.0,7.0,9.0
CLI018727,9.0,7.0,9.0,9.0,8.0
CLI018728,0.0,0.0,0.0,9.0,6.0
CLI018730,0.0,0.0,0.0,8.0,8.0
CLI018731,8.0,9.0,0.0,0.0,0.0
CLI018732,8.0,0.0,0.0,0.0,0.0
CLI018734,8.0,0.0,0.0,0.0,9.0
CLI018735,0.0,0.0,0.0,9.0,0.0
CLI018736,7.0,0.0,0.0,0.0,0.0
CLI018737,0.0,8.0,9.0,0.0,0.0
CLI018738,0.0,0.0,8.0,8.0,0.0
CLI018739,8.0,8.0,7.0,9.0,0.0
CLI018740,0.0,0.0,8.0,0.0,0.0
CLI018741,0.0,0.0,0.0,0.0,9.0
CLI018742,0.0,0.0,0.0,0.0,8.5
CLI018743,0.0,0.0,0.0,8.0,9.0
CLI018744,0.0,9.0,8.5,0.0,0.0
CLI018745,0.0,0.0,9.0,0.0,0.0
CLI018746,7.5,6.0,8.0,0.0,8.0
CLI018747,0.0,0.0,8.0,0.0,6.0
CLI018748,7.0,7.0,0.0,9.0,0.0
CLI018750,0.0,0.0,0.0,9.0,0.0
CLI018751,7.0,9.0,8.0,9.0,7.0
CLI018752,7.5,0.0,0.0,7.0,0.0
CLI018753,0.0,8.0,9.0,0.0,0.0
CLI018755,0.0,8.0,0.0,9.0,0.0
CLI018756,0.0,9.0,0.0,0.0,0.0
CLI018757,0.0,0.0,7.0,10.0,0.0
CLI018758,8.0,0.0,6.0,0.0,6.0
CLI018759,8.5,8.0,7.5,8.0,0.0
CLI018760,0.0,0.0,0.0,0.0,8.0
CLI018761,0.0,8.0,0.0,10.0,6.5
CLI018762,0.0,0.0,7.0,0.0,0.0
CLI018763,7.0,0.0,0.0,0.0,8.5
CLI018764,0.0,0.0,0.0,8.0,0.0
CLI018765,0.0,0.0,0.0,0.0,7.0
CLI018766,8.0,0.0,0.0,0.0,0.0
CLI018767,0.0,8.0,0.0,7.0,0.0
CLI018768,0.0,9.0,0.0,8.5,9.0
CLI018769,0.0,7.0,8.5,9.0,0.0
CLI018770,8.0,0.0,0.0,0.0,0.0
CLI018771,0.0,0.0,0.0,8.0,8.0
CLI018772,9.0,0.0,0.0,0.0,0.0
CLI018774,0.0,0.0,9.0,8.5,0.0
CLI018775,0.0,8.0,9.0,0.0,0.0
CLI018776,7.0,0.0,0.0,9.0,0.0
CLI018777,0.0,0.0,7.666666666666667,0.0,8.0
CLI018778,0.0,8.0,0.0,8.0,0.0
CLI018779,0.0,0.0,0.0,9.0,9.0
CLI018780,9.0,9.0,0.0,7.333333333333333,6.0
CLI018781,9.0,0.0,8.0,0.0,0.0
CLI018783,8.0,8.0,0.0,0.0,9.0
CLI018784,9.0,0.0,0.0,0.0,7.5
CLI018785,10.0,0.0,0.0,0.0,0.0
CLI018786,0.0,0.0,0.0,8.0,0.0
CLI018787,8.0,0.0,0.0,0.0,0.0
CLI018788,0.0,0.0,9.0,8.0,8.0
CLI018789,0.0,9.0,9.0,9.0,7.0
CLI018790,0.0,8.0,0.0,9.0,0.0
CLI018791,9.0,0.0,8.0,0.0,0.0
CLI018792,8.0,0.0,0.0,0.0,0.0
CLI018793,8.0,8.0,0.0,8.0,8.0
CLI018795,0.0,8.5,7.0,0.0,8.5
CLI018796,0.0,0.0,0.0,8.0,0.0
CLI018797,8.0,0.0,0.0,8.0,0.0
CLI018798,8.0,9.0,9.0,8.0,0.0
CLI018799,6.0,0.0,8.0,0.0,0.0
CLI018801,9.0,8.0,0.0,8.0,0.0
CLI018802,0.0,0.0,0.0,8.0,0.0
CLI018803,0.0,0.0,0.0,10.0,0.0
CLI018804,8.0,0.0,8.0,0.0,9.0
CLI018805,0.0,0.0,0.0,8.0,8.0
CLI018806,0.0,0.0,0.0,6.0,0.0
CLI018807,8.0,0.0,8.0,0.0,0.0
CLI018808,7.0,0.0,0.0,0.0,0.0
CLI018809,0.0,0.0,0.0,9.0,9.0
CLI018810,0.0,0.0,9.0,0.0,0.0
CLI018811,0.0,0.0,9.0,8.0,0.0
CLI018812,8.0,0.0,0.0,0.0,0.0
CLI018813,0.0,9.0,8.5,0.0,0.0
CLI018814,0.0,0.0,8.0,7.0,7.5
CLI018815,9.0,8.5,0.0,0.0,0.0
CLI018817,0.0,8.0,9.0,0.0,8.0
CLI018818,8.5,0.0,8.0,7.0,9.0
CLI018819,0.0,0.0,9.0,0.0,8.5
CLI018820,0.0,7.0,0.0,0.0,0.0
CLI018821,0.0,9.333333333333334,0.0,8.0,0.0
CLI018822,0.0,10.0,0.0,0.0,8.0
CLI018823,8.0,10.0,9.0,0.0,0.0
CLI018824,9.0,7.5,0.0,7.0,0.0
CLI018825,0.0,7.0,7.0,7.5,0.0
CLI018826,0.0,7.0,0.0,9.0,9.0
CLI018828,0.0,7.0,0.0,0.0,0.0
CLI018829,8.0,0.0,0.0,0.0,9.0
CLI018830,0.0,7.0,0.0,0.0,0.0
CLI018832,0.0,8.0,7.0,0.0,0.0
CLI018833,0.0,0.0,9.0,9.0,0.0
CLI018834,0.0,0.0,0.0,0.0,7.0
CLI018835,0.0,0.0,8.0,0.0,0.0
CLI018836,0.0,8.0,0.0,7.0,7.0
CLI018837,8.5,0.0,8.0,9.0,0.0
CLI018838,9.0,7.0,0.0,0.0,0.0
CLI018839,0.0,0.0,0.0,0.0,8.5
CLI018840,10.0,0.0,8.0,0.0,0.0
CLI018841,0.0,0.0,8.0,0.0,0.0
CLI018842,0.0,0.0,0.0,0.0,8.0
CLI018843,0.0,8.0,10.0,0.0,0.0
CLI018844,0.0,0.0,0.0,0.0,9.0
CLI018845,8.0,0.0,9.0,0.0,8.0
CLI018846,9.0,0.0,0.0,0.0,8.333333333333334
CLI018847,10.0,0.0,0.0,6.0,0.0
CLI018848,9.0,0.0,8.0,0.0,9.0
CLI018849,0.0,8.0,0.0,0.0,0.0
CLI018850,0.0,9.0,6.0,8.0,8.0
CLI018851,7.333333333333333,0.0,0.0,8.0,0.0
CLI018852,7.0,0.0,0.0,8.0,9.0
CLI018854,0.0,0.0,0.0,9.0,8.0
CLI018855,0.0,8.0,0.0,0.0,0.0
CLI018856,0.0,8.0,0.0,0.0,9.0
CLI018857,8.5,0.0,0.0,0.0,0.0
CLI018858,0.0,0.0,8.0,6.0,0.0
CLI018859,0.0,8.0,0.0,8.0,7.0
CLI018860,0.0,8.0,0.0,7.0,0.0
CLI018861,10.0,0.0,8.333333333333334,0.0,0.0
CLI018862,7.0,0.0,9.0,0.0,0.0
CLI018863,0.0,0.0,8.0,0.0,0.0
CLI018864,7.0,0.0,9.0,7.0,9.0
CLI018865,0.0,10.0,0.0,0.0,0.0
CLI018867,0.0,7.0,0.0,7.0,0.0
CLI018868,9.0,7.5,0.0,8.0,8.0
CLI018869,0.0,0.0,0.0,9.0,0.0
CLI018870,0.0,10.0,0.0,0.0,0.0
CLI018871,0.0,8.0,7.5,0.0,0.0
CLI018872,8.0,0.0,0.0,9.0,8.0
CLI018873,7.0,8.0,8.0,9.0,0.0
CLI018874,8.5,0.0,0.0,0.0,0.0
CLI018875,6.0,0.0,0.0,0.0,0.0
CLI018876,8.0,9.0,8.0,0.0,0.0
CLI018877,7.0,0.0,8.0,7.25,7.0
CLI018878,8.0,0.0,0.0,8.0,0.0
CLI018879,9.0,0.0,0.0,0.0,0.0
CLI018880,0.0,0.0,0.0,0.0,8.0
CLI018881,0.0,8.0,0.0,8.0,0.0
CLI018882,0.0,8.0,0.0,0.0,0.0
CLI018883,0.0,0.0,0.0,10.0,0.0
CLI018884,9.0,0.0,9.0,9.0,0.0
CLI018885,0.0,0.0,0.0,8.0,0.0
CLI018886,0.0,9.0,0.0,0.0,0.0
CLI018887,9.0,0.0,0.0,7.0,0.0
CLI018888,7.0,8.0,0.0,0.0,0.0
CLI018889,0.0,9.0,0.0,7.0,0.0
CLI018890,0.0,7.0,8.5,8.0,6.0
CLI018891,0.0,0.0,8.0,0.0,9.0
CLI018892,0.0,0.0,6.0,0.0,0.0
CLI018893,0.0,7.0,8.0,0.0,7.0
CLI018894,0.0,0.0,0.0,8.0,9.0
CLI018895,8.0,8.0,0.0,6.0,0.0
CLI018897,6.0,0.0,0.0,9.0,0.0
CLI018898,9.0,0.0,0.0,0.0,0.0
CLI018899,8.0,0.0,8.0,0.0,9.0
CLI018900,0.0,0.0,0.0,8.0,0.0
CLI018901,8.0,0.0,0.0,9.0,6.0
CLI018902,9.0,8.0,0.0,0.0,8.25
CLI018903,0.0,7.5,9.0,0.0,0.0
CLI018904,0.0,0.0,0.0,9.0,0.0
CLI018905,0.0,0.0,8.0,8.0,7.0
CLI018906,0.0,0.0,9.5,0.0,10.0
CLI018909,0.0,6.0,8.0,0.0,7.0
CLI018912,7.0,0.0,0.0,0.0,7.0
CLI018913,8.0,8.0,0.0,0.0,0.0
CLI018914,9.0,8.0,8.333333333333334,0.0,0.0
CLI018915,0.0,0.0,8.0,9.0,0.0
CLI018916,8.5,7.0,0.0,0.0,8.0
CLI018917,9.0,0.0,0.0,10.0,10.0
CLI018918,8.0,0.0,0.0,0.0,0.0
CLI018919,0.0,8.0,0.0,0.0,0.0
CLI018920,0.0,0.0,9.0,7.0,0.0
CLI018921,0.0,8.0,0.0,0.0,8.0
CLI018922,7.0,0.0,0.0,0.0,9.0
CLI018923,7.0,0.0,0.0,7.0,7.5
CLI018924,0.0,8.0,0.0,0.0,0.0
CLI018925,0.0,0.0,7.0,8.0,7.0
CLI018926,8.0,0.0,0.0,7.0,9.0
CLI018927,7.0,6.0,0.0,7.0,0.0
CLI018928,0.0,0.0,0.0,0.0,9.0
CLI018929,7.0,0.0,0.0,8.0,0.0
CLI018930,0.0,9.5,0.0,7.0,9.0
CLI018931,8.0,0.0,8.0,0.0,7.0
CLI018932,0.0,0.0,0.0,10.0,0.0
CLI018934,9.0,0.0,7.0,9.0,0.0
CLI018935,0.0,8.0,7.0,0.0,0.0
CLI018936,8.0,0.0,7.0,8.0,0.0
CLI018937,0.0,8.5,8.0,8.5,9.5
CLI018938,9.0,0.0,0.0,0.0,8.5
CLI018939,0.0,9.0,0.0,0.0,7.0
CLI018940,0.0,0.0,0.0,0.0,9.0
CLI018941,7.0,0.0,0.0,0.0,8.333333333333334
CLI018942,0.0,8.5,0.0,0.0,0.0
CLI018943,0.0,0.0,7.5,0.0,0.0
CLI018944,0.0,0.0,7.0,7.0,0.0
CLI018945,0.0,0.0,7.0,8.0,0.0
CLI018947,0.0,10.0,9.0,0.0,8.0
CLI018948,0.0,0.0,0.0,9.0,0.0
CLI018949,0.0,8.0,7.5,8.0,0.0
CLI018950,8.0,0.0,0.0,0.0,8.0
CLI018951,10.0,0.0,9.0,0.0,0.0
CLI018953,8.0,8.0,0.0,0.0,0.0
CLI018954,0.0,8.0,9.0,8.0,0.0
CLI018955,9.0,8.0,7.0,8.0,7.0
CLI018956,0.0,7.5,0.0,0.0,0.0
CLI018957,9.0,0.0,9.0,0.0,9.0
CLI018958,6.0,0.0,0.0,9.0,0.0
CLI018959,0.0,0.0,7.666666666666667,9.0,7.0
CLI018960,0.0,0.0,0.0,7.0,8.0
CLI018961,0.0,0.0,0.0,0.0,8.0
CLI018962,8.0,0.0,0.0,0.0,8.0
CLI018964,8.0,0.0,8.0,0.0,0.0
CLI018965,9.0,0.0,9.0,0.0,0.0
CLI018966,8.0,9.0,0.0,0.0,0.0
CLI018967,0.0,7.0,0.0,8.666666666666666,7.5
CLI018968,9.0,0.0,0.0,7.0,0.0
CLI018969,0.0,7.0,7.5,9.0,8.0
CLI018970,0.0,8.0,0.0,0.0,0.0
CLI018971,0.0,0.0,0.0,8.0,0.0
CLI018972,8.0,6.0,0.0,0.0,0.0
CLI018973,0.0,0.0,8.0,9.0,8.0
CLI018974,0.0,0.0,8.0,0.0,8.5
CLI018975,7.0,0.0,0.0,0.0,9.0
CLI018976,0.0,0.0,0.0,8.0,0.0
CLI018977,0.0,0.0,8.0,8.0,0.0
CLI018978,8.0,0.0,0.0,0.0,7.5
CLI018979,8.0,8.0,0.0,0.0,0.0
CLI018980,8.0,0.0,0.0,9.0,0.0
CLI018982,0.0,7.0,0.0,0.0,0.0
CLI018983,0.0,0.0,0.0,9.0,0.0
CLI018984,0.0,0.0,0.0,9.0,9.0
CLI018985,8.0,0.0,0.0,8.0,0.0
CLI018986,0.0,7.0,0.0,0.0,8.0
CLI018987,0.0,8.0,0.0,7.0,9.0
CLI018988,9.0,0.0,0.0,0.0,8.0
CLI018989,9.0,8.0,0.0,0.0,0.0
CLI018990,0.0,0.0,0.0,0.0,8.0
CLI018991,0.0,8.0,0.0,0.0,0.0
CLI018992,0.0,0.0,0.0,0.0,7.0
CLI018993,0.0,0.0,0.0,8.0,0.0
CLI018994,0.0,8.5,0.0,0.0,7.0
CLI018995,0.0,0.0,0.0,7.0,6.5
CLI018996,0.0,7.0,0.0,9.0,8.0
CLI018997,0.0,0.0,0.0,7.0,9.0
CLI018999,0.0,8.5,7.0,0.0,0.0
CLI019000,0.0,0.0,8.0,7.0,0.0
CLI019001,0.0,8.0,8.0,0.0,0.0
CLI019002,0.0,7.0,0.0,0.0,8.0
CLI019003,8.5,0.0,7.0,8.0,0.0
CLI019004,0.0,7.0,7.5,0.0,6.0
CLI019005,0.0,7.0,8.0,0.0,6.0
CLI019006,10.0,0.0,0.0,9.0,0.0
CLI019008,9.0,9.0,0.0,8.666666666666666,0.0
CLI019009,8.0,0.0,8.0,9.0,0.0
CLI019010,0.0,0.0,7.0,10.0,0.0
CLI019011,0.0,0.0,7.5,0.0,0.0
CLI019012,0.0,7.0,8.0,0.0,8.0
CLI019013,6.5,0.0,9.0,0.0,0.0
CLI019014,0.0,0.0,0.0,8.0,0.0
CLI019016,8.5,0.0,0.0,8.0,0.0
CLI019017,8.0,0.0,0.0,0.0,0.0
CLI019018,0.0,7.0,6.0,7.0,0.0
CLI019019,10.0,7.0,8.5,0.0,0.0
CLI019020,0.0,0.0,8.0,0.0,8.0
CLI019021,0.0,0.0,8.0,8.0,0.0
CLI019022,0.0,0.0,0.0,7.0,0.0
CLI019023,8.0,7.5,0.0,9.0,0.0
CLI019025,0.0,0.0,7.0,0.0,8.5
CLI019026,0.0,7.0,0.0,0.0,8.0
CLI019027,0.0,7.5,8.0,0.0,0.0
CLI019028,0.0,0.0,8.0,0.0,0.0
CLI019029,0.0,0.0,0.0,0.0,7.0
CLI019030,0.0,8.0,8.0,0.0,0.0
CLI019031,7.0,8.0,10.0,0.0,0.0
CLI019032,0.0,0.0,8.666666666666666,0.0,0.0
CLI019033,0.0,7.5,0.0,8.5,0.0
CLI019035,7.0,0.0,0.0,0.0,0.0
CLI019036,0.0,7.0,8.0,0.0,0.0
CLI019037,0.0,0.0,7.5,0.0,0.0
CLI019038,7.5,0.0,0.0,9.0,0.0
CLI019039,0.0,0.0,0.0,7.5,0.0
CLI019040,7.0,0.0,0.0,9.0,0.0
CLI019041,0.0,0.0,0.0,9.0,0.0
CLI019042,0.0,8.0,0.0,0.0,0.0
CLI019043,0.0,7.0,0.0,7.5,0.0
CLI019044,0.0,8.0,9.0,0.0,8.0
CLI019045,7.5,0.0,0.0,0.0,0.0
CLI019046,0.0,0.0,0.0,0.0,9.0
CLI019047,7.0,0.0,9.0,9.0,0.0
CLI019048,8.0,9.0,0.0,8.0,0.0
CLI019049,0.0,0.0,7.0,9.0,0.0
CLI019051,9.0,8.0,0.0,7.0,0.0
CLI019052,0.0,9.0,0.0,0.0,0.0
CLI019053,8.0,8.0,9.0,0.0,9.0
CLI019054,9.0,0.0,0.0,0.0,8.0
CLI019055,0.0,8.0,0.0,0.0,0.0
CLI019056,9.0,8.0,0.0,8.0,0.0
CLI019057,0.0,8.0,0.0,10.0,8.0
CLI019058,0.0,9.0,8.0,0.0,9.0
CLI019059,8.5,8.0,7.5,0.0,9.0
CLI019060,9.0,8.0,8.0,0.0,10.0
CLI019061,8.0,7.5,0.0,7.0,7.0
CLI019062,7.0,0.0,0.0,0.0,9.0
CLI019063,7.0,8.0,0.0,0.0,0.0
CLI019064,8.0,10.0,7.0,9.0,0.0
CLI019065,0.0,7.0,7.0,0.0,0.0
CLI019066,0.0,7.0,0.0,8.0,0.0
CLI019067,8.0,0.0,7.5,0.0,0.0
CLI019068,9.0,8.0,7.0,0.0,9.0
CLI019070,0.0,7.0,0.0,0.0,0.0
CLI019071,8.0,0.0,0.0,0.0,8.5
CLI019073,0.0,0.0,0.0,7.0,10.0
CLI019074,0.0,0.0,8.0,8.0,0.0
CLI019075,0.0,8.0,0.0,0.0,0.0
CLI019076,0.0,0.0,0.0,0.0,10.0
CLI019077,8.5,0.0,0.0,9.0,0.0
CLI019078,9.0,9.5,9.0,0.0,0.0
CLI019079,9.0,0.0,8.5,0.0,0.0
CLI019080,8.0,0.0,0.0,0.0,0.0
CLI019082,0.0,0.0,0.0,9.0,10.0
CLI019083,9.0,7.0,7.0,0.0,0.0
CLI019084,0.0,0.0,0.0,8.0,0.0
CLI019085,9.0,8.0,0.0,0.0,9.0
CLI019086,8.0,8.0,0.0,0.0,0.0
CLI019087,0.0,0.0,0.0,0.0,8.0
CLI019088,8.0,0.0,0.0,8.5,0.0
CLI019089,9.0,0.0,8.0,7.0,0.0
CLI019090,9.0,7.0,8.0,0.0,0.0
CLI019091,0.0,7.666666666666667,7.0,8.0,9.0
CLI019092,0.0,0.0,0.0,8.0,0.0
CLI019093,0.0,0.0,0.0,0.0,8.0
CLI019094,0.0,0.0,0.0,0.0,7.0
CLI019095,0.0,8.0,7.0,0.0,0.0
CLI019096,0.0,0.0,0.0,9.0,8.0
CLI019098,0.0,0.0,7.0,8.0,0.0
CLI019099,7.0,0.0,0.0,0.0,0.0
CLI019100,0.0,0.0,8.0,8.0,7.0
CLI019101,7.0,8.0,0.0,0.0,0.0
CLI019102,0.0,0.0,9.0,0.0,0.0
CLI019103,9.0,0.0,8.0,7.0,8.0
CLI019104,0.0,0.0,0.0,9.5,0.0
CLI019105,0.0,0.0,7.0,10.0,0.0
CLI019107,8.0,0.0,8.0,7.0,8.0
CLI019108,7.0,7.5,0.0,6.0,7.0
CLI019109,0.0,0.0,8.0,8.0,0.0
CLI019111,8.0,0.0,8.0,0.0,0.0
CLI019112,0.0,0.0,0.0,6.5,8.0
CLI019113,9.0,0.0,0.0,0.0,8.5
CLI019114,0.0,7.666666666666667,9.0,8.0,7.0
CLI019115,6.0,0.0,8.0,0.0,0.0
CLI019116,0.0,9.0,0.0,0.0,9.0
CLI019117,8.0,0.0,0.0,0.0,0.0
CLI019118,0.0,0.0,0.0,9.0,0.0
CLI019119,8.0,0.0,0.0,0.0,7.0
CLI019120,0.0,9.0,0.0,7.0,0.0
CLI019121,0.0,0.0,0.0,0.0,8.0
CLI019122,0.0,9.0,7.0,0.0,0.0
CLI019123,8.0,9.0,0.0,0.0,0.0
CLI019125,0.0,0.0,0.0,8.0,0.0
CLI019126,0.0,0.0,7.0,0.0,0.0
CLI019127,0.0,9.0,0.0,0.0,0.0
CLI019129,0.0,9.0,0.0,7.0,8.0
CLI019131,8.0,0.0,0.0,0.0,0.0
CLI019132,9.0,7.0,8.0,7.0,0.0
CLI019133,0.0,0.0,7.0,0.0,8.0
CLI019134,0.0,0.0,0.0,0.0,9.0
CLI019135,6.0,0.0,0.0,0.0,8.0
CLI019136,0.0,0.0,9.0,0.0,7.0
CLI019137,8.0,0.0,0.0,8.0,10.0
CLI019138,8.5,7.0,9.0,0.0,0.0
CLI019139,9.5,9.0,0.0,8.0,8.0
CLI019140,9.0,0.0,7.0,0.0,0.0
CLI019141,0.0,9.0,0.0,0.0,0.0
CLI019142,9.0,0.0,0.0,10.0,8.0
CLI019143,0.0,0.0,0.0,0.0,8.0
CLI019144,8.0,7.0,8.0,0.0,0.0
CLI019145,0.0,9.0,0.0,0.0,0.0
CLI019146,8.0,8.0,0.0,8.0,8.5
CLI019147,7.0,0.0,8.0,9.0,0.0
CLI019148,7.0,10.0,0.0,8.0,0.0
CLI019149,0.0,0.0,0.0,0.0,7.5
CLI019150,7.0,0.0,7.0,0.0,9.0
CLI019151,0.0,10.0,0.0,10.0,0.0
CLI019153,0.0,0.0,0.0,0.0,8.0
CLI019154,0.0,8.5,0.0,0.0,0.0
CLI019156,0.0,9.0,0.0,10.0,0.0
CLI019157,0.0,0.0,0.0,7.0,0.0
CLI019158,8.5,0.0,0.0,0.0,0.0
CLI019159,0.0,0.0,0.0,0.0,8.0
CLI019161,6.0,0.0,8.0,0.0,0.0
CLI019162,0.0,0.0,0.0,0.0,7.0
CLI019163,0.0,0.0,0.0,0.0,7.5
CLI019165,0.0,0.0,0.0,9.0,7.0
CLI019166,9.0,0.0,0.0,0.0,0.0
CLI019167,9.0,0.0,0.0,0.0,0.0
CLI019168,7.5,0.0,0.0,0.0,0.0
CLI019169,0.0,0.0,7.0,0.0,7.0
CLI019170,9.0,0.0,0.0,0.0,8.0
CLI019171,10.0,0.0,8.5,0.0,0.0
CLI019172,0.0,0.0,0.0,8.0,0.0
CLI019173,7.0,8.0,8.0,0.0,9.0
CLI019174,7.0,0.0,0.0,0.0,0.0
CLI019175,8.0,0.0,0.0,0.0,8.0
CLI019176,8.0,0.0,0.0,0.0,7.0
CLI019177,8.0,8.0,0.0,9.0,0.0
CLI019178,0.0,8.0,9.0,7.0,0.0
CLI019179,8.0,8.0,0.0,0.0,0.0
CLI019180,0.0,0.0,8.5,8.0,0.0
CLI019181,0.0,8.0,0.0,0.0,7.5
CLI019182,0.0,10.0,0.0,0.0,9.0
CLI019183,0.0,0.0,0.0,8.0,0.0
CLI019185,0.0,8.0,7.0,0.0,0.0
CLI019186,10.0,0.0,0.0,0.0,7.0
CLI019187,0.0,7.0,0.0,0.0,0.0
CLI019188,9.0,0.0,0.0,0.0,8.0
CLI019190,8.0,0.0,0.0,9.0,0.0
CLI019191,0.0,9.0,7.0,0.0,0.0
CLI019192,8.0,0.0,0.0,9.0,8.0
CLI019193,7.0,0.0,0.0,8.0,0.0
CLI019194,9.0,8.0,0.0,0.0,0.0
CLI019195,0.0,0.0,0.0,9.0,9.0
CLI019200,0.0,8.0,0.0,0.0,0.0
CLI019201,8.0,0.0,0.0,0.0,8.0
CLI019202,8.5,0.0,7.0,7.0,8.0
CLI019203,0.0,7.0,0.0,0.0,0.0
CLI019204,0.0,8.0,0.0,0.0,0.0
CLI019205,0.0,9.0,0.0,0.0,8.0
CLI019206,8.0,0.0,0.0,0.0,8.0
CLI019207,0.0,0.0,7.0,0.0,0.0
CLI019208,0.0,0.0,9.0,9.333333333333334,9.0
CLI019209,0.0,0.0,0.0,0.0,8.0
CLI019210,9.0,7.5,7.0,0.0,0.0
CLI019211,7.0,0.0,9.0,7.0,0.0
CLI019212,10.0,0.0,0.0,8.0,8.0
CLI019213,8.0,0.0,0.0,0.0,9.0
CLI019214,9.0,0.0,8.0,0.0,6.0
CLI019215,0.0,0.0,7.0,0.0,0.0
CLI019216,0.0,0.0,0.0,10.0,0.0
CLI019217,8.0,0.0,8.333333333333334,0.0,0.0
CLI019218,0.0,8.0,0.0,8.0,7.0
CLI019219,0.0,0.0,0.0,0.0,9.0
CLI019220,0.0,0.0,0.0,8.0,8.0
CLI019221,0.0,0.0,0.0,8.0,0.0
CLI019222,0.0,8.0,0.0,0.0,7.0
CLI019223,8.0,0.0,0.0,0.0,0.0
CLI019224,7.0,0.0,0.0,0.0,7.0
CLI019225,0.0,0.0,0.0,0.0,10.0
CLI019226,0.0,8.0,7.0,0.0,8.333333333333334
CLI019227,0.0,0.0,9.0,7.5,0.0
CLI019228,0.0,7.0,0.0,0.0,0.0
CLI019229,7.0,0.0,0.0,0.0,8.0
CLI019230,0.0,0.0,8.0,0.0,0.0
CLI019231,0.0,7.0,9.0,0.0,0.0
CLI019234,0.0,0.0,8.0,0.0,8.5
CLI019235,0.0,0.0,0.0,8.0,0.0
CLI019236,7.0,0.0,0.0,0.0,0.0
CLI019237,0.0,0.0,0.0,0.0,9.0
CLI019238,0.0,0.0,0.0,0.0,9.0
CLI019239,8.0,8.0,0.0,0.0,0.0
CLI019240,8.0,0.0,0.0,0.0,8.0
CLI019241,0.0,0.0,0.0,0.0,7.0
CLI019242,8.0,0.0,9.0,0.0,0.0
CLI019243,0.0,0.0,0.0,0.0,9.0
CLI019244,0.0,8.0,0.0,9.0,6.0
CLI019245,0.0,0.0,0.0,8.0,9.0
CLI019246,8.0,0.0,0.0,9.0,0.0
CLI019247,0.0,0.0,8.333333333333334,0.0,8.0
CLI019248,9.0,8.0,0.0,8.0,9.0
CLI019249,0.0,0.0,0.0,9.0,9.0
CLI019250,9.0,0.0,8.0,0.0,8.0
CLI019251,0.0,9.0,8.0,0.0,7.0
CLI019252,0.0,0.0,0.0,8.0,0.0
CLI019254,7.5,0.0,7.666666666666667,9.0,8.0
CLI019255,10.0,0.0,0.0,0.0,0.0
CLI019256,0.0,0.0,0.0,8.0,0.0
CLI019257,9.5,0.0,9.0,0.0,0.0
CLI019258,0.0,0.0,0.0,0.0,8.0
CLI019259,0.0,0.0,7.5,8.0,0.0
CLI019260,8.0,8.5,0.0,7.0,7.0
CLI019262,0.0,0.0,0.0,0.0,7.0
CLI019263,8.0,0.0,0.0,8.5,0.0
CLI019264,0.0,9.0,0.0,0.0,0.0
CLI019265,9.0,0.0,0.0,0.0,0.0
CLI019266,0.0,0.0,0.0,0.0,8.0
CLI019267,9.0,0.0,0.0,0.0,8.0
CLI019268,0.0,7.0,0.0,9.0,0.0
CLI019269,0.0,8.0,8.333333333333334,0.0,9.0
CLI019270,0.0,0.0,8.0,0.0,0.0
CLI019271,7.0,8.0,8.0,9.0,0.0
CLI019272,0.0,8.0,8.5,8.0,8.0
CLI019273,10.0,0.0,0.0,8.0,8.0
CLI019274,0.0,8.0,9.0,0.0,10.0
CLI019275,0.0,0.0,0.0,0.0,7.0
CLI019276,7.0,8.0,8.0,0.0,8.0
CLI019277,0.0,7.0,9.0,0.0,0.0
CLI019279,0.0,0.0,0.0,0.0,10.0
CLI019280,8.0,0.0,8.0,7.0,0.0
CLI019281,8.5,0.0,0.0,9.0,0.0
CLI019282,0.0,0.0,10.0,0.0,0.0
CLI019283,0.0,0.0,0.0,0.0,8.0
CLI019284,0.0,7.0,0.0,0.0,8.0
CLI019285,0.0,0.0,9.0,8.0,0.0
CLI019286,0.0,0.0,7.0,0.0,0.0
CLI019287,0.0,7.0,10.0,7.0,0.0
CLI019288,0.0,0.0,7.0,0.0,0.0
CLI019289,8.0,0.0,0.0,0.0,0.0
CLI019290,8.0,8.0,8.5,0.0,0.0
CLI019292,0.0,7.5,0.0,0.0,8.0
CLI019293,8.0,0.0,0.0,0.0,0.0
CLI019294,10.0,0.0,0.0,9.0,9.0
CLI019295,0.0,0.0,0.0,7.5,8.0
CLI019296,0.0,7.75,9.0,0.0,0.0
CLI019297,0.0,0.0,0.0,0.0,10.0
CLI019298,0.0,7.0,0.0,9.0,8.0
CLI019299,8.0,8.0,0.0,0.0,0.0
CLI019300,0.0,7.0,0.0,0.0,0.0
CLI019301,0.0,8.0,0.0,0.0,8.0
CLI019302,7.0,0.0,0.0,0.0,9.0
CLI019303,8.0,0.0,0.0,0.0,0.0
CLI019305,9.0,0.0,0.0,9.0,7.0
CLI019306,0.0,8.0,8.0,0.0,0.0
CLI019307,7.0,6.0,9.0,0.0,0.0
CLI019308,0.0,0.0,0.0,8.0,0.0
CLI019310,0.0,7.0,10.0,7.0,0.0
CLI019311,9.0,0.0,6.0,0.0,0.0
CLI019312,0.0,0.0,0.0,7.0,7.0
CLI019313,0.0,7.0,8.0,0.0,7.0
CLI019314,7.0,8.0,8.0,8.0,0.0
CLI019315,0.0,8.5,9.0,0.0,0.0
CLI019316,0.0,0.0,9.0,7.0,9.0
CLI019317,0.0,0.0,0.0,7.0,0.0
CLI019318,0.0,7.0,8.0,0.0,8.0
CLI019319,7.0,7.0,0.0,8.0,0.0
CLI019320,0.0,0.0,6.0,0.0,0.0
CLI019321,8.5,7.0,6.0,8.0,8.0
CLI019322,8.0,0.0,9.0,8.0,7.0
CLI019323,8.0,0.0,9.0,0.0,7.0
CLI019324,9.0,8.0,0.0,0.0,9.0
CLI019325,0.0,0.0,0.0,8.0,0.0
CLI019326,8.0,7.0,0.0,0.0,8.0
CLI019327,0.0,9.0,0.0,7.0,9.0
CLI019328,0.0,8.0,0.0,0.0,0.0
CLI019329,8.0,8.0,0.0,7.0,8.0
CLI019330,9.0,8.0,0.0,0.0,0.0
CLI019331,0.0,8.0,0.0,0.0,0.0
CLI019332,7.5,0.0,0.0,0.0,0.0
CLI019333,0.0,9.0,0.0,0.0,9.0
CLI019334,8.0,0.0,7.5,0.0,7.0
CLI019335,10.0,8.0,9.0,0.0,0.0
CLI019336,0.0,9.0,0.0,7.0,0.0
CLI019337,0.0,0.0,0.0,9.0,0.0
CLI019338,8.5,0.0,0.0,0.0,8.0
CLI019339,0.0,8.0,8.0,0.0,10.0
CLI019340,0.0,7.0,8.0,8.0,7.0
CLI019341,0.0,0.0,10.0,0.0,8.5
CLI019342,0.0,8.0,0.0,0.0,0.0
CLI019343,0.0,7.5,0.0,0.0,10.0
CLI019344,0.0,0.0,10.0,0.0,0.0
CLI019345,0.0,7.0,6.5,0.0,0.0
CLI019347,0.0,0.0,8.0,0.0,0.0
CLI019348,0.0,8.0,0.0,0.0,8.333333333333334
CLI019349,7.666666666666667,0.0,0.0,0.0,0.0
CLI019351,7.5,0.0,8.0,7.0,0.0
CLI019352,9.0,10.0,0.0,7.0,0.0
CLI019353,0.0,8.0,0.0,7.0,7.0
CLI019355,0.0,8.0,9.0,0.0,0.0
CLI019356,0.0,0.0,8.0,7.5,0.0
CLI019357,0.0,0.0,0.0,9.0,0.0
CLI019358,0.0,0.0,0.0,8.0,0.0
CLI019359,0.0,9.0,8.0,7.5,0.0
CLI019360,0.0,9.0,8.0,10.0,9.0
CLI019361,8.0,0.0,9.0,7.5,8.0
CLI019362,0.0,7.0,8.5,0.0,0.0
CLI019363,8.0,0.0,0.0,0.0,0.0
CLI019364,7.0,0.0,8.0,8.0,0.0
CLI019365,0.0,0.0,0.0,0.0,10.0
CLI019366,0.0,0.0,8.0,9.0,0.0
CLI019367,9.0,9.0,7.0,8.0,0.0
CLI019368,8.0,0.0,0.0,9.0,8.0
CLI019369,0.0,7.0,8.0,0.0,0.0
CLI019370,9.0,7.0,0.0,8.0,0.0
CLI019371,9.0,7.0,0.0,9.0,7.0
CLI019372,0.0,7.0,8.0,0.0,8.5
CLI019373,7.0,8.0,0.0,0.0,9.0
CLI019374,0.0,8.0,0.0,0.0,8.5
CLI019375,8.0,0.0,0.0,7.0,0.0
CLI019376,0.0,9.0,8.0,8.0,7.0
CLI019377,0.0,0.0,9.0,0.0,0.0
CLI019378,8.0,7.0,0.0,0.0,0.0
CLI019379,0.0,8.0,7.5,8.0,0.0
CLI019380,8.0,8.0,0.0,8.0,0.0
CLI019381,0.0,7.0,0.0,0.0,0.0
CLI019382,9.0,0.0,0.0,9.0,0.0
CLI019383,0.0,0.0,7.0,0.0,0.0
CLI019384,0.0,0.0,9.0,0.0,7.0
CLI019385,8.0,0.0,7.0,0.0,0.0
CLI019387,9.0,0.0,0.0,8.0,8.0
CLI019388,9.5,0.0,0.0,7.0,0.0
CLI019389,9.0,7.0,0.0,0.0,0.0
CLI019391,8.0,0.0,9.0,0.0,6.0
CLI019392,0.0,0.0,8.333333333333334,0.0,0.0
CLI019393,0.0,9.0,0.0,0.0,0.0
CLI019394,8.5,8.0,8.0,8.0,8.0
CLI019395,0.0,7.0,0.0,8.0,8.0
CLI019396,7.0,8.0,8.5,9.0,9.0
CLI019397,9.0,0.0,0.0,0.0,0.0
CLI019399,8.0,8.0,0.0,0.0,0.0
CLI019400,0.0,0.0,0.0,0.0,8.0
CLI019401,8.0,0.0,0.0,7.0,7.5
CLI019402,0.0,9.0,0.0,0.0,9.0
CLI019403,9.0,8.0,0.0,0.0,7.0
CLI019404,7.0,0.0,7.0,0.0,9.0
CLI019405,0.0,0.0,0.0,10.0,0.0
CLI019406,9.0,0.0,7.0,0.0,0.0
CLI019407,8.0,0.0,0.0,8.0,0.0
CLI019408,0.0,0.0,9.0,10.0,7.0
CLI019409,7.0,0.0,0.0,10.0,0.0
CLI019410,8.0,0.0,0.0,8.0,0.0
CLI019411,0.0,9.0,0.0,8.0,0.0
CLI019412,0.0,0.0,0.0,8.0,0.0
CLI019413,0.0,0.0,0.0,8.0,0.0
CLI019414,0.0,0.0,9.0,0.0,9.0
CLI019415,7.0,0.0,0.0,0.0,0.0
CLI019416,0.0,9.0,8.0,0.0,8.0
CLI019417,9.0,6.0,0.0,0.0,10.0
CLI019418,0.0,6.0,0.0,0.0,8.0
CLI019420,0.0,6.0,8.0,0.0,0.0
CLI019421,0.0,0.0,0.0,0.0,7.5
CLI019422,9.0,0.0,0.0,6.0,8.0
CLI019423,0.0,0.0,8.0,0.0,8.0
CLI019424,7.0,0.0,7.25,0.0,0.0
CLI019425,0.0,0.0,0.0,7.0,0.0
CLI019426,0.0,0.0,0.0,0.0,9.0
CLI019427,0.0,7.5,0.0,9.0,0.0
CLI019428,9.0,0.0,9.0,0.0,7.0
CLI019429,0.0,8.5,8.0,9.0,8.0
CLI019430,8.0,0.0,8.0,0.0,0.0
CLI019431,8.0,0.0,8.0,8.0,8.0
CLI019432,0.0,0.0,7.0,8.0,8.0
CLI019433,0.0,8.0,7.0,8.0,0.0
CLI019434,0.0,8.0,0.0,0.0,0.0
CLI019435,7.0,0.0,8.5,0.0,7.0
CLI019436,0.0,8.0,0.0,0.0,0.0
CLI019437,0.0,0.0,7.5,8.5,0.0
CLI019438,0.0,8.0,0.0,0.0,7.333333333333333
CLI019439,7.0,0.0,0.0,0.0,7.0
CLI019440,0.0,0.0,0.0,8.0,8.0
CLI019443,7.0,7.0,0.0,8.0,10.0
CLI019444,0.0,8.5,8.0,0.0,9.0
CLI019445,0.0,8.0,0.0,9.0,0.0
CLI019447,7.0,0.0,0.0,0.0,8.0
CLI019448,0.0,7.0,8.0,0.0,0.0
CLI019449,8.0,10.0,7.0,0.0,8.0
CLI019450,0.0,0.0,8.0,0.0,0.0
CLI019451,0.0,8.0,7.0,8.0,0.0
CLI019452,0.0,7.0,0.0,0.0,0.0
CLI019453,7.0,7.0,8.0,7.0,0.0
CLI019454,0.0,7.0,8.0,0.0,0.0
CLI019455,9.0,0.0,9.0,0.0,0.0
CLI019456,0.0,8.0,0.0,0.0,0.0
CLI019457,10.0,0.0,9.0,0.0,10.0
CLI019458,0.0,0.0,8.0,0.0,0.0
CLI019459,0.0,8.0,0.0,0.0,7.0
CLI019460,0.0,8.0,0.0,0.0,0.0
CLI019461,0.0,0.0,9.0,0.0,0.0
CLI019462,6.0,0.0,8.0,8.0,0.0
CLI019463,0.0,0.0,0.0,8.0,9.0
CLI019464,0.0,0.0,9.0,7.0,10.0
CLI019465,0.0,0.0,8.0,9.0,0.0
CLI019466,0.0,0.0,0.0,0.0,7.0
CLI019467,8.0,7.0,0.0,0.0,0.0
CLI019468,8.0,0.0,0.0,8.0,7.0
CLI019469,0.0,0.0,0.0,9.0,8.0
CLI019470,0.0,0.0,8.0,7.5,0.0
CLI019471,0.0,0.0,9.0,0.0,0.0
CLI019472,7.0,7.0,0.0,0.0,0.0
CLI019473,0.0,0.0,9.0,0.0,0.0
CLI019474,9.0,0.0,0.0,0.0,0.0
CLI019475,0.0,0.0,0.0,0.0,7.0
CLI019476,8.0,0.0,0.0,0.0,0.0
CLI019477,9.0,0.0,0.0,0.0,0.0
CLI019478,0.0,0.0,0.0,0.0,8.0
CLI019479,0.0,0.0,7.0,0.0,0.0
CLI019480,0.0,0.0,9.0,0.0,0.0
CLI019481,0.0,9.0,9.0,0.0,9.5
CLI019482,0.0,7.5,8.0,0.0,8.0
CLI019484,0.0,0.0,0.0,8.0,9.0
CLI019486,7.0,0.0,0.0,0.0,0.0
CLI019487,0.0,7.5,7.0,0.0,9.0
CLI019489,0.0,7.0,8.0,0.0,0.0
CLI019490,0.0,8.0,0.0,0.0,8.0
CLI019491,8.0,0.0,0.0,0.0,10.0
CLI019492,0.0,9.0,0.0,0.0,7.0
CLI019493,0.0,8.0,10.0,9.0,0.0
CLI019494,8.5,10.0,0.0,0.0,0.0
CLI019495,8.0,8.0,0.0,8.0,8.0
CLI019496,9.0,0.0,7.0,0.0,0.0
CLI019497,0.0,0.0,0.0,0.0,8.0
CLI019498,9.0,7.0,0.0,0.0,0.0
CLI019499,7.0,8.0,0.0,9.0,0.0
CLI019500,9.0,7.0,7.5,9.0,0.0
CLI019501,10.0,8.0,7.0,0.0,0.0
CLI019503,8.0,9.0,9.0,0.0,8.0
CLI019504,8.0,9.0,10.0,0.0,0.0
CLI019505,0.0,9.0,0.0,0.0,0.0
CLI019506,0.0,0.0,7.0,0.0,8.0
CLI019507,9.0,0.0,8.0,0.0,8.5
CLI019508,6.0,9.5,0.0,8.0,0.0
CLI019509,0.0,0.0,0.0,0.0,8.0
CLI019510,9.0,8.0,6.0,0.0,0.0
CLI019511,0.0,10.0,0.0,0.0,0.0
CLI019512,0.0,0.0,7.0,0.0,0.0
CLI019513,9.0,0.0,9.0,9.0,0.0
CLI019514,0.0,0.0,0.0,7.0,0.0
CLI019515,0.0,0.0,9.0,9.0,8.0
CLI019516,0.0,0.0,0.0,8.0,8.0
CLI019517,0.0,0.0,8.0,8.0,0.0
CLI019518,0.0,8.0,9.0,0.0,0.0
CLI019519,0.0,9.0,0.0,8.0,0.0
CLI019520,8.0,0.0,0.0,0.0,0.0
CLI019521,7.0,8.0,0.0,8.0,7.0
CLI019522,0.0,9.0,8.0,0.0,0.0
CLI019523,7.0,9.0,0.0,8.0,0.0
CLI019524,7.0,0.0,0.0,0.0,8.0
CLI019525,8.0,8.0,0.0,0.0,0.0
CLI019526,0.0,7.0,0.0,8.0,8.0
CLI019528,0.0,10.0,0.0,0.0,0.0
CLI019529,0.0,0.0,0.0,0.0,7.0
CLI019530,10.0,0.0,7.0,0.0,7.0
CLI019531,0.0,0.0,9.0,0.0,0.0
CLI019534,0.0,7.0,0.0,8.0,0.0
CLI019535,9.0,9.5,0.0,0.0,0.0
CLI019536,0.0,0.0,8.0,9.0,7.0
CLI019537,8.0,0.0,0.0,0.0,0.0
CLI019539,0.0,0.0,0.0,0.0,9.0
CLI019541,0.0,0.0,9.0,8.0,8.0
CLI019542,0.0,0.0,9.0,0.0,9.0
CLI019543,9.0,0.0,8.0,7.0,7.25
CLI019544,9.0,0.0,9.0,0.0,8.5
CLI019546,0.0,0.0,0.0,0.0,7.0
CLI019547,0.0,0.0,7.0,0.0,0.0
CLI019548,0.0,9.0,0.0,7.0,0.0
CLI019549,9.0,0.0,8.0,0.0,9.0
CLI019550,9.0,0.0,0.0,0.0,0.0
CLI019551,0.0,8.0,7.0,0.0,9.0
CLI019552,0.0,9.0,9.0,0.0,0.0
CLI019553,0.0,8.0,0.0,7.0,0.0
CLI019554,9.0,0.0,0.0,0.0,7.5
CLI019555,0.0,7.0,0.0,0.0,8.0
CLI019556,0.0,0.0,0.0,7.0,0.0
CLI019557,7.5,0.0,9.0,7.0,0.0
CLI019558,0.0,0.0,0.0,8.0,9.0
CLI019559,0.0,7.0,0.0,0.0,0.0
CLI019560,0.0,0.0,7.0,8.0,0.0
CLI019561,6.0,9.0,0.0,7.5,10.0
CLI019562,8.0,0.0,9.0,0.0,0.0
CLI019564,0.0,8.0,9.0,7.0,8.0
CLI019566,0.0,0.0,7.5,0.0,0.0
CLI019567,0.0,6.0,0.0,9.0,8.0
CLI019568,0.0,8.5,8.5,0.0,0.0
CLI019570,0.0,9.0,0.0,8.0,10.0
CLI019571,8.333333333333334,0.0,0.0,0.0,7.0
CLI019572,9.0,0.0,8.5,8.0,9.0
CLI019573,9.0,8.5,0.0,9.0,9.0
CLI019574,0.0,0.0,0.0,6.0,0.0
CLI019575,8.0,8.0,0.0,0.0,8.25
CLI019576,9.0,0.0,0.0,0.0,0.0
CLI019577,0.0,8.0,0.0,0.0,7.5
CLI019578,0.0,0.0,0.0,8.0,8.0
CLI019579,9.0,0.0,0.0,0.0,0.0
CLI019580,0.0,0.0,0.0,8.5,0.0
CLI019581,9.0,0.0,0.0,0.0,0.0
CLI019582,0.0,7.0,0.0,0.0,0.0
CLI019583,0.0,0.0,0.0,0.0,8.0
CLI019585,0.0,0.0,0.0,0.0,8.0
CLI019586,0.0,7.0,0.0,0.0,0.0
CLI019587,0.0,9.0,0.0,9.0,0.0
CLI019588,9.0,9.0,0.0,0.0,0.0
CLI019589,9.0,0.0,0.0,8.0,0.0
CLI019590,0.0,7.5,0.0,0.0,0.0
CLI019591,8.5,9.0,7.0,9.0,0.0
CLI019592,0.0,0.0,0.0,0.0,8.0
CLI019593,9.5,0.0,0.0,7.0,0.0
CLI019594,9.0,0.0,0.0,0.0,7.0
CLI019595,0.0,8.0,0.0,8.0,0.0
CLI019596,0.0,8.0,0.0,9.0,0.0
CLI019597,0.0,0.0,8.5,0.0,0.0
CLI019598,0.0,7.0,8.0,0.0,9.0
CLI019599,8.0,0.0,0.0,7.0,8.0
CLI019600,0.0,0.0,9.0,0.0,7.0
CLI019601,0.0,0.0,0.0,0.0,9.0
CLI019602,8.0,9.0,0.0,0.0,0.0
CLI019603,0.0,0.0,0.0,9.0,0.0
CLI019605,9.0,8.0,0.0,0.0,0.0
CLI019606,0.0,0.0,9.0,0.0,7.0
CLI019607,8.0,7.0,8.0,0.0,0.0
CLI019608,0.0,0.0,0.0,0.0,8.0
CLI019609,0.0,0.0,0.0,0.0,7.0
CLI019610,0.0,0.0,0.0,0.0,9.0
CLI019611,0.0,8.0,0.0,7.0,9.0
CLI019612,0.0,0.0,0.0,7.0,7.0
CLI019613,9.0,0.0,7.0,0.0,0.0
CLI019614,8.0,0.0,0.0,0.0,0.0
CLI019616,0.0,9.0,0.0,0.0,9.0
CLI019617,8.0,0.0,0.0,0.0,7.0
CLI019618,0.0,7.0,10.0,7.0,0.0
CLI019619,6.0,0.0,0.0,0.0,0.0
CLI019620,0.0,0.0,8.0,0.0,0.0
CLI019621,0.0,0.0,9.0,8.0,8.0
CLI019622,9.0,8.0,8.0,0.0,9.0
CLI019623,0.0,6.0,8.5,0.0,0.0
CLI019624,7.0,8.0,7.0,7.5,0.0
CLI019625,0.0,7.5,0.0,9.0,0.0
CLI019626,0.0,8.5,0.0,0.0,0.0
CLI019627,0.0,0.0,8.0,9.0,0.0
CLI019628,8.0,0.0,0.0,0.0,8.0
CLI019629,0.0,0.0,0.0,8.0,7.5
CLI019630,7.0,0.0,7.0,8.0,0.0
CLI019631,0.0,9.0,0.0,0.0,0.0
CLI019632,0.0,0.0,8.0,9.0,9.0
CLI019633,0.0,8.0,0.0,0.0,8.0
CLI019634,7.0,0.0,0.0,0.0,8.0
CLI019635,10.0,10.0,0.0,0.0,9.0
CLI019636,8.0,0.0,8.0,8.0,0.0
CLI019637,7.0,0.0,8.0,8.0,9.0
CLI019638,8.0,0.0,0.0,8.0,0.0
CLI019639,9.0,7.0,8.0,8.0,0.0
CLI019640,0.0,0.0,0.0,7.0,0.0
CLI019642,0.0,0.0,0.0,0.0,9.0
CLI019643,0.0,9.0,0.0,0.0,8.0
CLI019644,8.0,0.0,0.0,0.0,0.0
CLI019645,8.0,7.0,6.0,0.0,0.0
CLI019646,0.0,0.0,9.0,0.0,0.0
CLI019647,0.0,9.0,0.0,0.0,9.0
CLI019648,0.0,0.0,0.0,0.0,7.0
CLI019649,0.0,7.0,0.0,8.0,7.0
CLI019650,0.0,7.0,9.0,7.0,0.0
CLI019651,0.0,0.0,9.0,0.0,0.0
CLI019652,0.0,0.0,0.0,8.5,6.0
CLI019653,0.0,8.0,0.0,9.0,9.5
CLI019654,7.0,8.0,0.0,10.0,7.0
CLI019655,0.0,8.0,0.0,7.0,0.0
CLI019656,0.0,9.0,8.0,0.0,0.0
CLI019657,9.0,0.0,0.0,0.0,0.0
CLI019658,0.0,7.0,0.0,9.0,0.0
CLI019659,0.0,8.0,8.0,7.0,8.0
CLI019660,0.0,0.0,0.0,6.0,0.0
CLI019661,0.0,6.0,7.0,8.0,8.0
CLI019662,0.0,0.0,0.0,7.0,0.0
CLI019663,0.0,0.0,10.0,0.0,8.0
CLI019664,8.0,9.0,0.0,7.0,0.0
CLI019665,0.0,8.0,7.0,0.0,10.0
CLI019666,0.0,0.0,8.5,8.0,8.0
CLI019667,8.0,0.0,8.0,7.0,0.0
CLI019668,0.0,0.0,0.0,8.0,8.5
CLI019669,0.0,0.0,7.666666666666667,7.0,0.0
CLI019670,0.0,0.0,8.0,0.0,0.0
CLI019671,0.0,0.0,0.0,9.0,0.0
CLI019672,0.0,0.0,8.5,0.0,0.0
CLI019673,0.0,0.0,0.0,9.0,9.0
CLI019674,0.0,0.0,9.0,0.0,0.0
CLI019675,0.0,7.0,0.0,0.0,0.0
CLI019676,8.5,9.0,0.0,0.0,0.0
CLI019677,0.0,9.0,0.0,0.0,8.0
CLI019678,0.0,0.0,0.0,8.5,0.0
CLI019679,9.0,7.0,0.0,8.0,0.0
CLI019680,8.0,0.0,7.0,0.0,8.0
CLI019681,8.0,10.0,0.0,9.0,8.0
CLI019682,8.0,0.0,0.0,8.0,9.0
CLI019683,8.5,0.0,0.0,0.0,0.0
CLI019684,8.5,0.0,0.0,10.0,0.0
CLI019685,0.0,0.0,0.0,9.0,8.5
CLI019686,0.0,0.0,7.0,8.0,8.0
CLI019687,8.0,0.0,7.0,0.0,0.0
CLI019688,0.0,8.0,0.0,0.0,0.0
CLI019689,0.0,0.0,0.0,7.0,0.0
CLI019690,7.0,9.0,0.0,8.0,8.0
CLI019691,0.0,7.333333333333333,0.0,0.0,9.0
CLI019692,8.0,0.0,0.0,0.0,8.0
CLI019693,0.0,8.0,8.0,0.0,10.0
CLI019694,0.0,7.0,0.0,0.0,7.5
CLI019695,0.0,7.0,8.0,0.0,8.333333333333334
CLI019696,0.0,0.0,0.0,0.0,8.0
CLI019697,0.0,7.0,0.0,0.0,0.0
CLI019698,0.0,0.0,9.0,8.0,8.0
CLI019699,8.0,0.0,8.0,7.0,0.0
CLI019700,0.0,0.0,8.0,0.0,9.0
CLI019701,8.0,0.0,0.0,0.0,0.0
CLI019702,7.0,0.0,0.0,0.0,7.0
CLI019703,9.0,9.0,0.0,8.5,0.0
CLI019704,0.0,7.5,8.333333333333334,0.0,0.0
CLI019705,8.0,0.0,8.0,0.0,0.0
CLI019706,0.0,0.0,8.0,7.5,0.0
CLI019708,8.0,6.0,0.0,9.0,0.0
CLI019709,0.0,0.0,7.0,0.0,0.0
CLI019710,0.0,0.0,8.0,0.0,6.0
CLI019711,0.0,8.0,7.0,8.0,0.0
CLI019712,0.0,8.0,0.0,8.0,0.0
CLI019713,9.0,0.0,0.0,0.0,0.0
CLI019714,0.0,0.0,8.0,0.0,8.5
CLI019717,7.0,0.0,0.0,8.0,8.0
CLI019718,8.0,0.0,0.0,8.0,8.0
CLI019719,0.0,8.0,7.0,8.0,7.0
CLI019720,0.0,8.0,0.0,0.0,9.0
CLI019721,7.0,8.0,0.0,0.0,0.0
CLI019722,8.0,8.333333333333334,0.0,8.0,10.0
CLI019724,6.0,0.0,0.0,0.0,7.0
CLI019726,8.0,0.0,9.0,0.0,10.0
CLI019727,8.0,0.0,8.0,8.0,0.0
CLI019728,0.0,8.0,0.0,0.0,0.0
CLI019729,0.0,0.0,0.0,0.0,8.0
CLI019731,0.0,0.0,8.5,8.0,0.0
CLI019732,0.0,0.0,8.0,0.0,0.0
CLI019733,0.0,0.0,7.0,9.0,0.0
CLI019734,0.0,0.0,9.0,8.0,0.0
CLI019736,7.0,0.0,8.0,8.5,0.0
CLI019737,0.0,0.0,8.0,0.0,0.0
CLI019738,0.0,7.0,6.0,0.0,0.0
CLI019739,8.0,0.0,9.0,7.5,0.0
CLI019740,0.0,0.0,8.25,9.0,0.0
CLI019741,8.0,0.0,0.0,0.0,0.0
CLI019742,0.0,7.0,0.0,8.5,0.0
CLI019743,0.0,9.0,0.0,8.0,8.0
CLI019745,0.0,7.0,0.0,0.0,7.5
CLI019746,8.5,0.0,0.0,0.0,8.5
CLI019749,0.0,0.0,0.0,0.0,8.0
CLI019750,8.5,0.0,9.0,0.0,0.0
CLI019751,0.0,0.0,0.0,0.0,7.0
CLI019752,0.0,7.0,9.0,0.0,0.0
CLI019753,8.0,7.5,0.0,0.0,0.0
CLI019754,0.0,0.0,0.0,0.0,8.5
CLI019755,0.0,0.0,8.0,7.0,0.0
CLI019757,0.0,9.0,8.0,8.0,9.0
CLI019759,0.0,0.0,7.0,0.0,0.0
CLI019760,0.0,9.0,8.0,7.5,8.0
CLI019761,0.0,9.0,0.0,0.0,0.0
CLI019762,0.0,0.0,0.0,7.0,8.0
CLI019763,0.0,0.0,0.0,7.0,0.0
CLI019764,0.0,0.0,0.0,9.0,0.0
CLI019765,0.0,9.0,0.0,0.0,0.0
CLI019766,0.0,10.0,9.0,9.0,0.0
CLI019767,8.0,0.0,0.0,7.0,0.0
CLI019768,8.0,0.0,0.0,0.0,0.0
CLI019769,0.0,7.0,0.0,0.0,7.5
CLI019770,0.0,0.0,9.0,6.0,0.0
CLI019771,7.0,0.0,0.0,9.0,9.0
CLI019772,0.0,7.0,0.0,8.0,0.0
CLI019773,8.0,9.0,0.0,9.0,8.5
CLI019774,6.0,8.0,0.0,0.0,8.0
CLI019775,10.0,9.0,8.0,0.0,9.0
CLI019776,9.0,0.0,8.0,0.0,0.0
CLI019777,0.0,0.0,9.0,6.0,0.0
CLI019778,8.333333333333334,0.0,0.0,9.0,0.0
CLI019779,9.0,9.0,0.0,9.0,0.0
CLI019780,8.0,0.0,0.0,8.0,8.0
CLI019781,8.0,8.0,8.0,9.0,7.0
CLI019782,0.0,7.0,0.0,0.0,9.0
CLI019783,0.0,8.0,0.0,9.0,7.0
CLI019784,7.0,8.5,0.0,0.0,0.0
CLI019785,0.0,7.0,0.0,0.0,0.0
CLI019786,0.0,0.0,8.0,0.0,0.0
CLI019787,0.0,8.0,0.0,0.0,8.0
CLI019788,0.0,0.0,7.0,0.0,0.0
CLI019789,8.0,0.0,0.0,0.0,9.0
CLI019790,9.0,0.0,7.0,10.0,0.0
CLI019791,0.0,7.0,9.0,8.0,7.0
CLI019792,7.0,7.0,8.0,0.0,0.0
CLI019793,0.0,0.0,8.5,9.0,8.0
CLI019794,0.0,0.0,9.0,0.0,0.0
CLI019795,0.0,0.0,0.0,0.0,7.0
CLI019796,0.0,0.0,8.75,8.0,0.0
CLI019797,0.0,9.0,0.0,9.0,0.0
CLI019798,6.0,0.0,0.0,0.0,0.0
CLI019799,0.0,0.0,9.0,9.0,0.0
CLI019800,0.0,7.5,0.0,0.0,7.0
CLI019801,0.0,8.0,0.0,8.0,0.0
CLI019803,0.0,8.0,7.0,9.0,0.0
CLI019804,8.5,8.0,0.0,0.0,0.0
CLI019805,0.0,0.0,0.0,0.0,7.0
CLI019806,7.0,0.0,0.0,0.0,0.0
CLI019807,0.0,7.0,8.0,7.5,0.0
CLI019808,0.0,0.0,9.0,8.0,7.666666666666667
CLI019809,0.0,7.0,0.0,9.0,0.0
CLI019810,0.0,0.0,0.0,7.5,9.0
CLI019811,8.0,0.0,0.0,0.0,8.0
CLI019812,7.0,0.0,8.0,7.0,0.0
CLI019813,8.0,0.0,0.0,9.0,0.0
CLI019814,9.0,0.0,0.0,7.0,0.0
CLI019815,9.0,8.0,0.0,9.0,0.0
CLI019816,8.0,0.0,9.0,9.0,0.0
CLI019817,8.0,0.0,0.0,0.0,0.0
CLI019818,8.0,0.0,7.5,0.0,0.0
CLI019819,9.0,0.0,8.0,8.0,0.0
CLI019820,8.0,0.0,0.0,8.0,0.0
CLI019821,0.0,0.0,8.0,9.0,9.0
CLI019822,8.0,9.0,8.0,10.0,0.0
CLI019823,8.5,0.0,0.0,8.666666666666666,6.0
CLI019824,0.0,0.0,0.0,0.0,9.0
CLI019825,0.0,0.0,0.0,0.0,7.0
CLI019826,7.5,0.0,6.0,0.0,8.0
CLI019827,7.0,9.0,7.0,8.0,0.0
CLI019828,0.0,0.0,0.0,6.0,0.0
CLI019829,9.0,0.0,0.0,0.0,0.0
CLI019830,9.0,0.0,9.0,0.0,0.0
CLI019831,0.0,0.0,0.0,8.0,0.0
CLI019832,0.0,6.0,0.0,7.5,0.0
CLI019833,0.0,0.0,0.0,7.0,0.0
CLI019834,0.0,0.0,0.0,0.0,7.5
CLI019835,0.0,0.0,0.0,8.0,0.0
CLI019836,0.0,0.0,8.0,0.0,8.333333333333334
CLI019837,0.0,0.0,8.0,8.0,0.0
CLI019839,9.0,0.0,0.0,0.0,9.0
CLI019840,8.0,0.0,0.0,0.0,8.0
CLI019841,8.0,9.0,0.0,0.0,0.0
CLI019842,8.0,0.0,0.0,8.0,8.0
CLI019843,0.0,0.0,0.0,0.0,7.0
CLI019844,0.0,0.0,7.0,0.0,0.0
CLI019845,0.0,7.0,10.0,0.0,9.0
CLI019846,0.0,7.666666666666667,7.5,8.0,0.0
CLI019847,0.0,8.0,9.0,0.0,8.0
CLI019848,8.0,7.0,0.0,0.0,0.0
CLI019850,0.0,8.0,9.0,0.0,0.0
CLI019851,0.0,0.0,9.0,0.0,0.0
CLI019852,0.0,9.5,8.0,0.0,9.0
CLI019853,0.0,0.0,9.0,9.0,0.0
CLI019854,0.0,0.0,8.0,0.0,7.0
CLI019855,8.0,0.0,8.0,0.0,9.0
CLI019856,0.0,8.0,0.0,8.0,8.0
CLI019857,0.0,0.0,0.0,9.0,7.0
CLI019858,0.0,0.0,9.0,7.0,9.0
CLI019859,0.0,8.0,7.0,9.0,0.0
CLI019860,0.0,0.0,9.0,0.0,8.0
CLI019861,7.5,0.0,0.0,0.0,0.0
CLI019862,9.0,0.0,7.666666666666667,0.0,8.0
CLI019863,0.0,8.0,0.0,0.0,0.0
CLI019864,0.0,0.0,9.0,0.0,8.0
CLI019865,0.0,0.0,0.0,0.0,9.0
CLI019866,0.0,0.0,9.0,0.0,0.0
CLI019867,0.0,7.0,0.0,8.0,0.0
CLI019868,0.0,8.0,0.0,8.0,0.0
CLI019869,0.0,8.0,0.0,0.0,0.0
CLI019870,0.0,0.0,7.0,0.0,0.0
CLI019871,0.0,10.0,8.0,10.0,7.0
CLI019872,0.0,8.5,0.0,0.0,0.0
CLI019873,6.0,9.0,7.0,0.0,0.0
CLI019874,0.0,8.0,0.0,10.0,0.0
CLI019875,0.0,0.0,7.0,0.0,8.0
CLI019876,0.0,0.0,0.0,8.0,0.0
CLI019877,0.0,8.0,0.0,8.0,7.5
CLI019878,0.0,0.0,0.0,8.0,0.0
CLI019879,9.0,0.0,0.0,0.0,0.0
CLI019880,9.0,0.0,7.0,8.0,0.0
CLI019881,8.0,0.0,8.0,8.0,0.0
CLI019882,0.0,0.0,0.0,0.0,8.5
CLI019883,9.0,0.0,0.0,0.0,0.0
CLI019884,7.0,9.0,0.0,0.0,0.0
CLI019885,9.0,0.0,0.0,0.0,0.0
CLI019887,0.0,0.0,8.0,8.0,0.0
CLI019888,8.0,9.0,0.0,0.0,0.0
CLI019889,8.0,0.0,0.0,0.0,0.0
CLI019890,8.0,8.0,8.0,0.0,8.0
CLI019891,0.0,0.0,0.0,0.0,8.5
CLI019892,0.0,0.0,8.0,0.0,8.0
CLI019893,0.0,0.0,7.0,8.0,0.0
CLI019894,0.0,0.0,10.0,8.0,9.0
CLI019895,8.0,0.0,0.0,0.0,0.0
CLI019896,10.0,0.0,0.0,0.0,0.0
CLI019897,8.0,0.0,0.0,0.0,0.0
CLI019898,0.0,0.0,8.0,0.0,0.0
CLI019899,0.0,0.0,0.0,7.666666666666667,0.0
CLI019900,7.0,8.0,6.0,0.0,7.0
CLI019901,0.0,0.0,0.0,0.0,7.0
CLI019902,0.0,0.0,0.0,0.0,8.0
CLI019903,8.5,9.0,7.0,0.0,0.0
CLI019904,0.0,7.0,0.0,0.0,8.0
CLI019905,0.0,0.0,9.0,0.0,0.0
CLI019906,0.0,0.0,0.0,9.0,0.0
CLI019907,7.0,0.0,0.0,8.5,7.0
CLI019908,0.0,8.0,7.0,0.0,8.0
CLI019909,0.0,0.0,9.0,0.0,0.0
CLI019910,0.0,7.0,0.0,0.0,0.0
CLI019911,0.0,0.0,8.0,0.0,0.0
CLI019912,0.0,0.0,9.0,0.0,0.0
CLI019913,0.0,0.0,0.0,0.0,8.0
CLI019914,9.0,0.0,7.0,7.5,9.0
CLI019915,0.0,8.0,8.0,0.0,7.0
CLI019916,0.0,9.0,0.0,9.5,0.0
CLI019917,6.0,10.0,0.0,0.0,9.0
CLI019919,8.0,0.0,0.0,0.0,0.0
CLI019921,0.0,0.0,0.0,0.0,8.0
CLI019922,6.0,0.0,0.0,8.5,9.0
CLI019924,8.0,7.0,0.0,9.0,0.0
CLI019925,0.0,8.0,8.5,0.0,0.0
CLI019926,0.0,8.0,8.0,8.0,0.0
CLI019927,0.0,8.0,0.0,0.0,9.0
CLI019928,0.0,7.0,0.0,8.0,8.0
CLI019929,8.0,8.0,8.0,0.0,10.0
CLI019930,0.0,0.0,8.0,0.0,7.0
CLI019931,9.0,9.0,0.0,10.0,0.0
CLI019932,0.0,0.0,7.0,0.0,0.0
CLI019933,0.0,0.0,9.0,0.0,0.0
CLI019934,7.0,8.333333333333334,8.0,7.5,0.0
CLI019935,9.0,0.0,9.0,8.0,8.0
CLI019937,0.0,7.5,8.5,0.0,0.0
CLI019938,0.0,7.0,0.0,0.0,0.0
CLI019939,8.0,0.0,0.0,0.0,9.0
CLI019940,9.0,0.0,0.0,0.0,7.0
CLI019941,0.0,0.0,9.0,7.0,0.0
CLI019942,0.0,0.0,7.0,0.0,0.0
CLI019943,0.0,9.5,0.0,8.0,0.0
CLI019944,8.0,0.0,7.5,0.0,0.0
CLI019945,7.5,0.0,0.0,9.0,0.0
CLI019946,7.0,0.0,6.0,0.0,0.0
CLI019947,0.0,6.0,0.0,0.0,8.0
CLI019948,0.0,0.0,9.0,0.0,8.0
CLI019950,0.0,6.0,0.0,0.0,0.0
CLI019951,0.0,10.0,8.0,0.0,0.0
CLI019952,8.0,0.0,9.0,0.0,7.5
CLI019953,9.0,6.0,0.0,0.0,0.0
CLI019954,0.0,0.0,8.0,8.0,9.0
CLI019955,7.0,8.0,9.0,0.0,0.0
CLI019956,9.0,8.0,8.0,8.333333333333334,7.0
CLI019957,0.0,7.0,0.0,9.0,7.0
CLI019958,8.0,0.0,8.0,0.0,0.0
CLI019959,7.0,8.0,8.0,0.0,0.0
CLI019960,7.0,7.0,0.0,8.5,7.5
CLI019961,9.0,0.0,0.0,0.0,8.0
CLI019962,0.0,8.0,9.0,7.0,9.0
CLI019963,0.0,0.0,7.0,0.0,0.0
CLI019964,8.0,0.0,7.0,0.0,0.0
CLI019965,8.0,0.0,0.0,0.0,7.0
CLI019966,0.0,0.0,0.0,0.0,9.0
CLI019967,0.0,8.25,7.0,0.0,10.0
CLI019968,0.0,8.0,0.0,0.0,8.0
CLI019969,7.0,0.0,0.0,8.0,0.0
CLI019970,8.5,0.0,0.0,7.5,10.0
CLI019971,8.0,0.0,0.0,10.0,0.0
CLI019972,9.0,8.0,0.0,0.0,7.0
CLI019973,0.0,9.0,0.0,7.0,0.0
CLI019974,9.0,0.0,0.0,8.0,0.0
CLI019975,0.0,8.0,8.0,0.0,0.0
CLI019976,0.0,0.0,8.0,0.0,8.0
CLI019977,9.0,0.0,0.0,10.0,8.0
CLI019978,0.0,8.0,8.0,0.0,0.0
CLI019979,0.0,0.0,0.0,7.0,8.0
CLI019980,7.0,0.0,0.0,0.0,0.0
CLI019981,8.0,0.0,0.0,0.0,8.0
CLI019982,0.0,0.0,0.0,7.5,0.0
CLI019983,0.0,0.0,8.0,0.0,0.0
CLI019984,9.0,0.0,0.0,0.0,8.0
CLI019985,0.0,8.0,7.0,9.0,0.0
CLI019986,0.0,0.0,9.0,7.333333333333333,0.0
CLI019987,8.0,0.0,0.0,0.0,0.0
CLI019988,8.0,0.0,9.0,0.0,9.0
CLI019989,0.0,0.0,7.0,0.0,7.0
CLI019990,8.0,8.5,0.0,7.0,0.0
CLI019991,0.0,8.5,0.0,8.0,0.0
CLI019992,0.0,0.0,0.0,0.0,7.666666666666667
CLI019993,8.0,8.0,9.0,6.0,6.0
CLI019994,0.0,6.0,0.0,8.333333333333334,8.0
CLI019995,0.0,8.0,0.0,8.0,0.0
CLI019996,0.0,0.0,9.0,0.0,0.0
CLI019997,0.0,0.0,0.0,0.0,10.0
CLI019999,0.0,10.0,10.0,0.0,0.0
CLI020001,8.0,8.0,9.0,8.0,0.0
CLI020002,0.0,7.0,0.0,8.0,0.0
CLI020003,0.0,8.0,0.0,8.0,0.0
CLI020005,7.0,0.0,0.0,0.0,7.666666666666667
CLI020006,9.0,0.0,0.0,0.0,7.5
CLI020007,9.0,0.0,0.0,0.0,0.0
CLI020008,0.0,0.0,7.0,0.0,10.0
CLI020009,0.0,0.0,0.0,0.0,9.0
CLI020010,9.0,0.0,0.0,0.0,0.0
CLI020011,0.0,0.0,0.0,9.0,6.0
CLI020012,8.0,0.0,9.0,9.0,7.5
CLI020013,0.0,0.0,9.0,7.5,0.0
CLI020014,8.0,0.0,0.0,8.0,0.0
CLI020015,8.0,8.0,0.0,0.0,0.0
CLI020016,8.0,0.0,0.0,0.0,0.0
CLI020017,9.0,0.0,0.0,0.0,8.0
CLI020018,0.0,0.0,0.0,0.0,8.0
CLI020019,10.0,0.0,0.0,0.0,0.0
CLI020020,0.0,0.0,8.5,0.0,0.0
CLI020022,0.0,7.5,0.0,8.5,9.0
CLI020023,8.0,0.0,9.0,0.0,0.0
CLI020024,0.0,0.0,9.0,8.0,0.0
CLI020025,0.0,0.0,7.0,0.0,8.0
CLI020026,0.0,6.0,0.0,0.0,7.0
CLI020027,0.0,0.0,0.0,0.0,9.0
CLI020028,0.0,8.0,7.0,8.5,0.0
CLI020030,8.0,10.0,0.0,0.0,0.0
CLI020031,0.0,0.0,0.0,0.0,7.5
CLI020032,7.0,0.0,0.0,7.0,7.0
CLI020033,0.0,0.0,7.0,0.0,0.0
CLI020034,0.0,0.0,6.0,0.0,0.0
CLI020035,0.0,8.5,9.0,7.0,0.0
CLI020036,8.0,0.0,0.0,0.0,8.5
CLI020037,7.0,0.0,8.0,0.0,7.0
CLI020038,0.0,0.0,9.0,0.0,7.0
CLI020039,0.0,0.0,9.0,0.0,0.0
CLI020040,0.0,8.5,8.0,8.0,0.0
CLI020041,9.0,9.0,0.0,0.0,7.0
CLI020042,0.0,0.0,0.0,9.0,9.0
CLI020043,7.5,8.0,0.0,8.0,0.0
CLI020044,0.0,7.0,0.0,0.0,0.0
CLI020045,9.0,6.0,0.0,0.0,8.0
CLI020046,8.0,8.5,0.0,0.0,6.0
CLI020047,0.0,0.0,8.5,0.0,0.0
CLI020048,8.0,0.0,0.0,0.0,0.0
CLI020049,9.0,0.0,7.0,0.0,0.0
CLI020050,8.0,0.0,0.0,6.5,8.5
CLI020051,0.0,0.0,0.0,0.0,8.0
CLI020052,8.0,0.0,8.0,8.0,0.0
CLI020053,8.0,0.0,0.0,0.0,8.0
CLI020054,9.0,9.0,8.0,0.0,0.0
CLI020055,0.0,8.0,0.0,0.0,8.0
CLI020056,0.0,0.0,7.0,0.0,0.0
CLI020057,7.0,0.0,9.0,0.0,0.0
CLI020059,0.0,0.0,9.0,8.0,10.0
CLI020060,0.0,0.0,10.0,0.0,8.0
CLI020061,0.0,9.0,8.0,0.0,0.0
CLI020062,0.0,0.0,0.0,8.25,0.0
CLI020063,0.0,9.0,9.0,9.0,0.0
CLI020064,0.0,7.5,0.0,0.0,0.0
CLI020065,0.0,0.0,0.0,0.0,9.0
CLI020066,0.0,0.0,0.0,9.0,8.0
CLI020067,0.0,0.0,7.0,0.0,0.0
CLI020068,0.0,0.0,9.0,8.0,8.0
CLI020069,7.0,0.0,0.0,0.0,0.0
CLI020070,0.0,0.0,8.0,0.0,0.0
CLI020071,0.0,0.0,0.0,7.5,8.0
CLI020072,0.0,0.0,8.0,0.0,0.0
CLI020073,0.0,8.0,0.0,8.0,0.0
CLI020074,0.0,7.0,8.0,8.5,0.0
CLI020075,0.0,0.0,9.5,9.0,9.0
CLI020076,9.0,8.0,0.0,8.0,0.0
CLI020077,0.0,9.0,7.0,0.0,0.0
CLI020078,0.0,10.0,6.0,0.0,0.0
CLI020079,7.0,10.0,0.0,0.0,0.0
CLI020080,0.0,9.0,0.0,8.0,8.0
CLI020082,9.0,7.0,0.0,0.0,0.0
CLI020083,0.0,8.0,0.0,8.0,0.0
CLI020084,0.0,8.333333333333334,8.0,0.0,0.0
CLI020086,8.0,0.0,0.0,0.0,8.0
CLI020087,7.0,8.0,8.0,0.0,9.0
CLI020088,8.0,0.0,8.5,0.0,8.0
CLI020089,7.0,0.0,9.0,0.0,0.0
CLI020090,0.0,0.0,0.0,9.0,9.0
CLI020091,8.0,0.0,8.0,10.0,7.0
CLI020092,7.0,0.0,0.0,0.0,8.0
CLI020093,9.0,7.0,9.0,0.0,10.0
CLI020094,9.0,0.0,0.0,0.0,0.0
CLI020095,0.0,0.0,8.0,0.0,0.0
CLI020096,0.0,9.0,9.0,0.0,8.0
CLI020097,0.0,0.0,7.0,9.0,6.0
CLI020098,8.0,8.0,0.0,0.0,0.0
CLI020099,9.0,0.0,0.0,0.0,0.0
CLI020100,7.0,0.0,0.0,0.0,8.0
CLI020101,9.0,0.0,0.0,0.0,8.0
CLI020102,0.0,0.0,0.0,0.0,8.0
CLI020103,0.0,9.0,7.0,0.0,8.333333333333334
CLI020104,0.0,0.0,0.0,0.0,7.0
CLI020105,9.0,0.0,0.0,8.0,0.0
CLI020106,0.0,0.0,8.0,0.0,7.0
CLI020108,7.0,8.0,0.0,0.0,0.0
CLI020109,9.0,0.0,0.0,0.0,0.0
CLI020111,9.0,9.0,0.0,7.5,0.0
CLI020112,0.0,0.0,0.0,7.5,8.0
CLI020113,9.0,0.0,7.0,0.0,8.0
CLI020114,0.0,9.0,0.0,0.0,0.0
CLI020115,8.5,9.0,0.0,8.0,0.0
CLI020116,0.0,9.0,8.0,0.0,7.0
CLI020119,0.0,0.0,8.0,0.0,0.0
CLI020120,0.0,0.0,0.0,9.0,0.0
CLI020122,0.0,0.0,0.0,0.0,7.0
CLI020123,7.0,9.0,0.0,8.0,8.0
CLI020124,6.5,0.0,0.0,8.0,0.0
CLI020125,8.0,0.0,0.0,10.0,7.0
CLI020126,0.0,10.0,9.0,8.0,0.0
CLI020127,0.0,0.0,0.0,7.0,9.0
CLI020128,8.0,0.0,0.0,10.0,0.0
CLI020129,9.0,0.0,8.5,8.0,0.0
CLI020130,0.0,0.0,0.0,0.0,8.0
CLI020131,0.0,10.0,0.0,0.0,0.0
CLI020132,8.0,0.0,8.333333333333334,0.0,7.0
CLI020133,7.0,0.0,0.0,9.0,0.0
CLI020134,9.0,0.0,9.0,0.0,7.0
CLI020135,8.0,0.0,0.0,0.0,9.0
CLI020136,9.0,0.0,7.0,0.0,8.0
CLI020137,0.0,0.0,8.0,0.0,0.0
CLI020138,8.0,9.0,0.0,0.0,0.0
CLI020139,0.0,0.0,7.0,8.0,0.0
CLI020140,0.0,0.0,0.0,9.0,0.0
CLI020141,0.0,10.0,0.0,0.0,0.0
CLI020143,0.0,8.5,7.0,0.0,0.0
CLI020144,9.0,0.0,8.333333333333334,8.5,0.0
CLI020145,7.0,0.0,8.0,0.0,7.0
CLI020146,0.0,7.0,8.0,8.0,0.0
CLI020147,0.0,8.5,0.0,0.0,9.0
CLI020148,0.0,0.0,0.0,7.0,0.0
CLI020149,0.0,0.0,0.0,0.0,7.0
CLI020150,0.0,9.0,0.0,0.0,7.0
CLI020151,0.0,7.0,0.0,0.0,0.0
CLI020152,9.0,0.0,0.0,10.0,0.0
CLI020153,0.0,7.0,0.0,0.0,7.0
CLI020154,0.0,0.0,8.0,9.5,0.0
CLI020155,0.0,0.0,7.5,9.0,9.0
CLI020156,0.0,0.0,0.0,10.0,0.0
CLI020157,7.5,0.0,0.0,8.0,0.0
CLI020158,0.0,7.0,0.0,8.0,0.0
CLI020159,0.0,7.0,0.0,8.0,0.0
CLI020160,0.0,9.0,0.0,9.0,0.0
CLI020161,0.0,9.5,0.0,0.0,6.0
CLI020162,0.0,0.0,8.0,8.0,0.0
CLI020163,0.0,8.0,0.0,0.0,9.0
CLI020164,8.0,0.0,0.0,0.0,0.0
CLI020165,9.0,0.0,8.0,7.0,0.0
CLI020166,0.0,0.0,8.0,0.0,8.0
CLI020168,0.0,7.0,9.0,9.0,0.0
CLI020169,0.0,8.0,0.0,8.0,8.0
CLI020170,0.0,9.0,0.0,0.0,8.0
CLI020171,0.0,0.0,0.0,0.0,7.0
CLI020172,8.0,9.0,0.0,9.0,0.0
CLI020173,9.0,9.0,0.0,8.0,9.0
CLI020174,0.0,8.0,0.0,0.0,0.0
CLI020175,9.0,8.0,7.0,0.0,0.0
CLI020176,8.0,0.0,8.0,0.0,0.0
CLI020177,8.0,0.0,7.0,0.0,7.0
CLI020178,8.5,9.0,0.0,0.0,9.0
CLI020179,0.0,0.0,8.0,0.0,0.0
CLI020180,0.0,7.0,8.333333333333334,9.0,0.0
CLI020182,8.0,0.0,0.0,0.0,0.0
CLI020183,0.0,9.0,0.0,7.0,0.0
CLI020184,0.0,0.0,6.0,9.0,0.0
CLI020185,9.0,0.0,9.0,0.0,0.0
CLI020186,0.0,9.0,10.0,8.0,0.0
CLI020187,0.0,0.0,9.0,9.0,0.0
CLI020188,0.0,0.0,8.0,7.0,0.0
CLI020189,0.0,9.0,9.0,0.0,9.0
CLI020190,0.0,0.0,0.0,7.0,8.5
CLI020192,0.0,8.666666666666666,9.0,0.0,0.0
CLI020193,0.0,0.0,8.0,8.0,8.0
CLI020195,9.0,8.0,0.0,8.0,0.0
CLI020196,0.0,9.0,0.0,0.0,0.0
CLI020197,8.0,0.0,8.0,0.0,7.0
CLI020198,0.0,8.0,0.0,0.0,0.0
CLI020199,0.0,0.0,0.0,0.0,9.0
CLI020200,0.0,8.0,7.0,8.0,0.0
CLI020201,0.0,0.0,8.0,0.0,0.0
CLI020202,7.5,8.0,9.0,0.0,7.0
CLI020203,0.0,7.0,7.0,8.0,8.0
CLI020204,0.0,0.0,8.0,0.0,9.0
CLI020205,0.0,8.5,0.0,0.0,8.0
CLI020206,7.5,0.0,8.0,7.0,0.0
CLI020207,0.0,0.0,8.0,0.0,7.0
CLI020208,0.0,0.0,0.0,9.0,0.0
CLI020209,0.0,9.0,0.0,8.0,9.0
CLI020210,8.0,0.0,10.0,6.0,0.0
CLI020211,8.5,0.0,7.0,7.5,0.0
CLI020212,0.0,0.0,9.0,0.0,9.0
CLI020213,8.0,8.0,0.0,0.0,9.0
CLI020214,0.0,9.0,0.0,0.0,7.0
CLI020215,8.0,9.0,8.0,0.0,0.0
CLI020216,0.0,0.0,9.0,0.0,0.0
CLI020217,0.0,0.0,0.0,7.0,0.0
CLI020218,6.5,0.0,0.0,10.0,0.0
CLI020219,9.0,0.0,7.0,8.0,0.0
CLI020220,8.0,8.0,0.0,7.0,0.0
CLI020221,0.0,9.0,8.0,0.0,0.0
CLI020222,0.0,8.0,8.0,0.0,0.0
CLI020223,0.0,0.0,9.0,0.0,8.0
CLI020224,8.0,0.0,8.0,0.0,0.0
CLI020225,7.5,0.0,0.0,8.0,0.0
CLI020226,0.0,8.0,0.0,9.0,0.0
CLI020227,7.0,8.0,0.0,0.0,8.0
CLI020228,0.0,7.5,8.0,0.0,0.0
CLI020229,7.0,8.0,0.0,7.5,9.0
CLI020230,0.0,8.0,0.0,0.0,0.0
CLI020231,0.0,8.0,0.0,0.0,0.0
CLI020232,0.0,7.333333333333333,0.0,0.0,8.0
CLI020233,0.0,0.0,0.0,0.0,10.0
CLI020234,8.5,0.0,0.0,8.0,0.0
CLI020236,0.0,7.5,0.0,0.0,0.0
CLI020237,0.0,8.0,8.5,7.0,0.0
CLI020238,0.0,7.0,0.0,0.0,8.0
CLI020240,0.0,0.0,0.0,9.0,0.0
CLI020241,0.0,9.0,0.0,0.0,0.0
CLI020243,0.0,0.0,0.0,7.0,0.0
CLI020244,7.333333333333333,7.0,0.0,8.0,8.5
CLI020245,0.0,0.0,8.0,0.0,0.0
CLI020246,0.0,8.0,10.0,0.0,8.0
CLI020247,0.0,9.0,0.0,8.0,8.0
CLI020249,0.0,0.0,9.0,0.0,0.0
CLI020250,0.0,8.0,9.0,8.0,8.0
CLI020251,0.0,9.0,0.0,0.0,0.0
CLI020253,7.0,0.0,0.0,0.0,0.0
CLI020254,8.75,7.0,8.5,8.0,0.0
CLI020255,0.0,8.0,0.0,0.0,0.0
CLI020256,0.0,0.0,8.0,0.0,0.0
CLI020257,0.0,8.0,7.0,0.0,0.0
CLI020258,0.0,8.0,7.0,0.0,0.0
CLI020259,0.0,0.0,0.0,8.0,0.0
CLI020260,0.0,0.0,0.0,8.0,0.0
CLI020261,7.0,0.0,0.0,7.0,7.0
CLI020262,0.0,0.0,0.0,8.0,8.333333333333334
CLI020263,0.0,0.0,7.0,9.0,0.0
CLI020264,0.0,8.0,0.0,0.0,0.0
CLI020265,8.0,0.0,0.0,0.0,0.0
CLI020266,8.0,0.0,8.0,0.0,0.0
CLI020267,9.0,9.0,0.0,8.0,8.0
CLI020268,8.0,0.0,7.0,0.0,0.0
CLI020269,8.0,8.0,9.5,8.0,0.0
CLI020270,8.5,0.0,0.0,8.0,0.0
CLI020271,0.0,0.0,0.0,8.0,10.0
CLI020273,0.0,0.0,0.0,0.0,8.0
CLI020274,0.0,10.0,0.0,0.0,0.0
CLI020276,0.0,10.0,8.0,0.0,0.0
CLI020277,9.0,0.0,0.0,0.0,9.0
CLI020280,8.0,7.0,0.0,9.0,0.0
CLI020281,0.0,10.0,8.0,0.0,0.0
CLI020282,8.5,0.0,0.0,0.0,0.0
CLI020283,8.0,7.0,9.0,10.0,0.0
CLI020284,6.0,7.0,0.0,6.0,0.0
CLI020285,9.0,8.0,9.0,0.0,8.0
CLI020287,0.0,9.0,0.0,0.0,0.0
CLI020288,9.0,9.0,8.0,8.0,8.0
CLI020289,0.0,0.0,0.0,10.0,0.0
CLI020290,0.0,0.0,0.0,0.0,9.0
CLI020291,8.0,0.0,0.0,0.0,8.0
CLI020292,8.0,0.0,9.0,8.0,0.0
CLI020293,0.0,8.0,0.0,10.0,0.0
CLI020294,0.0,9.0,8.0,8.5,9.0
CLI020295,0.0,0.0,0.0,0.0,9.0
CLI020296,0.0,0.0,8.0,0.0,0.0
CLI020297,8.0,0.0,8.5,8.0,8.0
CLI020298,8.0,0.0,0.0,7.5,0.0
CLI020299,8.5,8.0,0.0,7.0,9.5
CLI020300,0.0,8.0,9.0,0.0,0.0
CLI020301,0.0,8.0,0.0,0.0,0.0
CLI020302,8.0,8.0,0.0,0.0,0.0
CLI020303,7.0,0.0,8.0,8.0,8.5
CLI020304,8.5,0.0,0.0,0.0,0.0
CLI020306,8.0,8.0,8.0,6.0,0.0
CLI020307,0.0,7.5,8.0,0.0,0.0
CLI020308,9.0,0.0,9.5,0.0,0.0
CLI020309,0.0,6.0,7.0,8.0,8.0
CLI020310,8.5,0.0,0.0,0.0,0.0
CLI020311,0.0,8.0,0.0,0.0,0.0
CLI020313,0.0,0.0,8.0,0.0,0.0
CLI020314,0.0,7.0,9.0,7.0,7.5
CLI020315,0.0,0.0,8.0,9.0,0.0
CLI020316,0.0,8.333333333333334,0.0,9.0,0.0
CLI020317,0.0,9.0,0.0,0.0,9.0
CLI020318,9.0,8.0,0.0,10.0,0.0
CLI020319,0.0,0.0,0.0,0.0,9.0
CLI020320,8.0,0.0,8.0,0.0,0.0
CLI020321,0.0,9.0,0.0,8.0,9.0
CLI020322,0.0,0.0,9.0,0.0,0.0
CLI020323,8.0,0.0,8.0,0.0,0.0
CLI020324,0.0,0.0,0.0,8.0,6.666666666666667
CLI020325,0.0,0.0,8.0,6.0,8.666666666666666
CLI020326,0.0,7.0,9.0,0.0,0.0
CLI020328,0.0,0.0,6.5,7.5,7.0
CLI020329,8.0,8.0,7.0,0.0,0.0
CLI020330,0.0,0.0,0.0,7.0,9.0
CLI020332,0.0,0.0,0.0,0.0,8.5
CLI020333,0.0,0.0,0.0,0.0,8.0
CLI020334,0.0,0.0,8.0,0.0,7.0
CLI020335,8.0,9.0,0.0,8.0,0.0
CLI020336,0.0,9.0,0.0,0.0,0.0
CLI020337,0.0,0.0,8.0,0.0,0.0
CLI020338,9.0,0.0,8.0,0.0,0.0
CLI020339,8.0,7.0,0.0,0.0,0.0
CLI020340,0.0,0.0,8.0,0.0,0.0
CLI020341,8.0,0.0,0.0,0.0,0.0
CLI020342,0.0,0.0,0.0,0.0,7.0
CLI020343,9.5,8.0,0.0,7.0,0.0
CLI020344,8.0,0.0,8.5,0.0,7.333333333333333
CLI020345,0.0,8.0,0.0,0.0,8.0
CLI020346,7.0,9.0,0.0,0.0,0.0
CLI020347,8.0,0.0,0.0,8.0,0.0
CLI020348,7.5,0.0,0.0,9.0,0.0
CLI020351,9.0,0.0,0.0,0.0,0.0
CLI020352,8.0,0.0,0.0,7.0,7.0
CLI020353,0.0,0.0,0.0,9.0,0.0
CLI020354,9.0,0.0,8.0,10.0,7.0
CLI020355,0.0,0.0,0.0,8.0,0.0
CLI020356,0.0,0.0,8.5,0.0,0.0
CLI020357,8.0,7.0,0.0,7.0,10.0
CLI020358,0.0,0.0,9.0,0.0,0.0
CLI020359,0.0,8.0,9.0,0.0,0.0
CLI020360,0.0,8.333333333333334,9.0,8.0,0.0
CLI020361,8.0,0.0,0.0,9.0,0.0
CLI020362,9.0,0.0,0.0,7.0,0.0
CLI020363,0.0,0.0,0.0,0.0,9.0
CLI020364,0.0,0.0,9.0,9.0,8.0
CLI020365,0.0,0.0,8.0,9.0,8.333333333333334
CLI020366,0.0,0.0,0.0,8.0,7.0
CLI020367,7.0,0.0,0.0,0.0,0.0
CLI020369,0.0,8.0,0.0,0.0,0.0
CLI020370,0.0,0.0,9.0,0.0,7.0
CLI020371,0.0,0.0,0.0,6.0,0.0
CLI020372,0.0,9.0,9.0,9.0,9.0
CLI020373,0.0,9.0,0.0,0.0,0.0
CLI020374,7.0,0.0,0.0,0.0,7.5
CLI020375,9.0,9.0,0.0,0.0,0.0
CLI020376,0.0,8.0,0.0,0.0,8.0
CLI020377,0.0,0.0,0.0,0.0,9.0
CLI020378,0.0,0.0,0.0,7.0,8.5
CLI020379,0.0,0.0,7.0,7.0,0.0
CLI020380,0.0,7.0,0.0,8.0,9.0
CLI020381,0.0,0.0,8.0,0.0,8.0
CLI020382,7.5,0.0,8.0,8.0,7.0
CLI020383,8.0,6.5,0.0,0.0,0.0
CLI020384,0.0,7.0,0.0,8.0,0.0
CLI020386,0.0,8.0,0.0,0.0,0.0
CLI020387,0.0,7.0,0.0,8.0,9.0
CLI020388,7.0,0.0,0.0,8.0,0.0
CLI020389,0.0,0.0,10.0,8.5,0.0
CLI020390,0.0,7.0,0.0,0.0,0.0
CLI020392,0.0,8.0,7.666666666666667,0.0,0.0
CLI020393,0.0,0.0,0.0,7.0,8.0
CLI020394,0.0,0.0,0.0,9.0,0.0
CLI020396,9.0,0.0,0.0,7.0,0.0
CLI020397,7.5,7.0,0.0,0.0,0.0
CLI020398,0.0,0.0,0.0,9.0,0.0
CLI020399,0.0,9.0,0.0,0.0,8.0
CLI020400,8.5,7.0,0.0,0.0,0.0
CLI020401,0.0,0.0,9.0,7.0,0.0
CLI020402,7.0,0.0,9.0,7.0,7.0
CLI020403,0.0,8.0,8.0,0.0,7.0
CLI020404,0.0,0.0,6.0,9.0,9.0
CLI020405,0.0,0.0,8.0,0.0,0.0
CLI020406,0.0,0.0,7.5,8.0,8.5
CLI020407,0.0,8.0,0.0,8.0,0.0
CLI020410,0.0,0.0,8.0,8.0,8.0
CLI020411,8.333333333333334,0.0,0.0,9.0,0.0
CLI020412,9.0,0.0,0.0,0.0,7.0
CLI020413,0.0,10.0,0.0,9.0,0.0
CLI020415,0.0,8.0,7.0,0.0,8.0
CLI020416,7.0,0.0,0.0,9.0,0.0
CLI020417,9.0,0.0,9.0,0.0,8.0
CLI020418,0.0,7.0,0.0,8.0,7.0
CLI020419,0.0,0.0,7.0,0.0,0.0
CLI020420,0.0,0.0,8.0,0.0,0.0
CLI020421,8.0,0.0,0.0,0.0,8.0
CLI020422,0.0,9.0,0.0,0.0,0.0
CLI020423,7.0,0.0,0.0,0.0,9.0
CLI020424,7.5,0.0,0.0,0.0,0.0
CLI020425,0.0,0.0,0.0,7.0,7.0
CLI020426,8.5,0.0,0.0,0.0,7.0
CLI020427,9.0,0.0,0.0,0.0,7.0
CLI020429,0.0,0.0,0.0,9.0,9.0
CLI020430,9.0,0.0,7.0,0.0,0.0
CLI020431,0.0,10.0,9.0,0.0,0.0
CLI020432,0.0,0.0,0.0,0.0,9.0
CLI020433,0.0,0.0,8.0,9.0,7.0
CLI020435,7.0,0.0,0.0,7.0,0.0
CLI020436,0.0,0.0,0.0,0.0,7.0
CLI020438,0.0,0.0,8.0,0.0,9.0
CLI020439,10.0,0.0,0.0,9.0,0.0
CLI020440,0.0,7.333333333333333,0.0,0.0,7.0
CLI020441,0.0,0.0,0.0,10.0,0.0
CLI020442,7.0,0.0,0.0,9.0,0.0
CLI020443,9.0,0.0,0.0,0.0,0.0
CLI020444,0.0,0.0,0.0,7.0,8.333333333333334
CLI020445,8.0,0.0,0.0,7.5,8.0
CLI020446,8.0,0.0,0.0,0.0,8.5
CLI020447,7.5,8.0,0.0,0.0,0.0
CLI020448,0.0,0.0,9.0,0.0,0.0
CLI020449,9.0,0.0,0.0,0.0,0.0
CLI020450,8.0,0.0,10.0,0.0,0.0
CLI020452,0.0,0.0,9.0,8.0,0.0
CLI020453,0.0,0.0,8.0,0.0,0.0
CLI020454,0.0,9.0,0.0,8.0,9.0
CLI020455,0.0,0.0,8.0,8.0,0.0
CLI020456,6.0,8.0,0.0,8.0,0.0
CLI020457,7.0,9.0,0.0,8.0,0.0
CLI020458,0.0,0.0,8.0,0.0,0.0
CLI020459,0.0,0.0,6.0,0.0,0.0
CLI020460,7.0,0.0,0.0,0.0,0.0
CLI020461,0.0,0.0,7.0,7.0,9.0
CLI020462,0.0,7.0,0.0,0.0,9.0
CLI020463,0.0,8.0,0.0,0.0,9.0
CLI020464,0.0,7.0,10.0,0.0,0.0
CLI020465,0.0,0.0,0.0,8.0,0.0
CLI020466,8.0,0.0,0.0,10.0,0.0
CLI020467,0.0,0.0,0.0,8.0,8.0
CLI020468,9.0,0.0,0.0,0.0,0.0
CLI020470,0.0,0.0,0.0,8.0,0.0
CLI020471,8.0,0.0,7.0,0.0,0.0
CLI020472,0.0,0.0,0.0,7.0,0.0
CLI020473,0.0,0.0,7.0,8.0,0.0
CLI020474,0.0,7.0,0.0,0.0,0.0
CLI020475,8.0,10.0,8.0,0.0,0.0
CLI020477,0.0,0.0,7.0,8.0,0.0
CLI020478,0.0,0.0,9.0,0.0,0.0
CLI020479,0.0,9.0,9.0,0.0,0.0
CLI020480,0.0,0.0,0.0,0.0,9.0
CLI020481,0.0,7.5,0.0,0.0,9.0
CLI020482,0.0,0.0,0.0,8.0,0.0
CLI020483,0.0,8.0,0.0,0.0,0.0
CLI020484,8.0,8.5,0.0,0.0,0.0
CLI020485,9.0,7.0,0.0,0.0,7.5
CLI020486,0.0,9.0,8.0,0.0,9.0
CLI020487,0.0,0.0,8.0,8.0,8.0
CLI020488,0.0,8.0,0.0,0.0,9.0
CLI020489,8.0,7.5,0.0,0.0,8.0
CLI020490,7.0,0.0,7.0,8.0,8.0
CLI020492,8.0,8.0,6.0,0.0,8.0
CLI020493,8.5,0.0,9.0,0.0,9.0
CLI020494,0.0,7.5,0.0,0.0,0.0
CLI020495,7.0,0.0,0.0,8.0,8.0
CLI020496,8.0,8.0,0.0,0.0,0.0
CLI020497,6.0,8.0,9.0,9.0,10.0
CLI020498,0.0,0.0,10.0,8.0,9.0
CLI020499,0.0,7.0,7.0,8.5,0.0
CLI020501,7.0,0.0,0.0,0.0,0.0
CLI020502,8.0,0.0,0.0,10.0,8.0
CLI020503,8.0,0.0,0.0,9.0,9.0
CLI020505,7.0,0.0,0.0,0.0,9.0
CLI020506,0.0,9.0,10.0,0.0,0.0
CLI020507,0.0,8.0,0.0,0.0,0.0
CLI020508,8.0,8.0,0.0,8.0,0.0
CLI020509,8.0,0.0,0.0,7.0,0.0
CLI020510,0.0,0.0,8.5,0.0,0.0
CLI020511,0.0,0.0,0.0,0.0,8.0
CLI020513,9.0,0.0,0.0,8.0,8.0
CLI020514,0.0,9.0,0.0,0.0,8.0
CLI020515,9.0,7.0,9.0,0.0,0.0
CLI020516,9.0,9.0,8.0,7.0,0.0
CLI020520,9.0,7.0,0.0,0.0,0.0
CLI020521,9.0,9.0,9.0,8.0,9.0
CLI020522,0.0,0.0,0.0,8.0,0.0
CLI020523,8.0,9.0,8.0,0.0,0.0
CLI020524,7.0,0.0,0.0,0.0,8.0
CLI020525,7.0,0.0,0.0,7.5,0.0
CLI020526,0.0,8.0,0.0,0.0,0.0
CLI020527,8.0,9.0,0.0,0.0,9.0
CLI020528,8.0,0.0,9.0,0.0,0.0
CLI020529,0.0,0.0,6.0,0.0,0.0
CLI020530,0.0,8.0,0.0,0.0,8.333333333333334
CLI020531,8.0,9.0,0.0,9.0,0.0
CLI020533,0.0,0.0,7.5,0.0,0.0
CLI020534,0.0,8.0,8.0,0.0,8.0
CLI020535,0.0,8.0,10.0,0.0,0.0
CLI020536,0.0,9.0,0.0,0.0,9.0
CLI020537,0.0,7.0,7.0,0.0,0.0
CLI020538,0.0,8.0,0.0,0.0,0.0
CLI020539,0.0,0.0,8.0,0.0,9.0
CLI020540,8.0,0.0,9.0,0.0,9.0
CLI020541,8.5,0.0,9.0,0.0,0.0
CLI020542,7.0,0.0,8.666666666666666,0.0,7.0
CLI020544,7.5,7.0,9.0,7.0,0.0
CLI020545,8.0,0.0,0.0,0.0,9.0
CLI020546,8.0,8.0,9.0,0.0,10.0
CLI020547,0.0,0.0,0.0,0.0,9.0
CLI020548,7.0,0.0,0.0,8.0,8.0
CLI020549,7.5,0.0,9.0,0.0,0.0
CLI020550,7.0,0.0,0.0,0.0,7.0
CLI020551,0.0,0.0,9.0,0.0,8.0
CLI020552,8.0,0.0,0.0,9.0,0.0
CLI020553,0.0,0.0,0.0,8.0,7.5
CLI020554,0.0,0.0,9.0,0.0,6.0
CLI020555,8.0,0.0,7.0,0.0,0.0
CLI020556,0.0,0.0,0.0,8.5,10.0
CLI020557,0.0,0.0,9.0,0.0,0.0
CLI020558,0.0,7.0,0.0,9.0,0.0
CLI020559,8.5,0.0,0.0,0.0,7.0
CLI020560,9.0,10.0,7.0,0.0,9.5
CLI020561,7.0,0.0,0.0,0.0,8.0
CLI020562,0.0,8.333333333333334,0.0,0.0,8.0
CLI020563,8.0,0.0,0.0,8.0,7.0
CLI020564,0.0,0.0,0.0,8.5,9.0
CLI020565,6.0,0.0,0.0,8.0,7.0
CLI020566,9.0,8.0,0.0,0.0,0.0
CLI020567,9.0,9.0,7.0,7.0,0.0
CLI020568,0.0,7.0,0.0,0.0,0.0
CLI020569,10.0,0.0,8.0,7.333333333333333,0.0
CLI020570,0.0,0.0,0.0,7.0,0.0
CLI020572,8.0,0.0,8.0,0.0,0.0
CLI020573,9.0,10.0,0.0,0.0,7.5
CLI020574,8.0,0.0,0.0,9.0,9.0
CLI020575,0.0,0.0,0.0,7.0,0.0
CLI020576,8.5,0.0,9.0,10.0,9.0
CLI020577,0.0,0.0,7.0,0.0,0.0
CLI020578,8.0,0.0,0.0,0.0,0.0
CLI020579,0.0,0.0,9.0,9.0,0.0
CLI020580,8.5,0.0,0.0,8.0,0.0
CLI020581,0.0,0.0,6.0,0.0,0.0
CLI020582,0.0,9.0,0.0,0.0,8.0
CLI020583,0.0,9.0,9.0,0.0,9.0
CLI020584,0.0,8.5,8.0,0.0,0.0
CLI020585,7.0,0.0,0.0,8.0,7.0
CLI020586,8.0,7.0,0.0,7.0,8.0
CLI020587,10.0,8.0,0.0,9.0,0.0
CLI020588,0.0,8.0,0.0,0.0,8.5
CLI020589,0.0,9.0,0.0,0.0,8.0
CLI020590,9.0,0.0,9.0,0.0,7.0
CLI020592,0.0,0.0,8.0,8.0,0.0
CLI020593,0.0,0.0,0.0,0.0,9.0
CLI020594,0.0,9.0,0.0,0.0,7.5
CLI020595,8.0,0.0,0.0,0.0,0.0
CLI020596,9.0,0.0,0.0,0.0,8.0
CLI020598,0.0,10.0,0.0,8.0,8.0
CLI020599,9.0,7.0,0.0,8.0,9.0
CLI020600,0.0,0.0,0.0,7.0,0.0
CLI020601,8.0,0.0,0.0,0.0,7.5
CLI020602,0.0,9.0,9.0,0.0,0.0
CLI020603,0.0,9.0,0.0,9.0,0.0
CLI020605,0.0,9.5,7.0,0.0,7.5
CLI020606,9.0,0.0,0.0,0.0,0.0
CLI020607,0.0,8.0,0.0,0.0,7.0
CLI020608,0.0,0.0,9.0,0.0,0.0
CLI020609,0.0,0.0,8.0,10.0,9.0
CLI020610,8.0,0.0,8.0,0.0,0.0
CLI020612,7.0,0.0,9.0,0.0,8.5
CLI020614,0.0,0.0,0.0,0.0,6.0
CLI020615,7.0,0.0,8.0,9.0,0.0
CLI020616,8.0,0.0,8.0,8.0,0.0
CLI020617,8.0,8.0,0.0,0.0,0.0
CLI020618,10.0,0.0,0.0,0.0,0.0
CLI020619,8.0,0.0,0.0,8.5,0.0
CLI020620,7.0,6.5,7.0,0.0,0.0
CLI020621,8.0,7.0,0.0,0.0,0.0
CLI020622,7.0,0.0,0.0,0.0,0.0
CLI020623,6.0,0.0,0.0,8.666666666666666,6.0
CLI020624,7.0,8.5,0.0,0.0,0.0
CLI020625,0.0,0.0,0.0,0.0,7.0
CLI020626,7.333333333333333,7.0,9.0,9.0,0.0
CLI020627,8.0,0.0,0.0,9.0,8.0
CLI020628,0.0,8.666666666666666,0.0,7.0,8.0
CLI020629,0.0,0.0,0.0,8.0,0.0
CLI020630,0.0,0.0,8.0,0.0,0.0
CLI020631,7.0,7.0,0.0,8.0,0.0
CLI020632,0.0,0.0,0.0,0.0,7.0
CLI020633,8.0,8.0,0.0,8.0,0.0
CLI020634,7.0,0.0,0.0,0.0,0.0
CLI020635,8.0,0.0,0.0,0.0,7.5
CLI020637,0.0,0.0,8.0,8.0,7.0
CLI020638,0.0,0.0,0.0,9.0,0.0
CLI020639,0.0,0.0,0.0,8.0,7.0
CLI020640,0.0,0.0,8.0,0.0,0.0
CLI020641,0.0,8.0,0.0,0.0,0.0
CLI020642,0.0,0.0,7.0,0.0,9.0
CLI020643,7.0,0.0,0.0,0.0,0.0
CLI020644,7.0,0.0,0.0,7.0,0.0
CLI020645,9.0,8.0,9.0,9.0,0.0
CLI020646,0.0,9.0,0.0,0.0,0.0
CLI020647,9.0,0.0,0.0,0.0,0.0
CLI020648,0.0,0.0,8.0,0.0,0.0
CLI020649,0.0,9.0,0.0,9.0,8.0
CLI020652,0.0,0.0,9.0,8.666666666666666,0.0
CLI020653,0.0,9.0,0.0,7.0,8.0
CLI020654,7.0,7.0,7.0,0.0,0.0
CLI020655,7.0,0.0,0.0,7.0,0.0
CLI020656,9.0,0.0,0.0,0.0,9.0
CLI020657,0.0,0.0,0.0,8.0,0.0
CLI020658,6.0,8.0,0.0,0.0,8.0
CLI020659,0.0,0.0,0.0,8.0,8.0
CLI020661,0.0,0.0,0.0,7.0,0.0
CLI020662,0.0,9.0,0.0,0.0,7.0
CLI020663,8.0,7.0,0.0,0.0,0.0
CLI020664,0.0,0.0,0.0,9.0,9.0
CLI020665,0.0,0.0,8.0,0.0,0.0
CLI020666,0.0,7.5,9.0,0.0,0.0
CLI020667,8.0,10.0,0.0,6.0,0.0
CLI020668,0.0,10.0,6.0,0.0,10.0
CLI020669,7.0,0.0,7.0,0.0,10.0
CLI020670,0.0,8.0,0.0,7.0,0.0
CLI020671,0.0,9.0,9.0,0.0,0.0
CLI020672,0.0,0.0,8.0,0.0,0.0
CLI020674,8.0,10.0,0.0,9.0,8.0
CLI020675,0.0,0.0,9.0,0.0,0.0
CLI020676,9.0,0.0,8.0,0.0,8.0
CLI020677,8.0,0.0,0.0,9.0,0.0
CLI020678,8.0,0.0,8.0,7.0,7.0
CLI020679,0.0,7.0,0.0,8.5,0.0
CLI020680,7.0,0.0,0.0,7.0,0.0
CLI020681,8.0,9.0,8.0,9.0,0.0
CLI020682,0.0,0.0,0.0,8.0,0.0
CLI020683,9.0,0.0,7.0,9.0,0.0
CLI020684,0.0,8.5,0.0,0.0,0.0
CLI020685,0.0,8.5,0.0,8.0,0.0
CLI020686,0.0,0.0,0.0,8.0,0.0
CLI020687,7.0,0.0,0.0,8.0,0.0
CLI020688,0.0,0.0,8.0,9.0,0.0
CLI020689,0.0,6.0,0.0,10.0,9.0
CLI020690,8.0,0.0,0.0,8.5,8.0
CLI020691,0.0,7.0,0.0,0.0,0.0
CLI020692,0.0,7.0,9.0,0.0,8.0
CLI020693,8.333333333333334,0.0,0.0,9.0,0.0
CLI020694,9.0,0.0,7.0,9.0,0.0
CLI020695,8.0,0.0,0.0,0.0,0.0
CLI020696,8.333333333333334,0.0,0.0,0.0,0.0
CLI020698,0.0,9.0,0.0,0.0,7.0
CLI020699,8.0,0.0,0.0,0.0,8.0
CLI020700,8.0,7.0,0.0,0.0,0.0
CLI020702,10.0,0.0,0.0,0.0,7.0
CLI020703,0.0,8.0,7.0,0.0,8.0
CLI020704,8.333333333333334,0.0,0.0,0.0,0.0
CLI020705,0.0,8.0,7.0,7.0,0.0
CLI020706,8.5,0.0,0.0,9.0,0.0
CLI020707,9.0,9.0,8.0,9.0,0.0
CLI020708,8.0,0.0,0.0,9.0,8.0
CLI020709,0.0,0.0,0.0,8.0,8.0
CLI020710,0.0,0.0,8.0,0.0,8.0
CLI020711,7.0,0.0,0.0,7.0,0.0
CLI020712,8.0,9.0,8.0,0.0,0.0
CLI020713,0.0,10.0,0.0,0.0,8.0
CLI020714,0.0,9.0,7.0,8.0,0.0
CLI020715,9.0,8.0,0.0,0.0,8.0
CLI020716,9.0,9.0,8.0,0.0,0.0
CLI020717,7.0,0.0,8.0,0.0,10.0
CLI020718,0.0,0.0,0.0,9.0,8.0
CLI020719,8.0,8.0,0.0,0.0,7.0
CLI020720,10.0,9.0,0.0,8.0,9.0
CLI020721,0.0,7.0,7.0,8.0,8.0
CLI020722,0.0,0.0,0.0,9.0,8.0
CLI020723,0.0,8.0,0.0,8.0,9.0
CLI020724,0.0,0.0,8.5,7.0,0.0
CLI020725,0.0,8.5,7.0,8.0,8.0
CLI020726,8.666666666666666,0.0,0.0,0.0,8.0
CLI020727,0.0,8.5,0.0,7.0,0.0
CLI020728,7.0,0.0,8.0,0.0,0.0
CLI020729,8.0,6.0,0.0,0.0,0.0
CLI020730,7.0,0.0,0.0,0.0,8.5
CLI020731,8.0,0.0,0.0,0.0,0.0
CLI020732,8.0,9.0,7.0,10.0,0.0
CLI020733,0.0,0.0,0.0,0.0,9.0
CLI020734,7.0,0.0,0.0,0.0,0.0
CLI020735,0.0,0.0,0.0,9.0,0.0
CLI020736,8.0,8.5,6.0,0.0,0.0
CLI020737,0.0,0.0,9.0,8.0,0.0
CLI020738,0.0,9.0,0.0,0.0,0.0
CLI020739,8.0,0.0,0.0,0.0,0.0
CLI020740,0.0,0.0,9.0,0.0,0.0
CLI020741,0.0,0.0,9.0,8.0,8.0
CLI020742,0.0,0.0,7.0,8.0,7.0
CLI020743,0.0,0.0,9.0,0.0,0.0
CLI020744,8.0,6.0,9.0,0.0,0.0
CLI020745,0.0,0.0,0.0,9.0,0.0
CLI020746,0.0,0.0,8.0,8.0,7.5
CLI020747,7.0,0.0,0.0,0.0,9.0
CLI020748,0.0,9.0,7.0,0.0,9.5
CLI020749,8.0,8.0,0.0,0.0,7.5
CLI020750,6.0,0.0,0.0,0.0,8.0
CLI020751,0.0,9.0,8.0,9.0,0.0
CLI020752,0.0,8.0,0.0,0.0,8.0
CLI020753,7.5,8.0,0.0,0.0,10.0
CLI020754,7.0,0.0,0.0,7.0,0.0
CLI020755,0.0,9.0,0.0,6.0,0.0
CLI020756,8.0,0.0,0.0,0.0,0.0
CLI020758,0.0,0.0,9.0,7.0,7.0
CLI020759,0.0,0.0,0.0,7.0,0.0
CLI020760,0.0,0.0,9.0,0.0,7.0
CLI020761,8.0,0.0,7.0,0.0,0.0
CLI020762,0.0,7.0,0.0,0.0,7.0
CLI020763,8.5,0.0,10.0,8.0,0.0
CLI020764,0.0,0.0,7.0,7.0,8.0
CLI020765,7.0,0.0,0.0,0.0,0.0
CLI020766,9.0,8.0,0.0,7.666666666666667,0.0
CLI020769,0.0,0.0,0.0,8.0,0.0
CLI020771,0.0,7.0,0.0,0.0,0.0
CLI020772,0.0,0.0,9.0,8.0,0.0
CLI020773,8.0,7.0,0.0,8.0,0.0
CLI020774,0.0,7.0,0.0,0.0,8.0
CLI020775,0.0,8.0,0.0,0.0,0.0
CLI020776,0.0,8.0,0.0,8.0,9.0
CLI020777,8.5,0.0,0.0,0.0,9.0
CLI020778,8.0,0.0,0.0,0.0,0.0
CLI020779,8.0,0.0,0.0,0.0,0.0
CLI020780,8.5,7.0,8.0,0.0,8.0
CLI020781,0.0,7.0,8.5,7.0,0.0
CLI020782,0.0,8.0,0.0,0.0,7.0
CLI020783,0.0,9.0,9.0,9.0,0.0
CLI020784,0.0,7.0,9.0,0.0,0.0
CLI020785,7.0,0.0,0.0,9.0,0.0
CLI020787,0.0,8.0,7.0,0.0,7.0
CLI020788,7.5,0.0,8.0,0.0,8.0
CLI020789,0.0,8.0,0.0,9.0,0.0
CLI020790,0.0,7.0,10.0,0.0,0.0
CLI020791,0.0,0.0,0.0,0.0,8.0
CLI020792,9.0,8.0,0.0,6.0,0.0
CLI020793,0.0,0.0,6.5,0.0,8.0
CLI020794,0.0,0.0,0.0,0.0,10.0
CLI020795,8.333333333333334,0.0,0.0,8.0,0.0
CLI020796,0.0,9.0,0.0,9.0,9.0
CLI020797,0.0,7.666666666666667,0.0,8.0,8.0
CLI020798,9.0,8.0,8.5,9.0,8.0
CLI020799,0.0,0.0,9.0,0.0,0.0
CLI020800,7.0,0.0,8.0,8.5,0.0
CLI020801,0.0,0.0,0.0,0.0,6.0
CLI020802,8.0,0.0,8.5,0.0,0.0
CLI020804,0.0,0.0,0.0,9.0,0.0
CLI020805,0.0,0.0,0.0,0.0,8.5
CLI020806,0.0,0.0,0.0,8.0,0.0
CLI020807,0.0,6.0,0.0,0.0,0.0
CLI020808,0.0,0.0,0.0,0.0,6.0
CLI020809,0.0,0.0,9.0,0.0,9.0
CLI020810,7.666666666666667,0.0,10.0,0.0,0.0
CLI020811,0.0,0.0,0.0,7.0,0.0
CLI020812,8.0,9.0,0.0,0.0,9.0
CLI020813,0.0,0.0,0.0,8.5,0.0
CLI020814,7.0,0.0,8.0,8.5,0.0
CLI020815,8.0,8.5,7.0,0.0,0.0
CLI020816,0.0,0.0,0.0,7.0,8.0
CLI020817,0.0,0.0,7.5,0.0,0.0
CLI020818,0.0,0.0,8.0,0.0,0.0
CLI020819,0.0,0.0,7.0,8.5,0.0
CLI020820,0.0,0.0,0.0,0.0,8.0
CLI020821,0.0,0.0,7.0,0.0,0.0
CLI020822,0.0,8.0,7.0,0.0,0.0
CLI020824,8.0,7.0,0.0,7.0,9.0
CLI020825,0.0,0.0,0.0,6.0,0.0
CLI020826,0.0,0.0,0.0,8.0,0.0
CLI020827,10.0,0.0,0.0,0.0,0.0
CLI020828,7.0,9.0,8.0,9.0,8.0
CLI020829,0.0,6.0,8.333333333333334,0.0,8.0
CLI020830,0.0,8.0,0.0,0.0,7.0
CLI020831,7.5,7.0,9.0,0.0,9.0
CLI020833,8.0,8.0,0.0,0.0,0.0
CLI020834,9.0,0.0,8.0,7.0,7.0
CLI020835,8.0,9.0,0.0,0.0,0.0
CLI020836,0.0,0.0,8.0,0.0,0.0
CLI020837,8.5,8.0,0.0,6.0,0.0
CLI020838,0.0,9.0,8.0,0.0,0.0
CLI020839,0.0,0.0,0.0,0.0,8.0
CLI020840,0.0,0.0,0.0,7.5,8.0
CLI020842,0.0,7.0,0.0,0.0,7.0
CLI020843,7.0,0.0,0.0,0.0,0.0
CLI020844,0.0,7.0,0.0,0.0,10.0
CLI020845,0.0,7.0,0.0,8.5,0.0
CLI020846,0.0,7.0,0.0,8.0,0.0
CLI020847,8.666666666666666,0.0,0.0,0.0,8.5
CLI020848,8.0,9.0,0.0,0.0,0.0
CLI020849,0.0,0.0,0.0,7.5,0.0
CLI020850,0.0,0.0,0.0,7.0,8.0
CLI020851,6.0,0.0,9.0,0.0,0.0
CLI020852,9.0,0.0,0.0,0.0,0.0
CLI020853,0.0,0.0,8.0,0.0,0.0
CLI020854,0.0,0.0,9.0,0.0,0.0
CLI020855,9.0,0.0,0.0,8.333333333333334,0.0
CLI020856,0.0,0.0,0.0,0.0,9.0
CLI020857,0.0,0.0,8.0,0.0,0.0
CLI020858,0.0,0.0,6.0,0.0,0.0
CLI020859,7.0,0.0,9.0,8.0,0.0
CLI020860,9.0,9.0,0.0,0.0,0.0
CLI020861,0.0,0.0,8.0,0.0,0.0
CLI020862,0.0,7.0,0.0,0.0,8.0
CLI020864,0.0,7.0,10.0,0.0,8.0
CLI020865,0.0,0.0,9.0,0.0,0.0
CLI020866,0.0,0.0,0.0,8.0,8.0
CLI020867,7.0,0.0,0.0,10.0,0.0
CLI020868,7.0,0.0,0.0,0.0,0.0
CLI020869,0.0,0.0,9.0,0.0,0.0
CLI020870,0.0,9.0,0.0,9.0,8.0
CLI020871,8.0,10.0,0.0,7.0,8.0
CLI020872,0.0,0.0,8.0,0.0,0.0
CLI020873,0.0,10.0,0.0,0.0,0.0
CLI020874,0.0,8.0,9.0,0.0,7.0
CLI020875,0.0,7.0,7.0,8.0,7.0
CLI020876,9.0,0.0,0.0,0.0,7.0
CLI020877,0.0,8.5,0.0,0.0,7.5
CLI020878,8.0,0.0,8.5,8.5,0.0
CLI020879,10.0,0.0,0.0,0.0,0.0
CLI020881,0.0,0.0,10.0,0.0,0.0
CLI020882,9.0,8.0,7.0,0.0,0.0
CLI020883,0.0,0.0,0.0,0.0,10.0
CLI020885,0.0,0.0,8.0,0.0,0.0
CLI020886,7.5,0.0,0.0,0.0,6.0
CLI020887,0.0,0.0,0.0,0.0,9.0
CLI020888,9.5,0.0,7.333333333333333,0.0,0.0
CLI020889,9.0,9.0,0.0,0.0,0.0
CLI020890,0.0,8.0,0.0,0.0,0.0
CLI020891,0.0,9.0,0.0,0.0,8.0
CLI020892,0.0,0.0,0.0,8.0,8.5
CLI020893,0.0,7.0,0.0,0.0,0.0
CLI020894,7.0,9.0,0.0,0.0,0.0
CLI020895,0.0,8.0,0.0,0.0,9.0
CLI020897,0.0,10.0,0.0,0.0,7.0
CLI020898,9.0,0.0,0.0,0.0,0.0
CLI020899,0.0,0.0,8.0,9.0,0.0
CLI020900,0.0,0.0,6.0,0.0,0.0
CLI020901,0.0,0.0,0.0,0.0,8.0
CLI020902,0.0,0.0,0.0,9.0,7.0
CLI020903,0.0,0.0,7.0,0.0,7.0
CLI020904,7.0,7.0,10.0,8.0,0.0
CLI020906,0.0,8.0,0.0,0.0,0.0
CLI020907,0.0,8.0,0.0,8.0,0.0
CLI020908,8.5,0.0,8.5,0.0,0.0
CLI020909,7.0,0.0,9.0,0.0,8.0
CLI020910,10.0,0.0,0.0,0.0,9.0
CLI020911,8.5,0.0,0.0,8.0,10.0
CLI020912,0.0,8.0,8.0,0.0,0.0
CLI020913,8.0,0.0,0.0,7.0,0.0
CLI020914,0.0,0.0,8.0,8.0,0.0
CLI020915,0.0,0.0,8.0,9.0,9.0
CLI020917,0.0,0.0,8.666666666666666,9.0,9.0
CLI020919,8.0,0.0,9.0,0.0,0.0
CLI020920,8.0,0.0,0.0,0.0,0.0
CLI020921,0.0,8.0,0.0,0.0,8.0
CLI020922,0.0,0.0,0.0,0.0,8.0
CLI020923,7.5,0.0,7.0,0.0,0.0
CLI020924,0.0,0.0,8.0,0.0,9.0
CLI020925,8.0,7.0,6.0,0.0,8.5
CLI020926,0.0,7.0,8.0,8.0,0.0
CLI020927,8.0,0.0,9.0,0.0,9.0
CLI020928,0.0,0.0,8.0,0.0,0.0
CLI020929,0.0,0.0,9.0,0.0,0.0
CLI020930,0.0,0.0,7.5,8.0,7.0
CLI020931,0.0,10.0,0.0,0.0,7.0
CLI020932,0.0,0.0,0.0,9.0,0.0
CLI020933,0.0,0.0,9.0,0.0,0.0
CLI020934,7.0,9.0,9.0,8.0,0.0
CLI020935,0.0,8.0,0.0,8.0,0.0
CLI020937,0.0,0.0,0.0,6.5,0.0
CLI020938,9.0,0.0,8.0,8.0,9.0
CLI020940,8.0,0.0,7.0,0.0,0.0
CLI020941,8.0,0.0,0.0,0.0,8.0
CLI020942,0.0,10.0,9.0,7.0,0.0
CLI020943,0.0,8.0,0.0,0.0,0.0
CLI020944,8.0,0.0,0.0,0.0,0.0
CLI020946,9.0,0.0,0.0,0.0,9.5
CLI020947,0.0,0.0,0.0,0.0,7.0
CLI020948,0.0,0.0,8.0,0.0,0.0
CLI020949,0.0,0.0,7.0,0.0,8.0
CLI020950,0.0,8.0,8.0,0.0,0.0
CLI020952,0.0,0.0,9.0,0.0,0.0
CLI020953,8.0,9.0,7.5,8.0,0.0
CLI020954,9.0,8.0,9.0,8.5,7.0
CLI020955,0.0,0.0,0.0,0.0,9.0
CLI020956,0.0,0.0,0.0,8.0,9.0
CLI020957,0.0,7.0,7.5,7.0,8.0
CLI020958,0.0,0.0,8.0,8.0,0.0
CLI020959,0.0,0.0,0.0,0.0,8.0
CLI020960,9.0,0.0,0.0,9.0,8.0
CLI020961,0.0,0.0,0.0,8.0,0.0
CLI020962,0.0,7.0,0.0,0.0,0.0
CLI020963,7.0,0.0,0.0,0.0,9.0
CLI020964,0.0,0.0,0.0,9.0,0.0
CLI020965,8.0,0.0,0.0,0.0,0.0
CLI020966,0.0,9.0,0.0,0.0,8.0
CLI020967,8.0,0.0,0.0,0.0,0.0
CLI020968,8.0,8.0,0.0,7.0,0.0
CLI020969,0.0,0.0,7.0,0.0,0.0
CLI020970,8.0,0.0,7.0,0.0,8.5
CLI020971,0.0,7.0,0.0,0.0,0.0
CLI020972,9.0,0.0,8.0,0.0,10.0
CLI020973,7.0,0.0,0.0,0.0,0.0
CLI020974,0.0,0.0,8.0,0.0,0.0
CLI020975,7.5,9.0,0.0,0.0,9.0
CLI020976,9.0,0.0,0.0,0.0,7.0
CLI020977,9.0,0.0,8.0,0.0,0.0
CLI020978,10.0,8.0,0.0,0.0,0.0
CLI020979,9.0,0.0,0.0,0.0,7.0
CLI020980,0.0,8.0,0.0,0.0,9.0
CLI020981,0.0,0.0,0.0,8.0,0.0
CLI020983,9.0,0.0,9.0,0.0,7.5
CLI020984,9.0,0.0,0.0,0.0,0.0
CLI020985,0.0,0.0,6.0,0.0,9.0
CLI020986,0.0,0.0,0.0,0.0,8.0
CLI020987,0.0,9.0,0.0,8.0,0.0
CLI020988,8.0,0.0,0.0,9.0,0.0
CLI020989,0.0,8.0,8.0,0.0,0.0
CLI020990,0.0,8.0,0.0,0.0,0.0
CLI020991,7.5,0.0,0.0,0.0,0.0
CLI020992,10.0,7.5,0.0,0.0,9.5
CLI020993,8.0,8.0,8.0,0.0,8.0
CLI020994,7.0,8.5,0.0,0.0,0.0
CLI020995,0.0,8.0,8.5,7.5,9.0
CLI020996,0.0,0.0,0.0,7.0,7.5
CLI020998,0.0,7.0,0.0,0.0,0.0
CLI020999,0.0,0.0,0.0,9.0,9.0
CLI021000,8.666666666666666,0.0,0.0,8.0,7.0
CLI021001,0.0,0.0,0.0,0.0,8.0
CLI021002,0.0,0.0,0.0,0.0,10.0
CLI021003,10.0,0.0,0.0,0.0,8.0
CLI021004,8.0,0.0,6.0,0.0,0.0
CLI021005,0.0,0.0,0.0,9.0,7.0
CLI021006,0.0,0.0,0.0,9.0,9.0
CLI021007,0.0,0.0,8.0,0.0,0.0
CLI021008,0.0,8.5,10.0,0.0,0.0
CLI021009,8.0,0.0,0.0,0.0,0.0
CLI021010,0.0,7.0,0.0,0.0,0.0
CLI021011,8.0,0.0,10.0,0.0,0.0
CLI021012,7.0,9.0,0.0,6.0,7.0
CLI021013,9.0,9.0,8.0,0.0,9.0
CLI021014,8.0,0.0,0.0,0.0,8.0
CLI021015,10.0,0.0,0.0,0.0,0.0
CLI021016,10.0,0.0,7.0,0.0,0.0
CLI021017,8.0,9.0,0.0,9.0,8.333333333333334
CLI021018,0.0,0.0,0.0,0.0,8.5
CLI021019,0.0,0.0,8.0,0.0,0.0
CLI021020,8.0,0.0,0.0,8.0,7.0
CLI021021,8.0,0.0,0.0,0.0,0.0
CLI021022,0.0,0.0,7.5,8.0,8.0
CLI021023,0.0,9.0,8.0,8.0,8.0
CLI021024,7.0,7.0,0.0,0.0,0.0
CLI021025,0.0,0.0,0.0,7.0,0.0
CLI021026,0.0,0.0,9.0,0.0,0.0
CLI021027,0.0,8.0,7.0,0.0,0.0
CLI021029,0.0,8.0,7.0,0.0,0.0
CLI021030,0.0,0.0,0.0,8.333333333333334,0.0
CLI021031,0.0,9.0,0.0,8.0,0.0
CLI021032,9.0,0.0,8.0,8.0,9.0
CLI021033,0.0,0.0,7.0,9.0,7.0
CLI021034,8.0,0.0,0.0,0.0,9.0
CLI021035,7.0,0.0,0.0,0.0,0.0
CLI021036,0.0,0.0,9.0,0.0,8.0
CLI021037,9.0,0.0,0.0,0.0,8.0
CLI021038,0.0,7.0,7.0,7.666666666666667,8.0
CLI021039,7.0,0.0,0.0,0.0,0.0
CLI021040,8.0,0.0,0.0,0.0,9.0
CLI021041,0.0,7.0,8.0,0.0,0.0
CLI021042,9.0,0.0,8.666666666666666,0.0,7.0
CLI021043,0.0,6.0,0.0,0.0,10.0
CLI021044,0.0,0.0,8.0,0.0,9.0
CLI021045,8.0,8.5,6.0,0.0,9.0
CLI021046,8.0,8.0,7.0,0.0,0.0
CLI021047,0.0,0.0,0.0,0.0,8.0
CLI021048,0.0,0.0,9.0,8.0,7.5
CLI021049,9.0,8.0,8.0,0.0,0.0
CLI021050,7.0,10.0,0.0,0.0,0.0
CLI021052,7.0,8.333333333333334,0.0,0.0,0.0
CLI021053,0.0,0.0,0.0,0.0,8.0
CLI021054,0.0,0.0,0.0,0.0,9.0
CLI021055,0.0,0.0,8.5,0.0,9.0
CLI021056,0.0,8.0,9.0,0.0,0.0
CLI021057,0.0,0.0,0.0,8.0,8.0
CLI021058,0.0,8.0,0.0,0.0,0.0
CLI021059,0.0,0.0,8.0,0.0,0.0
CLI021060,9.0,0.0,0.0,8.5,8.0
CLI021061,0.0,7.0,0.0,8.0,7.0
CLI021062,8.0,8.0,9.0,8.0,0.0
CLI021063,0.0,0.0,0.0,8.0,8.0
CLI021064,0.0,0.0,0.0,0.0,9.0
CLI021065,0.0,9.0,9.0,0.0,0.0
CLI021066,0.0,8.0,0.0,0.0,0.0
CLI021067,8.0,6.0,0.0,0.0,7.0
CLI021068,0.0,8.0,7.0,0.0,0.0
CLI021071,7.0,7.5,0.0,0.0,0.0
CLI021072,8.0,9.5,8.0,8.0,0.0
CLI021073,0.0,8.0,0.0,0.0,10.0
CLI021074,0.0,8.0,8.0,0.0,0.0
CLI021075,8.0,0.0,9.0,0.0,8.0
CLI021076,9.0,0.0,0.0,9.0,9.0
CLI021077,8.0,9.0,0.0,9.0,0.0
CLI021078,9.0,9.0,0.0,0.0,0.0
CLI021079,0.0,8.0,0.0,0.0,8.0
CLI021080,8.0,0.0,0.0,9.0,0.0
CLI021081,7.5,0.0,0.0,8.0,8.0
CLI021082,7.0,8.0,0.0,7.0,0.0
CLI021083,0.0,0.0,0.0,8.0,8.0
CLI021084,10.0,0.0,0.0,7.5,0.0
CLI021085,0.0,6.0,0.0,0.0,0.0
CLI021086,8.0,9.0,8.0,0.0,0.0
CLI021087,7.0,0.0,0.0,0.0,8.0
CLI021088,9.0,0.0,0.0,0.0,0.0
CLI021089,0.0,0.0,7.0,7.5,0.0
CLI021090,0.0,0.0,0.0,8.0,0.0
CLI021091,0.0,8.0,0.0,8.0,0.0
CLI021092,9.0,0.0,0.0,8.333333333333334,0.0
CLI021093,8.0,9.0,0.0,9.0,7.0
CLI021094,8.0,0.0,0.0,0.0,0.0
CLI021095,9.0,8.0,0.0,0.0,0.0
CLI021096,6.0,0.0,0.0,8.0,0.0
CLI021097,9.0,8.0,7.0,10.0,0.0
CLI021098,8.0,0.0,0.0,0.0,0.0
CLI021099,8.0,8.0,9.0,0.0,8.0
CLI021100,0.0,0.0,0.0,0.0,8.0
CLI021101,9.0,0.0,0.0,0.0,0.0
CLI021102,0.0,6.0,0.0,0.0,0.0
CLI021103,0.0,9.0,0.0,9.0,9.0
CLI021104,0.0,7.0,0.0,0.0,7.0
CLI021105,9.0,10.0,0.0,8.0,8.0
CLI021106,0.0,0.0,7.0,7.0,0.0
CLI021107,0.0,8.5,0.0,0.0,10.0
CLI021108,8.0,0.0,0.0,0.0,7.5
CLI021109,0.0,0.0,0.0,8.0,0.0
CLI021110,0.0,0.0,8.0,0.0,0.0
CLI021111,0.0,9.0,8.0,9.0,0.0
CLI021112,9.0,0.0,0.0,0.0,0.0
CLI021113,8.0,0.0,0.0,0.0,8.0
CLI021114,0.0,0.0,8.0,0.0,8.0
CLI021115,8.0,7.0,0.0,0.0,0.0
CLI021116,8.0,0.0,7.0,0.0,0.0
CLI021118,0.0,7.5,7.0,0.0,0.0
CLI021119,9.0,0.0,0.0,0.0,0.0
CLI021120,9.0,7.0,0.0,0.0,0.0
CLI021121,7.0,0.0,0.0,0.0,8.0
CLI021122,0.0,0.0,8.0,0.0,0.0
CLI021123,0.0,0.0,0.0,9.0,0.0
CLI021124,0.0,0.0,0.0,0.0,8.5
CLI021125,8.0,0.0,0.0,0.0,0.0
CLI021127,8.0,8.0,0.0,0.0,8.0
CLI021128,8.5,9.0,0.0,0.0,7.0
CLI021129,8.5,0.0,10.0,7.333333333333333,0.0
CLI021130,0.0,0.0,7.0,10.0,0.0
CLI021131,10.0,8.0,0.0,7.0,7.0
CLI021132,8.0,9.0,0.0,0.0,0.0
CLI021133,9.0,0.0,0.0,0.0,0.0
CLI021134,0.0,6.0,8.0,0.0,0.0
CLI021135,0.0,0.0,7.0,0.0,0.0
CLI021136,10.0,8.0,0.0,7.0,9.0
CLI021137,0.0,8.0,9.0,0.0,9.0
CLI021138,7.0,9.0,9.0,0.0,7.0
CLI021141,8.0,0.0,8.0,9.0,0.0
CLI021143,0.0,0.0,7.0,0.0,0.0
CLI021144,8.0,0.0,0.0,0.0,8.0
CLI021145,0.0,7.0,0.0,0.0,0.0
CLI021146,0.0,8.0,0.0,0.0,0.0
CLI021148,0.0,9.0,0.0,0.0,7.0
CLI021149,7.0,7.0,0.0,9.0,0.0
CLI021150,0.0,7.5,0.0,0.0,0.0
CLI021151,0.0,7.0,0.0,0.0,0.0
CLI021152,0.0,9.0,0.0,0.0,0.0
CLI021153,8.333333333333334,0.0,0.0,0.0,8.0
CLI021156,8.0,6.5,0.0,8.0,8.0
CLI021157,9.0,0.0,7.0,0.0,7.0
CLI021158,0.0,9.0,0.0,0.0,0.0
CLI021159,9.0,0.0,0.0,9.0,0.0
CLI021160,0.0,0.0,0.0,7.0,0.0
CLI021161,0.0,0.0,0.0,9.0,8.0
CLI021162,0.0,7.0,9.0,8.0,8.0
CLI021163,8.0,8.0,0.0,7.0,0.0
CLI021165,7.0,10.0,7.5,0.0,0.0
CLI021166,0.0,0.0,8.0,0.0,0.0
CLI021168,0.0,0.0,0.0,0.0,7.0
CLI021169,8.0,9.0,9.0,0.0,0.0
CLI021170,0.0,9.0,0.0,8.0,7.0
CLI021171,0.0,8.0,0.0,0.0,0.0
CLI021172,8.0,8.0,7.0,7.0,0.0
CLI021173,9.0,8.0,0.0,9.0,0.0
CLI021174,7.0,0.0,0.0,9.0,0.0
CLI021175,0.0,0.0,0.0,8.0,0.0
CLI021176,0.0,9.0,0.0,8.0,7.0
CLI021177,0.0,0.0,0.0,9.0,0.0
CLI021178,0.0,6.0,0.0,0.0,0.0
CLI021179,8.0,0.0,9.0,0.0,0.0
CLI021180,0.0,0.0,0.0,0.0,7.0
CLI021182,9.0,0.0,0.0,7.0,7.0
CLI021183,0.0,0.0,0.0,9.0,0.0
CLI021184,0.0,10.0,0.0,8.0,0.0
CLI021186,0.0,0.0,8.0,0.0,0.0
CLI021187,8.5,0.0,10.0,0.0,0.0
CLI021188,8.0,9.0,8.0,0.0,0.0
CLI021189,7.0,8.0,0.0,0.0,0.0
CLI021190,0.0,0.0,9.0,0.0,0.0
CLI021191,0.0,0.0,0.0,9.0,0.0
CLI021192,8.0,0.0,8.0,8.0,0.0
CLI021193,9.0,0.0,7.0,0.0,0.0
CLI021194,0.0,7.0,0.0,0.0,0.0
CLI021195,0.0,0.0,9.0,8.0,0.0
CLI021196,8.0,0.0,9.0,8.0,0.0
CLI021197,8.0,0.0,8.0,0.0,0.0
CLI021198,0.0,0.0,8.0,0.0,0.0
CLI021199,8.0,0.0,0.0,7.0,0.0
CLI021200,9.0,0.0,8.0,0.0,8.0
CLI021201,0.0,7.0,0.0,9.0,0.0
CLI021202,8.5,0.0,0.0,0.0,8.0
CLI021203,0.0,9.0,8.0,0.0,0.0
CLI021204,7.0,7.0,0.0,7.0,8.0
CLI021205,9.0,0.0,8.0,6.0,0.0
CLI021206,8.5,0.0,8.0,0.0,0.0
CLI021207,0.0,0.0,0.0,9.0,0.0
CLI021209,8.5,0.0,8.0,8.0,0.0
CLI021210,0.0,8.0,0.0,0.0,0.0
CLI021211,0.0,8.0,0.0,0.0,9.0
CLI021212,9.0,0.0,0.0,0.0,8.0
CLI021214,9.0,9.0,7.0,0.0,0.0
CLI021215,0.0,0.0,0.0,8.0,7.0
CLI021216,0.0,0.0,0.0,6.5,0.0
CLI021217,7.0,8.0,0.0,0.0,7.0
CLI021218,8.0,9.0,0.0,0.0,9.0
CLI021220,9.0,8.0,10.0,0.0,9.0
CLI021221,7.0,0.0,0.0,7.0,7.5
CLI021222,8.0,0.0,0.0,0.0,6.0
CLI021223,7.5,0.0,0.0,8.0,0.0
CLI021224,0.0,0.0,8.0,8.0,0.0
CLI021225,8.0,7.0,0.0,9.0,0.0
CLI021226,0.0,0.0,7.0,8.0,8.0
CLI021227,0.0,9.0,0.0,0.0,8.0
CLI021229,0.0,0.0,9.0,9.0,0.0
CLI021230,0.0,0.0,0.0,0.0,9.0
CLI021231,9.0,0.0,0.0,0.0,0.0
CLI021232,0.0,8.0,0.0,8.0,0.0
CLI021233,0.0,8.0,7.0,10.0,8.0
CLI021234,0.0,0.0,7.0,7.666666666666667,0.0
CLI021235,0.0,0.0,7.0,8.0,9.0
CLI021236,0.0,0.0,0.0,8.5,8.0
CLI021237,7.0,0.0,0.0,0.0,0.0
CLI021238,0.0,0.0,0.0,0.0,9.0
CLI021239,9.0,9.0,7.0,8.0,0.0
CLI021240,8.0,0.0,0.0,0.0,8.0
CLI021241,0.0,0.0,7.0,9.0,9.0
CLI021242,7.5,0.0,9.0,0.0,0.0
CLI021243,7.5,0.0,8.0,0.0,0.0
CLI021244,8.0,0.0,0.0,9.0,0.0
CLI021245,9.0,8.0,9.0,8.0,0.0
CLI021246,9.5,8.0,8.0,0.0,0.0
CLI021247,8.0,0.0,0.0,0.0,0.0
CLI021248,8.0,9.0,7.0,9.0,0.0
CLI021249,0.0,7.0,7.5,0.0,0.0
CLI021250,8.0,0.0,10.0,0.0,0.0
CLI021251,9.0,0.0,0.0,0.0,0.0
CLI021252,9.0,7.0,0.0,9.0,0.0
CLI021253,0.0,8.5,9.0,0.0,9.0
CLI021254,9.0,0.0,7.0,0.0,8.0
CLI021255,0.0,0.0,0.0,8.0,7.0
CLI021256,0.0,8.0,0.0,0.0,0.0
CLI021257,0.0,0.0,8.333333333333334,8.0,9.0
CLI021260,9.0,8.0,9.0,0.0,10.0
CLI021261,0.0,0.0,0.0,8.0,0.0
CLI021262,8.0,0.0,0.0,8.0,7.0
CLI021263,8.0,9.0,9.0,0.0,8.0
CLI021264,0.0,0.0,8.5,10.0,0.0
CLI021265,0.0,0.0,0.0,0.0,7.5
CLI021267,0.0,8.0,0.0,0.0,0.0
CLI021268,8.0,8.0,0.0,0.0,0.0
CLI021269,9.0,9.0,0.0,0.0,0.0
CLI021270,7.5,0.0,0.0,0.0,6.0
CLI021271,7.0,9.0,0.0,0.0,0.0
CLI021272,8.0,0.0,0.0,0.0,8.0
CLI021273,9.0,0.0,7.0,0.0,0.0
CLI021274,8.0,0.0,10.0,8.0,0.0
CLI021275,0.0,0.0,7.0,0.0,0.0
CLI021276,0.0,8.5,8.0,0.0,8.0
CLI021278,0.0,7.0,8.0,7.5,10.0
CLI021279,10.0,0.0,0.0,0.0,0.0
CLI021280,0.0,8.5,7.5,0.0,0.0
CLI021281,7.0,0.0,0.0,0.0,0.0
CLI021282,0.0,0.0,0.0,0.0,7.0
CLI021283,8.0,0.0,0.0,0.0,0.0
CLI021286,9.0,8.0,0.0,0.0,8.0
CLI021287,7.0,8.0,0.0,0.0,8.0
CLI021288,7.0,0.0,0.0,8.0,8.666666666666666
CLI021289,8.0,0.0,0.0,8.0,8.0
CLI021290,8.0,0.0,0.0,0.0,10.0
CLI021291,7.5,0.0,0.0,9.0,0.0
CLI021292,0.0,0.0,9.0,0.0,0.0
CLI021293,0.0,7.0,0.0,0.0,0.0
CLI021294,8.0,0.0,0.0,0.0,8.0
CLI021295,0.0,10.0,0.0,0.0,0.0
CLI021296,0.0,8.0,0.0,8.0,0.0
CLI021297,0.0,0.0,0.0,7.5,0.0
CLI021298,0.0,0.0,10.0,0.0,8.0
CLI021299,0.0,0.0,0.0,0.0,8.0
CLI021300,0.0,7.5,0.0,9.0,0.0
CLI021301,8.0,0.0,0.0,0.0,9.0
CLI021302,0.0,9.0,0.0,0.0,8.0
CLI021303,0.0,0.0,0.0,0.0,8.0
CLI021304,8.0,0.0,0.0,0.0,0.0
CLI021305,8.0,0.0,0.0,0.0,0.0
CLI021306,0.0,0.0,7.0,0.0,7.0
CLI021307,0.0,8.0,0.0,0.0,8.0
CLI021308,7.5,8.0,8.5,0.0,0.0
CLI021309,0.0,0.0,0.0,7.0,10.0
CLI021310,8.0,0.0,0.0,0.0,0.0
CLI021311,7.0,0.0,0.0,0.0,0.0
CLI021312,0.0,8.5,0.0,0.0,0.0
CLI021313,0.0,8.0,0.0,7.0,0.0
CLI021314,0.0,8.666666666666666,8.0,8.0,8.0
CLI021316,0.0,0.0,9.0,0.0,10.0
CLI021317,9.0,7.0,0.0,9.0,8.0
CLI021319,0.0,0.0,7.0,0.0,0.0
CLI021320,7.0,0.0,0.0,0.0,10.0
CLI021321,8.0,0.0,7.0,0.0,0.0
CLI021322,0.0,8.5,0.0,6.0,0.0
CLI021323,0.0,9.0,8.0,8.0,9.5
CLI021324,0.0,0.0,7.0,0.0,9.0
CLI021325,7.0,0.0,0.0,0.0,0.0
CLI021326,0.0,0.0,9.0,8.5,8.0
CLI021327,9.0,0.0,9.0,0.0,0.0
CLI021328,0.0,0.0,0.0,8.0,0.0
CLI021329,0.0,6.0,8.0,8.0,9.0
CLI021331,8.0,0.0,0.0,0.0,8.0
CLI021332,0.0,10.0,0.0,9.0,0.0
CLI021333,8.0,0.0,0.0,0.0,0.0
CLI021334,9.0,9.0,0.0,0.0,0.0
CLI021335,0.0,0.0,8.0,9.0,0.0
CLI021336,7.0,0.0,8.0,0.0,0.0
CLI021337,0.0,7.5,7.0,8.0,8.0
CLI021338,0.0,0.0,7.0,0.0,0.0
CLI021339,8.0,0.0,0.0,0.0,0.0
CLI021340,9.0,8.0,0.0,7.0,8.0
CLI021341,0.0,0.0,0.0,0.0,9.0
CLI021342,0.0,0.0,8.0,0.0,9.0
CLI021343,7.0,0.0,0.0,8.0,0.0
CLI021344,8.333333333333334,0.0,0.0,0.0,8.0
CLI021345,0.0,9.0,0.0,0.0,0.0
CLI021346,8.0,0.0,0.0,0.0,0.0
CLI021347,0.0,0.0,9.0,0.0,0.0
CLI021348,9.5,7.0,0.0,0.0,0.0
CLI021349,0.0,8.0,7.0,0.0,0.0
CLI021350,0.0,7.0,0.0,0.0,0.0
CLI021351,0.0,0.0,0.0,9.0,0.0
CLI021352,8.0,0.0,7.0,8.5,8.0
CLI021353,8.0,7.5,7.0,0.0,9.0
CLI021354,9.0,9.0,0.0,7.5,0.0
CLI021355,8.0,7.0,8.0,0.0,0.0
CLI021356,10.0,0.0,0.0,8.0,0.0
CLI021358,0.0,7.0,0.0,7.0,6.0
CLI021359,0.0,0.0,0.0,8.0,0.0
CLI021360,0.0,7.0,0.0,0.0,0.0
CLI021362,0.0,9.0,8.0,8.0,8.0
CLI021363,0.0,0.0,9.0,8.0,7.5
CLI021364,0.0,0.0,0.0,0.0,8.0
CLI021365,0.0,0.0,9.0,0.0,0.0
CLI021366,0.0,0.0,7.0,10.0,9.0
CLI021367,0.0,8.0,8.0,0.0,9.0
CLI021368,9.0,0.0,0.0,7.333333333333333,8.0
CLI021369,8.0,9.0,7.0,9.0,0.0
CLI021370,0.0,0.0,6.0,8.0,8.0
CLI021371,9.0,0.0,8.0,0.0,0.0
CLI021372,9.0,0.0,0.0,0.0,0.0
CLI021373,0.0,9.0,8.0,6.0,0.0
CLI021374,9.0,0.0,0.0,0.0,8.0
CLI021376,7.0,7.666666666666667,0.0,0.0,0.0
CLI021377,7.0,0.0,0.0,0.0,9.0
CLI021378,0.0,0.0,0.0,10.0,0.0
CLI021379,0.0,7.0,0.0,7.0,0.0
CLI021380,8.5,0.0,8.5,0.0,0.0
CLI021381,0.0,0.0,8.0,0.0,0.0
CLI021382,0.0,0.0,7.0,9.0,0.0
CLI021383,0.0,8.0,0.0,7.0,0.0
CLI021384,0.0,0.0,0.0,8.333333333333334,7.0
CLI021385,8.0,9.0,0.0,8.0,0.0
CLI021386,0.0,0.0,9.0,0.0,8.0
CLI021388,8.0,0.0,8.0,0.0,8.0
CLI021389,7.0,0.0,8.0,0.0,0.0
CLI021390,0.0,0.0,6.0,8.0,8.0
CLI021391,0.0,7.0,7.0,7.0,0.0
CLI021392,7.0,8.0,0.0,0.0,0.0
CLI021393,7.0,0.0,0.0,9.0,8.0
CLI021395,9.0,0.0,10.0,9.0,8.0
CLI021396,0.0,0.0,0.0,8.5,0.0
CLI021397,9.0,8.0,10.0,0.0,0.0
CLI021398,8.5,8.0,0.0,0.0,0.0
CLI021399,0.0,0.0,0.0,0.0,10.0
CLI021400,0.0,0.0,8.0,0.0,0.0
CLI021402,9.0,7.0,0.0,8.0,0.0
CLI021403,0.0,0.0,0.0,9.0,0.0
CLI021405,8.0,0.0,0.0,8.0,7.0
CLI021406,0.0,0.0,0.0,8.5,8.0
CLI021407,0.0,7.0,8.0,0.0,0.0
CLI021408,8.0,0.0,8.333333333333334,0.0,0.0
CLI021409,0.0,8.0,0.0,9.0,0.0
CLI021410,0.0,0.0,0.0,8.0,0.0
CLI021411,8.0,8.0,7.0,0.0,0.0
CLI021412,0.0,0.0,0.0,7.0,7.5
CLI021413,0.0,0.0,7.0,0.0,9.0
CLI021414,7.5,0.0,0.0,0.0,0.0
CLI021415,9.0,0.0,8.0,0.0,0.0
CLI021416,0.0,0.0,8.0,8.5,0.0
CLI021418,8.0,7.0,9.0,0.0,0.0
CLI021419,0.0,8.0,9.0,0.0,0.0
CLI021420,0.0,0.0,0.0,9.0,0.0
CLI021422,9.0,9.0,0.0,0.0,7.0
CLI021424,0.0,0.0,0.0,9.0,0.0
CLI021425,6.0,7.0,0.0,8.0,9.0
CLI021426,0.0,9.0,0.0,0.0,0.0
CLI021427,0.0,0.0,8.0,0.0,8.0
CLI021428,8.0,0.0,0.0,0.0,0.0
CLI021429,7.0,0.0,0.0,0.0,0.0
CLI021430,0.0,10.0,0.0,0.0,0.0
CLI021431,10.0,7.0,9.0,9.0,0.0
CLI021432,0.0,0.0,0.0,0.0,10.0
CLI021433,0.0,0.0,0.0,0.0,8.0
CLI021434,0.0,0.0,7.5,0.0,8.0
CLI021435,0.0,0.0,0.0,9.0,7.0
CLI021436,7.0,0.0,10.0,0.0,0.0
CLI021438,9.0,0.0,0.0,9.0,0.0
CLI021439,0.0,9.0,0.0,0.0,0.0
CLI021440,0.0,8.0,0.0,0.0,0.0
CLI021441,8.5,0.0,8.5,7.0,0.0
CLI021442,8.0,8.5,0.0,9.0,0.0
CLI021443,0.0,7.0,0.0,7.0,0.0
CLI021444,9.0,9.0,9.0,8.0,0.0
CLI021445,7.0,0.0,0.0,9.0,9.0
CLI021446,7.0,7.333333333333333,9.0,8.0,0.0
CLI021447,10.0,8.0,0.0,0.0,0.0
CLI021448,0.0,0.0,0.0,7.5,0.0
CLI021449,0.0,9.0,0.0,9.0,0.0
CLI021450,0.0,7.0,0.0,0.0,0.0
CLI021451,8.0,0.0,9.0,0.0,9.0
CLI021452,8.0,0.0,0.0,0.0,0.0
CLI021453,9.0,8.0,9.0,9.0,7.0
CLI021455,0.0,8.0,0.0,9.0,0.0
CLI021456,6.0,8.0,0.0,0.0,9.0
CLI021457,7.0,0.0,0.0,0.0,0.0
CLI021458,0.0,0.0,8.0,8.0,9.0
CLI021461,0.0,0.0,0.0,0.0,7.0
CLI021463,0.0,8.0,0.0,0.0,8.0
CLI021464,0.0,8.0,7.0,0.0,8.5
CLI021465,6.0,8.5,9.0,7.5,8.0
CLI021466,0.0,0.0,0.0,0.0,8.5
CLI021467,7.0,9.0,0.0,0.0,6.0
CLI021468,9.0,0.0,8.0,0.0,8.0
CLI021469,0.0,0.0,9.0,9.5,8.0
CLI021470,9.0,0.0,0.0,9.0,9.0
CLI021471,0.0,9.0,0.0,6.666666666666667,7.666666666666667
CLI021472,0.0,8.5,7.0,0.0,0.0
CLI021473,8.0,10.0,0.0,7.0,8.0
CLI021474,0.0,0.0,0.0,0.0,8.0
CLI021475,8.0,0.0,0.0,0.0,8.25
CLI021476,0.0,9.0,0.0,0.0,0.0
CLI021477,0.0,0.0,9.333333333333334,0.0,8.0
CLI021478,0.0,0.0,8.0,0.0,0.0
CLI021479,0.0,0.0,8.0,9.0,0.0
CLI021480,7.0,0.0,0.0,8.0,8.0
CLI021481,8.0,0.0,0.0,9.0,9.0
CLI021482,8.0,0.0,7.0,8.0,0.0
CLI021485,7.0,0.0,0.0,0.0,7.0
CLI021486,0.0,0.0,7.5,0.0,0.0
CLI021487,8.0,0.0,7.0,0.0,0.0
CLI021488,0.0,0.0,7.0,0.0,0.0
CLI021489,0.0,7.0,0.0,0.0,0.0
CLI021490,0.0,7.5,0.0,0.0,0.0
CLI021491,9.0,8.0,0.0,0.0,0.0
CLI021492,0.0,0.0,7.666666666666667,0.0,0.0
CLI021493,0.0,9.0,9.0,0.0,7.0
CLI021494,8.0,0.0,0.0,7.0,8.0
CLI021495,8.5,0.0,0.0,9.0,0.0
CLI021496,0.0,0.0,9.0,8.0,7.0
CLI021497,0.0,8.0,9.0,0.0,0.0
CLI021498,7.0,0.0,0.0,8.0,9.0
CLI021499,0.0,8.0,9.0,0.0,0.0
CLI021500,0.0,7.0,0.0,0.0,0.0
CLI021501,7.0,0.0,0.0,7.0,0.0
CLI021502,0.0,9.0,6.0,0.0,0.0
CLI021503,9.0,10.0,9.0,0.0,0.0
CLI021504,6.0,8.0,8.0,0.0,9.0
CLI021506,9.0,9.0,0.0,0.0,0.0
CLI021507,0.0,0.0,0.0,0.0,7.0
CLI021509,8.0,0.0,9.0,8.0,0.0
CLI021510,0.0,0.0,0.0,0.0,7.0
CLI021511,0.0,6.0,0.0,0.0,0.0
CLI021512,0.0,0.0,0.0,8.0,0.0
CLI021513,0.0,0.0,9.0,0.0,8.0
CLI021514,0.0,0.0,9.0,0.0,0.0
CLI021516,8.0,0.0,0.0,0.0,0.0
CLI021517,9.0,0.0,9.0,0.0,0.0
CLI021518,0.0,8.5,0.0,0.0,0.0
CLI021519,0.0,8.0,0.0,0.0,7.0
CLI021520,0.0,8.0,0.0,8.0,10.0
CLI021521,8.0,0.0,0.0,0.0,0.0
CLI021522,7.0,0.0,8.0,9.0,0.0
CLI021523,0.0,0.0,8.333333333333334,0.0,8.0
CLI021524,0.0,7.0,0.0,8.0,0.0
CLI021525,0.0,0.0,0.0,0.0,8.0
CLI021526,9.0,8.0,0.0,0.0,8.5
CLI021528,0.0,0.0,0.0,0.0,6.0
CLI021529,0.0,9.0,0.0,0.0,0.0
CLI021530,7.0,0.0,8.0,0.0,0.0
CLI021531,0.0,0.0,10.0,0.0,0.0
CLI021532,0.0,8.0,0.0,0.0,0.0
CLI021533,0.0,0.0,0.0,6.5,0.0
CLI021534,8.5,0.0,0.0,0.0,0.0
CLI021535,8.0,0.0,0.0,0.0,0.0
CLI021536,8.0,0.0,8.0,0.0,0.0
CLI021537,0.0,7.0,0.0,10.0,8.5
CLI021538,0.0,0.0,7.0,8.0,9.0
CLI021539,0.0,0.0,0.0,7.0,8.0
CLI021540,0.0,0.0,0.0,8.0,9.0
CLI021541,9.0,0.0,0.0,9.0,7.0
CLI021542,8.0,0.0,0.0,0.0,8.0
CLI021543,0.0,7.0,7.0,0.0,0.0
CLI021544,0.0,0.0,9.0,10.0,7.0
CLI021545,0.0,9.5,0.0,10.0,8.0
CLI021546,0.0,0.0,0.0,0.0,8.0
CLI021547,9.0,7.0,0.0,8.5,7.0
CLI021548,8.0,7.666666666666667,7.5,8.0,7.0
CLI021549,7.0,0.0,8.0,7.0,8.0
CLI021550,0.0,0.0,8.333333333333334,0.0,0.0
CLI021551,0.0,0.0,0.0,0.0,10.0
CLI021552,9.0,0.0,7.0,7.0,0.0
CLI021553,0.0,0.0,0.0,0.0,10.0
CLI021554,0.0,9.0,0.0,0.0,0.0
CLI021555,0.0,10.0,0.0,9.0,0.0
CLI021556,0.0,0.0,8.0,0.0,8.0
CLI021557,0.0,0.0,8.5,0.0,0.0
CLI021558,0.0,0.0,0.0,9.0,8.0
CLI021559,9.0,9.0,0.0,0.0,8.0
CLI021560,9.0,8.0,6.0,9.0,7.0
CLI021561,0.0,7.5,0.0,0.0,0.0
CLI021562,7.0,7.0,0.0,0.0,0.0
CLI021563,0.0,7.0,8.0,8.0,0.0
CLI021564,7.0,10.0,0.0,0.0,0.0
CLI021565,0.0,0.0,8.5,0.0,0.0
CLI021566,9.0,8.0,0.0,0.0,8.0
CLI021567,0.0,0.0,0.0,0.0,9.0
CLI021568,7.0,8.5,0.0,0.0,9.0
CLI021569,0.0,0.0,9.0,8.0,0.0
CLI021570,9.0,0.0,0.0,0.0,8.0
CLI021571,8.0,0.0,8.0,0.0,0.0
CLI021573,0.0,0.0,0.0,8.5,0.0
CLI021574,0.0,0.0,0.0,8.0,9.0
CLI021575,0.0,0.0,0.0,8.5,0.0
CLI021576,7.0,0.0,0.0,0.0,0.0
CLI021577,7.0,0.0,0.0,0.0,0.0
CLI021578,0.0,8.0,0.0,0.0,0.0
CLI021579,0.0,0.0,0.0,0.0,8.0
CLI021580,0.0,0.0,8.0,8.0,0.0
CLI021581,8.0,7.5,7.0,7.0,0.0
CLI021582,8.0,0.0,8.5,9.0,0.0
CLI021583,7.0,9.0,0.0,8.0,0.0
CLI021584,9.0,0.0,8.333333333333334,0.0,0.0
CLI021585,9.0,0.0,8.0,9.0,0.0
CLI021586,0.0,8.333333333333334,8.0,0.0,8.0
CLI021588,8.5,0.0,0.0,9.0,0.0
CLI021589,8.0,0.0,0.0,0.0,0.0
CLI021590,0.0,0.0,8.5,0.0,0.0
CLI021591,0.0,8.0,0.0,9.0,0.0
CLI021592,9.0,0.0,7.0,0.0,0.0
CLI021593,8.5,9.0,0.0,0.0,7.0
CLI021594,9.0,9.0,9.0,0.0,0.0
CLI021595,10.0,7.0,0.0,0.0,0.0
CLI021596,7.0,8.5,0.0,10.0,0.0
CLI021597,8.0,0.0,0.0,0.0,8.0
CLI021598,0.0,9.0,0.0,7.0,0.0
CLI021600,0.0,8.0,7.0,7.0,0.0
CLI021601,0.0,8.0,0.0,0.0,9.0
CLI021602,0.0,7.0,8.0,0.0,0.0
CLI021603,6.0,0.0,8.5,7.0,0.0
CLI021604,7.0,0.0,0.0,0.0,0.0
CLI021605,0.0,9.0,7.0,0.0,0.0
CLI021607,0.0,8.5,0.0,7.0,0.0
CLI021608,7.5,0.0,0.0,7.0,0.0
CLI021609,0.0,0.0,0.0,8.0,0.0
CLI021610,0.0,8.0,8.0,6.0,0.0
CLI021611,8.0,8.0,8.0,0.0,0.0
CLI021612,0.0,8.0,0.0,0.0,0.0
CLI021613,0.0,0.0,9.0,0.0,0.0
CLI021614,9.0,8.0,8.0,0.0,0.0
CLI021615,0.0,9.0,10.0,7.0,0.0
CLI021616,0.0,0.0,9.0,7.5,0.0
CLI021617,8.5,0.0,0.0,9.0,8.0
CLI021618,8.0,0.0,8.0,8.0,0.0
CLI021619,0.0,0.0,0.0,7.0,10.0
CLI021620,0.0,0.0,0.0,8.0,0.0
CLI021621,0.0,0.0,0.0,0.0,8.0
CLI021622,0.0,7.5,0.0,8.0,0.0
CLI021624,9.0,0.0,0.0,0.0,0.0
CLI021625,8.0,0.0,9.0,7.0,0.0
CLI021626,0.0,0.0,0.0,8.0,8.0
CLI021627,0.0,0.0,8.0,0.0,8.0
CLI021628,7.0,9.0,8.0,0.0,7.0
CLI021630,0.0,0.0,9.0,8.0,0.0
CLI021631,0.0,0.0,0.0,0.0,8.0
CLI021632,0.0,0.0,0.0,0.0,9.0
CLI021633,0.0,0.0,9.0,9.0,8.0
CLI021634,0.0,8.0,8.0,7.0,0.0
CLI021635,0.0,7.0,8.5,0.0,8.0
CLI021636,0.0,7.0,8.0,8.0,0.0
CLI021637,0.0,0.0,0.0,8.0,7.0
CLI021638,9.0,8.0,0.0,0.0,0.0
CLI021639,9.0,0.0,0.0,9.0,0.0
CLI021640,0.0,0.0,0.0,0.0,9.0
CLI021641,9.0,8.0,9.0,0.0,0.0
CLI021642,8.0,0.0,0.0,9.0,0.0
CLI021643,0.0,7.0,8.0,0.0,0.0
CLI021644,0.0,0.0,10.0,7.0,0.0
CLI021645,0.0,8.0,8.0,8.0,7.0
CLI021646,9.0,9.0,0.0,0.0,8.0
CLI021647,6.0,8.0,0.0,8.0,0.0
CLI021648,7.0,8.0,0.0,10.0,7.666666666666667
CLI021649,7.0,0.0,0.0,7.0,0.0
CLI021650,0.0,0.0,8.0,8.0,0.0
CLI021651,0.0,0.0,0.0,0.0,8.0
CLI021652,0.0,0.0,0.0,7.0,9.0
CLI021653,0.0,9.0,0.0,0.0,9.0
CLI021654,0.0,7.666666666666667,8.0,8.0,0.0
CLI021655,8.0,0.0,0.0,0.0,8.0
CLI021656,8.0,0.0,0.0,8.0,0.0
CLI021657,9.0,0.0,7.0,8.0,8.0
CLI021658,6.0,7.0,0.0,0.0,9.0
CLI021659,0.0,7.0,0.0,0.0,8.0
CLI021661,9.0,0.0,0.0,0.0,0.0
CLI021662,7.0,0.0,0.0,0.0,9.0
CLI021663,9.0,9.0,0.0,9.0,0.0
CLI021664,0.0,9.0,0.0,0.0,7.0
CLI021665,0.0,8.0,8.0,0.0,0.0
CLI021666,0.0,0.0,7.5,0.0,0.0
CLI021668,9.0,0.0,0.0,9.0,0.0
CLI021670,8.0,0.0,10.0,0.0,0.0
CLI021671,8.0,0.0,0.0,8.0,0.0
CLI021672,0.0,0.0,0.0,7.0,9.0
CLI021673,0.0,0.0,6.0,0.0,8.0
CLI021674,0.0,0.0,8.0,0.0,0.0
CLI021675,9.0,0.0,0.0,9.0,7.0
CLI021676,7.5,0.0,10.0,8.0,0.0
CLI021677,0.0,9.0,9.0,0.0,0.0
CLI021678,0.0,0.0,8.0,0.0,0.0
CLI021679,8.0,7.0,0.0,0.0,8.0
CLI021680,8.0,9.0,0.0,0.0,8.0
CLI021681,8.5,0.0,0.0,0.0,0.0
CLI021682,0.0,0.0,0.0,8.0,9.0
CLI021683,9.0,0.0,0.0,0.0,0.0
CLI021684,7.0,0.0,0.0,8.0,0.0
CLI021685,0.0,7.5,9.0,8.0,8.0
CLI021686,0.0,0.0,8.0,0.0,8.0
CLI021687,10.0,0.0,8.0,0.0,0.0
CLI021688,7.333333333333333,9.0,0.0,0.0,10.0
CLI021689,8.0,0.0,0.0,0.0,0.0
CLI021690,9.0,0.0,0.0,0.0,0.0
CLI021691,0.0,7.0,8.0,0.0,0.0
CLI021692,0.0,0.0,8.0,0.0,8.5
CLI021693,8.0,0.0,0.0,9.0,0.0
CLI021695,6.0,0.0,0.0,8.5,7.0
CLI021696,0.0,0.0,0.0,7.0,0.0
CLI021697,0.0,7.0,0.0,9.0,0.0
CLI021698,0.0,0.0,0.0,10.0,0.0
CLI021699,0.0,7.0,0.0,7.0,9.333333333333334
CLI021700,0.0,0.0,0.0,0.0,8.0
CLI021701,0.0,0.0,8.0,0.0,10.0
CLI021702,0.0,8.0,0.0,0.0,8.0
CLI021703,9.0,0.0,0.0,0.0,0.0
CLI021704,0.0,0.0,0.0,0.0,10.0
CLI021705,0.0,0.0,0.0,10.0,0.0
CLI021706,0.0,0.0,10.0,8.0,8.0
CLI021708,0.0,0.0,9.0,0.0,0.0
CLI021709,9.0,0.0,0.0,0.0,0.0
CLI021710,0.0,0.0,9.0,7.0,0.0
CLI021711,0.0,9.0,0.0,0.0,0.0
CLI021712,0.0,8.0,0.0,0.0,7.5
CLI021713,0.0,8.0,8.0,0.0,0.0
CLI021715,10.0,9.0,8.0,0.0,0.0
CLI021716,0.0,0.0,8.0,0.0,7.0
CLI021717,0.0,8.0,0.0,0.0,0.0
CLI021718,7.0,0.0,0.0,0.0,0.0
CLI021720,0.0,8.0,0.0,0.0,0.0
CLI021721,0.0,0.0,0.0,9.0,0.0
CLI021722,0.0,0.0,0.0,10.0,0.0
CLI021724,8.0,7.5,0.0,0.0,0.0
CLI021725,0.0,0.0,0.0,7.0,9.0
CLI021726,0.0,0.0,7.0,8.0,8.0
CLI021727,0.0,0.0,0.0,0.0,7.0
CLI021728,9.0,8.0,8.0,7.0,0.0
CLI021729,7.0,0.0,8.0,8.0,0.0
CLI021730,10.0,0.0,9.0,0.0,0.0
CLI021731,8.0,7.0,0.0,9.0,8.0
CLI021732,0.0,9.0,0.0,0.0,7.0
CLI021733,0.0,9.0,0.0,0.0,0.0
CLI021734,0.0,0.0,10.0,8.0,8.0
CLI021735,8.0,8.0,0.0,0.0,0.0
CLI021736,7.0,0.0,9.0,8.0,0.0
CLI021737,9.0,0.0,0.0,7.0,0.0
CLI021738,0.0,0.0,7.5,0.0,0.0
CLI021739,0.0,0.0,9.0,0.0,0.0
CLI021740,0.0,8.0,0.0,0.0,0.0
CLI021741,8.0,8.0,0.0,0.0,10.0
CLI021742,0.0,8.0,8.5,0.0,0.0
CLI021743,0.0,8.0,0.0,0.0,0.0
CLI021744,0.0,0.0,0.0,0.0,10.0
CLI021745,8.0,0.0,0.0,7.0,0.0
CLI021746,0.0,10.0,0.0,0.0,0.0
CLI021747,7.5,7.0,9.0,8.0,9.0
CLI021748,0.0,9.0,8.0,0.0,9.0
CLI021749,7.0,8.0,0.0,9.0,9.0
CLI021750,0.0,0.0,8.0,0.0,7.0
CLI021752,0.0,9.0,9.0,0.0,0.0
CLI021753,0.0,0.0,9.0,0.0,0.0
CLI021754,0.0,0.0,0.0,9.0,7.0
CLI021755,10.0,9.5,0.0,0.0,7.5
CLI021756,9.0,7.0,8.0,8.0,0.0
CLI021757,7.0,0.0,0.0,0.0,6.0
CLI021758,0.0,0.0,9.0,0.0,0.0
CLI021759,7.0,0.0,0.0,0.0,8.0
CLI021760,0.0,0.0,0.0,9.0,0.0
CLI021761,0.0,0.0,7.0,9.0,0.0
CLI021762,0.0,0.0,8.5,0.0,8.0
CLI021764,0.0,9.0,8.666666666666666,9.0,0.0
CLI021765,0.0,0.0,0.0,9.0,0.0
CLI021766,8.5,8.333333333333334,0.0,0.0,8.5
CLI021767,8.0,0.0,0.0,0.0,0.0
CLI021769,0.0,0.0,9.0,0.0,0.0
CLI021770,7.0,0.0,0.0,0.0,0.0
CLI021771,0.0,7.0,8.0,7.0,0.0
CLI021773,0.0,9.0,8.0,0.0,0.0
CLI021774,0.0,0.0,0.0,0.0,7.0
CLI021775,0.0,0.0,0.0,0.0,9.0
CLI021776,10.0,8.666666666666666,8.0,7.0,0.0
CLI021777,0.0,7.0,9.0,7.0,0.0
CLI021778,7.0,0.0,0.0,0.0,8.0
CLI021779,0.0,0.0,0.0,0.0,8.5
CLI021780,0.0,8.0,0.0,10.0,0.0
CLI021781,0.0,7.0,0.0,10.0,8.0
CLI021782,0.0,9.0,0.0,8.0,9.0
CLI021783,8.0,0.0,0.0,8.0,8.25
CLI021784,0.0,0.0,0.0,0.0,10.0
CLI021785,9.0,8.0,0.0,0.0,9.0
CLI021787,0.0,9.0,0.0,0.0,9.0
CLI021788,0.0,0.0,0.0,6.0,9.0
CLI021789,0.0,0.0,9.0,0.0,0.0
CLI021791,0.0,0.0,9.0,0.0,0.0
CLI021792,8.0,0.0,0.0,9.0,8.0
CLI021793,0.0,8.0,9.0,7.0,8.0
CLI021794,0.0,0.0,0.0,8.0,0.0
CLI021795,9.0,0.0,9.0,8.333333333333334,8.0
CLI021796,8.0,0.0,10.0,8.0,0.0
CLI021797,0.0,7.0,0.0,9.0,0.0
CLI021798,0.0,0.0,0.0,7.0,0.0
CLI021799,0.0,8.0,0.0,8.333333333333334,7.0
CLI021800,0.0,7.0,8.0,0.0,9.0
CLI021801,0.0,0.0,0.0,8.0,0.0
CLI021802,10.0,0.0,8.0,8.0,0.0
CLI021803,6.5,0.0,9.0,9.0,0.0
CLI021804,0.0,8.0,8.0,0.0,7.0
CLI021805,0.0,0.0,0.0,7.0,0.0
CLI021806,0.0,0.0,8.0,0.0,10.0
CLI021807,9.0,0.0,0.0,0.0,0.0
CLI021808,7.5,8.0,0.0,0.0,9.0
CLI021809,0.0,0.0,9.0,9.0,0.0
CLI021810,8.0,0.0,0.0,0.0,8.0
CLI021812,0.0,0.0,7.0,0.0,0.0
CLI021813,0.0,0.0,7.0,0.0,0.0
CLI021815,0.0,6.0,0.0,10.0,8.5
CLI021816,0.0,0.0,7.0,0.0,0.0
CLI021817,7.0,0.0,0.0,0.0,8.0
CLI021819,8.0,0.0,0.0,8.0,0.0
CLI021821,0.0,7.333333333333333,0.0,0.0,0.0
CLI021822,0.0,0.0,8.0,7.0,0.0
CLI021823,9.0,0.0,0.0,0.0,0.0
CLI021824,0.0,9.0,0.0,7.5,0.0
CLI021825,0.0,0.0,0.0,8.0,0.0
CLI021826,0.0,0.0,0.0,9.0,0.0
CLI021828,0.0,0.0,0.0,8.0,0.0
CLI021829,0.0,0.0,9.0,0.0,0.0
CLI021830,8.0,0.0,8.0,7.0,9.0
CLI021831,0.0,7.0,7.0,7.0,0.0
CLI021832,0.0,0.0,8.5,0.0,0.0
CLI021833,8.0,0.0,0.0,6.0,8.0
CLI021834,0.0,0.0,9.0,8.0,0.0
CLI021835,0.0,8.0,0.0,9.0,0.0
CLI021836,7.0,9.0,0.0,0.0,0.0
CLI021837,7.5,0.0,9.5,0.0,7.0
CLI021838,0.0,9.0,10.0,0.0,7.0
CLI021839,9.0,0.0,0.0,8.0,0.0
CLI021840,8.0,0.0,0.0,9.0,0.0
CLI021842,0.0,8.0,0.0,0.0,0.0
CLI021843,9.0,8.0,8.0,0.0,8.0
CLI021844,0.0,8.0,8.0,0.0,0.0
CLI021846,0.0,9.0,8.0,0.0,8.0
CLI021847,0.0,8.0,8.5,0.0,0.0
CLI021848,0.0,0.0,6.0,8.0,8.0
CLI021849,9.0,8.0,0.0,0.0,0.0
CLI021851,8.0,8.0,0.0,7.5,8.5
CLI021852,8.0,0.0,0.0,0.0,0.0
CLI021853,9.0,0.0,7.5,0.0,0.0
CLI021854,0.0,0.0,0.0,10.0,0.0
CLI021855,0.0,8.5,7.0,0.0,0.0
CLI021857,8.0,0.0,7.0,9.0,8.0
CLI021858,0.0,0.0,8.5,0.0,8.0
CLI021859,9.0,7.0,0.0,0.0,0.0
CLI021861,0.0,0.0,8.0,0.0,0.0
CLI021862,8.0,0.0,8.0,0.0,7.0
CLI021864,8.5,7.0,0.0,0.0,8.0
CLI021865,8.0,9.0,0.0,7.666666666666667,0.0
CLI021866,0.0,8.0,10.0,9.0,7.0
CLI021867,0.0,9.0,0.0,10.0,0.0
CLI021873,0.0,0.0,8.0,8.0,7.0
CLI021874,0.0,0.0,0.0,0.0,9.0
CLI021875,8.333333333333334,0.0,9.0,8.0,0.0
CLI021876,0.0,0.0,0.0,8.0,0.0
CLI021877,7.0,8.0,0.0,0.0,9.0
CLI021878,8.0,0.0,0.0,7.0,0.0
CLI021879,0.0,0.0,8.0,7.0,7.0
CLI021880,0.0,0.0,7.5,0.0,8.0
CLI021882,0.0,0.0,7.0,10.0,0.0
CLI021883,9.0,8.0,0.0,8.0,9.0
CLI021884,8.0,0.0,8.0,0.0,7.0
CLI021885,9.0,0.0,0.0,0.0,0.0
CLI021886,0.0,0.0,0.0,0.0,9.0
CLI021887,8.0,0.0,0.0,6.0,7.0
CLI021889,0.0,0.0,9.0,0.0,0.0
CLI021890,0.0,8.0,0.0,6.0,0.0
CLI021891,0.0,8.5,0.0,0.0,0.0
CLI021892,0.0,0.0,0.0,9.0,0.0
CLI021893,0.0,8.333333333333334,0.0,0.0,0.0
CLI021895,8.0,0.0,0.0,0.0,0.0
CLI021896,0.0,7.0,7.0,0.0,7.0
CLI021897,0.0,0.0,8.0,8.0,0.0
CLI021898,0.0,0.0,8.0,0.0,8.333333333333334
CLI021899,0.0,9.0,8.0,0.0,0.0
CLI021900,9.5,0.0,0.0,0.0,8.0
CLI021901,0.0,8.0,9.0,0.0,8.0
CLI021902,0.0,0.0,0.0,7.0,0.0
CLI021903,8.5,0.0,0.0,0.0,9.0
CLI021904,0.0,8.0,8.0,0.0,0.0
CLI021905,0.0,0.0,0.0,7.0,0.0
CLI021906,8.0,0.0,0.0,0.0,0.0
CLI021907,0.0,0.0,9.0,0.0,10.0
CLI021908,7.0,0.0,0.0,8.0,0.0
CLI021909,0.0,9.0,0.0,0.0,0.0
CLI021910,8.0,0.0,9.0,0.0,0.0
CLI021911,0.0,0.0,9.0,9.0,8.0
CLI021912,0.0,0.0,8.333333333333334,0.0,0.0
CLI021913,9.0,9.0,9.0,8.0,0.0
CLI021914,0.0,0.0,6.0,0.0,0.0
CLI021915,0.0,6.0,0.0,0.0,0.0
CLI021916,0.0,7.5,0.0,0.0,8.0
CLI021917,9.0,7.5,0.0,10.0,0.0
CLI021918,0.0,7.0,8.0,9.0,0.0
CLI021919,8.0,0.0,0.0,0.0,0.0
CLI021920,0.0,8.0,8.0,9.0,0.0
CLI021922,0.0,0.0,8.0,0.0,0.0
CLI021923,0.0,0.0,0.0,9.0,10.0
CLI021924,0.0,0.0,8.0,0.0,0.0
CLI021925,8.0,0.0,0.0,0.0,0.0
CLI021927,0.0,8.0,9.0,0.0,0.0
CLI021928,0.0,0.0,0.0,7.5,8.0
CLI021929,0.0,8.0,7.5,0.0,6.0
CLI021930,0.0,0.0,7.0,0.0,0.0
CLI021931,0.0,8.0,0.0,0.0,9.0
CLI021932,0.0,7.0,9.0,7.0,0.0
CLI021933,8.0,7.5,0.0,0.0,8.0
CLI021935,7.0,0.0,9.0,0.0,7.0
CLI021936,8.0,0.0,0.0,0.0,0.0
CLI021937,7.0,8.0,8.0,0.0,0.0
CLI021938,0.0,0.0,8.0,9.0,9.0
CLI021940,0.0,0.0,7.5,0.0,8.0
CLI021941,0.0,0.0,0.0,8.0,10.0
CLI021943,0.0,8.0,0.0,7.0,0.0
CLI021944,8.0,8.0,7.0,0.0,8.0
CLI021945,0.0,0.0,0.0,6.0,0.0
CLI021946,6.0,0.0,8.0,0.0,0.0
CLI021947,0.0,10.0,7.0,8.0,7.5
CLI021948,8.0,8.0,0.0,0.0,0.0
CLI021949,8.0,0.0,0.0,0.0,0.0
CLI021950,0.0,0.0,9.0,0.0,8.0
CLI021951,8.5,0.0,0.0,10.0,8.0
CLI021952,0.0,0.0,8.0,9.0,0.0
CLI021953,0.0,0.0,6.0,8.0,0.0
CLI021954,0.0,10.0,0.0,0.0,0.0
CLI021955,7.0,8.0,0.0,0.0,0.0
CLI021956,0.0,6.0,0.0,0.0,8.0
CLI021957,9.0,9.0,8.0,0.0,0.0
CLI021958,8.0,7.0,0.0,0.0,7.0
CLI021959,7.0,8.0,0.0,0.0,0.0
CLI021960,0.0,6.666666666666667,0.0,0.0,0.0
CLI021961,0.0,0.0,7.0,0.0,8.0
CLI021962,0.0,0.0,8.0,0.0,7.0
CLI021963,8.5,0.0,0.0,0.0,0.0
CLI021965,8.0,8.0,0.0,0.0,0.0
CLI021966,10.0,9.0,7.0,0.0,7.0
CLI021967,0.0,0.0,0.0,9.0,0.0
CLI021968,0.0,0.0,0.0,9.0,0.0
CLI021969,9.0,9.0,0.0,9.0,0.0
CLI021970,0.0,0.0,0.0,0.0,8.0
CLI021972,0.0,0.0,7.0,8.0,8.0
CLI021974,0.0,0.0,8.0,0.0,0.0
CLI021975,0.0,0.0,9.0,0.0,8.0
CLI021976,0.0,0.0,7.5,8.0,8.5
CLI021977,7.0,0.0,0.0,0.0,9.0
CLI021978,7.0,0.0,7.0,0.0,9.0
CLI021979,8.0,0.0,0.0,0.0,8.0
CLI021980,9.0,0.0,7.0,10.0,0.0
CLI021981,0.0,9.0,9.0,7.0,0.0
CLI021982,0.0,0.0,0.0,0.0,9.0
CLI021983,0.0,0.0,0.0,8.0,0.0
CLI021984,0.0,0.0,0.0,8.666666666666666,0.0
CLI021985,0.0,0.0,0.0,9.0,0.0
CLI021986,0.0,8.0,0.0,0.0,9.0
CLI021987,8.0,0.0,0.0,8.0,8.666666666666666
CLI021988,0.0,0.0,0.0,8.0,7.0
CLI021989,8.0,0.0,0.0,0.0,9.0
CLI021990,0.0,7.5,7.0,0.0,0.0
CLI021992,8.0,0.0,0.0,0.0,0.0
CLI021993,9.0,0.0,8.0,0.0,8.0
CLI021994,8.0,0.0,9.0,0.0,0.0
CLI021995,8.0,0.0,0.0,7.5,0.0
CLI021996,8.0,0.0,0.0,10.0,0.0
CLI021998,0.0,0.0,0.0,8.0,0.0
CLI021999,7.0,9.0,0.0,0.0,0.0
CLI022000,9.0,7.5,0.0,0.0,0.0
CLI022001,0.0,0.0,0.0,8.0,0.0
CLI022002,0.0,7.0,9.0,0.0,0.0
CLI022004,0.0,7.0,7.0,9.0,8.0
CLI022005,7.0,0.0,0.0,0.0,0.0
CLI022006,7.0,0.0,0.0,0.0,0.0
CLI022007,9.0,8.0,0.0,0.0,0.0
CLI022008,8.5,0.0,0.0,9.0,0.0
CLI022009,0.0,7.0,0.0,0.0,0.0
CLI022010,0.0,0.0,0.0,0.0,9.0
CLI022011,8.0,0.0,0.0,0.0,0.0
CLI022012,0.0,8.0,7.5,0.0,0.0
CLI022013,7.0,0.0,0.0,9.0,7.0
CLI022014,0.0,0.0,0.0,0.0,8.666666666666666
CLI022016,9.0,0.0,9.0,0.0,8.5
CLI022017,0.0,0.0,6.5,9.0,8.0
CLI022018,0.0,0.0,10.0,0.0,0.0
CLI022019,0.0,0.0,7.0,8.0,8.0
CLI022020,9.0,0.0,7.0,9.0,8.0
CLI022023,0.0,0.0,8.0,0.0,0.0
CLI022024,8.0,0.0,0.0,7.5,0.0
CLI022025,9.0,0.0,8.0,9.0,9.0
CLI022026,8.0,10.0,0.0,8.0,9.0
CLI022027,0.0,9.0,0.0,0.0,7.0
CLI022028,0.0,0.0,0.0,9.0,0.0
CLI022029,8.0,0.0,0.0,0.0,10.0
CLI022030,0.0,0.0,0.0,7.0,7.0
CLI022031,0.0,10.0,0.0,8.0,6.0
CLI022032,8.0,8.0,0.0,9.0,0.0
CLI022033,7.0,0.0,0.0,9.0,0.0
CLI022034,0.0,0.0,7.0,8.0,0.0
CLI022036,0.0,8.5,0.0,9.0,8.0
CLI022037,0.0,9.0,9.0,0.0,0.0
CLI022038,0.0,8.0,0.0,0.0,0.0
CLI022039,7.0,0.0,0.0,0.0,8.0
CLI022040,0.0,0.0,8.0,0.0,9.0
CLI022041,0.0,0.0,7.5,0.0,0.0
CLI022042,7.0,8.0,0.0,0.0,0.0
CLI022043,8.5,0.0,0.0,0.0,0.0
CLI022045,7.0,0.0,0.0,9.0,9.0
CLI022046,8.0,0.0,0.0,0.0,0.0
CLI022048,0.0,0.0,0.0,7.5,7.0
CLI022049,8.0,7.0,0.0,8.5,0.0
CLI022050,0.0,7.5,8.5,6.0,0.0
CLI022051,8.0,0.0,0.0,0.0,0.0
CLI022052,0.0,0.0,0.0,7.0,7.0
CLI022053,0.0,0.0,9.0,0.0,0.0
CLI022054,0.0,0.0,0.0,0.0,9.0
CLI022055,8.0,0.0,7.0,0.0,0.0
CLI022056,0.0,7.0,0.0,0.0,0.0
CLI022057,10.0,0.0,9.0,8.0,8.0
CLI022058,0.0,0.0,7.0,0.0,0.0
CLI022059,0.0,8.0,0.0,7.0,0.0
CLI022060,7.0,0.0,0.0,9.0,0.0
CLI022061,8.5,0.0,7.0,0.0,8.0
CLI022062,9.0,0.0,7.0,0.0,0.0
CLI022063,0.0,0.0,0.0,9.0,8.0
CLI022064,0.0,0.0,9.0,0.0,7.0
CLI022066,0.0,0.0,9.0,8.0,7.0
CLI022067,0.0,0.0,9.0,7.0,0.0
CLI022068,7.0,0.0,0.0,9.0,0.0
CLI022069,9.0,0.0,0.0,8.5,8.0
CLI022070,9.0,0.0,0.0,8.0,0.0
CLI022071,0.0,9.0,0.0,0.0,0.0
CLI022072,0.0,0.0,8.0,8.0,8.0
CLI022073,7.0,0.0,8.0,0.0,9.0
CLI022074,8.25,8.0,0.0,0.0,0.0
CLI022075,0.0,0.0,8.0,0.0,0.0
CLI022076,7.0,0.0,0.0,0.0,0.0
CLI022078,0.0,8.0,0.0,0.0,0.0
CLI022079,0.0,7.0,0.0,8.5,0.0
CLI022080,8.5,8.0,9.0,10.0,0.0
CLI022082,0.0,0.0,8.5,10.0,0.0
CLI022083,0.0,0.0,0.0,0.0,8.0
CLI022084,0.0,8.0,0.0,0.0,0.0
CLI022085,0.0,0.0,0.0,9.0,0.0
CLI022089,0.0,7.0,0.0,0.0,7.0
CLI022090,0.0,0.0,8.0,0.0,7.0
CLI022091,0.0,9.0,9.0,0.0,0.0
CLI022092,8.0,8.0,0.0,0.0,0.0
CLI022093,0.0,0.0,9.5,7.5,0.0
CLI022094,0.0,0.0,0.0,0.0,6.0
CLI022095,0.0,8.0,8.0,7.0,8.0
CLI022096,8.0,0.0,0.0,0.0,0.0
CLI022097,10.0,0.0,0.0,0.0,8.0
CLI022098,0.0,7.5,7.0,0.0,0.0
CLI022099,0.0,0.0,8.0,0.0,0.0
CLI022100,0.0,6.0,0.0,0.0,0.0
CLI022101,9.0,0.0,8.0,0.0,0.0
CLI022102,0.0,10.0,0.0,9.0,0.0
CLI022103,8.0,0.0,9.0,0.0,0.0
CLI022104,0.0,7.0,0.0,9.0,0.0
CLI022105,7.0,8.0,0.0,10.0,9.0
CLI022107,0.0,0.0,0.0,0.0,8.0
CLI022108,8.0,0.0,8.0,0.0,8.0
CLI022109,0.0,8.0,7.0,9.0,0.0
CLI022111,8.0,0.0,0.0,0.0,9.0
CLI022112,0.0,0.0,9.0,0.0,0.0
CLI022113,0.0,7.0,8.0,0.0,8.0
CLI022114,8.0,9.0,0.0,8.5,0.0
CLI022115,0.0,0.0,0.0,8.5,9.0
CLI022117,8.0,0.0,7.0,0.0,0.0
CLI022118,0.0,0.0,0.0,0.0,8.0
CLI022119,8.0,0.0,0.0,0.0,7.0
CLI022120,0.0,0.0,0.0,9.0,7.0
CLI022121,0.0,8.0,9.0,0.0,8.0
CLI022122,7.0,7.0,9.0,0.0,0.0
CLI022123,0.0,0.0,8.0,10.0,0.0
CLI022124,0.0,0.0,9.0,0.0,9.0
CLI022125,8.0,8.0,0.0,0.0,0.0
CLI022126,0.0,0.0,0.0,9.0,0.0
CLI022127,9.0,9.0,0.0,0.0,7.0
CLI022128,0.0,0.0,0.0,0.0,8.0
CLI022129,9.0,0.0,8.0,0.0,0.0
CLI022130,9.0,8.0,0.0,0.0,8.0
CLI022131,0.0,0.0,0.0,9.0,0.0
CLI022132,0.0,0.0,10.0,8.0,0.0
CLI022133,0.0,0.0,8.0,8.0,0.0
CLI022135,0.0,0.0,0.0,10.0,8.5
CLI022136,8.0,0.0,0.0,0.0,10.0
CLI022137,0.0,8.0,0.0,7.5,0.0
CLI022138,7.0,0.0,8.0,0.0,0.0
CLI022139,8.0,0.0,0.0,0.0,0.0
CLI022140,8.0,0.0,0.0,8.0,0.0
CLI022141,0.0,0.0,0.0,8.0,0.0
CLI022142,8.0,9.0,0.0,9.0,0.0
CLI022143,7.0,6.0,0.0,0.0,8.0
CLI022144,0.0,9.0,9.0,0.0,0.0
CLI022145,9.0,9.0,0.0,0.0,0.0
CLI022147,0.0,8.0,0.0,0.0,0.0
CLI022149,8.0,0.0,8.0,0.0,7.0
CLI022150,0.0,9.0,0.0,0.0,8.0
CLI022151,9.0,9.0,0.0,0.0,0.0
CLI022152,0.0,0.0,0.0,6.0,0.0
CLI022153,7.0,9.0,0.0,9.0,9.0
CLI022154,0.0,8.0,0.0,8.0,7.0
CLI022155,0.0,0.0,0.0,0.0,7.0
CLI022156,8.0,0.0,9.0,0.0,9.0
CLI022159,0.0,8.0,8.666666666666666,0.0,0.0
CLI022161,7.0,10.0,0.0,0.0,0.0
CLI022162,0.0,9.0,7.5,0.0,0.0
CLI022163,0.0,6.0,0.0,0.0,0.0
CLI022164,8.0,0.0,8.0,8.0,0.0
CLI022165,8.0,8.0,0.0,0.0,0.0
CLI022166,0.0,8.666666666666666,0.0,0.0,0.0
CLI022167,9.0,8.0,8.5,8.5,0.0
CLI022168,8.0,0.0,6.0,0.0,0.0
CLI022169,7.5,8.0,7.0,8.0,0.0
CLI022170,8.0,0.0,0.0,0.0,7.0
CLI022171,9.0,0.0,0.0,0.0,0.0
CLI022172,8.0,6.0,0.0,0.0,8.0
CLI022173,0.0,0.0,8.0,10.0,8.0
CLI022174,0.0,8.0,0.0,0.0,8.0
CLI022175,9.333333333333334,0.0,8.0,0.0,0.0
CLI022176,8.0,0.0,0.0,0.0,0.0
CLI022177,0.0,9.0,7.0,0.0,8.0
CLI022178,8.0,8.0,7.0,8.0,0.0
CLI022179,0.0,0.0,7.0,7.0,0.0
CLI022181,0.0,8.5,0.0,0.0,0.0
CLI022182,8.0,0.0,0.0,9.0,8.0
CLI022183,0.0,0.0,0.0,0.0,9.0
CLI022184,0.0,0.0,9.0,0.0,0.0
CLI022185,0.0,0.0,0.0,9.0,6.0
CLI022186,0.0,0.0,0.0,7.0,0.0
CLI022187,7.0,0.0,8.0,8.0,0.0
CLI022188,0.0,7.0,7.5,0.0,9.0
CLI022189,7.0,7.5,9.0,0.0,10.0
CLI022190,0.0,0.0,0.0,0.0,7.0
CLI022191,0.0,7.0,8.0,7.5,0.0
CLI022192,0.0,0.0,0.0,9.0,0.0
CLI022193,8.0,0.0,0.0,0.0,8.0
CLI022195,7.0,9.0,7.666666666666667,8.0,0.0
CLI022196,9.0,0.0,9.0,0.0,0.0
CLI022198,0.0,7.0,0.0,0.0,0.0
CLI022199,9.0,0.0,0.0,0.0,0.0
CLI022200,7.0,0.0,0.0,0.0,7.5
CLI022201,7.0,0.0,0.0,9.0,0.0
CLI022202,0.0,9.0,0.0,0.0,0.0
CLI022203,0.0,0.0,8.0,0.0,0.0
CLI022204,0.0,7.0,9.0,8.0,7.0
CLI022205,7.0,0.0,8.333333333333334,8.0,0.0
CLI022206,8.0,0.0,0.0,9.0,8.0
CLI022207,0.0,7.0,8.0,9.0,0.0
CLI022208,0.0,7.0,8.4,8.0,0.0
CLI022209,0.0,0.0,9.0,8.0,0.0
CLI022210,0.0,9.0,0.0,9.0,0.0
CLI022211,0.0,0.0,9.0,0.0,9.0
CLI022212,8.0,0.0,8.0,0.0,8.0
CLI022213,0.0,8.0,0.0,0.0,9.0
CLI022215,0.0,9.0,0.0,0.0,7.0
CLI022216,0.0,0.0,10.0,0.0,9.0
CLI022217,0.0,9.0,0.0,0.0,0.0
CLI022218,0.0,0.0,0.0,0.0,8.0
CLI022219,0.0,8.0,0.0,0.0,8.0
CLI022220,7.0,8.0,8.0,8.0,0.0
CLI022221,0.0,0.0,8.0,8.0,9.0
CLI022222,0.0,0.0,0.0,8.0,7.0
CLI022223,8.0,8.0,0.0,9.0,0.0
CLI022224,0.0,0.0,0.0,7.5,0.0
CLI022225,9.5,0.0,7.0,0.0,0.0
CLI022226,0.0,7.0,0.0,0.0,7.0
CLI022227,7.5,0.0,0.0,9.5,0.0
CLI022228,0.0,0.0,9.0,10.0,9.0
CLI022229,9.0,8.0,0.0,8.0,0.0
CLI022230,0.0,0.0,8.0,8.0,8.0
CLI022231,9.0,8.0,0.0,0.0,0.0
CLI022232,0.0,7.0,9.0,0.0,7.0
CLI022233,0.0,0.0,0.0,7.0,8.0
CLI022234,8.0,0.0,0.0,0.0,8.0
CLI022235,9.0,10.0,0.0,0.0,0.0
CLI022236,0.0,0.0,0.0,0.0,7.5
CLI022237,8.0,0.0,0.0,8.0,0.0
CLI022240,0.0,8.0,0.0,9.0,0.0
CLI022241,0.0,0.0,0.0,9.0,0.0
CLI022242,0.0,8.0,0.0,0.0,7.0
CLI022243,8.0,0.0,0.0,0.0,0.0
CLI022245,0.0,0.0,0.0,0.0,9.0
CLI022246,0.0,0.0,0.0,0.0,9.0
CLI022247,8.0,7.0,7.0,0.0,0.0
CLI022248,0.0,7.0,0.0,0.0,8.5
CLI022249,7.5,0.0,0.0,0.0,0.0
CLI022250,0.0,0.0,0.0,0.0,8.0
CLI022251,8.0,0.0,0.0,7.0,8.0
CLI022252,7.0,0.0,0.0,10.0,0.0
CLI022253,8.0,7.0,0.0,0.0,0.0
CLI022254,0.0,9.0,0.0,8.5,7.0
CLI022255,0.0,0.0,0.0,10.0,0.0
CLI022258,6.0,0.0,8.0,7.666666666666667,9.0
CLI022259,9.0,9.0,0.0,0.0,8.0
CLI022260,9.0,8.0,8.0,10.0,0.0
CLI022261,9.0,0.0,9.0,0.0,0.0
CLI022262,0.0,7.5,0.0,8.0,0.0
CLI022263,0.0,0.0,0.0,9.0,0.0
CLI022264,0.0,0.0,0.0,6.0,0.0
CLI022265,0.0,0.0,7.5,0.0,10.0
CLI022266,0.0,8.0,0.0,8.0,8.0
CLI022267,0.0,0.0,0.0,7.0,0.0
CLI022268,8.0,0.0,7.0,0.0,0.0
CLI022269,0.0,9.0,0.0,0.0,0.0
CLI022270,0.0,8.0,7.0,0.0,7.5
CLI022271,8.0,7.0,9.0,0.0,0.0
CLI022272,0.0,0.0,0.0,9.0,0.0
CLI022273,7.0,0.0,7.5,8.0,0.0
CLI022274,8.0,0.0,0.0,0.0,0.0
CLI022275,0.0,8.0,0.0,0.0,0.0
CLI022276,9.0,0.0,0.0,0.0,0.0
CLI022277,8.0,7.5,6.0,0.0,8.0
CLI022278,8.0,8.0,0.0,0.0,7.0
CLI022279,0.0,7.5,0.0,0.0,7.0
CLI022280,0.0,10.0,8.0,7.0,0.0
CLI022281,0.0,0.0,0.0,8.0,8.5
CLI022282,0.0,9.0,0.0,0.0,0.0
CLI022283,0.0,0.0,0.0,0.0,8.333333333333334
CLI022285,0.0,8.0,9.0,9.0,0.0
CLI022286,0.0,9.0,0.0,0.0,0.0
CLI022287,0.0,8.0,9.0,7.0,9.0
CLI022288,6.0,0.0,8.0,0.0,0.0
CLI022289,0.0,10.0,8.5,0.0,0.0
CLI022290,6.0,7.0,0.0,0.0,8.0
CLI022291,0.0,9.0,0.0,7.0,9.0
CLI022292,7.0,0.0,0.0,9.0,0.0
CLI022293,0.0,9.0,0.0,0.0,0.0
CLI022294,0.0,0.0,7.0,0.0,0.0
CLI022296,7.0,6.0,0.0,0.0,7.0
CLI022297,0.0,7.5,0.0,0.0,9.0
CLI022298,7.0,9.0,0.0,0.0,0.0
CLI022299,0.0,9.0,0.0,0.0,8.0
CLI022301,0.0,0.0,0.0,0.0,8.0
CLI022302,0.0,7.0,0.0,0.0,8.0
CLI022303,7.0,0.0,8.0,0.0,8.5
CLI022304,0.0,0.0,0.0,7.0,8.5
CLI022307,7.0,0.0,7.0,0.0,0.0
CLI022308,9.0,0.0,0.0,0.0,0.0
CLI022309,0.0,0.0,7.0,0.0,9.0
CLI022310,0.0,9.0,8.0,0.0,8.0
CLI022311,0.0,0.0,0.0,7.0,0.0
CLI022312,0.0,8.5,0.0,7.333333333333333,7.0
CLI022313,0.0,9.0,8.0,7.0,0.0
CLI022314,8.5,7.5,0.0,8.0,8.0
CLI022315,0.0,0.0,0.0,9.5,0.0
CLI022316,10.0,9.0,9.0,8.5,0.0
CLI022317,0.0,0.0,8.0,0.0,0.0
CLI022319,9.0,0.0,0.0,7.5,0.0
CLI022320,0.0,0.0,8.0,8.0,10.0
CLI022321,0.0,0.0,7.0,0.0,0.0
CLI022322,8.0,0.0,0.0,8.0,0.0
CLI022324,9.0,0.0,8.0,0.0,0.0
CLI022325,9.0,0.0,0.0,9.0,8.0
CLI022326,0.0,9.0,0.0,8.0,0.0
CLI022327,0.0,0.0,7.0,0.0,0.0
CLI022328,8.0,7.0,8.5,0.0,0.0
CLI022330,0.0,0.0,0.0,8.0,9.0
CLI022331,9.0,0.0,0.0,0.0,0.0
CLI022332,0.0,0.0,7.5,0.0,0.0
CLI022333,0.0,0.0,0.0,7.5,0.0
CLI022334,0.0,0.0,7.5,9.0,9.0
CLI022335,0.0,0.0,0.0,7.5,0.0
CLI022336,9.0,10.0,0.0,0.0,0.0
CLI022337,9.0,0.0,0.0,0.0,0.0
CLI022338,0.0,9.0,0.0,0.0,0.0
CLI022339,0.0,9.0,0.0,0.0,0.0
CLI022340,0.0,8.0,0.0,8.5,0.0
CLI022341,0.0,10.0,10.0,9.0,0.0
CLI022342,9.0,0.0,0.0,0.0,0.0
CLI022343,0.0,0.0,0.0,8.333333333333334,0.0
CLI022344,0.0,9.0,8.5,7.0,0.0
CLI022345,8.0,0.0,0.0,0.0,0.0
CLI022346,0.0,0.0,7.5,0.0,0.0
CLI022347,8.5,0.0,9.0,8.0,8.0
CLI022349,0.0,8.0,8.0,0.0,8.0
CLI022350,0.0,8.0,0.0,0.0,0.0
CLI022351,0.0,0.0,0.0,9.5,0.0
CLI022352,0.0,0.0,0.0,0.0,8.0
CLI022353,0.0,0.0,0.0,9.0,7.0
CLI022354,9.0,8.0,7.0,0.0,0.0
CLI022355,0.0,0.0,9.0,0.0,0.0
CLI022356,8.0,0.0,9.0,0.0,0.0
CLI022357,8.0,0.0,8.5,7.0,9.0
CLI022358,0.0,9.0,0.0,0.0,7.0
CLI022359,0.0,8.0,0.0,8.5,9.0
CLI022360,0.0,7.333333333333333,0.0,0.0,9.0
CLI022361,0.0,0.0,8.0,0.0,0.0
CLI022362,7.5,0.0,0.0,0.0,0.0
CLI022363,0.0,7.0,8.0,7.0,0.0
CLI022364,8.0,8.5,0.0,0.0,0.0
CLI022365,7.0,0.0,0.0,0.0,7.0
CLI022366,0.0,0.0,9.0,0.0,0.0
CLI022367,8.0,0.0,0.0,8.0,8.0
CLI022368,9.0,0.0,0.0,0.0,0.0
CLI022369,8.0,0.0,8.0,7.333333333333333,8.0
CLI022370,0.0,0.0,0.0,6.5,0.0
CLI022371,0.0,0.0,8.0,0.0,0.0
CLI022372,0.0,0.0,0.0,6.0,0.0
CLI022374,0.0,0.0,8.0,0.0,0.0
CLI022376,0.0,7.666666666666667,8.0,9.0,0.0
CLI022377,10.0,9.0,0.0,0.0,0.0
CLI022378,0.0,8.5,0.0,0.0,0.0
CLI022379,0.0,0.0,7.0,0.0,0.0
CLI022380,0.0,0.0,8.0,0.0,0.0
CLI022381,0.0,0.0,7.5,0.0,0.0
CLI022382,8.0,0.0,0.0,0.0,7.5
CLI022384,0.0,0.0,8.0,0.0,0.0
CLI022385,0.0,0.0,9.0,0.0,0.0
CLI022386,8.5,9.0,9.0,0.0,10.0
CLI022387,0.0,7.0,0.0,8.0,8.5
CLI022388,8.0,0.0,8.0,0.0,8.0
CLI022390,0.0,8.0,6.0,0.0,0.0
CLI022391,0.0,0.0,8.0,7.5,0.0
CLI022392,10.0,8.0,7.0,0.0,0.0
CLI022393,0.0,8.0,0.0,8.0,0.0
CLI022394,0.0,9.0,7.5,0.0,0.0
CLI022395,0.0,7.5,0.0,8.5,8.0
CLI022396,8.0,0.0,0.0,0.0,0.0
CLI022397,0.0,0.0,7.0,7.0,0.0
CLI022398,10.0,8.5,0.0,0.0,0.0
CLI022399,7.0,8.0,0.0,8.0,7.0
CLI022400,0.0,0.0,0.0,8.0,0.0
CLI022401,0.0,0.0,9.0,0.0,0.0
CLI022404,7.0,0.0,0.0,0.0,0.0
CLI022405,8.0,0.0,0.0,8.0,0.0
CLI022406,8.0,7.0,9.0,0.0,0.0
CLI022407,0.0,0.0,0.0,0.0,9.5
CLI022408,7.0,0.0,0.0,0.0,0.0
CLI022409,0.0,10.0,7.0,8.5,0.0
CLI022410,9.0,0.0,0.0,0.0,7.0
CLI022411,0.0,0.0,0.0,8.5,0.0
CLI022412,0.0,0.0,7.0,0.0,8.0
CLI022413,8.5,9.0,0.0,0.0,0.0
CLI022414,0.0,0.0,0.0,8.0,0.0
CLI022415,8.0,9.0,0.0,0.0,7.0
CLI022416,0.0,0.0,0.0,7.0,0.0
CLI022417,9.0,0.0,0.0,9.0,6.0
CLI022418,7.0,0.0,0.0,0.0,8.666666666666666
CLI022419,0.0,0.0,8.0,0.0,0.0
CLI022420,0.0,0.0,0.0,8.0,0.0
CLI022421,0.0,0.0,9.0,0.0,0.0
CLI022422,8.0,0.0,0.0,10.0,0.0
CLI022423,8.0,8.0,0.0,0.0,0.0
CLI022424,6.5,6.0,8.0,0.0,8.5
CLI022425,0.0,0.0,9.0,0.0,0.0
CLI022426,0.0,0.0,8.0,0.0,8.0
CLI022428,0.0,0.0,0.0,7.0,0.0
CLI022429,9.0,0.0,9.0,0.0,0.0
CLI022430,7.0,7.0,8.0,0.0,0.0
CLI022431,0.0,0.0,0.0,0.0,8.0
CLI022432,7.0,0.0,0.0,8.0,0.0
CLI022433,0.0,0.0,0.0,9.0,9.0
CLI022434,8.0,8.0,0.0,0.0,7.0
CLI022435,0.0,0.0,8.5,0.0,0.0
CLI022436,0.0,9.0,0.0,9.0,0.0
CLI022438,0.0,8.0,0.0,0.0,0.0
CLI022439,9.0,0.0,0.0,9.0,8.0
CLI022440,9.0,0.0,8.5,0.0,7.0
CLI022441,8.0,9.0,0.0,0.0,0.0
CLI022442,0.0,8.0,0.0,0.0,0.0
CLI022443,0.0,0.0,8.0,0.0,0.0
CLI022444,0.0,0.0,8.0,9.0,7.333333333333333
CLI022445,0.0,0.0,8.0,0.0,0.0
CLI022446,10.0,0.0,7.5,7.5,0.0
CLI022447,0.0,0.0,10.0,0.0,7.0
CLI022448,9.0,9.0,0.0,7.0,0.0
CLI022449,6.0,8.0,0.0,0.0,9.0
CLI022450,0.0,0.0,0.0,9.0,7.0
CLI022451,9.0,8.666666666666666,0.0,7.0,0.0
CLI022452,9.0,0.0,0.0,7.0,7.0
CLI022453,7.0,0.0,0.0,0.0,0.0
CLI022454,0.0,8.0,0.0,9.0,0.0
CLI022455,0.0,9.0,0.0,0.0,0.0
CLI022456,0.0,9.0,0.0,8.0,8.0
CLI022457,0.0,0.0,0.0,0.0,8.5
CLI022458,7.0,7.0,0.0,9.0,0.0
CLI022459,8.0,8.333333333333334,0.0,0.0,0.0
CLI022461,7.0,0.0,7.75,0.0,0.0
CLI022462,0.0,0.0,7.0,0.0,9.0
CLI022464,0.0,7.0,0.0,0.0,7.0
CLI022465,0.0,0.0,7.5,0.0,8.5
CLI022466,9.0,8.0,0.0,0.0,0.0
CLI022467,0.0,8.0,0.0,0.0,8.0
CLI022468,8.0,7.0,10.0,0.0,9.0
CLI022469,0.0,0.0,8.0,0.0,9.0
CLI022470,7.0,0.0,0.0,0.0,9.0
CLI022471,0.0,0.0,8.0,0.0,8.0
CLI022472,7.333333333333333,8.0,9.0,9.0,0.0
CLI022473,0.0,0.0,9.0,0.0,7.0
CLI022474,0.0,8.0,0.0,0.0,0.0
CLI022475,0.0,8.0,0.0,0.0,0.0
CLI022476,0.0,0.0,8.0,0.0,8.0
CLI022477,0.0,0.0,7.0,0.0,0.0
CLI022480,0.0,0.0,0.0,7.0,0.0
CLI022481,8.0,8.0,0.0,8.0,0.0
CLI022482,0.0,0.0,8.5,8.5,0.0
CLI022483,0.0,0.0,0.0,0.0,9.0
CLI022484,9.0,0.0,0.0,6.0,8.0
CLI022485,0.0,0.0,0.0,8.0,8.0
CLI022486,0.0,9.0,9.0,0.0,0.0
CLI022487,0.0,0.0,7.5,0.0,0.0
CLI022488,0.0,9.5,0.0,0.0,0.0
CLI022489,8.0,8.0,8.5,9.0,8.0
CLI022490,6.0,0.0,0.0,7.0,8.0
CLI022491,9.0,0.0,0.0,0.0,0.0
CLI022492,0.0,8.5,7.0,8.5,0.0
CLI022493,0.0,9.0,0.0,0.0,0.0
CLI022494,0.0,0.0,0.0,7.0,0.0
CLI022495,9.0,0.0,8.5,0.0,0.0
CLI022496,0.0,0.0,0.0,9.0,0.0
CLI022497,0.0,0.0,8.0,0.0,0.0
CLI022498,8.0,10.0,8.0,7.0,0.0
CLI022499,7.0,0.0,0.0,0.0,0.0
CLI022500,0.0,0.0,7.5,0.0,10.0
CLI022502,0.0,0.0,9.0,0.0,0.0
CLI022503,0.0,8.5,8.5,8.0,0.0
CLI022504,0.0,0.0,0.0,9.0,6.0
CLI022505,0.0,0.0,0.0,9.0,7.5
CLI022506,0.0,0.0,0.0,7.0,0.0
CLI022507,0.0,0.0,0.0,8.666666666666666,0.0
CLI022508,0.0,9.0,8.0,0.0,8.0
CLI022510,0.0,0.0,0.0,0.0,10.0
CLI022511,0.0,0.0,8.0,0.0,0.0
CLI022512,0.0,7.333333333333333,0.0,0.0,0.0
CLI022513,7.0,0.0,0.0,7.0,0.0
CLI022514,0.0,0.0,9.0,0.0,9.5
CLI022515,0.0,0.0,8.0,0.0,0.0
CLI022516,0.0,0.0,9.0,0.0,0.0
CLI022517,7.0,0.0,0.0,8.0,0.0
CLI022518,0.0,8.333333333333334,8.0,0.0,7.0
CLI022520,0.0,8.0,8.333333333333334,0.0,0.0
CLI022521,0.0,0.0,0.0,0.0,9.0
CLI022522,0.0,0.0,10.0,8.0,10.0
CLI022523,0.0,0.0,0.0,0.0,7.0
CLI022524,0.0,0.0,8.0,8.0,9.0
CLI022525,0.0,0.0,0.0,8.0,8.0
CLI022526,8.333333333333334,8.0,8.0,0.0,0.0
CLI022527,0.0,8.0,0.0,8.0,8.0
CLI022529,0.0,9.0,7.0,0.0,0.0
CLI022530,7.0,0.0,0.0,0.0,0.0
CLI022532,7.0,9.0,0.0,0.0,8.0
CLI022533,0.0,9.0,0.0,8.0,9.0
CLI022534,0.0,9.5,0.0,8.5,10.0
CLI022535,7.5,0.0,7.0,0.0,8.0
CLI022536,0.0,0.0,0.0,0.0,7.0
CLI022537,0.0,0.0,0.0,0.0,8.0
CLI022538,0.0,9.0,0.0,0.0,0.0
CLI022539,0.0,0.0,9.0,0.0,10.0
CLI022540,0.0,0.0,9.0,7.0,0.0
CLI022542,0.0,0.0,8.666666666666666,8.0,0.0
CLI022543,0.0,9.0,0.0,8.5,0.0
CLI022546,0.0,0.0,9.0,0.0,0.0
CLI022547,8.0,0.0,0.0,0.0,0.0
CLI022548,8.0,0.0,0.0,8.0,8.0
CLI022549,7.0,0.0,0.0,8.0,0.0
CLI022550,7.0,0.0,0.0,9.0,7.0
CLI022551,9.0,0.0,8.0,0.0,0.0
CLI022552,8.0,0.0,0.0,0.0,8.0
CLI022553,0.0,8.0,0.0,8.0,0.0
CLI022554,0.0,7.0,8.0,0.0,8.0
CLI022555,7.0,9.0,9.0,7.0,0.0
CLI022556,7.5,0.0,0.0,9.0,0.0
CLI022557,0.0,8.0,8.0,0.0,0.0
CLI022558,8.0,9.0,0.0,0.0,0.0
CLI022559,0.0,0.0,6.0,8.5,0.0
CLI022560,0.0,0.0,8.0,0.0,7.0
CLI022561,7.0,0.0,7.666666666666667,0.0,9.0
CLI022562,0.0,7.5,0.0,0.0,7.0
CLI022563,0.0,9.0,0.0,0.0,0.0
CLI022565,8.0,0.0,0.0,0.0,7.0
CLI022566,0.0,8.0,8.5,0.0,0.0
CLI022567,0.0,0.0,0.0,0.0,8.0
CLI022568,0.0,0.0,0.0,8.0,8.0
CLI022569,0.0,8.0,0.0,0.0,0.0
CLI022570,8.5,0.0,0.0,0.0,8.0
CLI022571,0.0,7.0,0.0,0.0,0.0
CLI022572,0.0,0.0,9.0,0.0,0.0
CLI022573,0.0,9.0,0.0,0.0,0.0
CLI022576,0.0,0.0,8.0,0.0,7.5
CLI022578,8.0,8.0,0.0,0.0,0.0
CLI022579,0.0,9.0,9.0,0.0,0.0
CLI022580,7.0,0.0,0.0,0.0,8.0
CLI022581,0.0,0.0,0.0,0.0,8.0
CLI022582,0.0,0.0,0.0,6.0,0.0
CLI022583,0.0,0.0,8.5,0.0,0.0
CLI022584,10.0,0.0,0.0,0.0,0.0
CLI022585,8.0,7.0,7.0,7.666666666666667,0.0
CLI022586,0.0,7.5,8.666666666666666,0.0,8.0
CLI022587,9.0,0.0,0.0,0.0,8.0
CLI022588,8.5,0.0,0.0,0.0,0.0
CLI022590,0.0,9.0,0.0,8.5,0.0
CLI022591,7.0,10.0,0.0,8.0,7.0
CLI022592,0.0,0.0,7.5,0.0,9.0
CLI022593,0.0,8.0,0.0,0.0,0.0
CLI022595,9.0,8.5,0.0,8.0,0.0
CLI022596,9.0,0.0,0.0,7.0,10.0
CLI022598,0.0,0.0,8.0,8.0,8.0
CLI022599,0.0,8.0,8.0,0.0,8.5
CLI022600,7.0,0.0,7.0,0.0,8.666666666666666
CLI022601,0.0,8.5,8.0,8.0,0.0
CLI022602,6.5,8.0,9.0,8.0,0.0
CLI022604,7.0,0.0,7.0,0.0,0.0
CLI022605,8.0,0.0,0.0,0.0,0.0
CLI022607,0.0,0.0,10.0,9.0,0.0
CLI022608,0.0,8.333333333333334,8.0,7.0,8.0
CLI022609,0.0,0.0,0.0,0.0,9.0
CLI022610,8.0,0.0,9.0,0.0,8.5
CLI022611,0.0,7.0,10.0,8.0,0.0
CLI022612,6.0,0.0,0.0,8.0,0.0
CLI022613,0.0,0.0,0.0,7.5,8.0
CLI022615,0.0,8.0,0.0,8.0,0.0
CLI022616,0.0,0.0,7.5,9.0,0.0
CLI022617,0.0,0.0,0.0,8.0,0.0
CLI022618,8.0,9.0,0.0,10.0,0.0
CLI022619,0.0,0.0,9.0,0.0,0.0
CLI022620,9.0,0.0,0.0,0.0,9.0
CLI022621,7.0,0.0,0.0,0.0,0.0
CLI022622,0.0,0.0,8.0,7.0,9.0
CLI022623,0.0,0.0,0.0,9.0,0.0
CLI022624,0.0,7.5,8.0,8.5,0.0
CLI022625,0.0,0.0,0.0,9.0,0.0
CLI022626,0.0,7.5,0.0,0.0,0.0
CLI022627,6.0,0.0,0.0,0.0,8.0
CLI022628,8.0,8.0,0.0,0.0,0.0
CLI022630,7.5,7.0,7.0,0.0,0.0
CLI022631,8.0,0.0,0.0,0.0,0.0
CLI022632,10.0,0.0,10.0,8.0,0.0
CLI022633,0.0,0.0,9.0,0.0,0.0
CLI022634,0.0,7.5,9.0,0.0,0.0
CLI022635,0.0,0.0,6.0,8.0,8.0
CLI022636,0.0,0.0,0.0,7.5,0.0
CLI022637,7.0,0.0,0.0,0.0,0.0
CLI022638,7.5,9.0,0.0,9.0,0.0
CLI022639,0.0,0.0,0.0,8.0,0.0
CLI022640,0.0,0.0,8.0,8.0,0.0
CLI022641,8.0,0.0,0.0,0.0,0.0
CLI022642,9.0,0.0,0.0,0.0,8.0
CLI022643,8.0,0.0,7.0,8.0,8.5
CLI022644,0.0,0.0,0.0,0.0,7.0
CLI022645,8.0,0.0,0.0,7.0,8.0
CLI022646,8.0,8.0,0.0,9.0,0.0
CLI022647,0.0,9.0,0.0,0.0,0.0
CLI022649,0.0,0.0,0.0,0.0,8.0
CLI022650,8.0,0.0,9.0,0.0,0.0
CLI022651,0.0,0.0,9.0,0.0,9.0
CLI022652,7.0,9.0,7.0,0.0,0.0
CLI022653,6.0,0.0,8.0,9.0,8.0
CLI022654,0.0,0.0,0.0,8.0,0.0
CLI022655,8.0,0.0,9.0,0.0,0.0
CLI022657,7.5,0.0,0.0,0.0,0.0
CLI022658,8.0,7.0,7.0,0.0,9.0
CLI022659,9.0,8.5,8.0,6.0,0.0
CLI022660,7.0,7.5,0.0,0.0,8.0
CLI022661,0.0,9.0,0.0,0.0,8.0
CLI022662,9.0,0.0,0.0,0.0,0.0
CLI022663,0.0,0.0,7.0,0.0,0.0
CLI022664,0.0,9.0,8.0,0.0,0.0
CLI022665,0.0,0.0,0.0,8.0,0.0
CLI022666,9.0,8.0,7.0,0.0,10.0
CLI022667,0.0,7.0,0.0,7.0,6.0
CLI022668,0.0,8.0,8.0,9.0,0.0
CLI022669,0.0,0.0,6.0,8.0,6.0
CLI022671,10.0,0.0,7.5,0.0,0.0
CLI022672,0.0,0.0,8.0,0.0,0.0
CLI022673,0.0,10.0,10.0,7.0,0.0
CLI022674,0.0,8.0,0.0,0.0,0.0
CLI022675,0.0,8.0,0.0,0.0,7.0
CLI022676,7.0,0.0,0.0,8.0,7.5
CLI022677,9.0,0.0,0.0,8.5,0.0
CLI022678,0.0,0.0,8.0,0.0,9.0
CLI022679,0.0,0.0,9.0,8.0,0.0
CLI022680,8.0,0.0,10.0,0.0,7.666666666666667
CLI022681,0.0,0.0,8.0,0.0,7.0
CLI022682,8.0,0.0,0.0,9.0,8.0
CLI022683,0.0,0.0,10.0,0.0,0.0
CLI022684,0.0,0.0,8.0,0.0,0.0
CLI022685,0.0,9.0,9.0,0.0,0.0
CLI022686,8.0,0.0,0.0,0.0,0.0
CLI022687,0.0,0.0,0.0,0.0,8.0
CLI022688,7.5,0.0,0.0,0.0,0.0
CLI022690,7.0,0.0,8.0,9.0,0.0
CLI022691,0.0,7.0,8.0,0.0,10.0
CLI022692,9.0,0.0,7.0,0.0,0.0
CLI022693,9.0,9.0,0.0,8.0,0.0
CLI022694,0.0,0.0,9.0,0.0,0.0
CLI022695,0.0,0.0,8.333333333333334,7.0,8.666666666666666
CLI022696,0.0,0.0,8.0,8.0,9.0
CLI022697,0.0,8.0,0.0,0.0,7.5
CLI022698,8.0,9.0,0.0,9.0,0.0
CLI022699,0.0,7.5,0.0,8.0,0.0
CLI022700,8.0,8.0,9.0,0.0,0.0
CLI022701,7.0,9.0,8.0,0.0,8.0
CLI022702,0.0,9.0,0.0,9.0,8.0
CLI022703,9.0,7.0,8.0,0.0,0.0
CLI022704,0.0,10.0,0.0,0.0,7.0
CLI022706,0.0,7.0,9.0,0.0,0.0
CLI022707,9.0,9.0,0.0,0.0,0.0
CLI022708,0.0,0.0,0.0,8.0,0.0
CLI022709,0.0,9.0,0.0,0.0,0.0
CLI022710,9.0,7.0,0.0,9.0,0.0
CLI022712,0.0,0.0,0.0,9.0,0.0
CLI022713,0.0,7.0,0.0,9.0,0.0
CLI022714,0.0,8.0,0.0,0.0,9.0
CLI022716,8.0,0.0,7.0,0.0,0.0
CLI022717,0.0,0.0,0.0,10.0,0.0
CLI022718,0.0,9.0,8.0,9.0,8.0
CLI022719,8.5,8.5,0.0,0.0,0.0
CLI022720,0.0,0.0,8.0,0.0,7.0
CLI022721,8.0,0.0,0.0,0.0,0.0
CLI022722,8.0,0.0,0.0,0.0,0.0
CLI022723,8.0,0.0,0.0,0.0,9.0
CLI022724,0.0,8.0,0.0,9.0,0.0
CLI022725,10.0,0.0,9.0,8.0,10.0
CLI022726,9.0,8.0,0.0,0.0,0.0
CLI022730,9.0,0.0,7.0,6.0,0.0
CLI022731,8.0,0.0,8.0,0.0,9.0
CLI022732,0.0,8.5,8.0,8.0,0.0
CLI022733,0.0,0.0,8.0,0.0,9.0
CLI022734,9.0,0.0,8.0,0.0,0.0
CLI022735,8.0,8.0,8.0,8.0,0.0
CLI022737,0.0,0.0,8.0,0.0,10.0
CLI022738,6.0,0.0,0.0,8.0,0.0
CLI022740,0.0,8.0,0.0,10.0,0.0
CLI022743,0.0,0.0,7.0,9.0,0.0
CLI022745,0.0,0.0,0.0,10.0,0.0
CLI022746,0.0,7.0,8.0,0.0,0.0
CLI022747,9.0,0.0,8.0,0.0,9.0
CLI022748,8.0,8.0,0.0,0.0,0.0
CLI022749,8.0,0.0,0.0,0.0,7.5
CLI022750,10.0,0.0,0.0,0.0,0.0
CLI022751,0.0,7.0,8.0,0.0,0.0
CLI022753,0.0,0.0,7.0,9.0,0.0
CLI022754,9.0,0.0,0.0,7.0,0.0
CLI022755,0.0,0.0,0.0,0.0,7.0
CLI022756,0.0,7.0,0.0,0.0,0.0
CLI022757,0.0,0.0,8.0,0.0,0.0
CLI022758,0.0,0.0,0.0,0.0,9.0
CLI022760,9.0,0.0,0.0,0.0,9.0
CLI022761,7.0,7.5,0.0,8.0,0.0
CLI022762,0.0,8.0,10.0,8.5,8.0
CLI022763,9.0,7.0,8.0,0.0,0.0
CLI022764,6.0,10.0,0.0,0.0,0.0
CLI022765,7.0,0.0,9.0,0.0,0.0
CLI022766,0.0,7.0,9.0,9.0,10.0
CLI022768,0.0,0.0,0.0,7.0,8.0
CLI022769,7.0,0.0,8.0,0.0,0.0
CLI022770,0.0,7.5,0.0,9.0,0.0
CLI022771,0.0,8.0,0.0,0.0,0.0
CLI022772,0.0,7.0,8.0,0.0,9.0
CLI022773,0.0,10.0,9.0,0.0,7.5
CLI022774,0.0,0.0,0.0,0.0,7.0
CLI022776,0.0,8.0,0.0,0.0,0.0
CLI022777,0.0,0.0,0.0,0.0,9.0
CLI022778,0.0,8.0,0.0,7.0,9.0
CLI022780,9.0,0.0,8.0,0.0,0.0
CLI022781,0.0,0.0,8.0,0.0,0.0
CLI022782,9.0,9.0,8.0,9.0,0.0
CLI022783,0.0,9.0,8.0,0.0,8.0
CLI022784,0.0,0.0,9.0,0.0,8.0
CLI022785,0.0,8.0,0.0,0.0,8.0
CLI022786,0.0,7.0,0.0,0.0,0.0
CLI022788,0.0,8.0,0.0,0.0,6.0
CLI022789,7.0,8.0,0.0,0.0,9.0
CLI022790,8.0,0.0,9.0,7.0,0.0
CLI022791,8.0,0.0,0.0,0.0,9.0
CLI022792,7.0,7.0,0.0,0.0,0.0
CLI022793,9.0,0.0,0.0,9.0,0.0
CLI022794,0.0,0.0,10.0,0.0,0.0
CLI022795,9.0,0.0,8.0,0.0,0.0
CLI022796,8.0,10.0,0.0,9.0,0.0
CLI022797,0.0,0.0,8.0,7.0,0.0
CLI022798,6.0,0.0,0.0,0.0,9.0
CLI022799,8.0,7.0,0.0,0.0,7.0
CLI022800,0.0,0.0,9.0,9.0,9.0
CLI022801,8.0,8.0,0.0,8.5,0.0
CLI022802,9.0,0.0,8.0,0.0,0.0
CLI022803,7.0,0.0,0.0,0.0,0.0
CLI022804,8.0,8.5,0.0,0.0,0.0
CLI022805,7.0,7.0,9.0,7.0,0.0
CLI022806,7.0,8.0,8.666666666666666,8.333333333333334,7.0
CLI022808,8.0,0.0,9.0,0.0,9.0
CLI022810,8.0,0.0,0.0,0.0,6.0
CLI022811,0.0,10.0,0.0,0.0,8.0
CLI022812,0.0,0.0,9.0,0.0,0.0
CLI022813,0.0,0.0,8.0,8.0,8.5
CLI022814,8.0,8.0,0.0,0.0,0.0
CLI022815,0.0,0.0,9.0,0.0,0.0
CLI022816,9.0,10.0,9.0,0.0,0.0
CLI022817,0.0,0.0,0.0,8.0,8.0
CLI022818,7.0,0.0,0.0,0.0,0.0
CLI022819,0.0,9.0,0.0,0.0,0.0
CLI022821,8.0,0.0,8.0,0.0,0.0
CLI022822,8.0,9.0,0.0,0.0,8.0
CLI022823,0.0,0.0,9.0,0.0,0.0
CLI022824,9.0,0.0,9.0,7.0,0.0
CLI022825,0.0,0.0,0.0,7.0,10.0
CLI022827,0.0,7.5,0.0,0.0,0.0
CLI022828,0.0,7.0,0.0,0.0,0.0
CLI022829,8.5,9.0,7.0,8.333333333333334,0.0
CLI022830,0.0,8.5,0.0,9.0,0.0
CLI022831,0.0,0.0,8.0,0.0,7.0
CLI022832,0.0,0.0,8.0,8.0,6.0
CLI022833,0.0,0.0,8.0,9.0,0.0
CLI022834,9.0,0.0,0.0,0.0,0.0
CLI022835,8.0,9.0,0.0,0.0,8.0
CLI022836,7.0,0.0,7.5,8.0,9.0
CLI022837,0.0,8.0,9.0,9.0,0.0
CLI022838,8.5,9.0,0.0,0.0,0.0
CLI022839,8.0,0.0,7.0,9.0,9.5
CLI022840,0.0,0.0,0.0,6.0,0.0
CLI022841,0.0,0.0,7.0,8.333333333333334,7.5
CLI022843,8.0,9.0,10.0,0.0,7.0
CLI022844,8.0,0.0,0.0,0.0,7.0
CLI022845,9.0,0.0,0.0,8.0,8.0
CLI022846,8.0,0.0,0.0,0.0,0.0
CLI022847,0.0,0.0,0.0,10.0,0.0
CLI022848,0.0,0.0,0.0,8.0,0.0
CLI022849,0.0,0.0,7.0,0.0,0.0
CLI022850,0.0,0.0,9.0,0.0,0.0
CLI022851,8.0,0.0,0.0,0.0,0.0
CLI022852,7.5,0.0,0.0,0.0,0.0
CLI022853,8.0,0.0,7.666666666666667,0.0,0.0
CLI022854,9.0,0.0,0.0,7.0,0.0
CLI022855,9.0,0.0,0.0,0.0,0.0
CLI022856,9.0,0.0,0.0,0.0,0.0
CLI022857,7.0,0.0,9.0,0.0,0.0
CLI022858,7.5,0.0,9.0,0.0,8.0
CLI022859,8.5,0.0,8.0,0.0,0.0
CLI022860,7.0,0.0,9.0,7.5,8.0
CLI022861,0.0,0.0,0.0,8.0,0.0
CLI022862,0.0,0.0,0.0,7.5,0.0
CLI022863,8.0,9.0,0.0,0.0,0.0
CLI022864,0.0,8.0,9.0,0.0,7.0
CLI022866,8.0,0.0,0.0,10.0,0.0
CLI022867,0.0,0.0,8.0,8.5,0.0
CLI022868,7.0,0.0,9.0,0.0,0.0
CLI022869,8.0,8.0,8.0,9.0,0.0
CLI022870,10.0,7.0,0.0,0.0,0.0
CLI022871,0.0,7.0,9.0,0.0,9.0
CLI022872,6.0,0.0,9.0,8.0,0.0
CLI022874,8.5,0.0,0.0,9.0,0.0
CLI022875,9.0,8.5,0.0,0.0,0.0
CLI022876,0.0,7.0,7.0,7.5,0.0
CLI022877,9.0,7.0,0.0,0.0,8.0
CLI022878,0.0,0.0,0.0,7.5,7.0
CLI022879,7.0,0.0,0.0,0.0,0.0
CLI022880,0.0,9.0,0.0,7.0,9.0
CLI022881,8.0,10.0,0.0,0.0,7.5
CLI022882,7.0,8.0,8.5,0.0,0.0
CLI022883,0.0,8.0,0.0,8.0,0.0
CLI022884,0.0,0.0,0.0,9.0,0.0
CLI022885,10.0,0.0,8.5,0.0,0.0
CLI022886,0.0,7.0,0.0,8.5,0.0
CLI022888,7.0,8.0,0.0,0.0,8.333333333333334
CLI022890,0.0,8.0,0.0,0.0,9.0
CLI022891,0.0,0.0,0.0,9.0,7.0
CLI022892,9.0,0.0,0.0,0.0,0.0
CLI022893,9.0,0.0,9.0,7.0,8.0
CLI022894,0.0,0.0,0.0,6.5,10.0
CLI022895,9.0,0.0,8.0,7.0,8.0
CLI022896,0.0,7.5,9.0,0.0,0.0
CLI022898,0.0,8.0,0.0,0.0,0.0
CLI022899,0.0,8.5,8.0,10.0,0.0
CLI022900,7.0,0.0,0.0,0.0,0.0
CLI022901,7.0,9.0,0.0,8.0,0.0
CLI022903,9.0,9.0,0.0,8.0,0.0
CLI022904,0.0,0.0,7.0,0.0,9.0
CLI022905,7.0,0.0,0.0,0.0,0.0
CLI022906,0.0,9.0,0.0,0.0,0.0
CLI022907,7.0,6.0,0.0,0.0,8.0
CLI022908,0.0,7.0,0.0,0.0,9.0
CLI022909,0.0,0.0,8.5,0.0,7.5
CLI022910,9.0,0.0,8.0,8.0,0.0
CLI022911,9.0,9.0,8.0,8.0,8.0
CLI022913,8.0,7.0,0.0,8.0,0.0
CLI022914,9.0,0.0,8.0,0.0,0.0
CLI022915,0.0,8.0,0.0,8.0,9.0
CLI022916,7.5,0.0,8.0,0.0,0.0
CLI022917,0.0,0.0,8.0,0.0,0.0
CLI022918,0.0,0.0,7.0,0.0,0.0
CLI022919,0.0,8.0,8.5,0.0,0.0
CLI022920,0.0,0.0,8.0,8.0,7.0
CLI022921,9.0,0.0,0.0,8.0,0.0
CLI022922,0.0,9.0,10.0,0.0,0.0
CLI022923,8.0,0.0,0.0,0.0,0.0
CLI022924,9.0,0.0,0.0,9.0,0.0
CLI022925,8.0,0.0,8.0,0.0,7.5
CLI022926,0.0,8.0,8.0,0.0,0.0
CLI022927,9.5,0.0,0.0,0.0,0.0
CLI022928,0.0,0.0,8.0,0.0,9.0
CLI022929,9.0,9.0,8.0,8.0,0.0
CLI022931,0.0,0.0,0.0,7.0,0.0
CLI022932,0.0,7.0,0.0,0.0,0.0
CLI022933,8.0,0.0,7.0,0.0,0.0
CLI022934,8.5,0.0,9.0,0.0,6.0
CLI022935,0.0,8.0,0.0,7.0,0.0
CLI022936,10.0,0.0,0.0,8.5,0.0
CLI022937,0.0,8.0,0.0,9.0,8.0
CLI022938,7.0,0.0,8.0,0.0,7.0
CLI022939,8.0,0.0,8.0,0.0,8.0
CLI022940,0.0,0.0,0.0,9.0,0.0
CLI022942,0.0,8.0,0.0,0.0,0.0
CLI022943,0.0,0.0,9.0,0.0,0.0
CLI022944,0.0,7.0,0.0,0.0,0.0
CLI022945,0.0,0.0,9.0,8.0,0.0
CLI022946,7.0,9.0,0.0,10.0,0.0
CLI022947,8.0,0.0,8.0,0.0,0.0
CLI022948,8.666666666666666,7.0,0.0,0.0,8.0
CLI022949,0.0,0.0,0.0,7.0,0.0
CLI022950,8.0,8.0,0.0,0.0,10.0
CLI022951,0.0,0.0,0.0,9.0,0.0
CLI022952,0.0,0.0,0.0,0.0,6.0
CLI022953,8.0,0.0,0.0,0.0,0.0
CLI022954,0.0,0.0,8.0,0.0,0.0
CLI022955,0.0,0.0,0.0,8.0,0.0
CLI022956,8.0,8.0,0.0,0.0,0.0
CLI022957,0.0,8.0,10.0,0.0,0.0
CLI022958,8.0,0.0,0.0,8.0,8.0
CLI022959,7.0,9.0,0.0,8.0,8.0
CLI022960,0.0,0.0,8.0,10.0,8.0
CLI022961,7.5,0.0,9.0,0.0,0.0
CLI022963,10.0,9.0,7.0,8.0,9.0
CLI022964,0.0,7.0,0.0,0.0,8.0
CLI022965,0.0,10.0,7.0,0.0,8.0
CLI022966,6.0,0.0,0.0,0.0,7.0
CLI022967,0.0,0.0,9.0,0.0,0.0
CLI022969,0.0,0.0,0.0,7.5,9.0
CLI022970,0.0,9.0,0.0,6.0,0.0
CLI022971,0.0,6.0,0.0,0.0,9.0
CLI022972,8.0,0.0,0.0,0.0,10.0
CLI022973,0.0,7.0,10.0,0.0,8.0
CLI022974,0.0,0.0,0.0,8.0,8.0
CLI022975,8.0,0.0,8.5,8.0,0.0
CLI022976,0.0,7.5,7.5,0.0,8.0
CLI022977,0.0,8.0,9.0,0.0,6.0
CLI022978,0.0,7.0,0.0,10.0,6.0
CLI022979,0.0,0.0,0.0,0.0,7.0
CLI022980,0.0,9.0,7.0,8.666666666666666,8.0
CLI022981,0.0,9.0,0.0,0.0,0.0
CLI022982,7.0,0.0,8.0,0.0,9.0
CLI022983,7.0,8.0,0.0,0.0,8.0
CLI022984,0.0,0.0,8.0,8.0,0.0
CLI022985,8.0,10.0,7.5,0.0,0.0
CLI022986,8.0,0.0,6.0,0.0,0.0
CLI022987,0.0,8.0,8.0,8.666666666666666,0.0
CLI022988,8.0,8.0,0.0,0.0,0.0
CLI022989,0.0,0.0,0.0,9.0,0.0
CLI022990,8.0,8.5,0.0,0.0,6.0
CLI022991,0.0,0.0,0.0,8.0,9.0
CLI022992,0.0,0.0,0.0,0.0,7.0
CLI022993,0.0,6.0,7.0,0.0,7.0
CLI022996,0.0,10.0,8.0,9.0,0.0
CLI022997,0.0,0.0,8.0,0.0,8.0
CLI022998,8.0,7.0,0.0,0.0,0.0
CLI023000,8.0,9.0,0.0,0.0,0.0
CLI023001,0.0,0.0,0.0,9.0,0.0
CLI023002,9.0,6.0,0.0,0.0,8.0
CLI023003,10.0,0.0,9.0,0.0,8.0
CLI023004,8.5,0.0,0.0,8.0,8.0
CLI023005,7.0,0.0,0.0,0.0,8.0
CLI023006,0.0,0.0,9.0,0.0,0.0
CLI023007,6.0,8.0,8.5,0.0,0.0
CLI023008,0.0,0.0,8.0,7.5,0.0
CLI023009,0.0,0.0,7.5,7.0,0.0
CLI023011,0.0,0.0,0.0,9.0,7.0
CLI023012,0.0,0.0,9.0,0.0,0.0
CLI023013,8.5,0.0,0.0,7.5,0.0
CLI023014,9.0,8.0,0.0,0.0,7.0
CLI023015,7.0,0.0,0.0,8.0,9.0
CLI023016,7.0,0.0,7.5,0.0,7.5
CLI023017,0.0,0.0,8.0,9.0,0.0
CLI023019,0.0,0.0,8.0,0.0,0.0
CLI023020,0.0,0.0,0.0,0.0,9.0
CLI023021,0.0,7.0,0.0,7.5,9.0
CLI023022,7.5,8.0,6.0,0.0,0.0
CLI023023,0.0,7.0,8.0,10.0,8.0
CLI023024,0.0,0.0,8.0,0.0,6.0
CLI023025,0.0,0.0,0.0,0.0,9.0
CLI023026,0.0,0.0,9.0,0.0,0.0
CLI023027,0.0,0.0,0.0,8.0,0.0
CLI023028,8.0,0.0,0.0,0.0,0.0
CLI023029,8.25,9.0,10.0,0.0,8.0
CLI023030,0.0,0.0,8.5,0.0,0.0
CLI023031,0.0,8.0,0.0,8.0,0.0
CLI023032,0.0,8.5,0.0,0.0,8.0
CLI023033,8.0,0.0,0.0,9.0,0.0
CLI023034,0.0,8.0,0.0,0.0,8.0
CLI023035,7.0,0.0,0.0,8.0,0.0
CLI023036,0.0,0.0,8.0,0.0,0.0
CLI023037,0.0,7.0,8.0,0.0,10.0
CLI023038,7.0,0.0,10.0,0.0,0.0
CLI023039,7.6,0.0,0.0,0.0,7.0
CLI023040,9.5,0.0,0.0,0.0,0.0
CLI023041,0.0,0.0,7.0,0.0,0.0
CLI023042,0.0,0.0,0.0,9.0,0.0
CLI023043,0.0,9.0,8.0,8.5,0.0
CLI023044,0.0,8.0,8.0,0.0,0.0
CLI023045,9.0,0.0,0.0,8.0,0.0
CLI023046,0.0,0.0,0.0,0.0,9.0
CLI023048,0.0,8.0,0.0,0.0,8.5
CLI023049,9.0,0.0,6.0,10.0,0.0
CLI023050,0.0,10.0,0.0,0.0,0.0
CLI023051,9.0,8.0,0.0,0.0,8.0
CLI023052,0.0,10.0,0.0,8.0,0.0
CLI023053,0.0,7.0,0.0,0.0,8.0
CLI023054,0.0,7.0,0.0,0.0,0.0
CLI023055,7.0,6.0,8.0,0.0,0.0
CLI023056,0.0,0.0,0.0,7.0,0.0
CLI023057,8.0,8.0,0.0,0.0,7.5
CLI023058,7.0,0.0,0.0,0.0,8.0
CLI023059,9.0,8.5,9.0,8.0,0.0
CLI023060,0.0,0.0,0.0,8.0,0.0
CLI023061,0.0,0.0,8.0,0.0,8.5
CLI023062,0.0,0.0,7.0,8.0,0.0
CLI023065,7.0,8.0,6.5,0.0,7.666666666666667
CLI023066,7.0,0.0,0.0,0.0,0.0
CLI023067,0.0,0.0,8.5,0.0,0.0
CLI023068,0.0,0.0,0.0,0.0,8.5
CLI023069,8.0,0.0,9.5,0.0,0.0
CLI023070,0.0,8.0,7.0,8.0,7.0
CLI023071,7.0,8.0,0.0,0.0,0.0
CLI023072,0.0,7.0,8.0,0.0,0.0
CLI023075,8.0,0.0,0.0,0.0,10.0
CLI023076,0.0,10.0,0.0,0.0,0.0
CLI023077,0.0,0.0,8.0,0.0,7.0
CLI023078,8.0,0.0,0.0,0.0,9.0
CLI023080,9.0,0.0,0.0,8.0,0.0
CLI023082,0.0,0.0,0.0,0.0,9.0
CLI023083,0.0,0.0,9.0,0.0,7.0
CLI023084,0.0,7.0,0.0,0.0,10.0
CLI023085,0.0,8.0,0.0,0.0,0.0
CLI023086,0.0,7.0,0.0,8.0,0.0
CLI023087,0.0,0.0,0.0,8.666666666666666,0.0
CLI023088,10.0,8.0,0.0,8.5,0.0
CLI023089,0.0,7.0,9.0,10.0,0.0
CLI023091,0.0,8.5,0.0,8.0,8.0
CLI023092,8.0,0.0,0.0,0.0,0.0
CLI023093,9.0,0.0,0.0,8.5,8.0
CLI023094,0.0,7.0,0.0,0.0,0.0
CLI023095,0.0,0.0,0.0,8.5,0.0
CLI023096,0.0,8.333333333333334,0.0,8.0,0.0
CLI023097,0.0,0.0,9.0,0.0,0.0
CLI023098,0.0,7.5,0.0,8.0,10.0
CLI023099,0.0,0.0,8.0,9.0,0.0
CLI023100,8.5,0.0,8.0,0.0,0.0
CLI023101,0.0,0.0,0.0,7.5,0.0
CLI023103,9.0,0.0,7.0,0.0,7.0
CLI023104,0.0,8.5,0.0,7.5,0.0
CLI023105,10.0,8.0,8.0,7.0,0.0
CLI023106,8.0,8.0,0.0,7.5,0.0
CLI023107,9.0,0.0,8.0,0.0,8.0
CLI023108,7.0,0.0,9.0,0.0,0.0
CLI023109,0.0,9.0,8.0,0.0,0.0
CLI023110,0.0,0.0,8.0,0.0,7.0
CLI023111,9.0,0.0,7.0,8.5,0.0
CLI023112,0.0,0.0,0.0,8.0,0.0
CLI023113,7.0,0.0,7.0,0.0,0.0
CLI023114,0.0,8.0,0.0,0.0,8.0
CLI023115,0.0,9.0,7.0,0.0,8.0
CLI023117,0.0,0.0,8.0,0.0,7.0
CLI023119,0.0,0.0,0.0,9.0,0.0
CLI023120,7.5,0.0,10.0,0.0,7.333333333333333
CLI023121,0.0,7.5,8.0,7.666666666666667,0.0
CLI023122,0.0,0.0,8.5,0.0,0.0
CLI023123,0.0,0.0,9.0,7.0,0.0
CLI023124,0.0,8.0,0.0,8.0,0.0
CLI023125,0.0,0.0,9.0,8.0,7.0
CLI023126,8.0,9.5,0.0,0.0,0.0
CLI023127,0.0,0.0,10.0,8.0,9.0
CLI023128,0.0,0.0,0.0,8.0,7.0
CLI023129,9.0,7.0,8.0,0.0,8.5
CLI023130,9.0,0.0,9.0,0.0,8.0
CLI023131,0.0,0.0,0.0,0.0,7.0
CLI023132,0.0,8.0,8.0,8.0,8.0
CLI023133,0.0,8.0,6.0,0.0,0.0
CLI023134,10.0,0.0,0.0,0.0,8.0
CLI023135,8.0,9.0,0.0,0.0,7.0
CLI023136,0.0,0.0,7.0,0.0,10.0
CLI023137,9.0,9.0,8.0,0.0,0.0
CLI023138,10.0,8.0,0.0,0.0,0.0
CLI023139,8.0,0.0,9.0,0.0,0.0
CLI023140,7.0,0.0,0.0,10.0,0.0
CLI023141,0.0,0.0,8.0,0.0,0.0
CLI023142,7.0,0.0,10.0,0.0,0.0
CLI023143,0.0,0.0,7.5,0.0,8.0
CLI023144,8.0,0.0,0.0,0.0,0.0
CLI023145,0.0,0.0,0.0,0.0,8.0
CLI023146,7.0,0.0,9.0,0.0,7.0
CLI023148,7.0,9.0,0.0,7.0,0.0
CLI023149,7.0,7.0,0.0,0.0,8.0
CLI023151,0.0,0.0,0.0,0.0,9.0
CLI023152,6.0,0.0,0.0,0.0,7.0
CLI023153,0.0,0.0,8.0,0.0,0.0
CLI023154,9.0,0.0,8.5,0.0,0.0
CLI023155,0.0,0.0,9.0,8.0,0.0
CLI023156,0.0,0.0,0.0,10.0,0.0
CLI023157,0.0,0.0,0.0,9.0,8.0
CLI023158,0.0,0.0,8.0,9.0,0.0
CLI023159,0.0,8.0,0.0,0.0,0.0
CLI023160,9.0,0.0,9.0,0.0,7.0
CLI023161,0.0,0.0,0.0,0.0,9.0
CLI023162,0.0,8.0,6.0,0.0,0.0
CLI023163,9.0,0.0,0.0,0.0,6.5
CLI023164,0.0,0.0,9.0,7.5,0.0
CLI023165,0.0,0.0,9.0,0.0,8.0
CLI023166,7.0,9.5,0.0,0.0,0.0
CLI023167,9.0,0.0,9.0,8.5,0.0
CLI023168,0.0,0.0,0.0,8.0,0.0
CLI023169,8.0,8.0,0.0,0.0,0.0
CLI023170,8.0,8.0,0.0,0.0,0.0
CLI023171,0.0,8.5,0.0,0.0,0.0
CLI023172,8.0,0.0,9.0,0.0,0.0
CLI023173,0.0,8.0,0.0,7.5,0.0
CLI023174,7.0,7.5,7.0,0.0,8.0
CLI023176,0.0,0.0,8.0,8.5,8.0
CLI023177,0.0,10.0,0.0,0.0,0.0
CLI023178,9.0,0.0,0.0,0.0,8.0
CLI023179,9.0,0.0,0.0,0.0,0.0
CLI023180,0.0,0.0,0.0,9.0,9.0
CLI023181,0.0,8.0,0.0,0.0,0.0
CLI023182,0.0,0.0,8.0,0.0,0.0
CLI023184,8.0,0.0,6.0,8.0,7.0
CLI023185,0.0,0.0,9.0,0.0,0.0
CLI023186,8.0,7.5,8.0,7.0,7.0
CLI023187,8.0,8.0,8.0,0.0,0.0
CLI023188,9.0,0.0,0.0,0.0,8.0
CLI023189,9.0,0.0,0.0,0.0,10.0
CLI023190,7.5,0.0,0.0,0.0,0.0
CLI023191,7.0,0.0,9.0,0.0,8.0
CLI023192,0.0,8.0,8.0,0.0,0.0
CLI023193,0.0,8.0,0.0,0.0,0.0
CLI023194,0.0,8.0,9.0,0.0,0.0
CLI023195,7.0,0.0,0.0,9.0,0.0
CLI023197,8.0,0.0,0.0,10.0,8.0
CLI023198,6.0,0.0,0.0,0.0,0.0
CLI023199,7.0,0.0,7.0,7.0,0.0
CLI023200,0.0,8.0,8.5,8.0,0.0
CLI023202,0.0,0.0,0.0,8.0,0.0
CLI023203,9.0,0.0,0.0,0.0,0.0
CLI023204,0.0,8.333333333333334,9.0,8.0,7.0
CLI023205,0.0,0.0,0.0,0.0,7.666666666666667
CLI023206,8.0,0.0,8.0,9.0,0.0
CLI023207,0.0,0.0,8.0,9.0,8.5
CLI023208,0.0,0.0,0.0,6.666666666666667,0.0
CLI023209,0.0,8.0,8.0,8.0,7.0
CLI023210,8.0,0.0,8.0,0.0,0.0
CLI023211,0.0,7.0,8.0,9.0,0.0
CLI023212,0.0,8.0,0.0,0.0,9.5
CLI023213,0.0,10.0,0.0,10.0,0.0
CLI023214,6.0,0.0,0.0,7.0,0.0
CLI023215,0.0,0.0,8.0,8.5,0.0
CLI023216,0.0,0.0,7.5,7.0,0.0
CLI023217,0.0,8.0,0.0,9.0,8.0
CLI023218,0.0,0.0,0.0,9.0,0.0
CLI023219,8.0,0.0,9.0,0.0,8.0
CLI023220,0.0,0.0,0.0,0.0,8.0
CLI023221,0.0,9.0,0.0,0.0,0.0
CLI023222,0.0,0.0,0.0,0.0,9.0
CLI023223,0.0,7.0,0.0,0.0,0.0
CLI023224,0.0,8.0,0.0,8.0,0.0
CLI023225,0.0,7.0,10.0,0.0,7.0
CLI023226,0.0,0.0,9.0,6.0,0.0
CLI023227,8.0,9.0,10.0,0.0,0.0
CLI023228,6.0,7.0,0.0,9.0,0.0
CLI023229,0.0,8.0,9.0,8.0,0.0
CLI023230,6.0,9.0,0.0,0.0,0.0
CLI023231,8.0,0.0,0.0,0.0,7.0
CLI023232,0.0,0.0,0.0,7.0,8.0
CLI023233,8.5,8.0,0.0,0.0,0.0
CLI023234,0.0,8.0,8.333333333333334,0.0,0.0
CLI023235,0.0,0.0,8.0,7.0,0.0
CLI023236,7.0,0.0,0.0,0.0,0.0
CLI023237,0.0,8.0,0.0,0.0,8.0
CLI023238,10.0,9.0,0.0,7.5,0.0
CLI023239,0.0,9.0,0.0,0.0,0.0
CLI023240,0.0,0.0,7.0,8.0,0.0
CLI023241,0.0,9.0,0.0,8.0,0.0
CLI023242,0.0,8.0,0.0,0.0,0.0
CLI023243,0.0,0.0,0.0,8.5,0.0
CLI023244,7.0,0.0,8.0,0.0,7.0
CLI023246,7.0,7.0,8.0,0.0,9.0
CLI023247,7.0,8.4,0.0,0.0,0.0
CLI023248,0.0,0.0,8.0,0.0,0.0
CLI023249,0.0,0.0,0.0,7.0,8.0
CLI023250,0.0,0.0,0.0,8.0,9.0
CLI023251,0.0,8.0,0.0,7.5,0.0
CLI023252,8.0,0.0,0.0,8.0,0.0
CLI023253,7.5,0.0,0.0,8.0,0.0
CLI023254,8.0,0.0,8.0,6.0,0.0
CLI023255,9.0,0.0,8.0,0.0,0.0
CLI023256,8.0,8.0,7.0,0.0,9.0
CLI023257,0.0,7.0,0.0,0.0,0.0
CLI023258,7.0,0.0,0.0,7.0,0.0
CLI023259,9.0,7.0,9.0,0.0,0.0
CLI023260,9.0,0.0,0.0,0.0,0.0
CLI023262,0.0,7.0,7.0,0.0,7.0
CLI023263,0.0,0.0,0.0,0.0,9.0
CLI023264,0.0,8.0,0.0,8.0,9.0
CLI023265,8.0,8.0,9.0,8.0,8.0
CLI023266,0.0,8.0,7.0,0.0,8.0
CLI023268,0.0,0.0,0.0,8.0,8.0
CLI023269,0.0,0.0,0.0,0.0,7.5
CLI023270,0.0,6.0,8.0,0.0,7.5
CLI023271,0.0,8.0,0.0,0.0,0.0
CLI023272,0.0,0.0,7.5,9.0,0.0
CLI023273,0.0,0.0,0.0,0.0,9.0
CLI023274,8.0,0.0,0.0,7.0,7.0
CLI023275,0.0,7.0,8.0,8.0,0.0
CLI023276,9.0,7.0,0.0,7.0,7.0
CLI023277,0.0,0.0,8.0,8.5,9.0
CLI023278,9.0,8.0,0.0,0.0,0.0
CLI023279,8.0,7.5,0.0,0.0,0.0
CLI023280,0.0,0.0,8.0,10.0,9.0
CLI023281,0.0,7.0,0.0,0.0,7.0
CLI023282,7.0,0.0,10.0,0.0,0.0
CLI023283,0.0,7.0,0.0,9.0,8.5
CLI023284,8.0,0.0,0.0,0.0,0.0
CLI023285,0.0,8.0,0.0,9.0,0.0
CLI023286,8.5,8.0,0.0,0.0,0.0
CLI023287,7.0,0.0,9.0,0.0,0.0
CLI023288,8.5,0.0,0.0,10.0,0.0
CLI023289,8.0,8.0,0.0,0.0,8.0
CLI023290,0.0,0.0,8.0,0.0,0.0
CLI023291,7.0,6.0,0.0,0.0,7.0
CLI023293,0.0,0.0,8.0,0.0,0.0
CLI023294,0.0,0.0,8.0,0.0,8.0
CLI023295,7.0,0.0,9.0,8.0,0.0
CLI023296,0.0,0.0,8.5,0.0,0.0
CLI023297,9.0,7.0,9.0,0.0,8.0
CLI023298,0.0,8.0,7.0,9.0,0.0
CLI023299,10.0,0.0,0.0,0.0,0.0
CLI023300,0.0,8.0,7.5,0.0,9.0
CLI023301,0.0,9.0,0.0,9.0,0.0
CLI023302,0.0,0.0,8.0,0.0,8.0
CLI023303,7.5,9.0,7.0,7.0,8.0
CLI023304,0.0,0.0,0.0,8.5,0.0
CLI023305,0.0,0.0,9.0,0.0,0.0
CLI023306,9.0,8.0,0.0,10.0,7.5
CLI023307,0.0,0.0,0.0,8.0,8.0
CLI023308,9.0,0.0,0.0,0.0,8.0
CLI023309,0.0,8.0,0.0,0.0,0.0
CLI023310,0.0,0.0,0.0,7.0,7.0
CLI023311,0.0,0.0,8.0,9.0,10.0
CLI023312,8.0,7.5,8.0,8.0,10.0
CLI023313,8.0,0.0,0.0,0.0,0.0
CLI023314,8.0,0.0,9.0,8.5,0.0
CLI023315,0.0,8.5,0.0,8.0,9.0
CLI023316,7.0,0.0,9.0,7.0,0.0
CLI023317,7.0,9.0,0.0,9.0,0.0
CLI023318,8.0,0.0,0.0,0.0,0.0
CLI023319,0.0,6.0,8.0,7.0,0.0
CLI023321,8.0,8.5,0.0,0.0,0.0
CLI023322,0.0,0.0,7.0,0.0,0.0
CLI023323,9.0,0.0,0.0,8.0,0.0
CLI023324,0.0,9.0,0.0,8.0,0.0
CLI023325,0.0,0.0,0.0,7.0,0.0
CLI023326,0.0,8.0,9.0,0.0,0.0
CLI023327,0.0,0.0,9.0,0.0,0.0
CLI023328,0.0,0.0,7.0,0.0,0.0
CLI023329,0.0,6.0,0.0,6.0,0.0
CLI023331,8.0,0.0,0.0,8.0,0.0
CLI023332,8.0,8.0,0.0,9.0,9.0
CLI023333,0.0,8.0,7.5,8.0,8.0
CLI023334,0.0,0.0,0.0,8.0,0.0
CLI023335,0.0,9.0,8.0,7.0,7.0
CLI023336,0.0,0.0,9.0,0.0,0.0
CLI023337,0.0,9.0,0.0,0.0,0.0
CLI023338,0.0,0.0,8.5,0.0,0.0
CLI023339,0.0,0.0,0.0,8.333333333333334,0.0
CLI023340,0.0,8.0,0.0,0.0,0.0
CLI023341,0.0,9.0,0.0,0.0,8.0
CLI023342,0.0,0.0,0.0,7.0,0.0
CLI023343,0.0,0.0,7.0,0.0,8.0
CLI023345,7.0,9.0,0.0,0.0,0.0
CLI023347,0.0,0.0,0.0,0.0,8.0
CLI023348,7.0,7.0,10.0,0.0,0.0
CLI023349,0.0,0.0,9.0,0.0,0.0
CLI023350,10.0,7.0,7.0,9.0,0.0
CLI023351,0.0,7.0,0.0,0.0,10.0
CLI023352,0.0,0.0,7.5,0.0,8.0
CLI023353,0.0,0.0,0.0,8.0,8.0
CLI023354,9.0,0.0,7.0,0.0,8.0
CLI023355,7.0,0.0,8.0,0.0,0.0
CLI023356,0.0,0.0,9.0,8.0,8.0
CLI023358,0.0,0.0,0.0,9.0,0.0
CLI023359,0.0,0.0,9.0,0.0,8.0
CLI023360,0.0,0.0,0.0,0.0,10.0
CLI023361,8.0,0.0,0.0,0.0,0.0
CLI023362,0.0,0.0,7.0,0.0,0.0
CLI023363,7.0,0.0,9.0,0.0,0.0
CLI023365,0.0,9.5,7.333333333333333,0.0,8.5
CLI023366,0.0,0.0,9.5,0.0,0.0
CLI023367,8.0,7.5,10.0,0.0,7.0
CLI023368,8.0,8.0,9.0,0.0,0.0
CLI023369,9.0,0.0,0.0,10.0,0.0
CLI023370,9.0,0.0,0.0,0.0,0.0
CLI023371,0.0,9.0,0.0,0.0,0.0
CLI023373,0.0,10.0,10.0,7.5,7.5
CLI023374,8.0,9.0,0.0,10.0,0.0
CLI023375,0.0,0.0,0.0,7.0,9.0
CLI023376,0.0,0.0,0.0,0.0,8.0
CLI023377,8.0,0.0,9.0,9.0,0.0
CLI023378,0.0,0.0,0.0,8.0,0.0
CLI023379,0.0,0.0,0.0,9.0,9.0
CLI023380,0.0,0.0,8.0,0.0,7.0
CLI023381,9.0,0.0,0.0,0.0,8.0
CLI023382,0.0,0.0,8.0,0.0,0.0
CLI023383,0.0,7.0,7.0,0.0,7.0
CLI023384,0.0,8.0,0.0,9.0,8.0
CLI023385,9.0,0.0,8.0,0.0,0.0
CLI023386,0.0,8.0,0.0,0.0,0.0
CLI023387,7.0,9.0,10.0,0.0,0.0
CLI023388,9.0,0.0,0.0,0.0,0.0
CLI023389,0.0,0.0,0.0,9.0,0.0
CLI023390,7.0,10.0,9.0,8.0,0.0
CLI023391,8.0,0.0,0.0,6.0,9.0
CLI023392,9.0,0.0,0.0,0.0,9.0
CLI023394,9.0,8.0,0.0,7.0,0.0
CLI023395,10.0,0.0,0.0,0.0,0.0
CLI023396,0.0,8.0,8.0,0.0,8.0
CLI023397,0.0,10.0,7.0,8.0,9.0
CLI023398,0.0,7.0,0.0,0.0,0.0
CLI023400,0.0,7.0,0.0,0.0,0.0
CLI023401,0.0,0.0,7.0,0.0,0.0
CLI023402,0.0,10.0,0.0,0.0,0.0
CLI023403,0.0,0.0,0.0,8.0,0.0
CLI023404,0.0,0.0,9.0,10.0,8.0
CLI023405,0.0,0.0,0.0,0.0,10.0
CLI023406,0.0,0.0,0.0,8.0,7.5
CLI023407,8.0,9.0,0.0,0.0,9.0
CLI023409,8.0,0.0,9.0,8.0,0.0
CLI023410,0.0,0.0,0.0,7.0,8.0
CLI023411,0.0,0.0,7.0,0.0,0.0
CLI023412,8.0,0.0,0.0,8.0,0.0
CLI023413,0.0,0.0,8.0,9.0,0.0
CLI023414,0.0,0.0,9.0,7.666666666666667,9.0
CLI023415,0.0,8.0,0.0,0.0,8.0
CLI023416,0.0,9.0,0.0,9.0,6.0
CLI023417,0.0,7.0,7.0,0.0,8.0
CLI023418,9.0,7.666666666666667,7.0,8.0,8.0
CLI023419,0.0,7.0,0.0,0.0,0.0
CLI023421,0.0,0.0,9.0,0.0,0.0
CLI023422,8.0,8.0,0.0,0.0,0.0
CLI023423,9.0,0.0,0.0,10.0,9.0
CLI023424,0.0,0.0,9.0,0.0,0.0
CLI023425,0.0,0.0,0.0,10.0,0.0
CLI023426,0.0,0.0,0.0,8.0,0.0
CLI023427,7.0,9.0,0.0,9.0,0.0
CLI023428,0.0,8.0,0.0,0.0,8.0
CLI023429,9.0,0.0,0.0,7.0,0.0
CLI023430,0.0,9.0,8.0,0.0,0.0
CLI023431,0.0,8.0,0.0,0.0,0.0
CLI023432,0.0,8.5,0.0,0.0,0.0
CLI023433,0.0,7.0,0.0,0.0,0.0
CLI023434,7.0,0.0,7.0,9.0,0.0
CLI023435,0.0,0.0,10.0,0.0,8.0
CLI023436,0.0,0.0,0.0,8.0,9.0
CLI023437,8.0,0.0,0.0,0.0,0.0
CLI023438,8.0,8.0,0.0,0.0,8.0
CLI023439,7.0,7.0,0.0,0.0,6.0
CLI023440,7.0,10.0,0.0,10.0,0.0
CLI023441,7.0,0.0,8.0,7.0,0.0
CLI023442,0.0,7.0,8.666666666666666,0.0,0.0
CLI023443,10.0,0.0,0.0,9.0,0.0
CLI023444,7.0,0.0,0.0,8.0,0.0
CLI023445,9.0,0.0,0.0,0.0,9.0
CLI023446,6.0,9.0,8.0,8.0,0.0
CLI023447,0.0,0.0,8.0,0.0,8.0
CLI023448,0.0,8.5,0.0,7.0,0.0
CLI023449,0.0,0.0,10.0,0.0,7.0
CLI023450,7.0,0.0,10.0,8.0,0.0
CLI023451,8.5,0.0,0.0,0.0,0.0
CLI023452,0.0,8.0,8.5,8.0,0.0
CLI023453,0.0,0.0,0.0,9.0,8.0
CLI023454,0.0,8.0,8.0,8.0,8.0
CLI023455,0.0,0.0,8.0,0.0,0.0
CLI023456,0.0,0.0,0.0,8.0,0.0
CLI023457,9.0,8.0,0.0,8.0,8.5
CLI023458,0.0,9.0,0.0,0.0,0.0
CLI023459,0.0,0.0,0.0,0.0,7.0
CLI023460,8.0,8.0,0.0,8.333333333333334,0.0
CLI023461,0.0,0.0,8.0,7.0,0.0
CLI023463,7.0,8.0,0.0,8.0,0.0
CLI023464,0.0,0.0,0.0,0.0,9.0
CLI023465,0.0,0.0,8.0,9.0,0.0
CLI023466,7.666666666666667,0.0,0.0,0.0,0.0
CLI023467,7.0,7.0,0.0,0.0,0.0
CLI023468,7.0,0.0,0.0,0.0,0.0
CLI023469,9.0,0.0,6.0,0.0,0.0
CLI023470,7.0,0.0,8.666666666666666,0.0,0.0
CLI023471,7.0,0.0,0.0,8.0,0.0
CLI023472,0.0,8.0,0.0,0.0,0.0
CLI023473,0.0,8.0,0.0,8.0,8.0
CLI023474,9.0,0.0,8.0,0.0,9.0
CLI023475,7.5,0.0,0.0,0.0,0.0
CLI023476,8.5,0.0,0.0,0.0,0.0
CLI023477,0.0,0.0,9.0,0.0,8.0
CLI023478,0.0,0.0,6.0,0.0,6.0
CLI023479,10.0,0.0,0.0,0.0,0.0
CLI023480,0.0,8.0,0.0,0.0,0.0
CLI023481,6.0,9.0,0.0,0.0,9.0
CLI023482,8.0,0.0,9.0,0.0,0.0
CLI023483,0.0,8.0,8.0,0.0,0.0
CLI023484,8.0,0.0,6.5,0.0,0.0
CLI023485,10.0,0.0,0.0,0.0,8.0
CLI023488,0.0,0.0,0.0,10.0,0.0
CLI023489,10.0,0.0,9.0,0.0,0.0
CLI023490,7.0,0.0,8.0,0.0,0.0
CLI023491,0.0,0.0,0.0,9.0,0.0
CLI023493,0.0,0.0,8.0,0.0,10.0
CLI023494,0.0,10.0,0.0,0.0,0.0
CLI023495,0.0,9.0,8.0,8.0,0.0
CLI023497,0.0,7.0,8.0,8.0,0.0
CLI023498,0.0,0.0,0.0,8.0,7.0
CLI023499,0.0,0.0,0.0,0.0,7.5
CLI023500,7.0,8.0,10.0,8.0,7.0
CLI023501,0.0,0.0,0.0,7.0,8.0
CLI023502,0.0,0.0,8.0,10.0,0.0
CLI023503,8.5,0.0,0.0,0.0,0.0
CLI023504,0.0,0.0,8.0,8.0,7.0
CLI023505,9.0,0.0,0.0,7.0,0.0
CLI023506,8.0,8.0,8.0,0.0,9.0
CLI023507,8.0,6.0,9.0,6.0,0.0
CLI023508,0.0,0.0,7.5,0.0,0.0
CLI023509,0.0,0.0,0.0,9.0,0.0
CLI023510,7.0,7.666666666666667,7.0,7.0,0.0
CLI023511,9.0,8.0,8.0,7.5,0.0
CLI023512,8.0,8.0,0.0,9.0,0.0
CLI023513,8.0,0.0,0.0,8.0,0.0
CLI023514,9.0,0.0,8.0,8.0,9.0
CLI023515,0.0,9.0,0.0,0.0,0.0
CLI023517,0.0,7.0,0.0,9.5,0.0
CLI023518,0.0,10.0,0.0,0.0,0.0
CLI023519,0.0,0.0,0.0,7.0,6.0
CLI023520,8.0,0.0,0.0,0.0,0.0
CLI023522,0.0,8.0,0.0,9.0,8.0
CLI023523,7.5,0.0,8.0,0.0,0.0
CLI023524,10.0,7.666666666666667,0.0,0.0,10.0
CLI023525,0.0,0.0,7.0,0.0,0.0
CLI023526,7.5,0.0,0.0,0.0,0.0
CLI023527,7.0,9.0,8.0,8.5,0.0
CLI023528,7.0,0.0,8.0,8.0,0.0
CLI023529,0.0,8.0,8.0,8.0,9.0
CLI023530,7.0,0.0,0.0,0.0,0.0
CLI023531,7.0,0.0,0.0,0.0,9.0
CLI023532,0.0,10.0,0.0,8.0,0.0
CLI023533,7.333333333333333,0.0,0.0,7.0,0.0
CLI023534,0.0,10.0,0.0,0.0,0.0
CLI023535,8.0,8.0,0.0,7.0,8.0
CLI023537,0.0,8.0,0.0,8.0,0.0
CLI023539,6.0,0.0,0.0,0.0,0.0
CLI023540,8.0,9.0,0.0,0.0,10.0
CLI023541,9.0,0.0,8.0,0.0,7.0
CLI023542,8.0,0.0,9.0,9.0,7.0
CLI023543,8.0,8.0,8.0,0.0,0.0
CLI023544,0.0,0.0,8.0,9.0,8.0
CLI023545,8.0,0.0,0.0,0.0,0.0
CLI023546,0.0,0.0,8.0,7.0,0.0
CLI023547,0.0,7.5,9.0,8.0,8.0
CLI023548,8.0,8.5,8.0,0.0,8.0
CLI023549,0.0,0.0,8.0,10.0,0.0
CLI023551,0.0,0.0,0.0,7.5,0.0
CLI023552,0.0,8.0,0.0,9.0,9.0
CLI023555,0.0,7.0,0.0,0.0,9.0
CLI023557,0.0,0.0,9.0,0.0,0.0
CLI023558,0.0,0.0,0.0,6.333333333333333,0.0
CLI023559,8.0,0.0,9.0,0.0,8.0
CLI023561,8.0,0.0,0.0,0.0,0.0
CLI023562,0.0,0.0,0.0,7.0,0.0
CLI023563,0.0,7.5,8.0,9.0,0.0
CLI023564,0.0,9.0,0.0,0.0,0.0
CLI023565,7.0,0.0,0.0,9.0,8.0
CLI023566,0.0,9.0,7.0,0.0,0.0
CLI023567,8.0,9.0,9.333333333333334,0.0,0.0
CLI023569,0.0,9.0,0.0,0.0,0.0
CLI023570,7.0,9.0,0.0,8.0,0.0
CLI023571,9.0,0.0,0.0,7.0,0.0
CLI023572,8.0,0.0,0.0,8.0,0.0
CLI023573,0.0,8.333333333333334,0.0,8.0,8.0
CLI023574,0.0,0.0,8.0,7.0,8.0
CLI023575,8.5,0.0,0.0,0.0,7.5
CLI023576,0.0,0.0,9.0,0.0,0.0
CLI023577,0.0,0.0,0.0,8.0,8.0
CLI023578,0.0,0.0,6.0,0.0,7.0
CLI023580,8.0,0.0,8.0,0.0,8.0
CLI023581,8.0,0.0,7.5,7.0,0.0
CLI023582,0.0,10.0,0.0,8.5,0.0
CLI023583,0.0,0.0,9.0,0.0,0.0
CLI023585,9.0,0.0,0.0,6.0,0.0
CLI023586,0.0,8.0,8.0,0.0,0.0
CLI023587,0.0,0.0,0.0,8.0,0.0
CLI023588,8.0,8.0,0.0,9.0,0.0
CLI023589,8.5,0.0,7.5,0.0,9.0
CLI023590,0.0,0.0,8.5,8.0,0.0
CLI023591,9.0,0.0,0.0,8.0,8.0
CLI023592,8.5,9.0,0.0,8.0,0.0
CLI023595,8.0,0.0,0.0,0.0,0.0
CLI023596,9.5,0.0,0.0,0.0,0.0
CLI023597,8.0,0.0,0.0,0.0,0.0
CLI023599,0.0,0.0,7.5,7.0,0.0
CLI023600,0.0,0.0,7.5,0.0,0.0
CLI023601,9.0,0.0,0.0,8.5,0.0
CLI023602,8.5,0.0,0.0,0.0,7.0
CLI023603,9.0,0.0,0.0,0.0,0.0
CLI023604,0.0,0.0,7.0,0.0,0.0
CLI023605,0.0,0.0,0.0,0.0,10.0
CLI023606,8.0,0.0,0.0,8.0,9.0
CLI023607,0.0,0.0,0.0,0.0,6.0
CLI023608,0.0,8.0,0.0,0.0,9.0
CLI023609,0.0,7.0,8.0,0.0,0.0
CLI023611,0.0,8.0,9.0,0.0,0.0
CLI023613,0.0,0.0,10.0,0.0,0.0
CLI023614,0.0,7.0,0.0,9.0,0.0
CLI023615,0.0,0.0,0.0,8.0,7.0
CLI023616,7.0,0.0,0.0,9.0,0.0
CLI023617,9.0,0.0,0.0,0.0,0.0
CLI023618,0.0,8.0,0.0,8.0,0.0
CLI023619,0.0,7.0,8.0,0.0,0.0
CLI023621,0.0,7.0,0.0,0.0,8.0
CLI023622,0.0,0.0,0.0,9.0,8.0
CLI023623,9.0,0.0,0.0,9.0,0.0
CLI023624,0.0,0.0,0.0,10.0,0.0
CLI023625,0.0,0.0,0.0,0.0,10.0
CLI023626,0.0,8.5,0.0,0.0,0.0
CLI023628,8.0,0.0,9.0,9.0,0.0
CLI023629,9.0,0.0,0.0,0.0,8.0
CLI023630,0.0,9.0,0.0,0.0,7.0
CLI023631,8.0,0.0,8.0,0.0,0.0
CLI023632,7.0,9.0,0.0,8.0,0.0
CLI023633,9.0,0.0,7.0,0.0,8.0
CLI023634,0.0,0.0,0.0,8.0,9.0
CLI023635,7.0,0.0,9.0,7.0,0.0
CLI023636,0.0,0.0,0.0,0.0,6.0
CLI023637,8.0,0.0,7.0,0.0,8.0
CLI023638,0.0,9.0,8.0,7.0,0.0
CLI023639,9.0,0.0,10.0,0.0,9.0
CLI023640,0.0,0.0,8.0,0.0,0.0
CLI023641,0.0,8.0,0.0,8.0,8.5
CLI023642,8.0,0.0,0.0,0.0,0.0
CLI023643,0.0,0.0,8.0,8.0,8.0
CLI023644,0.0,0.0,7.5,0.0,10.0
CLI023645,0.0,0.0,7.0,9.0,0.0
CLI023646,8.0,7.5,0.0,0.0,0.0
CLI023647,0.0,0.0,0.0,7.0,7.0
CLI023648,7.0,0.0,0.0,10.0,9.0
CLI023649,7.0,8.0,0.0,0.0,10.0
CLI023650,8.666666666666666,8.333333333333334,9.0,0.0,0.0
CLI023652,0.0,8.0,0.0,0.0,0.0
CLI023653,0.0,0.0,9.0,0.0,0.0
CLI023654,0.0,0.0,8.0,0.0,8.0
CLI023655,8.0,9.0,0.0,0.0,0.0
CLI023656,0.0,0.0,7.0,0.0,0.0
CLI023657,0.0,8.0,0.0,0.0,0.0
CLI023658,7.5,0.0,8.0,9.0,0.0
CLI023659,0.0,0.0,0.0,7.0,0.0
CLI023660,8.0,9.0,0.0,0.0,0.0
CLI023661,0.0,0.0,9.0,7.0,9.0
CLI023663,0.0,0.0,0.0,8.0,8.0
CLI023664,9.0,9.0,0.0,0.0,0.0
CLI023665,0.0,7.0,8.0,0.0,0.0
CLI023666,0.0,0.0,0.0,9.0,7.0
CLI023667,0.0,0.0,0.0,9.0,0.0
CLI023668,10.0,0.0,0.0,8.0,0.0
CLI023669,0.0,9.0,9.0,0.0,0.0
CLI023670,0.0,0.0,0.0,9.0,8.0
CLI023671,0.0,7.5,7.0,9.0,8.5
CLI023672,8.0,0.0,0.0,0.0,7.0
CLI023673,0.0,0.0,0.0,7.0,8.0
CLI023674,9.0,0.0,8.0,0.0,0.0
CLI023675,0.0,8.5,8.0,0.0,0.0
CLI023676,8.0,0.0,7.0,0.0,7.0
CLI023677,8.0,8.0,0.0,9.0,9.0
CLI023678,0.0,0.0,7.0,0.0,9.0
CLI023679,0.0,0.0,0.0,7.5,10.0
CLI023680,0.0,0.0,8.0,0.0,0.0
CLI023681,0.0,0.0,0.0,0.0,8.0
CLI023682,7.0,8.0,0.0,0.0,0.0
CLI023683,8.0,8.0,9.0,0.0,10.0
CLI023684,0.0,7.666666666666667,9.0,8.0,0.0
CLI023685,8.0,0.0,0.0,0.0,0.0
CLI023686,0.0,8.0,0.0,8.0,0.0
CLI023687,8.0,7.0,0.0,0.0,0.0
CLI023688,0.0,7.0,0.0,8.0,0.0
CLI023689,9.0,0.0,0.0,0.0,0.0
CLI023690,0.0,8.5,10.0,0.0,8.0
CLI023691,8.0,0.0,0.0,8.0,7.0
CLI023692,8.0,0.0,8.0,0.0,8.0
CLI023693,0.0,7.5,0.0,0.0,0.0
CLI023694,0.0,8.5,0.0,9.0,0.0
CLI023695,7.0,0.0,0.0,0.0,0.0
CLI023697,0.0,8.5,0.0,0.0,0.0
CLI023698,0.0,0.0,0.0,0.0,8.0
CLI023699,10.0,0.0,0.0,0.0,8.0
CLI023700,9.0,7.0,0.0,0.0,0.0
CLI023701,0.0,8.0,8.0,9.0,0.0
CLI023702,0.0,0.0,0.0,7.0,0.0
CLI023703,0.0,0.0,6.0,0.0,8.0
CLI023704,0.0,0.0,7.0,0.0,0.0
CLI023705,0.0,0.0,0.0,8.0,0.0
CLI023706,0.0,9.0,9.0,8.0,8.0
CLI023707,0.0,8.0,0.0,0.0,8.0
CLI023708,0.0,6.0,7.0,0.0,8.0
CLI023709,0.0,0.0,8.0,0.0,7.0
CLI023710,9.0,8.0,8.0,0.0,0.0
CLI023711,8.5,0.0,0.0,7.0,0.0
CLI023712,9.0,6.0,7.0,0.0,9.0
CLI023713,0.0,0.0,0.0,8.0,8.0
CLI023714,0.0,0.0,0.0,9.0,0.0
CLI023715,0.0,0.0,7.0,9.0,7.0
CLI023716,8.0,0.0,9.0,0.0,8.0
CLI023717,0.0,9.0,0.0,0.0,0.0
CLI023718,7.0,0.0,0.0,9.0,0.0
CLI023719,0.0,7.0,0.0,0.0,7.5
CLI023720,8.0,0.0,7.0,0.0,6.0
CLI023721,0.0,9.0,0.0,0.0,7.5
CLI023722,9.0,0.0,0.0,7.0,0.0
CLI023723,0.0,7.5,0.0,9.0,0.0
CLI023724,10.0,0.0,0.0,8.0,0.0
CLI023725,0.0,0.0,9.0,8.0,0.0
CLI023726,0.0,8.0,8.0,0.0,0.0
CLI023727,0.0,0.0,0.0,0.0,7.0
CLI023728,0.0,8.0,0.0,7.0,0.0
CLI023729,0.0,0.0,0.0,0.0,8.0
CLI023730,0.0,0.0,0.0,0.0,8.0
CLI023731,0.0,0.0,0.0,0.0,8.0
CLI023732,9.0,0.0,0.0,0.0,10.0
CLI023733,0.0,0.0,0.0,0.0,9.0
CLI023734,9.0,0.0,0.0,9.0,0.0
CLI023735,0.0,0.0,0.0,8.5,8.0
CLI023736,8.0,7.0,8.0,0.0,8.0
CLI023737,0.0,0.0,0.0,8.0,9.0
CLI023738,0.0,0.0,8.0,0.0,0.0
CLI023739,0.0,8.0,8.5,0.0,9.0
CLI023740,0.0,0.0,0.0,0.0,7.0
CLI023741,0.0,0.0,0.0,8.0,0.0
CLI023743,0.0,0.0,0.0,0.0,7.0
CLI023744,0.0,0.0,9.0,0.0,10.0
CLI023745,0.0,0.0,0.0,6.0,0.0
CLI023746,0.0,0.0,9.5,0.0,0.0
CLI023748,8.0,0.0,0.0,0.0,0.0
CLI023749,0.0,9.0,0.0,7.0,7.0
CLI023752,9.0,7.0,8.0,0.0,0.0
CLI023753,0.0,0.0,0.0,0.0,9.0
CLI023754,0.0,0.0,9.0,9.0,8.0
CLI023755,9.0,8.0,7.5,9.0,0.0
CLI023756,0.0,8.0,8.0,8.5,8.0
CLI023757,0.0,7.0,7.0,0.0,0.0
CLI023758,8.0,9.0,7.5,9.5,8.0
CLI023759,0.0,0.0,9.0,10.0,0.0
CLI023761,0.0,8.0,0.0,9.0,0.0
CLI023762,0.0,7.0,0.0,0.0,0.0
CLI023764,10.0,10.0,8.0,8.0,0.0
CLI023765,0.0,0.0,0.0,8.0,0.0
CLI023766,0.0,8.0,0.0,0.0,8.0
CLI023767,0.0,0.0,8.0,10.0,0.0
CLI023768,8.0,0.0,7.0,8.0,7.0
CLI023769,0.0,0.0,0.0,0.0,8.0
CLI023770,0.0,0.0,8.5,7.0,9.0
CLI023771,0.0,0.0,7.0,8.0,6.0
CLI023772,0.0,0.0,9.0,0.0,7.0
CLI023773,9.0,0.0,0.0,9.0,0.0
CLI023774,0.0,0.0,7.0,8.0,8.0
CLI023775,0.0,0.0,0.0,7.0,0.0
CLI023776,9.0,0.0,0.0,0.0,0.0
CLI023777,0.0,9.0,0.0,0.0,0.0
CLI023778,8.0,0.0,0.0,8.0,0.0
CLI023779,0.0,10.0,9.0,0.0,0.0
CLI023780,0.0,10.0,7.0,0.0,0.0
CLI023781,7.0,0.0,8.0,8.0,0.0
CLI023782,0.0,0.0,6.0,9.0,9.0
CLI023783,8.0,0.0,0.0,8.0,0.0
CLI023784,10.0,6.0,0.0,0.0,7.0
CLI023785,0.0,8.0,0.0,0.0,0.0
CLI023786,0.0,0.0,8.0,0.0,9.0
CLI023787,0.0,0.0,8.0,0.0,8.0
CLI023788,0.0,10.0,9.0,0.0,7.0
CLI023789,10.0,0.0,8.5,0.0,0.0
CLI023790,8.0,0.0,8.0,7.0,8.333333333333334
CLI023791,0.0,0.0,0.0,9.0,0.0
CLI023792,0.0,10.0,0.0,7.0,0.0
CLI023793,0.0,9.0,0.0,0.0,7.0
CLI023794,8.0,0.0,0.0,0.0,0.0
CLI023796,7.0,0.0,8.0,7.0,0.0
CLI023797,0.0,0.0,0.0,7.666666666666667,9.0
CLI023798,0.0,9.0,0.0,0.0,7.0
CLI023799,0.0,9.0,9.0,0.0,8.0
CLI023800,0.0,9.0,7.0,0.0,0.0
CLI023801,0.0,0.0,0.0,8.0,0.0
CLI023802,8.0,8.0,0.0,0.0,9.0
CLI023804,0.0,8.0,0.0,0.0,0.0
CLI023805,0.0,0.0,0.0,10.0,0.0
CLI023806,0.0,9.0,8.5,0.0,8.5
CLI023807,0.0,0.0,0.0,8.0,0.0
CLI023808,7.5,0.0,7.0,7.0,0.0
CLI023809,0.0,0.0,7.0,8.0,0.0
CLI023810,0.0,7.0,0.0,0.0,0.0
CLI023811,7.0,9.0,10.0,0.0,8.0
CLI023812,0.0,8.0,0.0,0.0,9.0
CLI023813,9.0,0.0,0.0,0.0,9.0
CLI023814,0.0,0.0,0.0,9.0,7.0
CLI023815,0.0,0.0,0.0,9.0,10.0
CLI023816,0.0,7.0,0.0,9.0,0.0
CLI023817,0.0,0.0,0.0,8.0,0.0
CLI023818,7.333333333333333,0.0,0.0,8.0,10.0
CLI023819,7.0,0.0,7.0,0.0,7.0
CLI023820,9.0,9.0,0.0,9.0,0.0
CLI023821,0.0,0.0,0.0,8.0,9.0
CLI023822,8.0,7.0,0.0,7.0,0.0
CLI023823,0.0,0.0,7.0,0.0,0.0
CLI023824,0.0,0.0,0.0,9.0,8.5
CLI023825,8.0,0.0,0.0,0.0,7.0
CLI023826,9.0,8.5,0.0,0.0,0.0
CLI023827,0.0,0.0,8.0,0.0,0.0
CLI023828,8.0,0.0,9.0,0.0,0.0
CLI023829,0.0,0.0,9.0,0.0,9.0
CLI023830,7.0,8.666666666666666,0.0,0.0,7.0
CLI023831,0.0,0.0,0.0,7.0,8.5
CLI023832,0.0,7.0,10.0,9.0,0.0
CLI023833,8.0,7.0,7.0,0.0,7.0
CLI023834,0.0,9.0,8.0,0.0,8.0
CLI023835,9.0,0.0,0.0,9.0,0.0
CLI023836,8.0,0.0,0.0,8.0,8.0
CLI023837,8.0,0.0,0.0,0.0,0.0
CLI023838,0.0,0.0,0.0,0.0,9.0
CLI023839,0.0,0.0,8.0,8.0,0.0
CLI023840,0.0,7.5,8.0,9.5,7.5
CLI023842,7.5,7.0,0.0,0.0,0.0
CLI023843,0.0,0.0,9.0,0.0,0.0
CLI023844,8.0,0.0,0.0,0.0,0.0
CLI023845,7.0,7.0,0.0,0.0,9.0
CLI023846,9.0,0.0,0.0,0.0,0.0
CLI023847,0.0,9.0,9.0,8.5,0.0
CLI023850,0.0,9.0,0.0,7.0,0.0
CLI023852,0.0,7.0,0.0,0.0,0.0
CLI023853,0.0,0.0,8.5,0.0,0.0
CLI023854,9.0,0.0,7.666666666666667,8.0,6.0
CLI023856,0.0,0.0,8.0,0.0,8.0
CLI023857,7.5,0.0,0.0,7.5,0.0
CLI023858,0.0,8.0,0.0,8.0,7.5
CLI023859,7.0,0.0,9.0,8.0,8.0
CLI023860,0.0,0.0,0.0,7.0,0.0
CLI023861,9.0,7.5,10.0,0.0,0.0
CLI023862,0.0,0.0,0.0,10.0,7.0
CLI023863,0.0,0.0,8.0,0.0,0.0
CLI023864,0.0,0.0,0.0,0.0,9.0
CLI023865,9.0,7.5,9.0,7.0,0.0
CLI023866,0.0,0.0,9.0,0.0,8.0
CLI023867,8.0,0.0,7.0,0.0,0.0
CLI023868,7.0,9.0,0.0,6.0,0.0
CLI023869,0.0,8.5,0.0,9.0,7.0
CLI023871,0.0,0.0,8.0,0.0,8.0
CLI023872,9.0,10.0,0.0,0.0,0.0
CLI023873,9.0,0.0,0.0,9.0,9.0
CLI023874,0.0,0.0,0.0,9.0,0.0
CLI023875,9.0,0.0,0.0,0.0,0.0
CLI023876,8.0,9.0,0.0,0.0,7.5
CLI023877,0.0,8.333333333333334,0.0,0.0,0.0
CLI023878,0.0,8.0,8.0,0.0,9.0
CLI023880,0.0,7.0,0.0,0.0,0.0
CLI023881,9.0,8.0,8.0,0.0,9.0
CLI023882,9.0,0.0,0.0,8.0,10.0
CLI023883,0.0,0.0,7.0,0.0,0.0
CLI023884,0.0,8.0,0.0,8.0,0.0
CLI023885,8.0,8.0,0.0,0.0,0.0
CLI023886,9.0,7.0,9.0,0.0,7.0
CLI023887,0.0,0.0,7.333333333333333,0.0,0.0
CLI023888,7.0,9.0,8.666666666666666,7.0,8.0
CLI023889,0.0,0.0,9.5,0.0,6.0
CLI023890,7.0,9.0,8.0,0.0,8.0
CLI023891,0.0,8.0,8.5,0.0,7.0
CLI023892,0.0,0.0,8.0,0.0,0.0
CLI023893,7.0,0.0,0.0,0.0,8.5
CLI023894,7.5,0.0,0.0,0.0,0.0
CLI023895,0.0,9.0,0.0,0.0,0.0
CLI023896,0.0,0.0,7.5,0.0,0.0
CLI023897,0.0,0.0,0.0,7.5,0.0
CLI023898,0.0,0.0,7.5,0.0,0.0
CLI023899,0.0,0.0,0.0,8.0,0.0
CLI023900,0.0,0.0,0.0,0.0,8.0
CLI023901,0.0,0.0,8.5,0.0,8.0
CLI023902,0.0,7.0,8.0,0.0,0.0
CLI023903,0.0,9.0,0.0,0.0,0.0
CLI023904,0.0,0.0,0.0,0.0,8.5
CLI023905,0.0,0.0,0.0,9.0,0.0
CLI023906,0.0,9.0,0.0,0.0,0.0
CLI023907,9.0,0.0,0.0,7.0,8.0
CLI023908,9.0,0.0,0.0,8.0,7.0
CLI023909,8.0,0.0,8.0,0.0,0.0
CLI023910,0.0,0.0,0.0,8.5,7.0
CLI023911,8.0,8.0,0.0,8.0,8.0
CLI023912,9.0,0.0,8.5,0.0,0.0
CLI023913,9.0,7.0,0.0,0.0,0.0
CLI023914,0.0,9.0,0.0,8.0,9.5
CLI023915,0.0,0.0,8.0,0.0,0.0
CLI023916,0.0,0.0,0.0,9.0,0.0
CLI023917,8.0,0.0,0.0,0.0,7.666666666666667
CLI023918,8.0,10.0,0.0,9.0,0.0
CLI023919,0.0,0.0,8.0,8.0,9.0
CLI023920,8.0,9.0,8.0,8.0,8.0
CLI023921,0.0,0.0,9.0,0.0,8.0
CLI023922,0.0,9.0,0.0,8.0,0.0
CLI023923,9.0,7.0,9.0,0.0,0.0
CLI023924,0.0,8.0,9.0,0.0,0.0
CLI023925,7.0,0.0,0.0,8.333333333333334,9.0
CLI023926,9.0,0.0,8.0,8.0,7.0
CLI023928,0.0,9.0,9.0,0.0,0.0
CLI023929,0.0,0.0,7.0,7.0,0.0
CLI023930,10.0,0.0,0.0,8.0,9.0
CLI023931,8.0,0.0,0.0,0.0,8.0
CLI023933,8.0,8.0,7.5,0.0,9.0
CLI023934,9.0,9.0,0.0,10.0,0.0
CLI023935,0.0,10.0,9.0,0.0,0.0
CLI023936,0.0,8.333333333333334,0.0,9.0,8.0
CLI023937,9.0,0.0,0.0,0.0,0.0
CLI023938,0.0,8.0,0.0,0.0,0.0
CLI023940,8.0,9.0,0.0,0.0,9.0
CLI023941,0.0,8.0,0.0,6.0,0.0
CLI023942,0.0,7.0,9.0,0.0,8.0
CLI023943,0.0,9.0,0.0,10.0,9.0
CLI023944,0.0,9.0,8.5,0.0,0.0
CLI023945,0.0,0.0,0.0,0.0,8.0
CLI023946,0.0,8.0,7.0,9.0,0.0
CLI023947,0.0,0.0,0.0,0.0,9.0
CLI023948,7.0,0.0,0.0,0.0,8.0
CLI023949,0.0,0.0,0.0,0.0,9.0
CLI023950,0.0,0.0,0.0,8.0,0.0
CLI023951,0.0,9.0,0.0,0.0,0.0
CLI023952,0.0,8.0,8.0,0.0,0.0
CLI023953,0.0,0.0,7.0,0.0,0.0
CLI023954,0.0,0.0,9.0,0.0,0.0
CLI023955,6.0,0.0,0.0,8.0,0.0
CLI023956,8.0,0.0,0.0,9.0,8.0
CLI023957,7.0,0.0,7.0,0.0,0.0
CLI023958,0.0,7.5,0.0,8.0,0.0
CLI023960,7.0,8.0,8.0,0.0,10.0
CLI023961,8.0,0.0,0.0,0.0,0.0
CLI023962,0.0,0.0,0.0,0.0,7.0
CLI023963,8.0,8.0,7.0,8.666666666666666,0.0
CLI023965,0.0,0.0,8.0,0.0,0.0
CLI023966,7.0,0.0,9.0,8.0,9.0
CLI023967,0.0,0.0,0.0,7.0,0.0
CLI023968,0.0,0.0,8.0,0.0,10.0
CLI023969,0.0,0.0,0.0,8.0,7.0
CLI023970,8.0,0.0,7.0,7.0,0.0
CLI023971,0.0,0.0,9.0,0.0,7.0
CLI023972,9.0,0.0,0.0,8.0,0.0
CLI023973,0.0,9.0,0.0,0.0,0.0
CLI023974,0.0,9.0,8.666666666666666,0.0,8.0
CLI023975,0.0,0.0,0.0,9.0,7.0
CLI023976,9.0,0.0,0.0,8.0,0.0
CLI023977,9.0,9.0,0.0,0.0,7.0
CLI023978,0.0,9.0,0.0,0.0,0.0
CLI023979,7.5,0.0,8.0,0.0,0.0
CLI023980,7.0,0.0,9.0,0.0,9.0
CLI023982,7.0,0.0,0.0,0.0,0.0
CLI023983,0.0,8.5,8.0,0.0,0.0
CLI023984,0.0,8.0,6.0,8.0,0.0
CLI023985,0.0,8.0,8.0,7.0,0.0
CLI023986,0.0,9.0,0.0,0.0,7.5
CLI023987,0.0,7.0,0.0,8.0,0.0
CLI023988,0.0,0.0,9.0,0.0,9.0
CLI023989,0.0,7.0,0.0,0.0,9.0
CLI023990,0.0,7.0,0.0,8.0,0.0
CLI023991,8.0,0.0,0.0,8.0,8.0
CLI023992,0.0,9.0,0.0,8.0,8.0
CLI023993,9.0,0.0,0.0,0.0,0.0
CLI023994,9.0,0.0,0.0,0.0,0.0
CLI023995,0.0,0.0,0.0,0.0,8.0
CLI023996,0.0,0.0,8.5,0.0,0.0
CLI023997,0.0,0.0,0.0,0.0,8.0
CLI023998,8.5,0.0,8.0,8.0,0.0
CLI024000,9.0,0.0,0.0,7.0,0.0
CLI024001,7.0,0.0,8.0,7.0,9.0
CLI024002,0.0,0.0,7.0,6.5,8.333333333333334
CLI024003,0.0,0.0,0.0,0.0,9.0
CLI024004,9.0,9.0,0.0,8.0,0.0
CLI024005,0.0,0.0,8.0,0.0,0.0
CLI024006,9.0,0.0,7.0,0.0,0.0
CLI024007,0.0,7.0,8.0,8.0,0.0
CLI024008,6.0,8.0,7.0,0.0,0.0
CLI024009,8.0,0.0,7.0,0.0,0.0
CLI024010,10.0,8.0,9.0,8.0,8.0
CLI024011,0.0,0.0,7.0,7.0,9.0
CLI024012,0.0,0.0,0.0,0.0,6.0
CLI024013,0.0,0.0,0.0,0.0,9.0
CLI024014,0.0,0.0,7.0,7.0,0.0
CLI024015,0.0,8.0,8.5,9.0,0.0
CLI024016,8.0,8.0,7.0,0.0,0.0
CLI024017,7.0,0.0,9.0,0.0,0.0
CLI024018,0.0,7.0,7.0,0.0,7.0
CLI024019,8.0,8.0,8.0,0.0,9.0
CLI024020,7.0,9.0,9.0,0.0,0.0
CLI024021,7.0,0.0,10.0,9.0,0.0
CLI024022,9.0,0.0,0.0,9.0,9.0
CLI024023,9.0,0.0,7.0,7.0,0.0
CLI024024,9.0,0.0,0.0,0.0,0.0
CLI024025,10.0,8.0,10.0,0.0,0.0
CLI024026,9.0,9.0,0.0,0.0,8.0
CLI024027,0.0,0.0,9.0,0.0,0.0
CLI024028,0.0,0.0,8.5,0.0,0.0
CLI024029,8.0,0.0,7.0,7.0,0.0
CLI024030,0.0,0.0,0.0,0.0,7.0
CLI024031,0.0,7.0,0.0,0.0,8.0
CLI024032,0.0,0.0,7.5,0.0,0.0
CLI024033,0.0,7.5,0.0,8.0,0.0
CLI024034,8.0,0.0,0.0,9.0,0.0
CLI024035,9.0,7.0,8.0,9.0,6.0
CLI024036,7.0,0.0,0.0,0.0,7.0
CLI024037,0.0,0.0,9.0,0.0,8.0
CLI024038,7.0,9.0,0.0,0.0,0.0
CLI024039,0.0,0.0,0.0,0.0,7.5
CLI024040,0.0,8.0,0.0,0.0,8.0
CLI024041,9.0,0.0,0.0,0.0,0.0
CLI024042,9.0,0.0,0.0,0.0,0.0
CLI024043,0.0,0.0,9.0,0.0,0.0
CLI024044,0.0,7.0,0.0,0.0,7.0
CLI024045,9.0,9.0,0.0,7.0,7.0
CLI024046,0.0,0.0,0.0,8.0,0.0
CLI024047,0.0,9.0,0.0,0.0,0.0
CLI024048,0.0,0.0,0.0,8.0,0.0
CLI024049,7.0,9.0,0.0,9.0,0.0
CLI024050,0.0,0.0,0.0,0.0,9.0
CLI024051,7.0,0.0,0.0,0.0,0.0
CLI024052,0.0,8.0,0.0,7.5,7.0
CLI024053,8.0,0.0,0.0,9.0,0.0
CLI024054,0.0,8.0,0.0,0.0,8.0
CLI024055,0.0,0.0,9.0,0.0,0.0
CLI024057,0.0,0.0,10.0,9.0,10.0
CLI024058,7.0,8.5,0.0,0.0,10.0
CLI024059,0.0,0.0,9.0,0.0,0.0
CLI024060,0.0,0.0,0.0,0.0,8.0
CLI024061,0.0,8.0,8.0,0.0,0.0
CLI024062,9.0,0.0,0.0,0.0,0.0
CLI024063,0.0,0.0,7.666666666666667,0.0,9.0
CLI024064,0.0,0.0,10.0,0.0,0.0
CLI024065,7.0,0.0,0.0,0.0,8.0
CLI024066,0.0,8.0,0.0,0.0,0.0
CLI024067,0.0,0.0,0.0,0.0,8.0
CLI024069,8.0,0.0,0.0,0.0,8.0
CLI024070,0.0,0.0,0.0,0.0,7.0
CLI024072,7.0,0.0,8.0,0.0,9.0
CLI024073,0.0,0.0,0.0,0.0,6.0
CLI024074,0.0,8.0,0.0,0.0,0.0
CLI024075,7.0,0.0,0.0,0.0,0.0
CLI024076,9.0,0.0,8.0,0.0,0.0
CLI024077,8.0,0.0,0.0,0.0,0.0
CLI024078,8.0,0.0,0.0,0.0,0.0
CLI024079,0.0,0.0,0.0,0.0,8.5
CLI024080,0.0,0.0,0.0,0.0,9.0
CLI024081,0.0,6.0,8.0,6.0,7.0
CLI024082,9.0,7.0,0.0,8.0,0.0
CLI024083,0.0,0.0,8.0,0.0,0.0
CLI024084,0.0,0.0,0.0,9.0,0.0
CLI024086,0.0,0.0,0.0,0.0,9.0
CLI024087,0.0,0.0,8.0,0.0,0.0
CLI024088,0.0,7.0,0.0,0.0,0.0
CLI024090,0.0,8.0,0.0,7.0,9.0
CLI024091,8.0,0.0,0.0,9.0,0.0
CLI024092,0.0,0.0,0.0,7.0,0.0
CLI024093,0.0,8.0,8.0,7.0,0.0
CLI024094,0.0,0.0,9.0,0.0,9.0
CLI024095,0.0,7.0,0.0,8.0,7.5
CLI024096,0.0,0.0,7.5,9.0,0.0
CLI024097,7.0,0.0,0.0,10.0,8.0
CLI024098,0.0,7.0,0.0,8.0,0.0
CLI024099,0.0,0.0,7.0,0.0,0.0
CLI024100,0.0,0.0,0.0,0.0,7.0
CLI024101,0.0,8.0,8.0,0.0,0.0
CLI024103,8.0,0.0,9.0,0.0,0.0
CLI024104,9.0,0.0,8.0,0.0,9.0
CLI024105,0.0,0.0,8.0,8.0,0.0
CLI024106,0.0,9.0,8.0,0.0,6.0
CLI024107,8.0,0.0,0.0,0.0,0.0
CLI024109,0.0,0.0,9.0,0.0,0.0
CLI024110,9.0,8.0,0.0,0.0,7.0
CLI024111,9.0,0.0,6.0,0.0,6.0
CLI024112,0.0,0.0,10.0,8.0,0.0
CLI024113,0.0,0.0,7.0,0.0,10.0
CLI024114,0.0,0.0,0.0,8.0,9.0
CLI024115,9.0,0.0,0.0,0.0,9.0
CLI024116,0.0,0.0,8.333333333333334,8.0,10.0
CLI024117,9.0,0.0,0.0,0.0,8.0
CLI024118,10.0,7.0,0.0,0.0,0.0
CLI024119,0.0,0.0,0.0,8.5,0.0
CLI024121,0.0,7.0,0.0,8.5,0.0
CLI024122,8.0,9.0,0.0,8.0,0.0
CLI024124,0.0,7.0,0.0,0.0,0.0
CLI024125,0.0,9.0,7.0,0.0,0.0
CLI024126,0.0,0.0,8.5,7.0,9.0
CLI024127,0.0,0.0,0.0,8.0,9.0
CLI024128,0.0,0.0,9.0,8.0,0.0
CLI024129,0.0,0.0,8.0,0.0,7.0
CLI024130,7.0,9.0,9.0,0.0,10.0
CLI024131,0.0,0.0,0.0,9.0,0.0
CLI024132,0.0,0.0,9.0,9.0,10.0
CLI024133,9.0,0.0,0.0,8.0,0.0
CLI024135,10.0,0.0,0.0,0.0,0.0
CLI024136,9.0,8.0,8.0,0.0,0.0
CLI024137,7.0,0.0,0.0,0.0,0.0
CLI024138,7.0,7.5,0.0,0.0,0.0
CLI024139,0.0,7.0,0.0,7.5,7.0
CLI024142,0.0,0.0,0.0,0.0,9.0
CLI024143,8.0,0.0,0.0,0.0,0.0
CLI024144,0.0,0.0,9.0,0.0,9.0
CLI024145,0.0,9.0,0.0,7.666666666666667,0.0
CLI024146,0.0,0.0,8.666666666666666,0.0,0.0
CLI024147,8.0,9.0,7.0,8.0,8.0
CLI024148,8.0,0.0,7.0,0.0,0.0
CLI024149,0.0,9.0,9.0,8.0,0.0
CLI024150,7.666666666666667,7.0,0.0,8.0,8.0
CLI024151,0.0,0.0,0.0,0.0,8.5
CLI024152,9.0,0.0,7.0,9.0,8.0
CLI024153,0.0,7.0,0.0,0.0,7.5
CLI024154,8.0,0.0,8.0,0.0,9.0
CLI024155,8.0,0.0,9.0,0.0,0.0
CLI024156,8.0,8.0,8.0,8.0,0.0
CLI024158,8.0,0.0,0.0,9.0,0.0
CLI024159,0.0,0.0,0.0,8.0,8.0
CLI024160,0.0,0.0,8.0,0.0,8.0
CLI024161,8.5,8.0,0.0,0.0,0.0
CLI024162,0.0,0.0,0.0,8.0,0.0
CLI024163,9.0,8.0,9.0,9.0,8.0
CLI024164,0.0,7.0,0.0,0.0,8.0
CLI024165,0.0,9.0,0.0,10.0,8.5
CLI024167,0.0,7.0,8.0,7.0,0.0
CLI024168,9.0,9.0,8.5,8.0,8.0
CLI024169,0.0,0.0,8.5,0.0,0.0
CLI024170,0.0,0.0,7.0,8.0,0.0
CLI024171,7.666666666666667,0.0,0.0,0.0,0.0
CLI024172,0.0,0.0,0.0,0.0,7.0
CLI024174,0.0,0.0,0.0,8.0,9.0
CLI024175,0.0,0.0,0.0,8.0,0.0
CLI024176,8.0,0.0,0.0,0.0,0.0
CLI024177,6.0,0.0,8.0,9.0,8.0
CLI024180,0.0,0.0,0.0,8.333333333333334,8.0
CLI024181,0.0,0.0,10.0,0.0,8.0
CLI024182,8.0,7.0,0.0,9.0,7.5
CLI024183,0.0,6.0,9.0,8.0,0.0
CLI024184,0.0,9.0,0.0,6.0,0.0
CLI024185,8.5,0.0,0.0,7.0,0.0
CLI024186,0.0,0.0,0.0,8.0,0.0
CLI024187,0.0,0.0,0.0,9.0,0.0
CLI024188,8.0,9.0,0.0,9.0,8.0
CLI024189,7.0,8.0,0.0,0.0,0.0
CLI024190,0.0,10.0,0.0,7.0,8.0
CLI024191,0.0,0.0,0.0,8.0,0.0
CLI024192,0.0,7.0,0.0,0.0,0.0
CLI024193,8.0,0.0,8.0,0.0,0.0
CLI024194,7.0,9.0,0.0,8.0,0.0
CLI024195,0.0,0.0,8.0,0.0,9.0
CLI024196,0.0,0.0,0.0,0.0,7.0
CLI024197,7.5,0.0,0.0,0.0,0.0
CLI024198,0.0,0.0,0.0,8.0,9.0
CLI024199,10.0,8.0,0.0,0.0,8.0
CLI024200,0.0,0.0,7.0,0.0,0.0
CLI024201,0.0,0.0,8.5,0.0,0.0
CLI024202,7.0,0.0,0.0,9.0,0.0
CLI024203,0.0,8.0,0.0,8.0,8.0
CLI024204,0.0,0.0,10.0,8.0,0.0
CLI024205,8.0,0.0,0.0,0.0,8.0
CLI024206,0.0,9.0,0.0,9.0,8.0
CLI024207,0.0,9.0,0.0,9.0,0.0
CLI024208,0.0,0.0,7.5,0.0,6.0
CLI024209,0.0,8.0,0.0,0.0,0.0
CLI024210,10.0,8.0,0.0,0.0,8.0
CLI024211,0.0,9.0,0.0,9.0,0.0
CLI024212,7.0,0.0,0.0,0.0,0.0
CLI024214,0.0,7.0,9.0,0.0,0.0
CLI024215,8.0,0.0,0.0,0.0,0.0
CLI024216,7.0,0.0,8.0,10.0,0.0
CLI024218,0.0,0.0,7.5,0.0,8.0
CLI024219,7.0,6.0,0.0,0.0,0.0
CLI024220,0.0,9.0,0.0,8.0,9.0
CLI024221,0.0,0.0,0.0,8.0,0.0
CLI024222,0.0,7.0,0.0,9.0,0.0
CLI024223,0.0,0.0,9.0,0.0,9.0
CLI024224,0.0,8.5,7.0,9.0,7.0
CLI024225,0.0,0.0,8.75,0.0,0.0
CLI024227,8.0,0.0,0.0,0.0,0.0
CLI024228,9.0,0.0,0.0,8.0,8.0
CLI024229,0.0,0.0,0.0,8.0,0.0
CLI024230,0.0,0.0,0.0,8.0,0.0
CLI024231,9.0,8.0,0.0,0.0,0.0
CLI024232,0.0,9.0,8.0,9.0,7.0
CLI024233,9.0,7.0,0.0,9.0,6.0
CLI024234,9.0,9.0,0.0,0.0,0.0
CLI024235,9.0,0.0,10.0,0.0,0.0
CLI024236,0.0,0.0,8.0,0.0,10.0
CLI024237,7.5,0.0,0.0,9.0,0.0
CLI024238,7.0,0.0,0.0,0.0,0.0
CLI024239,0.0,8.0,0.0,8.0,0.0
CLI024241,8.0,7.0,0.0,0.0,0.0
CLI024242,9.0,8.0,0.0,0.0,0.0
CLI024243,0.0,0.0,9.0,10.0,0.0
CLI024244,0.0,7.0,0.0,0.0,0.0
CLI024245,9.0,0.0,0.0,0.0,9.0
CLI024246,0.0,8.0,0.0,0.0,0.0
CLI024247,9.0,0.0,7.5,0.0,8.0
CLI024248,0.0,8.5,10.0,0.0,0.0
CLI024249,0.0,9.0,10.0,0.0,8.5
CLI024250,0.0,0.0,0.0,0.0,9.0
CLI024251,0.0,8.0,0.0,0.0,8.0
CLI024252,0.0,7.0,0.0,0.0,0.0
CLI024253,8.5,6.0,8.0,8.0,0.0
CLI024254,0.0,0.0,0.0,8.0,0.0
CLI024255,9.0,0.0,0.0,0.0,9.0
CLI024256,0.0,9.0,0.0,0.0,0.0
CLI024257,8.0,0.0,7.0,8.0,0.0
CLI024258,0.0,8.0,7.5,0.0,0.0
CLI024259,0.0,8.0,8.0,0.0,9.0
CLI024260,8.333333333333334,7.0,0.0,0.0,0.0
CLI024261,0.0,0.0,9.0,7.0,0.0
CLI024262,6.0,0.0,0.0,10.0,0.0
CLI024263,0.0,0.0,8.0,0.0,8.0
CLI024265,9.0,0.0,0.0,0.0,9.0
CLI024266,0.0,0.0,7.0,0.0,9.0
CLI024267,0.0,9.0,7.0,0.0,0.0
CLI024268,0.0,7.0,0.0,0.0,0.0
CLI024269,9.0,8.0,0.0,8.0,7.0
CLI024271,0.0,0.0,0.0,0.0,8.0
CLI024272,0.0,0.0,0.0,0.0,7.0
CLI024273,0.0,7.0,0.0,9.0,0.0
CLI024274,0.0,0.0,9.0,0.0,0.0
CLI024275,7.0,0.0,0.0,8.0,8.0
CLI024276,0.0,0.0,0.0,0.0,8.0
CLI024277,10.0,0.0,7.0,9.0,0.0
CLI024279,9.0,0.0,0.0,0.0,9.0
CLI024280,0.0,0.0,0.0,0.0,8.0
CLI024281,0.0,0.0,9.0,0.0,0.0
CLI024282,0.0,0.0,0.0,8.0,0.0
CLI024283,6.0,0.0,7.0,0.0,0.0
CLI024284,0.0,0.0,0.0,0.0,7.0
CLI024285,8.0,0.0,8.0,7.0,8.5
CLI024286,8.0,9.0,0.0,9.0,8.0
CLI024287,9.0,0.0,7.0,9.0,0.0
CLI024288,0.0,0.0,8.0,0.0,8.0
CLI024289,0.0,6.0,0.0,0.0,9.0
CLI024290,0.0,0.0,0.0,9.0,7.0
CLI024292,0.0,9.0,9.0,0.0,0.0
CLI024293,8.0,0.0,7.5,0.0,0.0
CLI024296,6.0,7.0,7.0,0.0,0.0
CLI024297,7.0,0.0,0.0,9.0,9.0
CLI024298,8.333333333333334,0.0,0.0,8.0,9.0
CLI024299,0.0,0.0,7.5,7.0,0.0
CLI024300,0.0,8.0,7.0,0.0,0.0
CLI024301,0.0,0.0,7.0,8.0,8.0
CLI024302,0.0,0.0,8.0,0.0,8.0
CLI024303,8.0,0.0,0.0,0.0,0.0
CLI024304,0.0,0.0,8.5,8.0,0.0
CLI024305,0.0,7.0,0.0,0.0,0.0
CLI024306,8.0,0.0,7.0,0.0,8.0
CLI024307,0.0,7.0,0.0,0.0,0.0
CLI024308,9.0,0.0,0.0,0.0,8.0
CLI024309,9.0,8.0,7.333333333333333,7.0,7.0
CLI024310,0.0,0.0,0.0,7.5,7.666666666666667
CLI024311,0.0,8.0,0.0,7.0,7.5
CLI024312,0.0,7.0,0.0,0.0,9.0
CLI024313,0.0,0.0,7.0,0.0,8.0
CLI024314,7.0,0.0,0.0,0.0,0.0
CLI024315,7.0,0.0,6.0,0.0,9.0
CLI024316,0.0,8.0,0.0,0.0,8.0
CLI024317,8.0,0.0,0.0,9.0,9.0
CLI024318,0.0,8.0,9.0,0.0,0.0
CLI024319,0.0,0.0,9.0,10.0,0.0
CLI024320,6.0,8.5,9.0,0.0,0.0
CLI024321,0.0,8.0,9.0,0.0,0.0
CLI024322,0.0,9.0,9.0,9.0,8.0
CLI024323,0.0,0.0,8.5,0.0,0.0
CLI024324,0.0,0.0,0.0,0.0,8.0
CLI024325,0.0,8.5,0.0,7.0,8.0
CLI024326,9.0,9.0,0.0,7.333333333333333,0.0
CLI024327,0.0,0.0,0.0,0.0,9.0
CLI024328,9.0,7.0,8.0,0.0,10.0
CLI024330,9.0,9.0,0.0,0.0,0.0
CLI024331,10.0,9.0,0.0,0.0,0.0
CLI024332,0.0,0.0,0.0,0.0,9.0
CLI024333,0.0,7.333333333333333,8.666666666666666,7.0,7.0
CLI024334,9.0,0.0,0.0,0.0,0.0
CLI024335,0.0,10.0,0.0,0.0,0.0
CLI024336,7.0,7.0,7.0,8.0,7.5
CLI024337,8.0,0.0,0.0,0.0,0.0
CLI024338,9.0,7.0,0.0,0.0,0.0
CLI024339,7.5,8.5,0.0,0.0,8.0
CLI024340,0.0,0.0,7.0,7.0,0.0
CLI024341,6.0,0.0,0.0,0.0,10.0
CLI024342,0.0,0.0,0.0,9.0,0.0
CLI024343,0.0,0.0,8.5,7.0,8.0
CLI024344,0.0,0.0,10.0,0.0,0.0
CLI024345,0.0,9.0,8.0,8.0,0.0
CLI024346,0.0,8.0,8.0,7.0,0.0
CLI024347,0.0,8.0,0.0,0.0,0.0
CLI024348,0.0,7.0,9.0,0.0,7.0
CLI024349,0.0,0.0,8.333333333333334,0.0,9.0
CLI024350,9.0,0.0,0.0,7.5,8.0
CLI024351,8.0,9.0,8.0,0.0,0.0
CLI024352,8.5,8.0,0.0,0.0,7.0
CLI024353,8.0,0.0,7.0,0.0,0.0
CLI024354,0.0,0.0,0.0,7.0,0.0
CLI024355,0.0,0.0,7.0,9.0,0.0
CLI024356,0.0,7.0,7.5,0.0,0.0
CLI024357,9.0,0.0,0.0,0.0,0.0
CLI024358,0.0,8.666666666666666,7.0,9.0,0.0
CLI024359,8.0,7.0,0.0,8.0,9.0
CLI024360,7.0,8.0,0.0,0.0,0.0
CLI024361,0.0,0.0,9.0,0.0,0.0
CLI024362,0.0,0.0,9.0,8.0,9.0
CLI024363,7.0,0.0,0.0,0.0,0.0
CLI024364,8.0,0.0,0.0,0.0,8.0
CLI024365,0.0,0.0,7.0,8.0,0.0
CLI024367,0.0,8.0,9.0,8.0,0.0
CLI024368,7.5,0.0,0.0,0.0,0.0
CLI024369,6.0,9.0,0.0,0.0,0.0
CLI024370,0.0,9.0,0.0,0.0,0.0
CLI024371,0.0,0.0,7.0,0.0,0.0
CLI024372,0.0,0.0,0.0,0.0,8.0
CLI024373,8.0,0.0,0.0,0.0,0.0
CLI024374,8.0,0.0,0.0,9.0,7.0
CLI024375,0.0,0.0,0.0,8.0,0.0
CLI024376,0.0,0.0,0.0,0.0,8.5
CLI024377,0.0,9.0,8.0,0.0,8.0
CLI024378,0.0,7.0,0.0,10.0,0.0
CLI024379,8.0,9.0,7.0,0.0,9.0
CLI024380,8.0,0.0,0.0,0.0,0.0
CLI024381,7.0,0.0,0.0,8.0,0.0
CLI024382,0.0,8.0,8.0,9.0,0.0
CLI024383,0.0,0.0,0.0,0.0,9.0
CLI024384,8.0,7.0,0.0,0.0,9.0
CLI024385,0.0,0.0,6.0,8.0,7.0
CLI024386,0.0,0.0,0.0,8.0,0.0
CLI024387,0.0,0.0,0.0,10.0,0.0
CLI024388,10.0,0.0,0.0,9.0,0.0
CLI024389,8.0,0.0,7.0,0.0,0.0
CLI024390,0.0,0.0,0.0,7.0,9.0
CLI024391,0.0,0.0,9.0,0.0,0.0
CLI024392,0.0,0.0,7.666666666666667,0.0,0.0
CLI024393,0.0,8.0,9.0,0.0,0.0
CLI024394,0.0,8.0,9.0,0.0,0.0
CLI024395,9.0,0.0,0.0,0.0,0.0
CLI024396,0.0,0.0,8.0,9.0,0.0
CLI024397,0.0,9.0,9.0,0.0,8.0
CLI024398,0.0,0.0,8.0,10.0,7.0
CLI024399,0.0,0.0,7.0,0.0,0.0
CLI024400,0.0,8.0,0.0,0.0,0.0
CLI024401,9.0,0.0,9.0,0.0,0.0
CLI024402,0.0,9.0,0.0,0.0,0.0
CLI024403,8.0,0.0,7.0,9.0,7.0
CLI024404,9.0,0.0,0.0,0.0,8.0
CLI024405,10.0,7.0,8.0,0.0,0.0
CLI024406,0.0,7.0,0.0,0.0,0.0
CLI024407,0.0,9.0,7.0,9.0,9.0
CLI024408,9.0,0.0,0.0,8.5,0.0
CLI024409,0.0,0.0,0.0,9.0,0.0
CLI024410,9.0,8.0,0.0,0.0,9.0
CLI024411,7.0,0.0,0.0,0.0,0.0
CLI024412,0.0,0.0,0.0,9.0,0.0
CLI024413,0.0,9.0,0.0,0.0,7.0
CLI024414,7.5,8.0,0.0,7.0,7.0
CLI024415,8.0,0.0,0.0,0.0,0.0
CLI024416,9.0,0.0,0.0,0.0,0.0
CLI024417,8.0,9.0,0.0,7.5,0.0
CLI024418,0.0,8.0,0.0,0.0,0.0
CLI024419,0.0,0.0,8.0,0.0,8.0
CLI024420,0.0,0.0,9.0,0.0,0.0
CLI024421,0.0,0.0,7.0,8.0,0.0
CLI024422,0.0,0.0,7.666666666666667,0.0,0.0
CLI024423,0.0,0.0,9.0,9.0,0.0
CLI024424,9.0,0.0,0.0,0.0,7.5
CLI024425,0.0,0.0,9.0,0.0,10.0
CLI024427,0.0,0.0,7.5,9.0,0.0
CLI024429,8.0,8.5,0.0,0.0,0.0
CLI024430,0.0,8.0,0.0,0.0,0.0
CLI024431,0.0,0.0,0.0,0.0,9.0
CLI024432,8.0,0.0,9.0,0.0,0.0
CLI024435,0.0,0.0,0.0,7.0,9.0
CLI024436,9.0,0.0,9.0,9.0,0.0
CLI024437,0.0,9.5,0.0,0.0,0.0
CLI024438,0.0,0.0,7.0,0.0,0.0
CLI024440,8.0,9.0,0.0,9.0,0.0
CLI024441,9.0,0.0,0.0,7.0,10.0
CLI024442,0.0,8.0,8.0,0.0,9.0
CLI024443,0.0,0.0,0.0,0.0,7.0
CLI024444,8.0,0.0,0.0,7.0,0.0
CLI024445,0.0,8.0,0.0,0.0,7.0
CLI024446,9.0,0.0,8.5,0.0,0.0
CLI024447,0.0,0.0,0.0,8.0,0.0
CLI024448,0.0,0.0,0.0,9.0,8.0
CLI024449,0.0,0.0,8.0,8.5,0.0
CLI024450,7.0,9.0,8.5,0.0,0.0
CLI024451,0.0,0.0,0.0,0.0,8.0
CLI024453,0.0,0.0,0.0,9.0,0.0
CLI024454,0.0,7.0,8.0,0.0,0.0
CLI024455,8.0,0.0,7.5,0.0,0.0
CLI024456,9.0,0.0,0.0,8.0,0.0
CLI024458,0.0,0.0,9.0,7.0,0.0
CLI024459,0.0,9.0,0.0,0.0,0.0
CLI024460,0.0,0.0,0.0,0.0,9.0
CLI024461,0.0,7.0,0.0,9.0,0.0
CLI024462,0.0,0.0,8.0,0.0,0.0
CLI024463,8.0,0.0,0.0,0.0,0.0
CLI024465,0.0,10.0,0.0,0.0,9.0
CLI024466,8.0,0.0,0.0,0.0,0.0
CLI024467,0.0,0.0,0.0,0.0,9.0
CLI024468,0.0,0.0,9.0,0.0,0.0
CLI024469,0.0,0.0,8.0,0.0,0.0
CLI024470,0.0,7.0,0.0,6.5,0.0
CLI024471,0.0,0.0,8.0,8.0,10.0
CLI024472,8.0,0.0,0.0,0.0,9.0
CLI024473,9.0,0.0,0.0,0.0,6.0
CLI024474,8.0,0.0,9.0,0.0,8.0
CLI024475,9.0,8.0,0.0,0.0,0.0
CLI024476,9.0,0.0,8.5,0.0,0.0
CLI024477,7.5,9.0,0.0,8.0,0.0
CLI024478,0.0,0.0,0.0,0.0,8.0
CLI024479,0.0,0.0,9.0,8.333333333333334,7.0
CLI024480,0.0,8.0,0.0,0.0,0.0
CLI024481,10.0,9.0,7.0,0.0,7.0
CLI024482,9.0,8.0,0.0,6.0,0.0
CLI024483,0.0,0.0,9.0,0.0,0.0
CLI024485,9.0,0.0,0.0,0.0,0.0
CLI024486,8.0,0.0,7.5,0.0,0.0
CLI024487,9.0,6.0,0.0,8.5,0.0
CLI024488,9.0,0.0,0.0,8.0,0.0
CLI024489,0.0,0.0,0.0,0.0,9.0
CLI024490,0.0,9.0,0.0,8.0,0.0
CLI024491,9.0,0.0,10.0,0.0,10.0
CLI024492,0.0,8.0,0.0,0.0,0.0
CLI024493,0.0,9.0,0.0,0.0,0.0
CLI024494,0.0,7.0,0.0,0.0,9.0
CLI024495,0.0,8.0,7.0,0.0,10.0
CLI024496,0.0,8.5,0.0,0.0,9.0
CLI024497,0.0,9.0,0.0,0.0,0.0
CLI024498,0.0,9.0,0.0,0.0,0.0
CLI024499,8.0,9.0,0.0,0.0,0.0
CLI024500,0.0,0.0,0.0,0.0,7.0
CLI024502,0.0,8.0,7.0,0.0,0.0
CLI024503,10.0,0.0,0.0,0.0,6.0
CLI024504,0.0,8.5,9.0,8.0,0.0
CLI024505,0.0,0.0,8.0,0.0,9.0
CLI024506,0.0,0.0,0.0,8.0,0.0
CLI024507,7.0,0.0,7.0,0.0,0.0
CLI024508,9.0,0.0,8.0,8.0,0.0
CLI024509,0.0,0.0,8.0,0.0,0.0
CLI024510,8.0,0.0,8.0,0.0,0.0
CLI024511,8.5,0.0,10.0,8.0,8.5
CLI024512,0.0,9.0,0.0,0.0,0.0
CLI024513,7.333333333333333,8.0,9.0,0.0,7.0
CLI024514,0.0,0.0,8.0,8.0,0.0
CLI024516,9.0,0.0,7.0,0.0,0.0
CLI024517,0.0,7.5,8.5,0.0,0.0
CLI024518,0.0,7.666666666666667,9.0,0.0,8.0
CLI024519,0.0,9.0,0.0,0.0,9.0
CLI024520,0.0,7.0,0.0,0.0,0.0
CLI024521,0.0,7.5,0.0,0.0,9.0
CLI024522,8.0,9.0,0.0,0.0,7.0
CLI024523,0.0,0.0,9.0,0.0,7.5
CLI024524,7.0,8.0,0.0,0.0,6.0
CLI024525,0.0,9.0,9.0,0.0,0.0
CLI024526,0.0,0.0,7.5,8.0,8.333333333333334
CLI024527,0.0,10.0,0.0,8.0,0.0
CLI024528,0.0,7.0,0.0,10.0,7.0
CLI024529,0.0,8.0,8.0,8.0,0.0
CLI024530,0.0,0.0,10.0,7.0,7.0
CLI024531,9.0,0.0,0.0,7.0,7.0
CLI024532,8.0,0.0,0.0,7.0,0.0
CLI024533,8.0,7.0,0.0,0.0,0.0
CLI024534,0.0,0.0,7.0,0.0,8.5
CLI024535,9.0,0.0,9.0,9.5,0.0
CLI024536,0.0,0.0,0.0,8.0,8.0
CLI024537,0.0,8.0,0.0,8.0,8.333333333333334
CLI024538,0.0,0.0,7.0,0.0,8.0
CLI024539,0.0,0.0,8.0,0.0,0.0
CLI024540,0.0,0.0,8.0,0.0,0.0
CLI024541,10.0,0.0,9.0,9.0,8.0
CLI024542,0.0,0.0,7.0,0.0,0.0
CLI024543,0.0,7.0,7.0,9.0,0.0
CLI024544,0.0,0.0,8.5,6.0,8.5
CLI024545,9.5,0.0,0.0,8.0,0.0
CLI024546,0.0,10.0,0.0,9.0,10.0
CLI024547,8.0,7.0,0.0,9.0,0.0
CLI024548,0.0,0.0,0.0,8.0,0.0
CLI024549,0.0,9.0,0.0,0.0,0.0
CLI024550,10.0,0.0,0.0,0.0,7.5
CLI024551,0.0,0.0,0.0,8.0,0.0
CLI024552,0.0,0.0,7.0,0.0,0.0
CLI024553,0.0,8.0,7.0,0.0,9.0
CLI024554,0.0,7.5,0.0,0.0,0.0
CLI024555,0.0,0.0,7.0,0.0,0.0
CLI024556,0.0,7.0,0.0,8.0,10.0
CLI024558,8.0,9.0,7.0,0.0,0.0
CLI024560,9.0,0.0,8.0,0.0,0.0
CLI024561,0.0,7.0,0.0,8.0,0.0
CLI024562,9.0,0.0,0.0,8.0,7.0
CLI024563,7.0,0.0,0.0,0.0,0.0
CLI024564,0.0,8.5,8.0,0.0,9.0
CLI024565,0.0,8.0,8.0,0.0,0.0
CLI024566,0.0,8.0,0.0,0.0,7.0
CLI024567,0.0,0.0,0.0,0.0,8.0
CLI024568,8.0,0.0,8.0,7.0,0.0
CLI024569,0.0,0.0,9.0,0.0,0.0
CLI024570,0.0,8.0,0.0,7.0,0.0
CLI024572,0.0,0.0,8.0,0.0,0.0
CLI024573,0.0,0.0,0.0,8.0,6.0
CLI024574,0.0,0.0,8.0,8.0,9.0
CLI024575,8.0,8.0,0.0,0.0,0.0
CLI024576,9.0,8.0,0.0,0.0,0.0
CLI024578,7.0,8.0,0.0,0.0,6.0
CLI024579,0.0,10.0,0.0,0.0,0.0
CLI024580,0.0,0.0,8.0,0.0,10.0
CLI024581,8.75,0.0,8.0,8.0,0.0
CLI024582,0.0,8.0,0.0,8.5,0.0
CLI024583,0.0,9.0,0.0,0.0,8.0
CLI024584,0.0,0.0,0.0,7.0,0.0
CLI024586,8.0,0.0,9.0,0.0,0.0
CLI024587,8.0,7.0,8.0,7.0,0.0
CLI024588,9.0,7.0,9.0,9.0,0.0
CLI024589,0.0,8.0,0.0,8.5,0.0
CLI024590,0.0,0.0,8.0,0.0,0.0
CLI024591,0.0,0.0,0.0,7.0,0.0
CLI024592,7.0,9.0,0.0,0.0,0.0
CLI024593,6.0,8.0,0.0,0.0,0.0
CLI024594,9.0,7.0,8.0,7.0,0.0
CLI024595,0.0,0.0,7.0,0.0,0.0
CLI024597,7.0,0.0,9.0,0.0,0.0
CLI024598,7.0,7.0,0.0,9.0,9.0
CLI024599,0.0,8.0,0.0,6.0,8.0
CLI024600,9.0,0.0,7.0,9.0,9.0
CLI024602,0.0,8.5,0.0,0.0,7.0
CLI024603,7.0,0.0,0.0,9.0,0.0
CLI024604,0.0,8.0,7.0,0.0,0.0
CLI024605,0.0,8.0,0.0,0.0,7.0
CLI024606,8.0,0.0,8.0,0.0,0.0
CLI024607,0.0,9.0,9.0,0.0,8.0
CLI024608,6.0,0.0,0.0,0.0,9.0
CLI024609,0.0,8.0,10.0,0.0,0.0
CLI024610,9.0,8.666666666666666,7.0,0.0,0.0
CLI024611,7.0,7.0,0.0,0.0,0.0
CLI024612,9.0,9.0,0.0,0.0,0.0
CLI024613,8.0,0.0,8.0,8.0,8.0
CLI024614,0.0,9.0,10.0,8.0,0.0
CLI024615,8.0,8.0,8.0,9.0,0.0
CLI024616,7.666666666666667,0.0,0.0,0.0,8.0
CLI024617,0.0,0.0,0.0,0.0,6.0
CLI024618,8.333333333333334,0.0,0.0,8.5,0.0
CLI024619,0.0,0.0,0.0,7.0,10.0
CLI024620,6.0,0.0,0.0,0.0,7.0
CLI024621,0.0,0.0,8.0,0.0,9.0
CLI024623,7.0,0.0,0.0,0.0,0.0
CLI024624,10.0,8.0,0.0,9.0,0.0
CLI024625,6.0,8.0,0.0,0.0,0.0
CLI024627,7.5,0.0,10.0,9.0,7.0
CLI024628,9.0,0.0,0.0,0.0,0.0
CLI024629,0.0,0.0,7.0,8.0,0.0
CLI024630,9.0,0.0,10.0,7.0,0.0
CLI024631,0.0,9.0,7.0,9.0,0.0
CLI024632,0.0,7.0,0.0,0.0,0.0
CLI024633,0.0,0.0,9.0,0.0,0.0
CLI024634,7.0,8.0,0.0,0.0,0.0
CLI024635,0.0,10.0,8.5,8.5,0.0
CLI024636,8.0,8.5,0.0,0.0,0.0
CLI024637,10.0,9.0,0.0,9.0,8.5
CLI024638,9.0,6.0,0.0,0.0,7.0
CLI024639,9.0,0.0,0.0,9.0,8.0
CLI024640,8.5,0.0,9.0,0.0,0.0
CLI024641,0.0,0.0,0.0,8.0,0.0
CLI024642,0.0,0.0,0.0,9.0,0.0
CLI024643,0.0,8.0,0.0,0.0,8.0
CLI024644,0.0,0.0,0.0,0.0,7.0
CLI024645,0.0,9.0,0.0,0.0,0.0
CLI024646,0.0,0.0,8.0,0.0,0.0
CLI024648,7.0,0.0,0.0,0.0,0.0
CLI024649,7.0,0.0,0.0,9.0,8.0
CLI024650,0.0,0.0,8.0,9.0,0.0
CLI024651,8.0,0.0,0.0,0.0,0.0
CLI024652,0.0,0.0,8.0,0.0,0.0
CLI024653,7.0,8.0,0.0,7.0,0.0
CLI024654,8.0,8.0,0.0,8.5,8.0
CLI024655,8.0,8.5,0.0,0.0,0.0
CLI024656,0.0,9.0,8.5,0.0,8.0
CLI024657,9.0,8.0,0.0,0.0,0.0
CLI024658,0.0,7.0,8.0,7.0,8.0
CLI024659,7.0,0.0,0.0,0.0,0.0
CLI024660,0.0,8.333333333333334,0.0,7.0,0.0
CLI024661,9.0,0.0,0.0,0.0,0.0
CLI024662,0.0,0.0,0.0,7.0,0.0
CLI024664,0.0,0.0,9.0,8.0,0.0
CLI024665,0.0,0.0,8.0,0.0,0.0
CLI024666,0.0,0.0,0.0,8.0,0.0
CLI024667,0.0,7.0,0.0,0.0,0.0
CLI024668,0.0,7.0,0.0,8.0,0.0
CLI024669,8.5,0.0,8.0,9.0,0.0
CLI024670,7.0,0.0,8.5,8.333333333333334,8.0
CLI024671,9.0,0.0,8.0,0.0,0.0
CLI024673,0.0,6.0,8.5,0.0,0.0
CLI024674,8.0,0.0,0.0,8.0,0.0
CLI024675,0.0,9.0,8.0,0.0,8.0
CLI024676,0.0,0.0,0.0,9.0,0.0
CLI024677,0.0,8.0,0.0,0.0,9.0
CLI024678,9.0,9.0,0.0,9.0,9.0
CLI024679,0.0,7.0,0.0,0.0,0.0
CLI024680,0.0,9.0,9.0,8.0,0.0
CLI024681,0.0,8.0,0.0,0.0,0.0
CLI024682,0.0,7.0,0.0,8.0,7.0
CLI024683,8.5,0.0,0.0,10.0,0.0
CLI024685,0.0,8.0,0.0,0.0,9.0
CLI024686,8.0,0.0,9.0,0.0,0.0
CLI024687,0.0,0.0,8.0,8.5,0.0
CLI024689,0.0,8.0,0.0,10.0,8.0
CLI024690,7.0,10.0,8.0,0.0,0.0
CLI024691,0.0,8.666666666666666,8.0,8.0,0.0
CLI024692,8.5,8.0,0.0,0.0,7.0
CLI024693,0.0,7.5,0.0,0.0,7.5
CLI024694,0.0,0.0,0.0,8.0,8.0
CLI024695,9.0,8.0,0.0,0.0,0.0
CLI024696,0.0,0.0,0.0,0.0,7.0
CLI024697,9.5,0.0,0.0,0.0,9.0
CLI024698,0.0,8.0,0.0,0.0,0.0
CLI024699,7.0,9.0,8.0,0.0,0.0
CLI024700,0.0,0.0,0.0,0.0,7.0
CLI024701,9.0,0.0,0.0,0.0,0.0
CLI024702,8.0,0.0,0.0,0.0,0.0
CLI024704,0.0,9.0,0.0,8.0,0.0
CLI024706,0.0,8.0,0.0,9.0,0.0
CLI024707,9.0,0.0,0.0,7.0,9.0
CLI024708,8.0,0.0,0.0,7.333333333333333,0.0
CLI024709,0.0,7.0,0.0,0.0,0.0
CLI024710,0.0,7.5,0.0,9.0,8.0
CLI024712,0.0,0.0,7.5,0.0,7.0
CLI024713,0.0,8.0,0.0,0.0,0.0
CLI024714,9.0,0.0,0.0,0.0,0.0
CLI024715,0.0,9.0,0.0,8.0,0.0
CLI024716,9.0,0.0,0.0,0.0,0.0
CLI024717,0.0,7.0,0.0,10.0,0.0
CLI024718,8.0,0.0,9.0,7.0,0.0
CLI024719,8.0,0.0,9.0,7.0,0.0
CLI024720,0.0,8.0,8.0,0.0,7.0
CLI024721,0.0,9.5,0.0,10.0,0.0
CLI024722,0.0,0.0,0.0,0.0,10.0
CLI024723,0.0,9.0,0.0,8.0,8.0
CLI024724,0.0,0.0,0.0,0.0,7.5
CLI024726,8.0,7.0,0.0,9.0,7.0
CLI024727,0.0,0.0,0.0,0.0,8.0
CLI024728,8.0,8.5,7.0,6.0,8.0
CLI024729,0.0,0.0,9.0,0.0,0.0
CLI024730,0.0,0.0,9.0,8.0,9.0
CLI024731,9.0,0.0,6.0,7.0,0.0
CLI024732,10.0,9.0,9.0,0.0,6.0
CLI024733,7.0,0.0,7.0,8.0,9.0
CLI024734,0.0,8.5,0.0,7.0,8.0
CLI024736,0.0,0.0,0.0,7.0,0.0
CLI024737,0.0,0.0,0.0,8.0,0.0
CLI024738,0.0,0.0,0.0,7.0,0.0
CLI024739,9.0,0.0,0.0,0.0,0.0
CLI024740,8.0,9.0,8.0,0.0,0.0
CLI024741,9.0,0.0,9.0,8.0,0.0
CLI024742,8.0,0.0,10.0,0.0,0.0
CLI024743,0.0,0.0,8.0,0.0,0.0
CLI024744,9.0,7.0,0.0,8.0,7.0
CLI024746,8.0,0.0,0.0,8.0,0.0
CLI024747,0.0,0.0,7.0,9.0,9.0
CLI024748,0.0,8.0,0.0,0.0,0.0
CLI024749,9.0,8.5,0.0,0.0,0.0
CLI024750,8.0,0.0,8.0,0.0,0.0
CLI024751,9.0,0.0,9.0,8.0,0.0
CLI024752,7.0,0.0,8.0,0.0,0.0
CLI024753,8.5,0.0,0.0,0.0,8.0
CLI024754,0.0,8.0,8.0,0.0,0.0
CLI024755,0.0,0.0,9.0,7.0,0.0
CLI024756,0.0,0.0,9.0,0.0,7.0
CLI024757,8.0,0.0,0.0,0.0,9.0
CLI024759,7.0,0.0,9.0,7.0,0.0
CLI024760,0.0,0.0,0.0,0.0,8.0
CLI024762,8.0,0.0,0.0,0.0,8.0
CLI024763,0.0,8.0,0.0,0.0,8.333333333333334
CLI024764,8.0,9.0,8.0,0.0,0.0
CLI024765,0.0,0.0,9.0,0.0,8.5
CLI024766,0.0,7.0,9.0,0.0,0.0
CLI024767,0.0,7.5,8.0,0.0,0.0
CLI024768,0.0,0.0,0.0,0.0,7.0
CLI024769,9.0,9.0,9.0,10.0,0.0
CLI024770,0.0,0.0,9.0,0.0,0.0
CLI024771,0.0,0.0,7.0,0.0,0.0
CLI024772,8.333333333333334,0.0,0.0,8.0,0.0
CLI024773,7.0,0.0,8.5,9.0,8.0
CLI024774,0.0,0.0,0.0,8.0,0.0
CLI024775,0.0,9.0,0.0,7.0,8.0
CLI024776,0.0,0.0,8.0,0.0,7.0
CLI024777,10.0,0.0,8.0,0.0,0.0
CLI024778,8.0,0.0,7.0,8.0,0.0
CLI024779,6.0,0.0,7.0,9.0,0.0
CLI024780,9.0,0.0,0.0,0.0,9.0
CLI024781,8.0,0.0,7.0,0.0,8.0
CLI024782,0.0,8.0,8.0,0.0,0.0
CLI024783,0.0,8.0,0.0,0.0,9.0
CLI024784,8.0,0.0,0.0,7.0,0.0
CLI024785,0.0,8.0,8.0,0.0,0.0
CLI024786,0.0,8.5,7.0,0.0,0.0
CLI024789,9.0,0.0,0.0,0.0,8.0
CLI024792,9.0,0.0,8.5,0.0,0.0
CLI024793,8.0,0.0,0.0,8.0,7.0
CLI024794,7.5,0.0,0.0,0.0,0.0
CLI024795,0.0,0.0,0.0,7.0,10.0
CLI024796,0.0,0.0,0.0,0.0,7.0
CLI024797,0.0,0.0,0.0,8.0,0.0
CLI024798,8.0,0.0,9.0,0.0,8.0
CLI024799,0.0,7.0,0.0,0.0,0.0
CLI024800,0.0,0.0,8.0,8.5,8.0
CLI024801,0.0,0.0,0.0,0.0,9.0
CLI024802,7.0,8.0,0.0,8.0,0.0
CLI024803,0.0,9.0,0.0,0.0,8.0
CLI024804,0.0,7.0,0.0,0.0,9.0
CLI024806,0.0,0.0,7.0,0.0,0.0
CLI024807,9.0,9.0,0.0,0.0,0.0
CLI024808,0.0,0.0,8.0,8.0,9.0
CLI024809,9.0,0.0,8.0,0.0,9.0
CLI024810,6.0,0.0,0.0,8.0,0.0
CLI024811,0.0,9.0,0.0,7.0,8.0
CLI024812,0.0,0.0,7.0,0.0,0.0
CLI024813,0.0,0.0,0.0,0.0,8.0
CLI024814,0.0,9.0,0.0,0.0,0.0
CLI024815,0.0,0.0,9.0,0.0,0.0
CLI024817,8.0,0.0,0.0,0.0,8.0
CLI024818,0.0,0.0,0.0,0.0,9.0
CLI024819,7.5,0.0,0.0,10.0,0.0
CLI024820,6.5,0.0,0.0,9.0,7.0
CLI024821,9.0,8.0,9.0,8.0,8.0
CLI024822,7.0,0.0,8.0,9.0,7.0
CLI024824,7.0,10.0,0.0,0.0,0.0
CLI024825,0.0,8.0,0.0,0.0,0.0
CLI024826,0.0,0.0,0.0,0.0,9.0
CLI024827,0.0,9.0,0.0,0.0,9.0
CLI024828,0.0,0.0,8.0,0.0,0.0
CLI024829,0.0,0.0,0.0,0.0,6.0
CLI024830,0.0,9.0,0.0,0.0,8.0
CLI024831,0.0,0.0,0.0,0.0,9.0
CLI024832,7.0,8.0,6.0,0.0,6.0
CLI024833,8.0,7.5,0.0,0.0,8.5
CLI024834,0.0,7.0,0.0,0.0,0.0
CLI024836,0.0,0.0,0.0,7.0,7.0
CLI024837,0.0,8.0,0.0,8.0,0.0
CLI024838,7.0,9.0,0.0,0.0,0.0
CLI024839,0.0,0.0,9.0,0.0,9.0
CLI024840,0.0,0.0,0.0,7.666666666666667,0.0
CLI024842,0.0,0.0,0.0,8.0,0.0
CLI024843,10.0,0.0,8.0,0.0,0.0
CLI024844,7.5,8.0,0.0,0.0,0.0
CLI024846,0.0,8.5,0.0,0.0,0.0
CLI024847,9.0,8.0,0.0,0.0,0.0
CLI024848,7.0,7.0,0.0,0.0,0.0
CLI024849,0.0,0.0,0.0,0.0,8.0
CLI024850,0.0,0.0,0.0,9.0,0.0
CLI024851,0.0,0.0,8.0,0.0,7.0
CLI024852,0.0,0.0,7.0,0.0,0.0
CLI024853,9.0,0.0,0.0,9.0,6.0
CLI024854,7.5,8.5,8.5,0.0,8.5
CLI024855,0.0,0.0,10.0,8.0,8.0
CLI024856,7.0,8.0,8.0,0.0,9.333333333333334
CLI024857,8.0,0.0,0.0,0.0,0.0
CLI024858,0.0,7.0,0.0,0.0,0.0
CLI024859,0.0,8.0,0.0,8.0,8.5
CLI024860,0.0,0.0,0.0,9.0,8.0
CLI024861,0.0,0.0,8.0,9.0,7.0
CLI024862,7.666666666666667,8.0,0.0,0.0,8.5
CLI024863,0.0,9.0,8.0,0.0,7.0
CLI024864,0.0,0.0,9.0,0.0,0.0
CLI024865,8.5,0.0,0.0,0.0,9.0
CLI024867,0.0,0.0,9.0,0.0,0.0
CLI024868,8.0,0.0,7.0,0.0,0.0
CLI024869,8.5,0.0,7.0,0.0,0.0
CLI024870,0.0,0.0,7.0,0.0,0.0
CLI024871,0.0,0.0,0.0,0.0,8.0
CLI024872,0.0,8.0,7.0,0.0,0.0
CLI024873,8.0,0.0,0.0,9.0,8.0
CLI024874,0.0,0.0,7.0,7.0,0.0
CLI024875,0.0,9.0,9.0,0.0,7.5
CLI024876,0.0,0.0,0.0,9.0,0.0
CLI024877,9.0,0.0,0.0,0.0,0.0
CLI024878,7.0,0.0,0.0,8.5,7.0
CLI024879,8.0,0.0,8.0,0.0,0.0
CLI024880,8.0,0.0,0.0,7.0,8.0
CLI024881,0.0,8.0,0.0,6.0,8.0
CLI024882,0.0,8.5,8.0,8.0,8.0
CLI024883,0.0,0.0,0.0,9.0,9.0
CLI024884,0.0,0.0,9.0,0.0,0.0
CLI024885,0.0,0.0,0.0,9.0,7.5
CLI024886,0.0,0.0,0.0,9.0,0.0
CLI024887,9.0,8.0,9.0,7.666666666666667,8.0
CLI024888,8.0,0.0,0.0,7.0,7.0
CLI024889,9.0,0.0,10.0,7.0,9.0
CLI024890,0.0,0.0,0.0,8.0,0.0
CLI024891,9.0,8.0,0.0,9.0,0.0
CLI024892,8.0,0.0,7.0,7.0,9.0
CLI024893,0.0,0.0,8.0,8.0,0.0
CLI024894,7.0,0.0,8.0,0.0,9.0
CLI024895,0.0,7.5,8.0,0.0,0.0
CLI024896,8.666666666666666,0.0,0.0,0.0,0.0
CLI024897,9.0,0.0,0.0,0.0,8.0
CLI024898,0.0,8.0,9.0,9.0,0.0
CLI024899,8.5,0.0,0.0,8.333333333333334,0.0
CLI024900,0.0,0.0,0.0,8.0,8.5
CLI024901,0.0,0.0,8.0,9.0,0.0
CLI024902,8.0,0.0,9.0,0.0,0.0
CLI024903,0.0,0.0,8.0,0.0,0.0
CLI024904,0.0,9.0,7.0,0.0,0.0
CLI024905,0.0,0.0,0.0,0.0,10.0
CLI024906,0.0,9.0,0.0,8.0,0.0
CLI024907,0.0,0.0,8.0,7.0,0.0
CLI024908,7.0,0.0,6.0,0.0,7.0
CLI024909,0.0,0.0,0.0,8.0,0.0
CLI024910,10.0,8.0,9.0,0.0,0.0
CLI024911,0.0,8.0,9.0,0.0,0.0
CLI024912,0.0,0.0,0.0,8.0,0.0
CLI024913,0.0,8.0,0.0,0.0,9.0
CLI024914,0.0,7.5,0.0,0.0,9.0
CLI024915,0.0,9.0,0.0,8.0,9.0
CLI024916,0.0,0.0,8.0,9.0,0.0
CLI024919,0.0,0.0,0.0,8.333333333333334,0.0
CLI024920,9.0,0.0,0.0,0.0,0.0
CLI024921,0.0,8.0,8.0,0.0,6.0
CLI024922,0.0,0.0,0.0,0.0,9.0
CLI024923,9.5,0.0,9.0,0.0,0.0
CLI024925,8.0,0.0,0.0,0.0,0.0
CLI024926,0.0,9.0,0.0,0.0,9.0
CLI024927,9.0,7.0,0.0,7.0,0.0
CLI024928,7.5,0.0,0.0,0.0,10.0
CLI024929,0.0,0.0,7.5,0.0,0.0
CLI024930,0.0,0.0,7.0,0.0,7.0
CLI024931,0.0,7.0,0.0,8.0,0.0
CLI024932,8.5,0.0,0.0,7.0,0.0
CLI024933,0.0,0.0,0.0,0.0,9.0
CLI024934,0.0,0.0,0.0,0.0,9.0
CLI024935,9.0,0.0,8.0,9.0,0.0
CLI024936,9.0,7.0,7.5,8.0,0.0
CLI024937,0.0,8.0,0.0,0.0,0.0
CLI024938,0.0,10.0,0.0,0.0,0.0
CLI024939,0.0,8.0,0.0,0.0,0.0
CLI024940,7.0,7.0,8.5,8.5,7.5
CLI024941,0.0,0.0,8.5,9.0,0.0
CLI024942,0.0,10.0,8.0,0.0,7.0
CLI024943,8.0,0.0,0.0,9.0,0.0
CLI024944,0.0,0.0,7.0,0.0,8.5
CLI024945,0.0,8.0,0.0,0.0,0.0
CLI024946,9.0,0.0,7.0,9.0,10.0
CLI024947,0.0,0.0,0.0,8.0,0.0
CLI024948,0.0,9.5,0.0,0.0,7.0
CLI024949,0.0,0.0,0.0,9.0,0.0
CLI024950,7.5,0.0,0.0,0.0,0.0
CLI024951,0.0,7.0,0.0,8.0,9.0
CLI024952,0.0,0.0,9.0,8.0,8.0
CLI024953,8.0,0.0,8.0,0.0,0.0
CLI024954,7.0,0.0,0.0,0.0,9.0
CLI024955,7.0,7.5,9.0,8.0,0.0
CLI024956,0.0,0.0,0.0,0.0,9.0
CLI024957,0.0,0.0,9.0,0.0,8.0
CLI024958,0.0,8.0,0.0,0.0,8.5
CLI024959,0.0,0.0,0.0,8.0,0.0
CLI024960,6.0,0.0,8.0,0.0,0.0
CLI024961,8.0,0.0,0.0,0.0,8.0
CLI024962,9.0,0.0,0.0,7.75,8.0
CLI024963,0.0,9.0,0.0,0.0,0.0
CLI024964,9.0,0.0,0.0,7.666666666666667,0.0
CLI024965,7.0,0.0,0.0,0.0,0.0
CLI024966,0.0,0.0,9.0,0.0,7.0
CLI024967,0.0,0.0,0.0,0.0,8.0
CLI024968,7.0,9.0,0.0,0.0,0.0
CLI024969,9.0,0.0,0.0,6.0,0.0
CLI024970,8.333333333333334,8.5,0.0,7.0,7.5
CLI024971,0.0,9.0,0.0,0.0,8.0
CLI024972,0.0,0.0,7.0,0.0,0.0
CLI024973,9.0,0.0,0.0,0.0,7.0
CLI024974,9.0,0.0,0.0,0.0,0.0
CLI024976,9.0,0.0,8.0,0.0,0.0
CLI024977,0.0,8.0,9.0,8.0,8.0
CLI024979,0.0,0.0,9.0,8.0,0.0
CLI024980,0.0,0.0,8.0,0.0,0.0
CLI024981,0.0,0.0,6.5,0.0,0.0
CLI024982,0.0,0.0,9.0,9.0,8.5
CLI024983,7.0,0.0,0.0,0.0,9.0
CLI024984,9.0,8.0,9.0,0.0,7.5
CLI024985,8.0,0.0,8.0,8.5,9.0
CLI024986,0.0,0.0,0.0,0.0,8.0
CLI024987,0.0,9.0,0.0,0.0,0.0
CLI024989,9.0,0.0,8.0,0.0,8.0
CLI024990,0.0,0.0,7.0,0.0,0.0
CLI024992,9.0,7.0,0.0,8.5,0.0
CLI024993,0.0,0.0,8.0,0.0,9.0
CLI024994,10.0,0.0,0.0,0.0,0.0
CLI024995,8.0,0.0,0.0,0.0,6.5
CLI024996,8.0,0.0,0.0,9.0,0.0
CLI024997,8.0,0.0,9.0,9.0,9.0
CLI024998,8.0,0.0,0.0,8.0,0.0
CLI024999,8.0,0.0,0.0,0.0,0.0
CLI025000,0.0,0.0,8.0,0.0,8.0
CLI025001,7.0,9.0,0.0,8.0,0.0
CLI025002,9.0,8.0,0.0,0.0,0.0
CLI025003,9.0,0.0,0.0,9.0,0.0
CLI025004,0.0,8.0,0.0,0.0,9.0
CLI025006,9.0,0.0,0.0,0.0,9.0
CLI025007,0.0,0.0,0.0,0.0,8.0
CLI025008,8.0,8.0,0.0,9.0,8.0
CLI025009,8.0,0.0,0.0,0.0,0.0
CLI025010,0.0,8.0,0.0,9.0,0.0
CLI025011,9.0,0.0,9.0,0.0,8.0
CLI025012,0.0,7.0,0.0,0.0,9.0
CLI025013,0.0,0.0,0.0,7.0,0.0
CLI025014,8.0,0.0,0.0,0.0,0.0
CLI025015,8.0,6.0,8.0,8.0,0.0
CLI025017,9.0,10.0,0.0,0.0,0.0
CLI025018,0.0,0.0,8.5,0.0,0.0
CLI025019,8.0,0.0,7.5,8.0,0.0
CLI025020,0.0,8.0,0.0,9.0,0.0
CLI025021,7.0,0.0,0.0,0.0,0.0
CLI025022,9.0,8.0,0.0,10.0,8.0
CLI025023,0.0,8.0,7.5,0.0,0.0
CLI025024,8.0,0.0,0.0,0.0,0.0
CLI025025,7.5,0.0,0.0,0.0,9.0
CLI025026,0.0,8.0,0.0,0.0,7.0
CLI025027,8.0,0.0,8.0,0.0,8.0
CLI025028,0.0,8.0,7.0,0.0,0.0
CLI025029,0.0,0.0,0.0,0.0,8.0
CLI025030,0.0,8.333333333333334,8.5,0.0,0.0
CLI025031,0.0,8.0,10.0,9.0,8.0
CLI025032,8.5,0.0,8.5,0.0,0.0
CLI025033,8.0,0.0,8.0,9.0,0.0
CLI025034,8.0,8.0,8.0,0.0,0.0
CLI025035,8.0,6.0,0.0,8.0,0.0
CLI025036,0.0,0.0,9.0,0.0,0.0
CLI025037,9.0,0.0,0.0,0.0,7.666666666666667
CLI025038,8.0,0.0,9.0,9.0,0.0
CLI025040,0.0,9.0,0.0,9.0,0.0
CLI025041,9.0,9.0,0.0,0.0,0.0
CLI025043,8.666666666666666,8.0,0.0,7.0,0.0
CLI025044,8.0,0.0,0.0,7.0,8.0
CLI025045,0.0,9.0,7.0,9.0,0.0
CLI025046,0.0,9.0,0.0,0.0,0.0
CLI025048,9.0,9.0,0.0,7.0,7.0
CLI025049,0.0,9.0,7.0,0.0,0.0
CLI025050,0.0,0.0,9.0,0.0,0.0
CLI025051,0.0,0.0,7.0,0.0,8.5
CLI025052,9.0,8.5,0.0,0.0,0.0
CLI025053,0.0,0.0,0.0,7.0,0.0
CLI025054,8.0,7.0,0.0,8.0,0.0
CLI025055,0.0,0.0,7.0,0.0,7.5
CLI025056,7.0,7.0,9.0,0.0,0.0
CLI025057,0.0,6.0,8.0,10.0,8.0
CLI025058,9.0,9.0,8.0,0.0,0.0
CLI025059,9.0,8.0,0.0,9.0,0.0
CLI025060,0.0,8.5,0.0,0.0,0.0
CLI025061,8.0,8.0,8.0,8.0,0.0
CLI025062,0.0,0.0,0.0,8.0,0.0
CLI025063,9.0,9.5,0.0,0.0,0.0
CLI025064,8.666666666666666,0.0,7.0,7.0,0.0
CLI025065,0.0,8.5,0.0,0.0,0.0
CLI025066,0.0,7.5,7.0,0.0,0.0
CLI025067,9.0,0.0,9.0,8.0,0.0
CLI025068,8.0,0.0,8.0,0.0,8.0
CLI025069,0.0,0.0,0.0,8.0,0.0
CLI025070,0.0,7.0,0.0,0.0,9.0
CLI025071,0.0,0.0,8.5,0.0,9.0
CLI025072,0.0,0.0,9.0,0.0,0.0
CLI025073,8.0,0.0,7.0,0.0,0.0
CLI025074,0.0,7.0,8.0,0.0,9.0
CLI025075,9.0,0.0,6.5,0.0,0.0
CLI025076,0.0,0.0,0.0,8.0,10.0
CLI025077,0.0,0.0,0.0,9.0,10.0
CLI025079,0.0,9.0,6.0,0.0,8.666666666666666
CLI025080,7.0,9.0,0.0,0.0,8.0
CLI025082,0.0,8.5,7.0,9.0,9.0
CLI025083,0.0,8.0,8.0,0.0,0.0
CLI025084,0.0,0.0,0.0,8.0,9.0
CLI025085,7.0,7.0,0.0,7.0,7.0
CLI025086,8.0,0.0,0.0,8.0,0.0
CLI025088,0.0,8.25,8.0,0.0,0.0
CLI025089,0.0,9.0,0.0,0.0,7.0
CLI025090,8.0,0.0,0.0,0.0,0.0
CLI025091,8.0,0.0,0.0,0.0,0.0
CLI025092,0.0,0.0,8.0,0.0,0.0
CLI025093,0.0,0.0,0.0,8.0,8.0
CLI025094,0.0,0.0,10.0,0.0,8.5
CLI025095,0.0,9.0,8.0,8.0,0.0
CLI025097,7.0,0.0,0.0,0.0,0.0
CLI025098,0.0,0.0,0.0,8.0,0.0
CLI025099,0.0,0.0,0.0,0.0,7.0
CLI025100,9.0,0.0,0.0,0.0,9.0
CLI025101,0.0,0.0,8.0,0.0,0.0
CLI025102,7.0,0.0,9.0,0.0,0.0
CLI025103,0.0,8.0,0.0,7.0,0.0
CLI025104,0.0,0.0,10.0,0.0,0.0
CLI025105,9.0,10.0,7.0,0.0,8.0
CLI025106,0.0,0.0,0.0,0.0,8.5
CLI025107,0.0,0.0,8.0,0.0,0.0
CLI025108,9.0,0.0,0.0,0.0,8.0
CLI025109,8.0,9.0,0.0,9.0,10.0
CLI025110,9.0,8.0,7.5,0.0,7.0
CLI025111,0.0,0.0,0.0,0.0,7.0
CLI025112,9.0,0.0,7.0,6.0,0.0
CLI025113,0.0,0.0,8.0,0.0,0.0
CLI025114,0.0,0.0,8.0,0.0,6.0
CLI025115,9.0,9.0,0.0,9.0,0.0
CLI025116,0.0,0.0,0.0,9.0,0.0
CLI025117,0.0,6.0,0.0,8.0,8.0
CLI025118,9.0,0.0,0.0,10.0,7.5
CLI025119,8.0,7.0,0.0,8.0,9.0
CLI025120,9.0,8.0,0.0,0.0,0.0
CLI025122,9.0,0.0,0.0,8.0,0.0
CLI025123,0.0,0.0,7.0,0.0,10.0
CLI025124,0.0,8.333333333333334,0.0,0.0,0.0
CLI025125,7.0,9.5,8.0,8.0,0.0
CLI025126,8.0,0.0,8.5,0.0,0.0
CLI025127,0.0,0.0,0.0,0.0,9.0
CLI025129,0.0,0.0,0.0,0.0,7.0
CLI025130,9.0,0.0,0.0,9.0,0.0
CLI025131,7.0,0.0,8.0,8.0,8.0
CLI025132,7.0,0.0,0.0,0.0,9.0
CLI025133,9.0,0.0,0.0,0.0,0.0
CLI025134,0.0,7.0,0.0,0.0,7.0
CLI025135,8.0,10.0,0.0,0.0,7.0
CLI025137,0.0,0.0,8.5,0.0,0.0
CLI025138,0.0,0.0,0.0,9.0,9.0
CLI025139,7.0,8.0,8.0,9.0,8.0
CLI025140,8.0,8.0,8.666666666666666,7.0,0.0
CLI025141,8.0,8.0,0.0,9.0,0.0
CLI025143,7.0,9.0,0.0,10.0,9.0
CLI025144,0.0,7.0,7.5,0.0,7.5
CLI025145,9.5,0.0,0.0,9.0,7.0
CLI025146,8.5,0.0,0.0,0.0,8.0
CLI025147,0.0,8.0,0.0,7.0,7.5
CLI025148,8.0,8.0,8.0,0.0,0.0
CLI025149,0.0,9.0,0.0,0.0,7.0
CLI025150,0.0,0.0,7.0,8.0,0.0
CLI025152,0.0,9.0,0.0,0.0,9.0
CLI025153,0.0,0.0,7.0,0.0,0.0
CLI025155,0.0,0.0,8.0,0.0,0.0
CLI025156,8.0,8.0,8.0,9.0,0.0
CLI025157,0.0,9.0,0.0,9.0,0.0
CLI025158,9.0,0.0,9.0,0.0,0.0
CLI025159,8.0,9.0,7.5,0.0,9.0
CLI025160,0.0,9.0,7.0,0.0,0.0
CLI025161,9.0,8.0,8.0,0.0,9.0
CLI025162,0.0,0.0,7.0,0.0,9.0
CLI025163,8.0,0.0,0.0,7.5,0.0
CLI025164,0.0,0.0,0.0,7.0,0.0
CLI025165,0.0,0.0,0.0,8.0,0.0
CLI025166,0.0,0.0,9.0,0.0,0.0
CLI025167,0.0,0.0,7.0,0.0,0.0
CLI025168,7.5,8.0,0.0,0.0,7.0
CLI025169,9.0,0.0,8.0,8.0,10.0
CLI025170,0.0,7.0,0.0,7.0,0.0
CLI025171,0.0,7.0,7.0,0.0,10.0
CLI025172,8.5,0.0,0.0,0.0,0.0
CLI025174,0.0,0.0,0.0,0.0,8.0
CLI025175,0.0,0.0,8.0,7.0,0.0
CLI025176,8.0,0.0,0.0,7.0,0.0
CLI025178,0.0,8.0,0.0,7.5,0.0
CLI025179,7.0,8.0,0.0,8.0,7.0
CLI025180,0.0,8.0,0.0,0.0,8.0
CLI025181,0.0,9.0,0.0,8.0,7.5
CLI025182,8.0,8.0,0.0,0.0,9.0
CLI025183,8.0,0.0,0.0,9.0,0.0
CLI025184,0.0,8.0,6.0,0.0,10.0
CLI025185,0.0,7.0,0.0,6.0,0.0
CLI025186,9.0,0.0,10.0,7.0,0.0
CLI025187,8.0,0.0,0.0,8.0,0.0
CLI025188,0.0,7.0,0.0,0.0,0.0
CLI025189,0.0,7.0,0.0,8.0,0.0
CLI025190,9.0,7.0,0.0,9.0,0.0
CLI025191,10.0,0.0,0.0,0.0,0.0
CLI025192,7.0,0.0,7.5,0.0,0.0
CLI025193,8.0,8.5,10.0,0.0,0.0
CLI025194,7.0,7.0,0.0,8.0,0.0
CLI025195,8.0,0.0,0.0,0.0,0.0
CLI025197,0.0,0.0,8.0,7.0,8.0
CLI025198,0.0,0.0,0.0,8.0,0.0
CLI025199,0.0,0.0,0.0,0.0,7.0
CLI025200,0.0,0.0,0.0,7.0,8.0
CLI025201,0.0,8.333333333333334,7.5,0.0,0.0
CLI025202,8.5,7.0,0.0,0.0,0.0
CLI025203,0.0,9.0,6.5,9.0,0.0
CLI025204,0.0,8.0,8.0,6.0,0.0
CLI025205,0.0,9.0,7.0,0.0,8.0
CLI025206,8.0,0.0,8.0,0.0,9.0
CLI025207,0.0,9.0,0.0,0.0,8.0
CLI025208,0.0,0.0,0.0,8.0,8.0
CLI025209,10.0,7.0,0.0,0.0,0.0
CLI025210,0.0,0.0,9.0,7.0,0.0
CLI025211,0.0,0.0,8.0,0.0,0.0
CLI025213,0.0,9.0,10.0,0.0,6.0
CLI025214,0.0,0.0,7.0,0.0,8.0
CLI025215,0.0,0.0,8.0,8.333333333333334,0.0
CLI025216,0.0,9.0,0.0,7.0,0.0
CLI025218,7.0,8.0,0.0,0.0,0.0
CLI025219,0.0,9.0,0.0,0.0,0.0
CLI025220,0.0,0.0,8.0,8.0,0.0
CLI025221,0.0,0.0,0.0,7.5,9.0
CLI025222,0.0,0.0,0.0,9.0,8.0
CLI025223,0.0,9.0,0.0,0.0,0.0
CLI025224,9.0,8.0,0.0,0.0,0.0
CLI025225,0.0,7.0,10.0,9.0,7.0
CLI025226,0.0,0.0,0.0,7.0,0.0
CLI025227,9.0,0.0,10.0,0.0,8.0
CLI025228,7.0,8.0,0.0,0.0,0.0
CLI025229,0.0,7.0,0.0,0.0,0.0
CLI025230,0.0,0.0,0.0,0.0,7.5
CLI025231,7.0,8.0,0.0,0.0,0.0
CLI025232,0.0,9.0,8.0,0.0,0.0
CLI025233,8.0,8.0,0.0,0.0,0.0
CLI025234,0.0,8.0,8.0,8.0,0.0
CLI025235,0.0,7.0,0.0,9.0,9.0
CLI025236,0.0,8.0,0.0,0.0,0.0
CLI025237,7.0,0.0,7.0,8.5,0.0
CLI025238,9.0,10.0,0.0,0.0,0.0
CLI025239,0.0,8.0,8.0,9.0,0.0
CLI025240,9.0,0.0,7.0,0.0,0.0
CLI025241,0.0,0.0,9.0,7.0,8.5
CLI025242,9.0,0.0,9.0,0.0,7.0
CLI025243,9.0,0.0,7.0,0.0,0.0
CLI025244,8.0,0.0,0.0,7.0,0.0
CLI025245,0.0,0.0,7.0,7.0,9.0
CLI025246,9.0,0.0,0.0,0.0,7.5
CLI025248,8.0,0.0,0.0,8.0,0.0
CLI025249,7.5,8.0,0.0,0.0,0.0
CLI025250,0.0,8.0,6.0,7.0,0.0
CLI025251,9.0,0.0,8.0,0.0,0.0
CLI025253,0.0,8.0,8.0,6.0,0.0
CLI025255,7.0,0.0,8.0,7.0,0.0
CLI025256,0.0,0.0,9.0,0.0,0.0
CLI025258,0.0,7.5,8.0,0.0,0.0
CLI025259,8.0,10.0,0.0,0.0,0.0
CLI025260,0.0,8.0,0.0,0.0,8.0
CLI025261,0.0,7.0,0.0,0.0,0.0
CLI025262,0.0,0.0,0.0,7.0,0.0
CLI025263,6.0,0.0,8.0,0.0,8.0
CLI025264,0.0,0.0,0.0,9.0,7.0
CLI025265,0.0,0.0,7.5,9.0,8.5
CLI025266,0.0,0.0,0.0,0.0,7.0
CLI025267,0.0,0.0,9.0,0.0,9.0
CLI025268,8.0,7.0,7.5,8.0,0.0
CLI025269,0.0,0.0,8.0,0.0,0.0
CLI025270,6.0,0.0,0.0,0.0,0.0
CLI025271,0.0,0.0,0.0,6.0,8.0
CLI025272,0.0,0.0,7.5,8.0,0.0
CLI025273,9.0,0.0,0.0,0.0,7.0
CLI025274,0.0,7.0,0.0,0.0,0.0
CLI025275,0.0,8.0,8.0,0.0,0.0
CLI025276,7.0,0.0,0.0,8.5,0.0
CLI025277,0.0,0.0,0.0,8.0,0.0
CLI025278,0.0,0.0,9.0,0.0,0.0
CLI025279,0.0,10.0,0.0,8.0,8.0
CLI025280,9.0,0.0,0.0,9.0,8.0
CLI025281,7.666666666666667,0.0,0.0,0.0,7.666666666666667
CLI025282,8.0,0.0,0.0,8.0,0.0
CLI025283,0.0,0.0,0.0,8.0,0.0
CLI025284,7.5,8.0,0.0,0.0,9.0
CLI025285,0.0,8.0,8.0,0.0,0.0
CLI025286,0.0,8.0,0.0,0.0,7.0
CLI025287,8.0,7.0,7.0,0.0,0.0
CLI025288,0.0,8.0,6.0,8.0,0.0
CLI025289,8.0,0.0,8.0,0.0,0.0
CLI025290,8.0,0.0,0.0,0.0,9.0
CLI025291,9.0,0.0,0.0,6.0,8.0
CLI025292,0.0,8.0,0.0,0.0,0.0
CLI025293,0.0,0.0,8.0,7.0,0.0
CLI025294,9.0,8.0,0.0,8.0,7.0
CLI025295,8.5,9.0,0.0,0.0,0.0
CLI025296,9.0,0.0,9.0,0.0,9.0
CLI025297,0.0,0.0,7.0,8.0,0.0
CLI025298,0.0,0.0,8.0,0.0,7.0
CLI025299,0.0,9.0,0.0,0.0,0.0
CLI025300,9.0,0.0,9.0,7.0,0.0
CLI025301,0.0,8.0,0.0,8.0,9.0
CLI025303,0.0,10.0,0.0,0.0,0.0
CLI025304,0.0,7.0,7.666666666666667,7.0,8.0
CLI025305,8.0,0.0,8.0,0.0,0.0
CLI025306,9.0,0.0,0.0,0.0,0.0
CLI025307,8.0,0.0,0.0,7.0,8.0
CLI025308,9.0,9.0,8.5,9.0,0.0
CLI025309,0.0,0.0,7.5,8.0,8.5
CLI025310,0.0,8.0,8.0,9.0,0.0
CLI025311,0.0,8.0,9.0,0.0,9.0
CLI025313,0.0,8.0,9.0,6.5,0.0
CLI025314,10.0,0.0,9.0,0.0,10.0
CLI025315,8.5,0.0,0.0,0.0,7.0
CLI025317,9.0,7.333333333333333,0.0,0.0,9.0
CLI025318,0.0,0.0,0.0,9.0,0.0
CLI025319,7.5,0.0,0.0,0.0,0.0
CLI025320,7.0,0.0,0.0,8.5,0.0
CLI025322,9.0,0.0,0.0,0.0,0.0
CLI025323,0.0,9.0,0.0,0.0,8.0
CLI025324,0.0,7.0,8.0,0.0,9.0
CLI025326,0.0,8.0,0.0,7.0,0.0
CLI025327,7.0,10.0,0.0,9.0,0.0
CLI025328,0.0,8.0,0.0,9.0,0.0
CLI025329,0.0,0.0,8.0,7.0,0.0
CLI025330,0.0,0.0,8.0,0.0,7.0
CLI025331,0.0,8.0,0.0,9.0,0.0
CLI025332,0.0,8.0,0.0,0.0,9.0
CLI025333,8.0,0.0,7.0,0.0,0.0
CLI025334,8.0,0.0,7.5,10.0,0.0
CLI025335,0.0,10.0,0.0,0.0,0.0
CLI025336,0.0,0.0,0.0,0.0,9.0
CLI025337,0.0,0.0,0.0,8.5,0.0
CLI025338,7.0,7.5,0.0,9.0,7.0
CLI025339,6.0,7.0,0.0,0.0,9.0
CLI025340,7.0,0.0,0.0,0.0,0.0
CLI025341,0.0,0.0,9.0,8.0,0.0
CLI025342,0.0,0.0,9.0,7.0,8.5
CLI025343,9.0,0.0,0.0,7.5,0.0
CLI025344,0.0,0.0,9.0,0.0,0.0
CLI025345,0.0,8.0,0.0,8.0,0.0
CLI025347,8.0,8.0,9.0,8.0,0.0
CLI025348,7.0,8.0,0.0,7.0,0.0
CLI025349,0.0,8.0,0.0,0.0,9.0
CLI025350,7.5,0.0,10.0,8.0,10.0
CLI025352,0.0,0.0,0.0,8.5,8.5
CLI025353,6.0,7.0,0.0,0.0,8.0
CLI025354,0.0,8.5,8.0,0.0,0.0
CLI025355,8.0,0.0,0.0,0.0,0.0
CLI025356,8.5,0.0,0.0,7.0,7.0
CLI025357,8.666666666666666,0.0,0.0,8.5,0.0
CLI025358,7.5,0.0,0.0,9.0,8.0
CLI025359,7.0,6.0,0.0,0.0,0.0
CLI025360,0.0,0.0,0.0,0.0,8.5
CLI025361,0.0,8.0,8.0,0.0,0.0
CLI025362,0.0,0.0,0.0,8.0,9.0
CLI025365,0.0,0.0,0.0,9.0,8.0
CLI025366,9.0,8.0,7.0,8.0,9.0
CLI025367,0.0,0.0,0.0,7.0,0.0
CLI025368,0.0,7.0,0.0,0.0,0.0
CLI025369,7.5,0.0,8.0,7.0,0.0
CLI025370,9.0,0.0,0.0,0.0,8.0
CLI025371,0.0,10.0,0.0,0.0,0.0
CLI025372,0.0,8.0,0.0,0.0,6.0
CLI025373,7.5,0.0,0.0,0.0,8.0
CLI025374,8.0,8.0,0.0,0.0,0.0
CLI025375,0.0,0.0,0.0,9.0,0.0
CLI025376,8.666666666666666,0.0,0.0,0.0,0.0
CLI025377,7.666666666666667,0.0,0.0,0.0,8.0
CLI025378,8.0,0.0,0.0,7.0,0.0
CLI025379,7.0,7.0,8.0,0.0,0.0
CLI025380,0.0,0.0,0.0,0.0,7.0
CLI025381,0.0,0.0,7.0,0.0,7.0
CLI025382,0.0,0.0,9.0,0.0,0.0
CLI025384,0.0,7.0,8.5,0.0,0.0
CLI025385,7.0,9.0,7.0,0.0,0.0
CLI025387,0.0,9.0,8.5,8.0,0.0
CLI025388,0.0,10.0,0.0,0.0,7.75
CLI025389,8.0,0.0,0.0,0.0,0.0
CLI025390,0.0,9.0,0.0,8.0,10.0
CLI025391,9.0,8.0,9.0,8.0,8.5
CLI025392,0.0,8.0,0.0,7.0,9.0
CLI025393,8.0,7.0,0.0,10.0,0.0
CLI025394,8.0,0.0,8.0,0.0,0.0
CLI025395,8.0,8.0,7.0,9.0,7.0
CLI025396,9.0,9.0,0.0,9.0,0.0
CLI025397,7.5,0.0,0.0,0.0,9.0
CLI025398,0.0,8.0,7.5,0.0,8.0
CLI025399,8.5,8.0,0.0,7.0,8.0
CLI025400,0.0,0.0,0.0,8.0,10.0
CLI025401,8.0,0.0,0.0,7.0,8.0
CLI025402,0.0,0.0,0.0,8.0,0.0
CLI025403,0.0,0.0,7.0,0.0,0.0
CLI025404,0.0,0.0,7.0,8.0,0.0
CLI025405,7.5,9.0,8.5,0.0,0.0
CLI025406,10.0,8.0,0.0,0.0,0.0
CLI025407,0.0,8.5,0.0,8.0,0.0
CLI025408,7.5,0.0,0.0,0.0,0.0
CLI025409,7.0,0.0,8.0,0.0,8.0
CLI025410,0.0,9.0,7.0,9.0,0.0
CLI025411,0.0,7.0,8.0,0.0,0.0
CLI025412,9.0,7.5,0.0,0.0,9.0
CLI025413,10.0,0.0,0.0,8.0,7.0
CLI025414,8.0,0.0,7.0,0.0,0.0
CLI025415,0.0,7.0,9.0,8.0,0.0
CLI025416,9.0,0.0,0.0,7.0,0.0
CLI025417,0.0,7.0,8.0,10.0,0.0
CLI025418,0.0,7.0,0.0,9.0,0.0
CLI025419,0.0,0.0,0.0,0.0,7.0
CLI025420,8.0,10.0,8.333333333333334,9.0,0.0
CLI025421,0.0,9.0,0.0,7.0,0.0
CLI025422,8.0,9.0,0.0,0.0,0.0
CLI025423,0.0,0.0,7.0,7.5,8.5
CLI025424,8.0,10.0,0.0,0.0,9.0
CLI025426,0.0,0.0,0.0,0.0,8.0
CLI025427,0.0,0.0,9.0,0.0,0.0
CLI025428,7.0,0.0,8.0,0.0,0.0
CLI025429,10.0,9.0,10.0,8.0,0.0
CLI025430,8.0,0.0,0.0,0.0,0.0
CLI025431,0.0,0.0,0.0,0.0,8.5
CLI025432,0.0,0.0,0.0,0.0,9.0
CLI025433,10.0,9.0,0.0,0.0,0.0
CLI025434,0.0,8.0,8.0,0.0,8.0
CLI025435,0.0,8.0,9.0,0.0,0.0
CLI025436,8.0,9.0,7.0,9.0,0.0
CLI025437,8.0,0.0,0.0,0.0,0.0
CLI025438,0.0,7.0,8.0,0.0,8.0
CLI025439,6.0,7.0,8.0,7.0,8.0
CLI025441,0.0,0.0,0.0,0.0,8.0
CLI025443,7.0,0.0,0.0,9.0,8.5
CLI025444,0.0,0.0,10.0,7.0,7.0
CLI025445,0.0,8.0,0.0,0.0,8.0
CLI025446,0.0,8.333333333333334,0.0,0.0,8.0
CLI025447,0.0,0.0,8.0,0.0,0.0
CLI025448,0.0,0.0,0.0,9.0,0.0
CLI025450,7.5,9.0,9.0,0.0,7.0
CLI025451,8.0,0.0,0.0,0.0,8.0
CLI025452,6.0,0.0,7.0,7.0,0.0
CLI025453,8.0,8.0,6.0,8.0,9.0
CLI025454,7.0,0.0,0.0,0.0,0.0
CLI025456,0.0,0.0,9.0,7.0,7.0
CLI025458,0.0,0.0,0.0,8.0,0.0
CLI025459,8.0,8.0,9.0,8.0,0.0
CLI025460,0.0,8.0,0.0,9.0,0.0
CLI025461,0.0,8.0,0.0,0.0,6.0
CLI025462,0.0,9.0,8.5,7.0,0.0
CLI025463,0.0,9.0,0.0,0.0,7.5
CLI025464,0.0,0.0,10.0,0.0,0.0
CLI025465,0.0,0.0,8.0,0.0,0.0
CLI025466,0.0,9.0,10.0,0.0,8.5
CLI025467,8.5,10.0,8.5,0.0,7.666666666666667
CLI025468,8.0,0.0,0.0,0.0,0.0
CLI025469,0.0,8.0,0.0,7.0,0.0
CLI025470,0.0,0.0,0.0,8.0,10.0
CLI025471,0.0,6.0,0.0,0.0,0.0
CLI025473,0.0,0.0,0.0,0.0,8.0
CLI025474,0.0,0.0,0.0,8.0,0.0
CLI025475,0.0,8.5,9.0,0.0,10.0
CLI025476,0.0,0.0,8.5,0.0,8.0
CLI025477,0.0,0.0,7.0,0.0,7.0
CLI025478,0.0,0.0,0.0,8.0,9.0
CLI025479,0.0,0.0,0.0,9.0,0.0
CLI025480,0.0,0.0,0.0,8.0,0.0
CLI025481,0.0,0.0,0.0,9.0,0.0
CLI025482,0.0,8.0,0.0,8.0,0.0
CLI025484,0.0,6.0,8.0,0.0,7.5
CLI025485,7.0,9.0,0.0,0.0,0.0
CLI025486,0.0,0.0,9.0,6.0,0.0
CLI025487,8.0,0.0,7.5,9.0,7.0
CLI025488,6.0,6.0,0.0,7.5,0.0
CLI025489,9.0,0.0,9.0,0.0,8.0
CLI025490,0.0,7.0,0.0,0.0,10.0
CLI025491,0.0,0.0,0.0,8.0,7.0
CLI025492,8.666666666666666,0.0,10.0,7.0,9.0
CLI025493,0.0,7.0,0.0,0.0,7.0
CLI025494,0.0,8.0,8.0,7.0,0.0
CLI025495,8.5,0.0,0.0,0.0,8.0
CLI025496,0.0,0.0,0.0,7.0,8.0
CLI025499,0.0,9.0,7.0,8.0,0.0
CLI025500,0.0,0.0,8.0,7.0,8.0
CLI025501,7.0,8.0,8.0,0.0,8.0
CLI025502,0.0,0.0,0.0,7.0,7.0
CLI025503,0.0,0.0,0.0,0.0,7.0
CLI025505,7.0,0.0,10.0,0.0,8.5
CLI025506,6.5,0.0,8.5,10.0,0.0
CLI025507,0.0,8.0,8.25,8.0,7.0
CLI025508,9.0,0.0,0.0,0.0,8.0
CLI025509,7.5,0.0,0.0,0.0,0.0
CLI025510,0.0,6.0,0.0,0.0,0.0
CLI025511,9.0,8.0,0.0,0.0,0.0
CLI025512,0.0,7.0,0.0,0.0,0.0
CLI025513,0.0,0.0,8.333333333333334,8.0,6.0
CLI025514,0.0,0.0,7.5,8.0,0.0
CLI025515,0.0,9.0,0.0,0.0,10.0
CLI025516,7.0,0.0,0.0,8.0,0.0
CLI025517,8.0,0.0,9.0,8.0,0.0
CLI025518,0.0,8.5,8.333333333333334,9.0,0.0
CLI025520,7.5,0.0,9.0,7.0,0.0
CLI025522,7.0,0.0,9.0,0.0,7.0
CLI025523,8.0,0.0,0.0,0.0,7.0
CLI025524,8.0,7.0,0.0,0.0,0.0
CLI025525,0.0,9.0,0.0,0.0,9.0
CLI025526,0.0,0.0,8.0,0.0,0.0
CLI025527,0.0,0.0,8.0,0.0,9.0
CLI025528,9.0,0.0,0.0,0.0,8.666666666666666
CLI025529,0.0,8.0,8.0,0.0,9.0
CLI025530,8.5,0.0,7.0,8.0,0.0
CLI025531,8.0,0.0,8.5,0.0,0.0
CLI025532,7.0,0.0,10.0,0.0,8.0
CLI025533,8.0,10.0,7.0,0.0,0.0
CLI025534,0.0,0.0,8.0,8.0,0.0
CLI025535,0.0,0.0,8.0,8.0,10.0
CLI025536,8.0,7.0,0.0,0.0,0.0
CLI025537,7.0,0.0,10.0,7.0,0.0
CLI025539,0.0,0.0,8.0,9.0,0.0
CLI025540,9.0,0.0,0.0,0.0,0.0
CLI025542,9.0,0.0,8.0,0.0,0.0
CLI025543,0.0,8.0,7.0,0.0,0.0
CLI025544,0.0,0.0,0.0,0.0,7.0
CLI025546,0.0,7.0,0.0,9.0,0.0
CLI025547,0.0,7.0,0.0,0.0,10.0
CLI025548,9.0,0.0,0.0,0.0,0.0
CLI025549,0.0,0.0,9.0,8.0,0.0
CLI025550,0.0,9.0,8.5,0.0,0.0
CLI025551,7.0,0.0,0.0,0.0,0.0
CLI025552,0.0,8.0,0.0,7.0,0.0
CLI025553,8.5,7.0,0.0,0.0,0.0
CLI025554,8.0,0.0,0.0,0.0,8.5
CLI025555,8.0,0.0,0.0,0.0,0.0
CLI025556,0.0,9.5,9.0,0.0,8.0
CLI025557,9.0,9.0,8.5,9.0,8.0
CLI025558,0.0,0.0,8.0,0.0,0.0
CLI025559,0.0,8.0,7.0,10.0,0.0
CLI025560,8.0,0.0,0.0,0.0,7.5
CLI025561,0.0,9.5,0.0,0.0,0.0
CLI025562,9.0,0.0,8.5,9.0,9.0
CLI025563,0.0,8.0,6.0,0.0,0.0
CLI025564,0.0,0.0,0.0,9.0,0.0
CLI025565,7.0,8.0,0.0,10.0,0.0
CLI025566,0.0,0.0,9.0,0.0,0.0
CLI025567,0.0,6.0,0.0,9.0,7.0
CLI025568,9.0,8.0,0.0,0.0,0.0
CLI025569,9.0,7.666666666666667,0.0,0.0,0.0
CLI025570,0.0,0.0,0.0,0.0,9.0
CLI025571,0.0,0.0,8.0,7.666666666666667,7.0
CLI025572,9.0,0.0,0.0,0.0,9.0
CLI025573,0.0,8.0,8.5,7.0,0.0
CLI025574,8.0,8.0,0.0,0.0,0.0
CLI025577,0.0,0.0,0.0,0.0,9.0
CLI025578,0.0,0.0,9.0,0.0,0.0
CLI025579,0.0,0.0,9.0,0.0,0.0
CLI025580,8.0,0.0,0.0,9.0,0.0
CLI025581,0.0,8.0,0.0,0.0,7.0
CLI025582,9.0,0.0,8.5,0.0,0.0
CLI025583,0.0,7.0,9.0,0.0,9.0
CLI025584,9.0,7.0,8.0,8.0,7.0
CLI025585,8.0,8.0,8.0,0.0,8.0
CLI025586,7.5,7.0,0.0,8.0,0.0
CLI025587,0.0,9.0,0.0,0.0,0.0
CLI025588,0.0,0.0,0.0,8.666666666666666,9.0
CLI025589,0.0,0.0,8.0,0.0,0.0
CLI025590,0.0,0.0,10.0,8.5,0.0
CLI025591,0.0,7.0,9.0,8.0,0.0
CLI025593,0.0,0.0,8.0,0.0,8.0
CLI025595,9.0,0.0,7.0,8.0,0.0
CLI025596,0.0,0.0,0.0,0.0,8.0
CLI025597,0.0,9.0,9.0,0.0,0.0
CLI025598,7.5,8.0,0.0,9.0,7.0
CLI025599,0.0,0.0,9.0,0.0,0.0
CLI025600,0.0,8.0,8.5,0.0,0.0
CLI025601,8.0,0.0,0.0,0.0,6.0
CLI025602,0.0,8.0,0.0,0.0,0.0
CLI025603,10.0,0.0,6.5,0.0,0.0
CLI025604,8.0,0.0,0.0,9.0,0.0
CLI025605,0.0,0.0,8.0,0.0,10.0
CLI025606,0.0,7.0,9.0,0.0,10.0
CLI025607,0.0,0.0,0.0,7.0,0.0
CLI025608,8.5,0.0,9.0,6.0,9.0
CLI025609,8.0,0.0,0.0,0.0,0.0
CLI025610,0.0,7.0,0.0,7.0,0.0
CLI025611,0.0,0.0,0.0,8.333333333333334,0.0
CLI025612,8.0,0.0,8.0,7.0,9.0
CLI025613,0.0,8.0,9.0,0.0,7.0
CLI025614,0.0,0.0,0.0,0.0,8.0
CLI025616,0.0,8.0,0.0,7.0,0.0
CLI025617,7.0,0.0,0.0,0.0,8.333333333333334
CLI025618,0.0,0.0,8.0,9.0,9.0
CLI025619,7.0,0.0,0.0,0.0,0.0
CLI025620,8.0,0.0,7.0,8.0,0.0
CLI025621,9.0,0.0,0.0,0.0,0.0
CLI025622,8.0,0.0,0.0,0.0,0.0
CLI025623,0.0,8.0,0.0,0.0,0.0
CLI025624,0.0,0.0,0.0,0.0,9.0
CLI025625,0.0,0.0,0.0,0.0,7.5
CLI025626,0.0,0.0,0.0,6.0,0.0
CLI025627,8.5,9.0,0.0,0.0,7.0
CLI025628,7.0,7.0,0.0,7.0,0.0
CLI025629,9.0,0.0,0.0,0.0,0.0
CLI025630,0.0,8.0,8.0,9.0,9.0
CLI025631,0.0,0.0,0.0,8.0,0.0
CLI025632,8.0,0.0,0.0,0.0,0.0
CLI025634,0.0,0.0,0.0,0.0,8.0
CLI025635,0.0,7.0,0.0,0.0,0.0
CLI025636,0.0,0.0,0.0,6.0,0.0
CLI025637,9.0,9.0,10.0,0.0,0.0
CLI025638,0.0,8.0,9.0,0.0,0.0
CLI025639,8.0,0.0,10.0,0.0,9.5
CLI025640,0.0,9.0,7.0,0.0,0.0
CLI025641,0.0,0.0,0.0,9.0,0.0
CLI025642,8.0,0.0,7.0,0.0,7.0
CLI025643,0.0,10.0,0.0,0.0,0.0
CLI025644,0.0,7.0,7.0,8.0,6.0
CLI025645,0.0,0.0,9.0,0.0,8.5
CLI025646,0.0,7.0,0.0,9.0,0.0
CLI025647,0.0,8.0,0.0,0.0,0.0
CLI025648,0.0,8.0,8.0,0.0,0.0
CLI025649,0.0,0.0,0.0,9.5,0.0
CLI025650,9.5,0.0,0.0,0.0,0.0
CLI025651,0.0,0.0,0.0,0.0,8.0
CLI025652,0.0,0.0,0.0,7.0,9.0
CLI025654,8.0,0.0,0.0,8.5,0.0
CLI025655,0.0,7.0,9.0,0.0,0.0
CLI025657,0.0,8.0,0.0,8.0,0.0
CLI025658,0.0,7.0,0.0,0.0,0.0
CLI025660,0.0,7.5,8.0,0.0,0.0
CLI025661,7.5,8.0,0.0,10.0,0.0
CLI025662,0.0,8.0,0.0,0.0,0.0
CLI025663,9.0,0.0,0.0,0.0,8.5
CLI025664,0.0,8.0,8.0,0.0,0.0
CLI025665,0.0,0.0,0.0,0.0,10.0
CLI025667,8.5,7.0,9.0,0.0,0.0
CLI025669,7.0,0.0,0.0,9.0,0.0
CLI025670,0.0,0.0,8.0,0.0,0.0
CLI025672,0.0,8.0,9.0,8.0,8.0
CLI025673,7.0,10.0,8.0,9.0,0.0
CLI025674,8.5,9.0,8.0,10.0,8.0
CLI025675,8.0,0.0,0.0,0.0,0.0
CLI025676,8.0,0.0,0.0,0.0,0.0
CLI025677,8.0,0.0,8.5,0.0,0.0
CLI025678,8.0,8.0,8.5,0.0,0.0
CLI025679,8.0,0.0,0.0,9.0,0.0
CLI025680,0.0,9.0,0.0,0.0,7.0
CLI025681,0.0,0.0,8.0,9.0,0.0
CLI025682,0.0,0.0,0.0,7.0,0.0
CLI025683,9.0,0.0,0.0,0.0,8.0
CLI025684,0.0,0.0,10.0,7.0,8.0
CLI025685,8.0,8.0,8.0,0.0,0.0
CLI025686,0.0,0.0,7.0,7.0,0.0
CLI025687,8.0,8.0,9.0,7.0,6.0
CLI025688,0.0,8.0,8.0,0.0,7.0
CLI025689,0.0,0.0,7.0,0.0,0.0
CLI025690,8.0,0.0,0.0,9.0,0.0
CLI025691,0.0,0.0,0.0,8.0,8.5
CLI025692,0.0,0.0,6.0,0.0,0.0
CLI025694,0.0,0.0,0.0,7.0,8.0
CLI025695,0.0,0.0,0.0,8.0,0.0
CLI025697,0.0,0.0,8.0,0.0,8.5
CLI025698,0.0,0.0,8.0,8.5,0.0
CLI025699,9.0,8.0,8.0,9.0,0.0
CLI025700,0.0,0.0,7.0,0.0,0.0
CLI025701,0.0,9.0,0.0,7.0,0.0
CLI025702,0.0,0.0,0.0,8.0,0.0
CLI025703,0.0,0.0,8.5,0.0,7.0
CLI025704,0.0,0.0,8.0,10.0,9.0
CLI025705,0.0,9.0,8.0,0.0,0.0
CLI025706,0.0,0.0,8.5,0.0,0.0
CLI025708,8.0,9.5,0.0,0.0,0.0
CLI025709,10.0,0.0,8.0,9.0,10.0
CLI025710,0.0,0.0,7.0,0.0,0.0
CLI025711,8.0,0.0,0.0,8.0,0.0
CLI025712,8.0,7.0,0.0,9.0,0.0
CLI025713,0.0,0.0,9.0,8.0,0.0
CLI025714,0.0,0.0,0.0,0.0,8.0
CLI025716,0.0,7.5,0.0,0.0,0.0
CLI025717,7.0,10.0,0.0,0.0,0.0
CLI025718,0.0,0.0,9.0,0.0,0.0
CLI025720,0.0,0.0,8.0,8.5,0.0
CLI025721,8.0,8.0,0.0,0.0,0.0
CLI025722,0.0,8.0,9.0,7.5,0.0
CLI025723,0.0,9.0,9.0,0.0,8.0
CLI025724,0.0,0.0,0.0,0.0,7.5
CLI025725,0.0,0.0,0.0,8.0,0.0
CLI025726,0.0,0.0,9.0,0.0,7.0
CLI025727,10.0,0.0,0.0,0.0,0.0
CLI025728,7.5,0.0,9.0,0.0,0.0
CLI025729,8.333333333333334,0.0,0.0,0.0,0.0
CLI025730,8.0,0.0,9.0,7.0,0.0
CLI025731,8.0,0.0,0.0,0.0,0.0
CLI025732,7.0,0.0,7.0,0.0,6.0
CLI025733,0.0,8.0,0.0,6.0,7.0
CLI025734,0.0,8.0,0.0,0.0,8.0
CLI025735,0.0,0.0,0.0,8.0,0.0
CLI025736,0.0,0.0,0.0,9.0,9.0
CLI025737,0.0,0.0,8.0,0.0,8.0
CLI025738,0.0,0.0,8.333333333333334,0.0,7.5
CLI025739,0.0,8.0,7.5,9.0,0.0
CLI025740,0.0,0.0,8.0,0.0,9.0
CLI025741,0.0,8.0,0.0,8.0,0.0
CLI025742,0.0,0.0,0.0,8.0,0.0
CLI025743,0.0,0.0,9.0,0.0,0.0
CLI025744,9.0,0.0,0.0,8.5,9.5
CLI025745,0.0,0.0,7.5,0.0,0.0
CLI025746,0.0,0.0,9.0,8.0,0.0
CLI025747,0.0,10.0,9.0,0.0,0.0
CLI025748,8.0,0.0,7.0,8.0,0.0
CLI025749,0.0,8.0,0.0,7.0,0.0
CLI025750,0.0,10.0,0.0,0.0,0.0
CLI025751,8.0,0.0,0.0,8.5,0.0
CLI025752,0.0,6.0,8.5,8.5,7.0
CLI025753,6.0,8.0,0.0,7.0,0.0
CLI025754,8.0,10.0,0.0,0.0,0.0
CLI025755,8.0,7.0,6.0,0.0,8.0
CLI025756,0.0,0.0,0.0,10.0,0.0
CLI025757,7.5,8.0,0.0,0.0,0.0
CLI025758,10.0,0.0,8.0,6.0,0.0
CLI025759,0.0,7.5,9.0,0.0,0.0
CLI025760,0.0,7.0,9.0,0.0,8.5
CLI025761,0.0,8.0,0.0,0.0,9.0
CLI025763,0.0,0.0,0.0,0.0,9.0
CLI025764,7.0,0.0,0.0,0.0,0.0
CLI025765,8.0,9.0,0.0,0.0,0.0
CLI025766,0.0,0.0,0.0,8.0,7.5
CLI025767,0.0,8.5,9.0,0.0,0.0
CLI025768,0.0,7.0,0.0,0.0,0.0
CLI025769,0.0,0.0,0.0,8.0,0.0
CLI025770,8.0,0.0,0.0,0.0,0.0
CLI025771,8.0,0.0,9.0,0.0,7.0
CLI025772,0.0,0.0,0.0,8.0,0.0
CLI025773,7.0,7.0,0.0,7.0,8.0
CLI025774,0.0,10.0,9.0,0.0,0.0
CLI025775,8.0,8.0,0.0,8.5,0.0
CLI025776,7.0,0.0,9.0,0.0,0.0
CLI025778,0.0,8.0,0.0,0.0,0.0
CLI025779,0.0,0.0,8.0,0.0,8.0
CLI025780,0.0,8.5,7.0,7.5,0.0
CLI025781,7.0,7.0,8.0,0.0,8.0
CLI025782,0.0,0.0,8.0,0.0,10.0
CLI025783,0.0,0.0,0.0,0.0,9.0
CLI025784,7.0,0.0,0.0,0.0,8.0
CLI025785,7.0,8.0,7.5,0.0,0.0
CLI025786,0.0,8.0,0.0,9.0,0.0
CLI025788,8.0,7.0,7.0,7.0,0.0
CLI025789,0.0,8.0,9.0,10.0,7.0
CLI025790,8.0,0.0,0.0,0.0,7.0
CLI025791,0.0,7.0,0.0,0.0,10.0
CLI025792,8.0,0.0,7.0,6.0,0.0
CLI025793,9.0,9.0,9.0,0.0,8.5
CLI025794,0.0,0.0,8.0,7.0,0.0
CLI025795,0.0,7.0,0.0,8.0,8.0
CLI025796,8.0,0.0,0.0,0.0,0.0
CLI025797,6.0,0.0,0.0,0.0,0.0
CLI025798,0.0,0.0,0.0,0.0,7.5
CLI025799,7.0,8.0,0.0,9.0,0.0
CLI025800,8.5,0.0,9.0,7.0,10.0
CLI025801,0.0,0.0,0.0,0.0,8.0
CLI025802,0.0,8.0,0.0,8.0,7.0
CLI025803,10.0,8.0,7.0,0.0,0.0
CLI025804,8.5,0.0,7.5,9.5,7.0
CLI025805,7.0,8.0,0.0,0.0,9.0
CLI025806,0.0,0.0,8.0,0.0,0.0
CLI025807,0.0,0.0,0.0,9.0,9.0
CLI025811,9.0,0.0,0.0,0.0,0.0
CLI025812,8.0,0.0,8.5,0.0,0.0
CLI025814,0.0,9.0,0.0,0.0,7.0
CLI025815,0.0,0.0,7.5,0.0,0.0
CLI025816,0.0,0.0,0.0,0.0,8.0
CLI025818,0.0,0.0,8.0,10.0,0.0
CLI025819,0.0,0.0,7.0,0.0,8.5
CLI025821,0.0,0.0,8.0,0.0,0.0
CLI025822,0.0,9.0,0.0,0.0,0.0
CLI025823,0.0,0.0,8.0,0.0,7.0
CLI025824,8.0,0.0,0.0,0.0,0.0
CLI025825,0.0,0.0,8.0,8.0,9.0
CLI025826,0.0,0.0,0.0,7.0,0.0
CLI025827,0.0,0.0,0.0,8.0,8.0
CLI025828,9.0,0.0,0.0,0.0,0.0
CLI025829,0.0,7.0,0.0,0.0,8.0
CLI025830,0.0,0.0,0.0,0.0,9.0
CLI025831,0.0,0.0,0.0,9.0,0.0
CLI025832,0.0,0.0,8.0,0.0,0.0
CLI025833,0.0,0.0,9.0,7.0,0.0
CLI025834,7.0,0.0,0.0,0.0,0.0
CLI025835,0.0,7.0,0.0,7.5,0.0
CLI025837,0.0,0.0,0.0,8.333333333333334,0.0
CLI025838,0.0,0.0,8.0,0.0,8.0
CLI025839,0.0,0.0,8.0,0.0,10.0
CLI025840,8.0,0.0,10.0,0.0,10.0
CLI025841,7.0,7.0,0.0,7.0,9.0
CLI025842,9.0,0.0,9.0,0.0,0.0
CLI025843,7.0,0.0,0.0,0.0,0.0
CLI025844,0.0,0.0,0.0,0.0,7.0
CLI025845,0.0,0.0,0.0,8.0,0.0
CLI025846,7.0,0.0,0.0,0.0,0.0
CLI025849,9.0,0.0,0.0,0.0,0.0
CLI025850,0.0,8.0,0.0,8.0,0.0
CLI025852,6.0,8.0,0.0,0.0,0.0
CLI025854,7.5,8.0,0.0,0.0,0.0
CLI025855,0.0,7.0,0.0,9.0,0.0
CLI025857,0.0,9.0,0.0,8.5,7.0
CLI025858,0.0,8.5,0.0,8.0,0.0
CLI025860,8.0,0.0,7.666666666666667,0.0,8.0
CLI025861,9.0,0.0,0.0,8.0,0.0
CLI025862,0.0,8.0,0.0,8.0,7.5
CLI025863,10.0,8.0,8.0,0.0,7.0
CLI025864,9.0,0.0,0.0,0.0,0.0
CLI025865,0.0,0.0,9.0,9.0,8.0
CLI025866,0.0,8.0,0.0,0.0,0.0
CLI025867,9.0,0.0,7.0,8.0,0.0
CLI025868,8.0,7.0,0.0,7.0,0.0
CLI025869,0.0,0.0,0.0,0.0,8.0
CLI025870,9.0,0.0,9.0,7.0,0.0
CLI025871,0.0,7.0,0.0,0.0,0.0
CLI025872,0.0,0.0,0.0,0.0,9.0
CLI025874,0.0,0.0,0.0,8.0,9.0
CLI025875,9.0,8.0,9.0,0.0,0.0
CLI025877,9.0,0.0,0.0,0.0,6.0
CLI025878,0.0,8.0,8.5,0.0,7.0
CLI025879,9.0,8.0,0.0,0.0,0.0
CLI025880,0.0,8.0,0.0,0.0,7.0
CLI025881,6.5,9.0,8.0,0.0,0.0
CLI025882,0.0,0.0,0.0,8.0,0.0
CLI025885,0.0,0.0,0.0,0.0,9.0
CLI025886,0.0,7.0,0.0,0.0,0.0
CLI025887,0.0,0.0,0.0,7.0,9.0
CLI025888,0.0,0.0,0.0,8.0,0.0
CLI025889,0.0,0.0,9.0,9.0,0.0
CLI025890,0.0,7.0,0.0,0.0,0.0
CLI025891,7.5,7.5,0.0,0.0,0.0
CLI025893,0.0,7.0,8.0,0.0,0.0
CLI025894,0.0,0.0,6.0,9.0,8.5
CLI025895,0.0,0.0,0.0,8.5,0.0
CLI025896,8.0,8.0,9.0,6.0,0.0
CLI025897,7.0,0.0,0.0,0.0,8.0
CLI025898,9.0,8.0,9.0,8.5,0.0
CLI025899,7.0,0.0,0.0,0.0,0.0
CLI025901,0.0,0.0,0.0,9.0,0.0
CLI025902,0.0,9.0,7.5,0.0,7.0
CLI025903,0.0,7.0,0.0,9.0,0.0
CLI025904,0.0,6.0,0.0,8.5,0.0
CLI025905,0.0,8.0,0.0,0.0,8.0
CLI025906,8.0,7.0,0.0,9.0,0.0
CLI025907,8.0,0.0,8.666666666666666,0.0,7.0
CLI025908,0.0,0.0,0.0,6.5,0.0
CLI025909,9.0,0.0,0.0,9.0,0.0
CLI025910,0.0,8.0,7.0,0.0,7.5
CLI025911,9.0,9.0,0.0,0.0,7.0
CLI025912,0.0,0.0,0.0,0.0,8.0
CLI025914,8.0,0.0,9.0,8.0,8.0
CLI025915,9.0,7.666666666666667,0.0,0.0,9.0
CLI025916,9.0,0.0,8.0,9.0,0.0
CLI025917,6.5,0.0,0.0,0.0,0.0
CLI025918,0.0,0.0,9.0,0.0,0.0
CLI025919,0.0,0.0,0.0,8.0,0.0
CLI025920,0.0,0.0,0.0,8.0,8.0
CLI025921,0.0,0.0,0.0,7.0,0.0
CLI025922,0.0,0.0,8.25,0.0,0.0
CLI025923,0.0,0.0,9.0,0.0,7.0
CLI025924,0.0,0.0,0.0,8.0,0.0
CLI025925,0.0,7.0,0.0,0.0,7.5
CLI025926,0.0,0.0,0.0,0.0,8.5
CLI025927,9.0,0.0,0.0,10.0,7.0
CLI025928,6.0,8.0,0.0,0.0,0.0
CLI025929,7.5,7.0,8.0,0.0,0.0
CLI025930,0.0,8.0,0.0,9.0,0.0
CLI025931,8.0,0.0,0.0,0.0,7.0
CLI025932,0.0,0.0,8.0,0.0,0.0
CLI025936,0.0,0.0,0.0,8.0,9.0
CLI025937,7.0,0.0,0.0,0.0,0.0
CLI025938,0.0,0.0,0.0,8.5,0.0
CLI025939,0.0,7.0,9.0,7.0,0.0
CLI025940,8.0,0.0,0.0,8.0,7.0
CLI025941,0.0,0.0,8.25,0.0,0.0
CLI025942,7.0,0.0,0.0,0.0,0.0
CLI025943,0.0,0.0,7.0,0.0,8.0
CLI025944,9.0,8.0,0.0,9.0,7.0
CLI025945,0.0,7.5,0.0,0.0,8.0
CLI025946,7.0,0.0,7.5,0.0,0.0
CLI025947,0.0,0.0,8.0,0.0,0.0
CLI025948,8.0,0.0,0.0,8.0,9.0
CLI025949,8.0,0.0,7.0,9.0,0.0
CLI025950,0.0,8.0,0.0,8.0,7.0
CLI025951,6.0,0.0,0.0,0.0,9.0
CLI025952,8.0,7.0,7.0,9.0,0.0
CLI025953,0.0,8.0,0.0,0.0,9.0
CLI025954,0.0,0.0,0.0,0.0,7.0
CLI025955,0.0,7.0,0.0,0.0,8.0
CLI025956,0.0,8.0,0.0,0.0,0.0
CLI025957,9.0,0.0,0.0,8.0,0.0
CLI025959,8.0,9.0,8.0,0.0,9.0
CLI025960,8.0,0.0,8.0,0.0,8.0
CLI025961,7.0,0.0,8.0,7.0,0.0
CLI025962,9.0,9.0,0.0,7.0,0.0
CLI025963,0.0,0.0,7.5,0.0,9.0
CLI025964,0.0,9.0,7.0,0.0,0.0
CLI025965,0.0,0.0,0.0,9.0,9.0
CLI025966,0.0,0.0,8.0,8.0,0.0
CLI025968,8.0,0.0,0.0,0.0,7.0
CLI025970,0.0,9.0,0.0,7.0,0.0
CLI025971,9.0,0.0,0.0,9.0,7.0
CLI025972,0.0,0.0,8.0,0.0,9.0
CLI025973,9.0,0.0,0.0,8.0,0.0
CLI025974,0.0,0.0,0.0,9.0,8.0
CLI025975,0.0,0.0,0.0,0.0,8.0
CLI025976,0.0,9.0,0.0,0.0,0.0
CLI025977,9.0,8.5,7.0,7.0,8.0
CLI025978,0.0,0.0,6.0,0.0,9.0
CLI025979,0.0,8.0,0.0,0.0,0.0
CLI025980,0.0,9.0,7.0,7.0,9.0
CLI025983,0.0,0.0,0.0,9.0,7.666666666666667
CLI025984,9.0,0.0,0.0,0.0,9.0
CLI025985,0.0,0.0,0.0,8.0,0.0
CLI025986,0.0,0.0,0.0,8.0,0.0
CLI025987,0.0,8.0,0.0,10.0,0.0
CLI025988,0.0,0.0,7.0,9.0,0.0
CLI025989,0.0,8.0,0.0,0.0,9.0
CLI025990,0.0,0.0,0.0,7.0,8.0
CLI025991,0.0,7.0,0.0,0.0,0.0
CLI025992,0.0,0.0,0.0,8.0,0.0
CLI025993,10.0,0.0,0.0,8.0,9.0
CLI025994,8.0,0.0,0.0,0.0,9.0
CLI025995,0.0,0.0,0.0,0.0,8.0
CLI025996,8.5,0.0,0.0,8.0,8.0
CLI025997,8.0,0.0,0.0,9.0,0.0
CLI025998,9.0,8.0,0.0,0.0,0.0
CLI025999,0.0,0.0,7.5,0.0,0.0
CLI026000,0.0,0.0,0.0,0.0,8.0
CLI026001,8.0,0.0,9.0,0.0,0.0
CLI026003,0.0,9.0,8.5,0.0,0.0
CLI026004,7.0,0.0,10.0,0.0,7.0
CLI026005,8.0,8.0,0.0,8.0,8.0
CLI026006,0.0,0.0,0.0,8.0,7.0
CLI026007,0.0,0.0,8.5,0.0,7.0
CLI026008,7.0,0.0,9.0,8.0,7.0
CLI026009,8.5,0.0,0.0,8.0,0.0
CLI026010,9.0,0.0,0.0,0.0,0.0
CLI026011,0.0,0.0,8.0,8.0,9.0
CLI026012,8.0,9.0,0.0,0.0,8.0
CLI026013,8.0,7.0,7.5,7.5,8.0
CLI026015,9.0,0.0,0.0,8.333333333333334,8.0
CLI026016,0.0,8.0,9.0,9.0,0.0
CLI026017,9.0,0.0,0.0,7.0,0.0
CLI026018,0.0,8.0,0.0,9.0,9.0
CLI026019,0.0,0.0,0.0,0.0,8.0
CLI026020,0.0,0.0,9.0,10.0,0.0
CLI026021,8.0,9.0,0.0,9.0,0.0
CLI026022,0.0,0.0,0.0,0.0,8.0
CLI026023,0.0,8.0,0.0,7.0,0.0
CLI026024,10.0,0.0,0.0,0.0,9.0
CLI026025,0.0,0.0,7.0,0.0,8.0
CLI026027,8.0,0.0,8.0,8.0,0.0
CLI026028,0.0,0.0,8.0,0.0,0.0
CLI026029,9.0,0.0,8.0,0.0,0.0
CLI026030,8.0,0.0,8.0,0.0,0.0
CLI026031,9.0,0.0,8.5,0.0,0.0
CLI026032,0.0,0.0,9.0,0.0,0.0
CLI026033,0.0,0.0,8.0,0.0,0.0
CLI026034,8.0,7.0,9.0,0.0,0.0
CLI026035,0.0,7.5,0.0,7.0,0.0
CLI026036,0.0,0.0,8.0,10.0,0.0
CLI026037,0.0,0.0,9.0,9.0,0.0
CLI026038,0.0,0.0,0.0,8.0,7.0
CLI026039,0.0,0.0,9.0,0.0,0.0
CLI026040,0.0,8.5,0.0,0.0,7.0
CLI026041,9.0,0.0,9.0,0.0,8.0
CLI026042,0.0,8.0,8.0,0.0,7.5
CLI026043,8.5,9.0,0.0,8.0,9.0
CLI026044,7.0,0.0,0.0,0.0,9.0
CLI026045,0.0,0.0,0.0,9.0,0.0
CLI026046,8.0,0.0,0.0,0.0,6.0
CLI026047,0.0,8.0,9.0,0.0,0.0
CLI026048,7.0,8.5,7.333333333333333,0.0,0.0
CLI026049,0.0,0.0,0.0,0.0,9.0
CLI026050,0.0,0.0,9.5,7.0,0.0
CLI026051,6.0,0.0,0.0,0.0,0.0
CLI026052,9.0,0.0,0.0,0.0,0.0
CLI026053,8.0,0.0,0.0,0.0,0.0
CLI026054,9.0,0.0,0.0,8.333333333333334,0.0
CLI026055,6.5,9.0,0.0,0.0,0.0
CLI026056,0.0,0.0,0.0,8.0,0.0
CLI026057,7.0,0.0,0.0,0.0,0.0
CLI026058,8.0,0.0,0.0,0.0,8.0
CLI026059,0.0,8.0,0.0,0.0,0.0
CLI026060,0.0,7.0,8.5,0.0,0.0
CLI026061,0.0,9.0,0.0,0.0,0.0
CLI026062,9.0,8.0,0.0,0.0,10.0
CLI026063,9.0,7.5,10.0,9.0,0.0
CLI026064,7.5,0.0,0.0,0.0,7.5
CLI026065,0.0,0.0,9.0,8.0,0.0
CLI026066,9.0,8.0,0.0,0.0,6.5
CLI026067,8.0,0.0,0.0,8.5,0.0
CLI026069,8.0,8.0,0.0,0.0,0.0
CLI026070,0.0,8.0,0.0,8.0,0.0
CLI026071,0.0,0.0,0.0,7.5,9.5
CLI026072,0.0,7.0,0.0,0.0,0.0
CLI026073,0.0,8.0,0.0,0.0,9.0
CLI026074,8.0,8.0,0.0,0.0,0.0
CLI026075,0.0,0.0,9.0,0.0,0.0
CLI026076,0.0,7.0,0.0,0.0,9.0
CLI026077,0.0,0.0,0.0,9.0,0.0
CLI026078,0.0,8.0,0.0,0.0,0.0
CLI026079,0.0,8.0,0.0,0.0,10.0
CLI026080,0.0,7.5,0.0,0.0,0.0
CLI026081,0.0,9.0,0.0,9.0,0.0
CLI026082,0.0,7.5,0.0,0.0,9.0
CLI026083,8.5,0.0,6.0,0.0,8.0
CLI026084,8.0,0.0,9.0,9.0,9.0
CLI026085,8.0,0.0,0.0,0.0,0.0
CLI026086,6.0,0.0,0.0,0.0,0.0
CLI026087,0.0,0.0,0.0,8.0,7.0
CLI026088,0.0,0.0,7.0,7.0,0.0
CLI026089,0.0,0.0,8.0,0.0,0.0
CLI026090,7.0,0.0,0.0,0.0,0.0
CLI026091,0.0,0.0,0.0,0.0,8.0
CLI026092,8.0,0.0,0.0,0.0,0.0
CLI026093,0.0,0.0,0.0,10.0,7.0
CLI026094,0.0,0.0,0.0,0.0,9.0
CLI026095,0.0,8.0,0.0,8.333333333333334,0.0
CLI026096,8.0,0.0,0.0,0.0,7.0
CLI026097,8.0,8.0,0.0,7.5,0.0
CLI026098,0.0,8.0,8.0,0.0,8.0
CLI026099,7.5,0.0,0.0,7.0,0.0
CLI026100,8.0,9.0,8.0,0.0,0.0
CLI026101,0.0,0.0,9.0,0.0,8.0
CLI026102,9.0,0.0,8.0,0.0,0.0
CLI026103,9.0,7.0,8.0,8.0,0.0
CLI026104,0.0,9.0,0.0,0.0,8.0
CLI026105,8.0,7.0,0.0,7.0,9.0
CLI026106,8.0,9.0,0.0,0.0,0.0
CLI026107,9.0,0.0,8.0,0.0,0.0
CLI026108,0.0,9.5,0.0,0.0,0.0
CLI026109,0.0,7.5,8.0,7.0,0.0
CLI026110,0.0,0.0,8.0,0.0,0.0
CLI026111,8.0,0.0,0.0,0.0,0.0
CLI026112,9.0,7.0,0.0,0.0,8.0
CLI026113,0.0,9.0,0.0,7.0,0.0
CLI026114,0.0,8.0,8.0,8.0,0.0
CLI026115,0.0,0.0,10.0,0.0,0.0
CLI026117,0.0,0.0,6.0,0.0,0.0
CLI026118,0.0,0.0,8.5,0.0,8.0
CLI026119,0.0,7.5,8.0,0.0,0.0
CLI026120,8.0,0.0,0.0,0.0,0.0
CLI026121,0.0,9.0,0.0,8.0,0.0
CLI026122,0.0,10.0,9.0,0.0,0.0
CLI026123,0.0,8.0,8.5,0.0,9.0
CLI026124,0.0,0.0,7.0,9.0,0.0
CLI026125,0.0,8.0,0.0,0.0,6.0
CLI026126,0.0,0.0,0.0,8.0,8.0
CLI026127,9.0,0.0,0.0,0.0,8.0
CLI026128,0.0,0.0,9.0,0.0,0.0
CLI026129,0.0,9.0,7.0,0.0,8.0
CLI026130,0.0,9.0,6.0,9.0,0.0
CLI026131,0.0,9.0,7.0,0.0,0.0
CLI026132,0.0,0.0,7.0,0.0,0.0
CLI026133,10.0,0.0,7.0,9.0,0.0
CLI026134,8.5,0.0,0.0,8.0,0.0
CLI026135,8.0,0.0,8.5,8.5,8.5
CLI026136,9.0,7.0,0.0,8.5,0.0
CLI026138,0.0,0.0,0.0,7.0,0.0
CLI026140,0.0,0.0,0.0,0.0,8.0
CLI026142,0.0,0.0,9.0,9.0,0.0
CLI026143,8.0,10.0,8.0,0.0,0.0
CLI026144,0.0,0.0,7.0,6.0,0.0
CLI026145,8.0,0.0,8.0,0.0,8.0
CLI026146,8.0,0.0,0.0,0.0,0.0
CLI026148,0.0,0.0,7.0,0.0,0.0
CLI026149,9.0,8.0,8.0,0.0,0.0
CLI026150,0.0,8.0,8.0,7.0,8.0
CLI026151,10.0,7.0,0.0,0.0,7.0
CLI026152,0.0,7.5,0.0,9.0,0.0
CLI026153,9.0,7.5,9.0,0.0,0.0
CLI026154,0.0,0.0,7.0,0.0,0.0
CLI026155,9.0,0.0,0.0,0.0,8.0
CLI026156,6.0,8.0,0.0,7.0,0.0
CLI026157,0.0,0.0,0.0,8.0,0.0
CLI026158,0.0,9.0,0.0,0.0,0.0
CLI026159,0.0,8.0,0.0,9.0,0.0
CLI026160,8.0,7.0,0.0,0.0,0.0
CLI026161,9.5,0.0,0.0,9.0,0.0
CLI026163,0.0,0.0,0.0,9.0,9.0
CLI026164,9.0,8.0,7.0,0.0,9.0
CLI026165,8.0,7.0,0.0,0.0,0.0
CLI026166,7.5,10.0,8.0,7.0,8.5
CLI026167,0.0,0.0,0.0,0.0,7.5
CLI026168,8.0,0.0,0.0,0.0,0.0
CLI026170,0.0,7.0,0.0,0.0,0.0
CLI026171,7.0,9.0,7.0,0.0,7.0
CLI026172,0.0,8.5,9.0,0.0,0.0
CLI026173,0.0,10.0,8.0,7.0,0.0
CLI026175,8.0,8.0,0.0,10.0,10.0
CLI026176,8.0,0.0,0.0,9.0,7.666666666666667
CLI026177,9.0,0.0,0.0,0.0,0.0
CLI026178,0.0,0.0,0.0,7.5,9.0
CLI026179,0.0,0.0,9.0,0.0,9.0
CLI026180,0.0,0.0,0.0,9.0,6.0
CLI026181,8.0,10.0,0.0,0.0,0.0
CLI026182,9.0,7.0,0.0,0.0,0.0
CLI026183,0.0,8.0,0.0,0.0,0.0
CLI026184,0.0,7.0,0.0,0.0,0.0
CLI026185,0.0,9.0,0.0,0.0,7.0
CLI026186,9.0,9.0,0.0,0.0,0.0
CLI026187,0.0,9.0,0.0,9.0,0.0
CLI026188,0.0,8.0,0.0,9.0,0.0
CLI026189,0.0,0.0,0.0,8.0,0.0
CLI026190,0.0,7.0,0.0,7.0,7.0
CLI026191,8.0,9.0,0.0,0.0,0.0
CLI026192,0.0,7.0,8.0,0.0,0.0
CLI026193,8.5,7.0,0.0,0.0,0.0
CLI026195,7.0,0.0,7.0,0.0,0.0
CLI026196,0.0,7.5,8.666666666666666,8.0,0.0
CLI026197,0.0,0.0,0.0,0.0,9.0
CLI026198,9.0,0.0,8.0,0.0,0.0
CLI026199,8.0,0.0,9.0,8.0,0.0
CLI026200,0.0,0.0,0.0,7.0,8.5
CLI026201,0.0,0.0,9.0,7.0,9.0
CLI026202,0.0,0.0,10.0,9.0,9.0
CLI026203,8.0,0.0,0.0,0.0,0.0
CLI026204,0.0,0.0,0.0,9.0,10.0
CLI026206,0.0,8.0,7.0,0.0,0.0
CLI026207,0.0,6.0,7.0,0.0,0.0
CLI026208,8.0,7.5,0.0,0.0,8.0
CLI026209,0.0,9.0,0.0,0.0,0.0
CLI026210,0.0,8.0,8.0,0.0,7.0
CLI026211,7.0,0.0,8.0,6.0,9.0
CLI026212,0.0,9.0,7.0,0.0,0.0
CLI026213,9.0,0.0,9.0,0.0,0.0
CLI026214,9.0,9.0,0.0,0.0,0.0
CLI026215,0.0,8.0,9.0,0.0,0.0
CLI026216,0.0,0.0,0.0,9.0,0.0
CLI026217,0.0,7.333333333333333,10.0,0.0,0.0
CLI026218,8.0,0.0,0.0,7.5,9.0
CLI026219,0.0,8.5,0.0,0.0,9.0
CLI026220,0.0,0.0,0.0,7.0,0.0
CLI026222,0.0,0.0,0.0,8.0,9.0
CLI026223,0.0,0.0,8.0,0.0,0.0
CLI026224,0.0,0.0,0.0,8.0,0.0
CLI026225,0.0,8.0,0.0,6.0,0.0
CLI026226,0.0,9.0,0.0,0.0,9.5
CLI026228,0.0,8.666666666666666,0.0,0.0,0.0
CLI026229,0.0,0.0,8.0,0.0,0.0
CLI026230,8.0,0.0,6.0,7.0,0.0
CLI026231,8.0,9.0,7.0,0.0,0.0
CLI026232,8.0,0.0,0.0,8.0,0.0
CLI026233,0.0,0.0,0.0,0.0,8.0
CLI026235,7.0,9.0,0.0,8.0,0.0
CLI026237,7.0,0.0,8.0,0.0,0.0
CLI026238,8.0,0.0,0.0,7.0,8.0
CLI026239,0.0,9.0,0.0,0.0,7.0
CLI026240,8.0,8.0,0.0,0.0,7.666666666666667
CLI026241,10.0,0.0,9.0,7.0,0.0
CLI026242,8.5,0.0,0.0,0.0,0.0
CLI026245,8.0,0.0,0.0,0.0,0.0
CLI026246,8.5,0.0,0.0,0.0,10.0
CLI026247,0.0,8.0,8.0,0.0,8.0
CLI026248,0.0,8.0,8.0,0.0,0.0
CLI026249,0.0,0.0,8.0,0.0,0.0
CLI026250,0.0,0.0,0.0,9.0,7.0
CLI026251,0.0,0.0,9.0,0.0,9.0
CLI026252,0.0,0.0,8.0,0.0,8.0
CLI026253,0.0,8.0,0.0,0.0,0.0
CLI026255,0.0,0.0,8.0,0.0,9.0
CLI026256,9.0,7.5,0.0,0.0,0.0
CLI026257,0.0,0.0,0.0,0.0,7.0
CLI026258,0.0,0.0,9.0,0.0,8.5
CLI026259,0.0,0.0,0.0,7.0,0.0
CLI026260,0.0,0.0,7.0,0.0,0.0
CLI026261,8.0,0.0,7.0,7.0,10.0
CLI026262,0.0,0.0,9.0,0.0,6.0
CLI026263,0.0,8.0,0.0,8.0,9.0
CLI026264,10.0,0.0,0.0,7.0,0.0
CLI026265,9.5,7.5,7.0,7.5,8.0
CLI026266,6.0,0.0,8.0,7.0,8.0
CLI026267,7.0,0.0,0.0,8.0,0.0
CLI026268,9.0,9.0,0.0,0.0,0.0
CLI026269,0.0,0.0,0.0,9.0,0.0
CLI026270,9.0,9.0,0.0,0.0,0.0
CLI026271,9.0,0.0,0.0,0.0,7.0
CLI026272,8.0,9.0,0.0,0.0,9.0
CLI026273,8.0,0.0,0.0,0.0,9.0
CLI026274,0.0,0.0,0.0,8.5,8.0
CLI026275,0.0,0.0,6.0,8.0,7.5
CLI026276,8.0,9.0,0.0,0.0,0.0
CLI026277,8.666666666666666,0.0,0.0,0.0,9.0
CLI026278,8.5,0.0,8.0,0.0,0.0
CLI026279,0.0,0.0,8.0,8.0,8.5
CLI026280,7.0,0.0,8.0,0.0,7.0
CLI026281,0.0,9.0,0.0,0.0,0.0
CLI026282,9.5,8.0,0.0,9.0,0.0
CLI026283,0.0,0.0,0.0,0.0,8.0
CLI026284,6.0,0.0,0.0,8.0,7.5
CLI026285,0.0,9.0,0.0,0.0,9.0
CLI026286,0.0,8.0,0.0,0.0,9.0
CLI026287,9.0,0.0,0.0,0.0,0.0
CLI026288,8.5,0.0,0.0,0.0,8.0
CLI026289,9.0,0.0,8.0,0.0,0.0
CLI026290,7.0,0.0,0.0,9.0,0.0
CLI026291,8.0,8.0,0.0,0.0,8.0
CLI026292,7.5,0.0,0.0,7.0,8.0
CLI026293,0.0,0.0,0.0,8.0,9.0
CLI026294,8.0,0.0,0.0,0.0,0.0
CLI026295,0.0,8.0,0.0,0.0,8.0
CLI026296,7.0,0.0,0.0,8.0,0.0
CLI026297,8.5,0.0,6.0,0.0,0.0
CLI026298,0.0,0.0,0.0,0.0,9.0
CLI026299,0.0,0.0,10.0,0.0,0.0
CLI026300,8.0,0.0,8.5,0.0,0.0
CLI026301,7.0,7.0,8.0,0.0,0.0
CLI026302,0.0,9.0,7.0,0.0,0.0
CLI026303,7.75,8.0,0.0,7.0,7.0
CLI026304,0.0,7.0,8.0,7.0,0.0
CLI026305,0.0,8.0,0.0,8.0,7.0
CLI026306,0.0,0.0,0.0,0.0,9.0
CLI026307,8.0,0.0,9.0,10.0,0.0
CLI026308,0.0,8.0,0.0,8.5,9.0
CLI026309,0.0,7.666666666666667,0.0,0.0,0.0
CLI026310,7.0,0.0,8.0,8.0,0.0
CLI026311,0.0,0.0,7.0,8.0,7.0
CLI026312,0.0,9.0,8.5,0.0,7.0
CLI026313,0.0,0.0,0.0,6.0,0.0
CLI026314,0.0,0.0,0.0,9.0,8.0
CLI026315,0.0,0.0,0.0,8.0,8.0
CLI026316,0.0,0.0,8.0,0.0,0.0
CLI026317,0.0,7.0,0.0,0.0,0.0
CLI026318,0.0,0.0,7.0,8.0,0.0
CLI026319,0.0,7.0,8.0,9.0,0.0
CLI026320,0.0,7.0,7.0,0.0,0.0
CLI026321,0.0,0.0,9.0,0.0,0.0
CLI026322,8.0,8.0,7.0,0.0,0.0
CLI026323,0.0,7.0,0.0,7.0,0.0
CLI026324,0.0,0.0,8.0,9.0,0.0
CLI026325,8.0,0.0,0.0,0.0,8.0
CLI026326,9.0,8.0,9.5,0.0,0.0
CLI026327,10.0,0.0,0.0,8.5,0.0
CLI026329,0.0,0.0,0.0,0.0,8.333333333333334
CLI026330,0.0,7.0,8.0,0.0,0.0
CLI026331,7.0,0.0,7.5,8.0,0.0
CLI026332,6.0,8.0,9.0,7.0,8.0
CLI026333,0.0,0.0,9.0,7.0,0.0
CLI026334,8.0,8.0,0.0,8.0,0.0
CLI026335,8.0,8.0,0.0,0.0,9.0
CLI026336,0.0,8.0,8.0,7.0,0.0
CLI026337,0.0,0.0,0.0,0.0,8.0
CLI026338,0.0,8.0,7.0,0.0,7.0
CLI026339,0.0,9.0,0.0,9.0,9.0
CLI026340,0.0,8.0,0.0,0.0,6.0
CLI026341,0.0,0.0,8.0,0.0,8.0
CLI026342,0.0,7.0,0.0,7.0,0.0
CLI026344,0.0,0.0,0.0,0.0,8.5
CLI026345,8.5,0.0,0.0,8.0,0.0
CLI026346,0.0,0.0,0.0,8.333333333333334,9.0
CLI026347,0.0,0.0,0.0,0.0,7.0
CLI026348,0.0,10.0,0.0,9.0,8.0
CLI026349,0.0,8.0,8.0,0.0,0.0
CLI026350,8.0,7.0,0.0,8.0,0.0
CLI026352,9.0,0.0,0.0,8.0,0.0
CLI026353,7.5,0.0,9.0,0.0,0.0
CLI026355,0.0,0.0,0.0,8.5,8.0
CLI026356,8.0,8.0,0.0,9.0,0.0
CLI026357,10.0,0.0,0.0,0.0,0.0
CLI026358,0.0,9.0,0.0,0.0,9.0
CLI026360,0.0,9.0,7.5,0.0,0.0
CLI026361,0.0,0.0,8.0,8.0,0.0
CLI026362,7.0,0.0,0.0,0.0,6.0
CLI026364,0.0,0.0,8.0,8.0,0.0
CLI026365,8.0,8.0,0.0,0.0,0.0
CLI026366,0.0,0.0,0.0,7.5,9.0
CLI026367,0.0,0.0,8.0,0.0,8.0
CLI026368,8.0,0.0,0.0,0.0,0.0
CLI026369,0.0,8.0,8.0,0.0,0.0
CLI026370,0.0,8.0,0.0,0.0,0.0
CLI026371,8.0,0.0,9.0,0.0,8.0
CLI026372,0.0,0.0,0.0,9.0,0.0
CLI026373,0.0,9.0,6.0,0.0,0.0
CLI026374,8.0,7.0,7.0,9.0,0.0
CLI026375,0.0,0.0,8.0,0.0,0.0
CLI026376,0.0,0.0,8.0,0.0,7.0
CLI026377,0.0,0.0,0.0,9.0,0.0
CLI026379,0.0,0.0,0.0,7.0,0.0
CLI026381,0.0,0.0,10.0,0.0,0.0
CLI026382,0.0,7.0,8.0,0.0,8.0
CLI026383,0.0,8.333333333333334,0.0,8.0,9.0
CLI026384,0.0,0.0,0.0,8.0,7.0
CLI026385,8.0,0.0,8.0,0.0,0.0
CLI026386,7.0,9.0,0.0,0.0,0.0
CLI026387,7.5,0.0,0.0,0.0,8.5
CLI026388,0.0,9.0,0.0,0.0,0.0
CLI026389,0.0,9.0,9.0,8.0,0.0
CLI026390,0.0,9.0,8.0,8.0,9.0
CLI026391,8.0,0.0,0.0,0.0,0.0
CLI026392,0.0,9.0,0.0,0.0,9.0
CLI026393,0.0,8.0,0.0,0.0,7.0
CLI026394,0.0,0.0,0.0,0.0,9.0
CLI026395,0.0,9.0,0.0,0.0,0.0
CLI026396,0.0,0.0,8.0,8.0,0.0
CLI026397,8.0,0.0,0.0,0.0,0.0
CLI026398,0.0,0.0,7.0,0.0,0.0
CLI026399,9.0,0.0,8.0,0.0,0.0
CLI026400,0.0,9.0,0.0,0.0,7.0
CLI026401,0.0,0.0,0.0,0.0,9.0
CLI026402,0.0,0.0,0.0,0.0,8.0
CLI026403,0.0,0.0,9.0,7.0,9.0
CLI026404,0.0,0.0,8.0,8.0,0.0
CLI026406,8.0,0.0,0.0,0.0,0.0
CLI026407,0.0,0.0,0.0,8.0,0.0
CLI026408,0.0,9.0,0.0,0.0,0.0
CLI026409,0.0,0.0,9.0,8.0,0.0
CLI026411,0.0,8.5,8.0,0.0,0.0
CLI026412,0.0,8.0,0.0,0.0,8.0
CLI026413,0.0,8.5,8.0,0.0,8.0
CLI026414,0.0,9.0,0.0,9.0,8.0
CLI026415,7.0,0.0,0.0,0.0,0.0
CLI026416,0.0,8.0,0.0,0.0,9.0
CLI026417,0.0,9.5,8.5,8.0,7.5
CLI026418,9.0,7.0,0.0,0.0,8.0
CLI026421,8.0,0.0,0.0,8.0,0.0
CLI026423,0.0,8.0,0.0,0.0,0.0
CLI026424,6.0,0.0,0.0,0.0,9.0
CLI026425,8.0,8.0,0.0,0.0,0.0
CLI026426,9.0,8.0,7.0,8.0,10.0
CLI026427,0.0,0.0,0.0,0.0,8.0
CLI026428,0.0,7.0,0.0,0.0,0.0
CLI026429,0.0,9.0,9.0,0.0,8.5
CLI026430,8.5,7.0,8.0,9.0,9.0
CLI026431,9.0,0.0,0.0,8.0,0.0
CLI026432,9.0,0.0,7.5,0.0,10.0
CLI026433,8.0,7.5,0.0,0.0,0.0
CLI026434,0.0,0.0,9.0,8.5,0.0
CLI026436,9.0,0.0,9.0,0.0,0.0
CLI026437,0.0,8.0,10.0,8.0,0.0
CLI026438,9.0,9.0,7.0,0.0,0.0
CLI026439,0.0,0.0,9.0,0.0,8.0
CLI026440,0.0,7.0,0.0,0.0,0.0
CLI026441,0.0,0.0,0.0,0.0,8.0
CLI026442,0.0,7.0,10.0,0.0,7.0
CLI026443,9.0,0.0,10.0,0.0,8.0
CLI026444,9.0,0.0,0.0,7.0,7.0
CLI026445,8.0,0.0,0.0,0.0,0.0
CLI026446,0.0,0.0,0.0,8.0,0.0
CLI026447,8.5,7.0,0.0,9.0,8.4
CLI026448,0.0,0.0,9.0,8.0,0.0
CLI026449,0.0,9.0,0.0,0.0,0.0
CLI026450,8.0,8.0,0.0,9.0,9.0
CLI026451,8.0,0.0,0.0,7.0,9.0
CLI026452,0.0,9.0,0.0,0.0,0.0
CLI026453,0.0,7.0,7.0,9.0,6.0
CLI026455,7.0,0.0,8.0,0.0,0.0
CLI026456,8.0,0.0,0.0,6.0,0.0
CLI026458,0.0,8.0,8.0,0.0,0.0
CLI026459,7.0,0.0,8.0,0.0,8.0
CLI026460,0.0,7.0,0.0,8.5,0.0
CLI026461,0.0,0.0,10.0,8.0,0.0
CLI026462,8.0,0.0,7.5,0.0,0.0
CLI026463,8.0,0.0,0.0,0.0,0.0
CLI026464,7.0,0.0,0.0,0.0,8.0
CLI026466,0.0,0.0,8.0,0.0,0.0
CLI026467,0.0,9.0,0.0,0.0,0.0
CLI026468,9.0,0.0,9.0,0.0,0.0
CLI026469,0.0,0.0,0.0,8.0,0.0
CLI026470,0.0,0.0,8.0,8.0,0.0
CLI026471,0.0,0.0,8.0,0.0,0.0
CLI026472,0.0,7.0,0.0,0.0,0.0
CLI026473,8.0,8.0,8.0,0.0,9.0
CLI026474,0.0,7.0,0.0,0.0,10.0
CLI026475,0.0,0.0,9.0,0.0,0.0
CLI026476,7.0,0.0,0.0,0.0,8.0
CLI026477,10.0,0.0,9.0,0.0,0.0
CLI026478,0.0,0.0,9.0,7.0,0.0
CLI026479,0.0,0.0,0.0,8.0,7.0
CLI026480,0.0,0.0,0.0,7.0,0.0
CLI026481,7.5,0.0,0.0,0.0,0.0
CLI026482,8.0,0.0,0.0,0.0,0.0
CLI026483,0.0,0.0,0.0,0.0,8.5
CLI026485,0.0,0.0,8.0,8.0,7.0
CLI026486,7.0,7.0,0.0,8.0,0.0
CLI026487,8.0,9.0,7.0,8.0,0.0
CLI026488,7.5,0.0,0.0,0.0,9.0
CLI026489,0.0,0.0,7.0,0.0,8.0
CLI026490,8.0,0.0,0.0,9.0,8.0
CLI026491,7.0,0.0,0.0,0.0,0.0
CLI026492,0.0,7.0,0.0,0.0,8.666666666666666
CLI026493,0.0,7.0,10.0,8.0,0.0
CLI026494,0.0,0.0,0.0,8.0,0.0
CLI026495,8.0,0.0,7.0,8.333333333333334,8.0
CLI026497,0.0,0.0,0.0,0.0,7.0
CLI026498,8.0,8.0,10.0,0.0,8.0
CLI026499,0.0,7.0,8.0,8.0,0.0
CLI026500,7.0,9.0,8.0,0.0,7.0
CLI026501,7.0,0.0,0.0,8.0,0.0
CLI026502,0.0,9.0,0.0,7.0,7.0
CLI026503,0.0,0.0,0.0,9.0,0.0
CLI026504,9.0,0.0,9.0,0.0,0.0
CLI026505,0.0,7.0,8.0,0.0,0.0
CLI026506,8.0,0.0,0.0,0.0,0.0
CLI026507,0.0,0.0,9.0,7.0,9.0
CLI026510,0.0,0.0,0.0,8.0,7.0
CLI026511,8.0,0.0,0.0,0.0,0.0
CLI026512,0.0,0.0,6.0,8.0,8.5
CLI026514,9.0,9.0,0.0,0.0,0.0
CLI026515,8.0,8.0,8.0,0.0,8.0
CLI026516,0.0,0.0,0.0,9.0,0.0
CLI026518,0.0,0.0,0.0,8.5,0.0
CLI026520,9.0,0.0,0.0,0.0,7.5
CLI026522,0.0,7.0,7.0,9.0,8.0
CLI026523,0.0,0.0,8.0,6.0,0.0
CLI026524,7.0,0.0,0.0,0.0,0.0
CLI026525,0.0,0.0,0.0,0.0,6.0
CLI026526,9.0,9.0,0.0,9.0,0.0
CLI026527,0.0,0.0,7.666666666666667,8.5,9.0
CLI026528,0.0,0.0,8.0,0.0,0.0
CLI026529,9.0,7.0,0.0,8.0,0.0
CLI026530,0.0,0.0,0.0,9.0,0.0
CLI026532,7.0,8.0,0.0,0.0,0.0
CLI026534,8.0,9.0,8.0,9.0,0.0
CLI026535,0.0,7.0,8.0,0.0,0.0
CLI026536,8.0,0.0,0.0,7.0,9.0
CLI026537,0.0,0.0,8.0,8.0,0.0
CLI026538,8.5,0.0,8.0,0.0,0.0
CLI026539,0.0,0.0,8.0,8.0,7.0
CLI026540,0.0,0.0,0.0,0.0,8.0
CLI026541,8.0,0.0,0.0,8.0,8.0
CLI026543,0.0,10.0,0.0,9.0,7.0
CLI026544,0.0,7.0,8.0,8.0,0.0
CLI026545,8.0,0.0,6.0,0.0,0.0
CLI026546,9.0,9.0,0.0,8.5,8.0
CLI026547,0.0,8.0,10.0,0.0,8.0
CLI026548,0.0,0.0,9.0,0.0,8.0
CLI026550,0.0,0.0,0.0,10.0,0.0
CLI026551,8.0,0.0,0.0,0.0,0.0
CLI026552,8.0,0.0,0.0,0.0,7.0
CLI026553,0.0,0.0,0.0,0.0,7.0
CLI026554,8.0,0.0,0.0,0.0,0.0
CLI026555,0.0,8.5,0.0,9.0,0.0
CLI026557,8.0,8.0,0.0,0.0,8.0
CLI026558,8.0,7.0,0.0,7.0,0.0
CLI026559,7.666666666666667,0.0,0.0,0.0,0.0
CLI026560,0.0,9.0,0.0,0.0,7.5
CLI026561,0.0,0.0,0.0,8.0,8.0
CLI026562,7.5,8.0,10.0,8.0,0.0
CLI026565,0.0,7.0,0.0,0.0,7.0
CLI026566,9.0,0.0,0.0,0.0,0.0
CLI026567,8.0,8.5,0.0,9.0,0.0
CLI026568,7.5,0.0,9.0,0.0,0.0
CLI026569,0.0,9.0,0.0,0.0,9.0
CLI026570,8.0,0.0,0.0,0.0,6.0
CLI026571,7.0,0.0,8.0,0.0,0.0
CLI026572,9.0,9.0,0.0,8.0,8.0
CLI026573,0.0,0.0,0.0,0.0,10.0
CLI026574,7.0,0.0,9.0,9.0,0.0
CLI026575,8.0,0.0,0.0,0.0,9.0
CLI026576,8.0,0.0,0.0,9.0,0.0
CLI026577,0.0,0.0,10.0,0.0,0.0
CLI026578,7.0,0.0,8.0,0.0,0.0
CLI026579,8.5,0.0,10.0,0.0,0.0
CLI026580,8.0,8.5,0.0,0.0,9.0
CLI026581,0.0,8.0,9.5,0.0,7.0
CLI026582,0.0,0.0,0.0,9.0,7.0
CLI026583,0.0,9.0,0.0,0.0,8.666666666666666
CLI026584,0.0,0.0,0.0,0.0,9.333333333333334
CLI026585,0.0,8.0,0.0,0.0,9.0
CLI026586,0.0,0.0,8.0,9.0,8.0
CLI026587,0.0,8.0,7.5,0.0,0.0
CLI026588,9.0,0.0,0.0,9.0,0.0
CLI026589,8.0,0.0,8.0,9.0,6.0
CLI026591,0.0,0.0,0.0,8.0,0.0
CLI026592,0.0,8.0,0.0,0.0,0.0
CLI026593,0.0,0.0,0.0,8.0,0.0
CLI026594,0.0,0.0,8.0,9.0,0.0
CLI026595,0.0,8.0,0.0,8.0,0.0
CLI026596,7.0,0.0,8.0,0.0,8.0
CLI026597,0.0,0.0,7.0,0.0,0.0
CLI026598,0.0,0.0,8.0,0.0,0.0
CLI026599,8.0,0.0,0.0,0.0,7.0
CLI026600,8.0,0.0,0.0,0.0,0.0
CLI026601,7.0,0.0,0.0,0.0,8.0
CLI026602,0.0,0.0,0.0,0.0,8.0
CLI026603,8.0,0.0,0.0,8.0,0.0
CLI026604,0.0,8.5,0.0,0.0,0.0
CLI026605,9.0,0.0,0.0,8.666666666666666,8.0
CLI026606,0.0,7.5,0.0,0.0,8.0
CLI026607,9.0,0.0,0.0,0.0,8.0
CLI026608,0.0,9.0,9.0,0.0,6.0
CLI026610,0.0,9.0,0.0,0.0,9.0
CLI026611,0.0,7.0,0.0,0.0,0.0
CLI026612,0.0,0.0,6.0,0.0,7.0
CLI026613,0.0,0.0,9.0,0.0,9.0
CLI026614,9.0,7.0,0.0,8.0,0.0
CLI026615,0.0,0.0,9.0,8.0,9.0
CLI026616,0.0,9.0,9.0,10.0,9.0
CLI026617,0.0,7.0,0.0,0.0,8.0
CLI026618,0.0,7.0,7.0,0.0,0.0
CLI026619,7.0,7.5,0.0,6.0,8.0
CLI026620,0.0,0.0,8.333333333333334,0.0,7.0
CLI026621,8.0,0.0,0.0,0.0,0.0
CLI026622,0.0,9.0,0.0,0.0,8.0
CLI026623,0.0,7.5,0.0,0.0,0.0
CLI026624,7.0,9.0,8.0,0.0,0.0
CLI026625,9.0,0.0,9.0,0.0,0.0
CLI026627,0.0,0.0,9.0,7.0,8.0
CLI026629,8.0,7.0,9.0,0.0,0.0
CLI026630,0.0,9.0,0.0,0.0,9.0
CLI026633,7.0,8.5,0.0,0.0,8.0
CLI026634,0.0,9.0,0.0,0.0,8.0
CLI026635,0.0,9.0,0.0,0.0,0.0
CLI026636,7.666666666666667,8.0,7.0,0.0,8.0
CLI026637,0.0,0.0,9.0,0.0,0.0
CLI026638,7.0,0.0,0.0,0.0,8.5
CLI026639,0.0,0.0,0.0,10.0,9.0
CLI026640,9.0,0.0,6.0,0.0,8.0
CLI026641,7.0,7.5,0.0,0.0,0.0
CLI026642,0.0,9.333333333333334,0.0,9.0,0.0
CLI026643,6.0,8.0,0.0,0.0,0.0
CLI026644,7.0,10.0,8.0,0.0,7.0
CLI026645,8.0,7.0,8.0,0.0,0.0
CLI026646,0.0,0.0,0.0,0.0,9.0
CLI026647,9.0,0.0,0.0,0.0,0.0
CLI026649,0.0,8.0,0.0,0.0,9.0
CLI026650,0.0,0.0,0.0,0.0,8.0
CLI026651,8.5,0.0,10.0,8.0,0.0
CLI026652,0.0,0.0,0.0,9.0,0.0
CLI026653,8.0,0.0,0.0,0.0,0.0
CLI026654,0.0,8.0,7.5,0.0,0.0
CLI026655,0.0,0.0,0.0,8.0,0.0
CLI026656,0.0,0.0,0.0,8.0,0.0
CLI026657,0.0,8.5,0.0,0.0,0.0
CLI026658,0.0,0.0,7.0,10.0,0.0
CLI026659,0.0,0.0,0.0,8.0,9.0
CLI026660,0.0,0.0,9.0,8.0,0.0
CLI026661,7.0,7.0,7.0,0.0,8.5
CLI026662,0.0,0.0,9.5,0.0,8.0
CLI026663,0.0,0.0,7.5,0.0,0.0
CLI026664,0.0,0.0,0.0,0.0,8.0
CLI026665,0.0,9.0,0.0,0.0,8.0
CLI026666,0.0,0.0,7.0,0.0,8.0
CLI026667,8.0,8.0,8.0,0.0,0.0
CLI026668,7.0,0.0,8.0,0.0,0.0
CLI026669,0.0,7.0,0.0,8.0,0.0
CLI026670,8.0,8.0,8.0,9.0,0.0
CLI026673,0.0,9.0,8.0,0.0,0.0
CLI026674,0.0,0.0,8.0,9.0,6.0
CLI026675,0.0,0.0,0.0,9.0,9.0
CLI026676,0.0,0.0,7.0,8.5,0.0
CLI026677,10.0,0.0,0.0,0.0,0.0
CLI026678,0.0,0.0,6.5,8.0,8.0
CLI026679,7.0,0.0,0.0,8.0,8.0
CLI026680,8.0,0.0,0.0,0.0,0.0
CLI026681,0.0,0.0,7.0,8.0,9.0
CLI026682,8.0,0.0,0.0,8.5,0.0
CLI026683,8.0,0.0,8.0,0.0,0.0
CLI026685,0.0,0.0,8.0,0.0,7.0
CLI026686,0.0,0.0,8.0,0.0,8.0
CLI026687,0.0,0.0,9.0,7.0,0.0
CLI026688,0.0,0.0,8.0,0.0,10.0
CLI026689,9.0,8.0,9.0,0.0,0.0
CLI026690,0.0,0.0,0.0,7.0,9.0
CLI026691,8.0,8.0,9.0,7.0,8.0
CLI026692,0.0,9.0,7.0,8.0,8.0
CLI026693,0.0,10.0,8.0,9.5,8.0
CLI026694,0.0,0.0,8.0,9.0,0.0
CLI026695,9.0,0.0,0.0,8.0,0.0
CLI026696,10.0,0.0,8.0,0.0,0.0
CLI026697,9.0,9.0,0.0,8.0,7.0
CLI026698,8.0,0.0,8.0,0.0,9.0
CLI026699,9.0,0.0,7.0,6.0,9.0
CLI026700,8.5,0.0,8.0,9.0,0.0
CLI026701,6.0,0.0,0.0,0.0,0.0
CLI026702,0.0,0.0,0.0,0.0,7.0
CLI026703,8.0,0.0,0.0,0.0,0.0
CLI026704,7.5,0.0,0.0,8.5,0.0
CLI026705,0.0,8.0,9.0,9.0,9.0
CLI026706,0.0,0.0,0.0,8.0,0.0
CLI026708,0.0,9.0,0.0,0.0,7.0
CLI026709,8.0,0.0,8.0,0.0,0.0
CLI026710,0.0,8.5,7.0,0.0,0.0
CLI026711,0.0,8.0,9.0,0.0,0.0
CLI026713,7.0,0.0,9.0,9.0,0.0
CLI026714,0.0,0.0,0.0,8.0,0.0
CLI026715,8.0,0.0,9.0,7.0,0.0
CLI026716,0.0,0.0,0.0,0.0,7.0
CLI026717,9.0,0.0,0.0,0.0,0.0
CLI026718,8.0,0.0,0.0,10.0,8.0
CLI026719,7.0,0.0,0.0,0.0,0.0
CLI026720,0.0,0.0,0.0,0.0,8.333333333333334
CLI026721,0.0,0.0,0.0,0.0,9.0
CLI026722,7.666666666666667,8.5,0.0,0.0,0.0
CLI026723,8.0,9.0,8.0,9.0,9.0
CLI026725,0.0,7.0,0.0,9.0,8.0
CLI026726,0.0,0.0,10.0,0.0,0.0
CLI026727,0.0,7.0,7.0,0.0,0.0
CLI026728,8.5,7.0,0.0,8.0,10.0
CLI026729,9.0,0.0,0.0,8.0,0.0
CLI026730,0.0,7.0,0.0,0.0,0.0
CLI026731,8.0,0.0,9.0,0.0,7.666666666666667
CLI026732,0.0,0.0,0.0,0.0,7.333333333333333
CLI026733,0.0,0.0,0.0,8.0,0.0
CLI026734,0.0,0.0,0.0,0.0,7.0
CLI026736,0.0,0.0,9.0,8.0,0.0
CLI026737,9.0,0.0,0.0,9.0,0.0
CLI026738,6.0,0.0,10.0,0.0,0.0
CLI026739,9.0,0.0,0.0,0.0,9.5
CLI026741,0.0,10.0,8.0,8.0,8.0
CLI026742,0.0,10.0,0.0,8.0,0.0
CLI026743,8.0,0.0,0.0,7.0,0.0
CLI026744,0.0,0.0,9.0,0.0,7.5
CLI026745,0.0,8.0,8.0,0.0,0.0
CLI026747,0.0,8.0,0.0,0.0,9.0
CLI026748,7.0,8.0,7.0,8.0,7.0
CLI026749,0.0,9.0,0.0,0.0,0.0
CLI026750,8.0,8.0,7.5,0.0,10.0
CLI026751,8.0,8.0,0.0,0.0,0.0
CLI026752,0.0,0.0,0.0,9.0,8.5
CLI026753,9.0,0.0,7.0,0.0,0.0
CLI026754,0.0,0.0,0.0,8.0,9.0
CLI026755,0.0,0.0,8.0,0.0,0.0
CLI026756,8.0,9.0,8.0,8.0,0.0
CLI026757,0.0,9.0,7.0,0.0,0.0
CLI026758,0.0,8.0,0.0,0.0,8.0
CLI026759,8.0,0.0,0.0,8.5,7.0
CLI026760,0.0,0.0,8.0,7.0,8.0
CLI026761,0.0,0.0,8.0,7.333333333333333,0.0
CLI026762,0.0,9.5,9.0,0.0,0.0
CLI026763,0.0,0.0,0.0,7.0,0.0
CLI026764,8.0,8.0,8.0,0.0,0.0
CLI026765,7.0,0.0,8.5,7.0,0.0
CLI026766,0.0,0.0,0.0,0.0,10.0
CLI026767,7.0,0.0,0.0,9.0,0.0
CLI026768,8.0,0.0,7.0,9.0,8.0
CLI026769,8.0,7.0,0.0,0.0,0.0
CLI026770,0.0,7.0,0.0,0.0,0.0
CLI026771,0.0,0.0,0.0,0.0,7.0
CLI026772,9.0,0.0,7.0,7.0,8.0
CLI026773,8.0,8.0,0.0,0.0,0.0
CLI026774,9.0,0.0,8.5,9.0,9.0
CLI026775,0.0,0.0,0.0,8.0,9.0
CLI026776,8.0,9.0,0.0,0.0,0.0
CLI026777,0.0,0.0,7.0,0.0,0.0
CLI026778,0.0,0.0,0.0,9.0,8.0
CLI026779,0.0,0.0,8.0,0.0,0.0
CLI026780,0.0,7.5,0.0,0.0,0.0
CLI026781,7.0,9.0,0.0,0.0,0.0
CLI026782,0.0,0.0,0.0,9.0,0.0
CLI026783,0.0,9.0,7.5,0.0,9.0
CLI026784,0.0,8.0,7.0,0.0,0.0
CLI026786,0.0,0.0,0.0,7.0,0.0
CLI026787,0.0,8.0,0.0,0.0,0.0
CLI026788,7.0,0.0,7.0,0.0,0.0
CLI026789,0.0,7.0,7.0,7.0,0.0
CLI026790,0.0,0.0,8.0,0.0,9.0
CLI026791,0.0,0.0,10.0,0.0,0.0
CLI026792,0.0,9.0,0.0,0.0,7.0
CLI026793,0.0,10.0,0.0,7.0,0.0
CLI026794,7.0,8.0,0.0,0.0,8.0
CLI026795,0.0,0.0,0.0,0.0,9.0
CLI026796,0.0,0.0,9.0,0.0,0.0
CLI026797,8.0,0.0,8.0,0.0,9.0
CLI026798,0.0,0.0,10.0,9.0,0.0
CLI026799,0.0,8.0,8.0,7.5,0.0
CLI026801,9.0,0.0,0.0,0.0,0.0
CLI026802,10.0,9.0,0.0,0.0,8.0
CLI026803,8.0,0.0,0.0,0.0,0.0
CLI026804,0.0,9.0,0.0,10.0,0.0
CLI026805,0.0,9.0,8.0,0.0,0.0
CLI026806,0.0,9.0,0.0,8.5,10.0
CLI026807,0.0,0.0,0.0,0.0,10.0
CLI026808,7.0,0.0,0.0,0.0,0.0
CLI026809,0.0,0.0,9.0,0.0,0.0
CLI026810,8.0,0.0,0.0,8.0,0.0
CLI026811,0.0,0.0,0.0,8.0,0.0
CLI026812,7.5,0.0,0.0,8.0,9.0
CLI026814,0.0,0.0,0.0,0.0,8.0
CLI026815,7.0,0.0,7.0,0.0,0.0
CLI026816,8.0,0.0,0.0,8.0,0.0
CLI026817,0.0,0.0,8.0,0.0,0.0
CLI026818,0.0,0.0,0.0,9.0,0.0
CLI026819,7.0,0.0,0.0,8.0,0.0
CLI026820,0.0,0.0,9.0,0.0,0.0
CLI026821,8.0,8.0,0.0,7.0,9.0
CLI026822,8.0,8.0,10.0,0.0,0.0
CLI026824,0.0,8.0,0.0,0.0,0.0
CLI026825,0.0,0.0,0.0,9.0,0.0
CLI026826,0.0,0.0,0.0,8.0,0.0
CLI026827,0.0,0.0,0.0,9.0,7.0
CLI026828,0.0,9.0,0.0,0.0,8.333333333333334
CLI026829,0.0,8.0,0.0,0.0,0.0
CLI026830,0.0,0.0,7.0,8.0,0.0
CLI026831,0.0,8.5,7.0,0.0,8.0
CLI026832,8.0,7.0,0.0,7.0,8.333333333333334
CLI026833,9.0,0.0,0.0,0.0,0.0
CLI026834,0.0,0.0,7.0,0.0,0.0
CLI026835,0.0,0.0,0.0,0.0,7.0
CLI026836,0.0,7.5,0.0,10.0,0.0
CLI026837,0.0,0.0,0.0,0.0,8.0
CLI026838,0.0,0.0,0.0,9.0,9.0
CLI026839,7.0,0.0,8.0,7.0,7.0
CLI026840,7.0,0.0,10.0,8.0,9.0
CLI026841,0.0,8.0,8.666666666666666,7.0,8.0
CLI026842,8.5,8.5,9.0,0.0,0.0
CLI026843,7.0,0.0,9.0,9.0,0.0
CLI026844,7.0,0.0,9.0,0.0,0.0
CLI026845,0.0,0.0,0.0,0.0,8.0
CLI026846,0.0,0.0,0.0,8.0,0.0
CLI026847,0.0,0.0,0.0,7.0,0.0
CLI026848,0.0,7.0,0.0,0.0,10.0
CLI026849,0.0,9.0,0.0,0.0,0.0
CLI026850,0.0,0.0,7.0,8.0,8.0
CLI026851,0.0,0.0,8.0,0.0,0.0
CLI026852,0.0,0.0,9.0,8.0,0.0
CLI026854,0.0,0.0,7.0,0.0,0.0
CLI026855,0.0,0.0,10.0,0.0,0.0
CLI026856,6.0,8.0,0.0,0.0,0.0
CLI026857,0.0,7.0,8.0,0.0,8.5
CLI026858,0.0,9.0,0.0,0.0,10.0
CLI026859,0.0,0.0,0.0,8.0,0.0
CLI026860,8.0,0.0,8.0,0.0,8.0
CLI026861,8.0,9.0,0.0,0.0,8.0
CLI026862,0.0,8.0,0.0,7.5,0.0
CLI026863,0.0,6.0,0.0,8.0,0.0
CLI026864,8.0,0.0,0.0,0.0,0.0
CLI026865,0.0,0.0,10.0,0.0,8.5
CLI026866,7.0,0.0,0.0,10.0,0.0
CLI026867,8.5,0.0,7.0,9.0,0.0
CLI026868,0.0,0.0,0.0,8.0,0.0
CLI026869,0.0,8.0,0.0,0.0,0.0
CLI026870,9.0,0.0,0.0,6.5,8.0
CLI026871,0.0,9.0,0.0,0.0,0.0
CLI026872,8.5,0.0,0.0,0.0,0.0
CLI026873,8.0,0.0,9.0,9.0,9.0
CLI026874,8.0,8.0,0.0,0.0,0.0
CLI026875,0.0,7.0,0.0,0.0,9.0
CLI026876,7.0,0.0,8.5,0.0,8.0
CLI026877,8.5,8.0,8.0,0.0,0.0
CLI026878,0.0,7.0,0.0,0.0,0.0
CLI026879,0.0,7.0,0.0,0.0,7.0
CLI026880,7.5,8.0,0.0,0.0,9.0
CLI026881,0.0,9.0,0.0,8.0,8.0
CLI026882,0.0,0.0,0.0,8.5,0.0
CLI026883,0.0,8.0,0.0,0.0,0.0
CLI026884,7.0,0.0,8.0,7.0,0.0
CLI026885,0.0,0.0,8.0,0.0,0.0
CLI026887,9.0,9.0,0.0,0.0,9.0
CLI026888,0.0,8.5,0.0,7.0,0.0
CLI026889,0.0,0.0,9.0,0.0,0.0
CLI026890,0.0,0.0,9.0,0.0,7.0
CLI026891,0.0,0.0,9.0,7.0,0.0
CLI026893,7.0,0.0,8.0,0.0,0.0
CLI026894,8.0,8.5,7.5,0.0,7.0
CLI026896,9.0,0.0,0.0,0.0,0.0
CLI026897,0.0,0.0,7.0,7.0,9.0
CLI026898,0.0,0.0,0.0,0.0,9.0
CLI026899,0.0,0.0,8.0,0.0,8.0
CLI026900,9.0,0.0,0.0,0.0,0.0
CLI026901,0.0,0.0,7.0,8.5,0.0
CLI026902,8.0,8.0,8.0,0.0,0.0
CLI026903,0.0,7.0,0.0,0.0,7.0
CLI026904,0.0,8.0,0.0,8.5,0.0
CLI026905,0.0,0.0,0.0,0.0,9.0
CLI026906,8.0,7.0,0.0,7.5,0.0
CLI026907,0.0,0.0,7.0,0.0,8.0
CLI026908,0.0,0.0,8.0,0.0,9.0
CLI026909,7.0,0.0,0.0,0.0,0.0
CLI026910,8.0,8.4,0.0,0.0,8.0
CLI026911,7.0,0.0,9.0,0.0,0.0
CLI026912,0.0,0.0,8.0,8.5,8.0
CLI026913,0.0,8.0,8.0,0.0,0.0
CLI026914,9.0,8.0,0.0,0.0,0.0
CLI026915,0.0,0.0,9.0,0.0,9.5
CLI026916,6.0,0.0,0.0,0.0,7.0
CLI026917,0.0,7.0,0.0,0.0,0.0
CLI026918,0.0,10.0,0.0,0.0,9.0
CLI026919,10.0,0.0,0.0,7.0,0.0
CLI026920,0.0,0.0,8.0,10.0,7.5
CLI026921,9.0,0.0,8.0,0.0,8.0
CLI026922,8.333333333333334,7.0,8.0,0.0,0.0
CLI026923,0.0,0.0,9.0,8.0,7.0
CLI026924,6.5,8.0,0.0,7.0,8.0
CLI026925,0.0,8.0,0.0,8.0,8.0
CLI026927,0.0,7.0,0.0,0.0,0.0
CLI026928,9.0,0.0,8.0,0.0,0.0
CLI026929,8.0,8.0,10.0,0.0,0.0
CLI026930,9.0,8.0,0.0,8.333333333333334,0.0
CLI026931,9.0,0.0,6.0,0.0,9.0
CLI026932,0.0,0.0,0.0,0.0,9.0
CLI026933,0.0,0.0,9.0,0.0,9.0
CLI026934,0.0,7.0,0.0,7.0,0.0
CLI026935,8.0,9.0,0.0,8.0,7.0
CLI026936,8.0,9.0,0.0,0.0,7.0
CLI026937,0.0,7.333333333333333,7.5,0.0,7.0
CLI026938,8.0,0.0,0.0,0.0,0.0
CLI026939,0.0,0.0,7.666666666666667,0.0,0.0
CLI026941,8.0,0.0,0.0,0.0,9.0
CLI026942,0.0,8.0,0.0,0.0,0.0
CLI026943,0.0,0.0,0.0,7.0,9.0
CLI026944,0.0,9.0,0.0,0.0,0.0
CLI026945,0.0,9.0,0.0,9.0,0.0
CLI026946,8.0,0.0,0.0,0.0,0.0
CLI026947,0.0,7.0,9.0,0.0,10.0
CLI026948,0.0,7.5,0.0,0.0,0.0
CLI026949,0.0,0.0,6.0,8.0,0.0
CLI026950,8.0,8.5,8.0,0.0,0.0
CLI026952,0.0,7.5,0.0,0.0,0.0
CLI026953,9.0,8.5,0.0,0.0,0.0
CLI026954,0.0,0.0,8.0,10.0,0.0
CLI026955,7.0,0.0,6.0,0.0,8.0
CLI026956,0.0,0.0,9.0,0.0,0.0
CLI026957,0.0,0.0,0.0,9.0,7.0
CLI026958,8.0,8.0,0.0,0.0,0.0
CLI026959,0.0,8.0,7.0,8.0,7.0
CLI026960,0.0,8.0,0.0,10.0,0.0
CLI026961,8.0,0.0,7.5,0.0,0.0
CLI026962,0.0,6.0,10.0,7.0,0.0
CLI026963,0.0,8.5,7.666666666666667,8.0,10.0
CLI026965,0.0,8.666666666666666,0.0,7.0,0.0
CLI026966,8.0,0.0,0.0,8.0,0.0
CLI026967,0.0,0.0,0.0,0.0,9.0
CLI026969,0.0,0.0,7.0,8.0,0.0
CLI026970,9.0,9.0,0.0,0.0,0.0
CLI026971,0.0,0.0,0.0,7.0,8.0
CLI026972,0.0,0.0,8.0,0.0,0.0
CLI026974,0.0,8.0,7.0,0.0,0.0
CLI026975,8.0,0.0,8.0,0.0,0.0
CLI026976,8.0,8.0,0.0,7.666666666666667,0.0
CLI026977,10.0,8.0,9.0,0.0,0.0
CLI026978,7.0,0.0,0.0,0.0,0.0
CLI026979,8.0,0.0,7.0,0.0,7.0
CLI026980,0.0,9.0,0.0,0.0,0.0
CLI026981,0.0,7.5,8.0,0.0,0.0
CLI026982,9.0,9.0,7.0,7.0,0.0
CLI026983,0.0,0.0,7.0,8.0,0.0
CLI026984,0.0,0.0,0.0,8.0,9.0
CLI026985,0.0,0.0,6.5,8.0,0.0
CLI026986,0.0,0.0,0.0,0.0,7.0
CLI026987,0.0,0.0,8.0,0.0,0.0
CLI026988,0.0,8.0,0.0,9.0,9.0
CLI026989,0.0,0.0,7.0,0.0,7.0
CLI026990,0.0,0.0,7.0,9.0,0.0
CLI026991,0.0,0.0,0.0,8.0,0.0
CLI026992,7.5,0.0,0.0,0.0,0.0
CLI026993,0.0,8.0,0.0,0.0,0.0
CLI026994,0.0,0.0,0.0,0.0,7.5
CLI026995,0.0,0.0,7.0,0.0,0.0
CLI026996,8.0,0.0,9.0,0.0,0.0
CLI026997,9.0,0.0,8.0,8.0,0.0
CLI026998,0.0,0.0,8.0,0.0,0.0
CLI026999,0.0,0.0,7.0,0.0,0.0
CLI027000,8.0,0.0,0.0,9.0,0.0
CLI027001,9.0,0.0,9.0,0.0,0.0
CLI027002,7.0,8.0,9.0,7.333333333333333,9.0
CLI027003,0.0,8.0,7.0,0.0,0.0
CLI027004,0.0,9.0,0.0,7.0,7.0
CLI027005,8.0,8.0,8.0,0.0,8.0
CLI027006,0.0,9.0,0.0,7.0,6.0
CLI027007,10.0,0.0,8.0,0.0,8.5
CLI027008,0.0,8.0,10.0,0.0,0.0
CLI027009,0.0,8.0,0.0,8.0,0.0
CLI027010,0.0,0.0,0.0,7.0,8.5
CLI027011,0.0,7.0,9.0,0.0,0.0
CLI027012,0.0,0.0,0.0,8.0,0.0
CLI027013,0.0,0.0,0.0,8.0,0.0
CLI027014,8.0,9.0,0.0,0.0,0.0
CLI027015,0.0,0.0,0.0,9.0,7.0
CLI027016,8.0,7.0,0.0,0.0,7.5
CLI027017,9.0,8.0,7.5,9.0,0.0
CLI027018,0.0,7.0,7.0,0.0,0.0
CLI027019,8.0,7.0,0.0,8.333333333333334,0.0
CLI027020,0.0,7.0,0.0,0.0,8.0
CLI027021,9.0,7.0,0.0,0.0,8.0
CLI027022,0.0,0.0,9.0,7.0,0.0
CLI027023,0.0,10.0,0.0,0.0,9.0
CLI027024,0.0,0.0,0.0,8.0,8.0
CLI027025,7.0,0.0,9.0,0.0,0.0
CLI027026,0.0,0.0,9.0,0.0,0.0
CLI027027,0.0,0.0,8.0,9.0,8.0
CLI027028,0.0,0.0,9.0,0.0,10.0
CLI027029,8.0,9.0,0.0,0.0,7.5
CLI027030,8.0,0.0,0.0,0.0,0.0
CLI027031,0.0,0.0,0.0,8.0,7.0
CLI027032,7.0,0.0,0.0,0.0,0.0
CLI027033,0.0,0.0,0.0,0.0,9.0
CLI027034,0.0,0.0,0.0,8.0,7.0
CLI027035,0.0,0.0,7.0,9.0,0.0
CLI027036,0.0,0.0,9.5,0.0,9.0
CLI027037,8.0,10.0,0.0,0.0,0.0
CLI027038,0.0,8.0,0.0,0.0,0.0
CLI027039,8.0,6.0,0.0,0.0,0.0
CLI027040,8.5,0.0,0.0,0.0,8.0
CLI027041,0.0,0.0,0.0,8.0,0.0
CLI027042,0.0,0.0,0.0,0.0,9.0
CLI027044,0.0,8.0,0.0,0.0,8.0
CLI027046,0.0,0.0,0.0,0.0,7.0
CLI027047,8.0,10.0,0.0,0.0,0.0
CLI027048,8.0,0.0,7.0,0.0,8.0
CLI027049,0.0,0.0,0.0,0.0,8.5
CLI027051,0.0,7.0,0.0,0.0,7.0
CLI027053,0.0,0.0,0.0,7.0,8.5
CLI027054,0.0,8.0,0.0,7.0,9.0
CLI027055,8.0,0.0,0.0,7.666666666666667,0.0
CLI027056,8.0,8.0,0.0,0.0,10.0
CLI027057,0.0,0.0,8.0,0.0,0.0
CLI027058,7.0,0.0,0.0,8.0,0.0
CLI027059,0.0,0.0,0.0,8.0,0.0
CLI027060,0.0,10.0,0.0,0.0,0.0
CLI027061,9.0,7.5,0.0,8.0,0.0
CLI027062,8.0,0.0,0.0,0.0,0.0
CLI027063,0.0,7.0,9.5,0.0,0.0
CLI027064,0.0,9.0,0.0,0.0,10.0
CLI027065,0.0,7.0,0.0,0.0,0.0
CLI027066,0.0,0.0,0.0,8.0,0.0
CLI027067,9.0,0.0,7.0,0.0,0.0
CLI027068,0.0,0.0,7.5,0.0,0.0
CLI027069,7.0,0.0,7.0,7.0,0.0
CLI027070,9.0,0.0,7.0,0.0,0.0
CLI027071,0.0,7.0,0.0,0.0,0.0
CLI027072,0.0,7.5,0.0,0.0,0.0
CLI027073,0.0,0.0,0.0,9.0,0.0
CLI027074,0.0,8.0,0.0,9.0,0.0
CLI027075,8.0,0.0,8.5,0.0,7.0
CLI027076,0.0,8.333333333333334,9.5,0.0,0.0
CLI027077,7.0,0.0,0.0,9.0,8.0
CLI027078,0.0,0.0,0.0,0.0,8.0
CLI027079,6.0,8.0,8.5,10.0,7.5
CLI027080,0.0,8.0,8.0,0.0,0.0
CLI027081,0.0,7.5,0.0,0.0,0.0
CLI027082,9.0,0.0,0.0,0.0,0.0
CLI027084,8.5,0.0,0.0,8.0,7.5
CLI027085,8.0,0.0,8.0,0.0,0.0
CLI027086,0.0,9.0,0.0,9.0,9.0
CLI027088,8.5,0.0,0.0,0.0,8.0
CLI027089,0.0,0.0,0.0,0.0,8.0
CLI027090,0.0,0.0,9.0,7.0,0.0
CLI027091,0.0,0.0,0.0,7.666666666666667,6.0
CLI027092,9.0,0.0,9.0,0.0,0.0
CLI027093,8.0,0.0,0.0,0.0,0.0
CLI027094,10.0,0.0,0.0,0.0,8.0
CLI027095,7.0,0.0,9.0,0.0,0.0
CLI027096,0.0,8.0,8.0,8.5,0.0
CLI027097,8.0,0.0,0.0,0.0,9.0
CLI027098,0.0,8.0,0.0,8.5,9.0
CLI027099,0.0,8.0,8.0,8.0,0.0
CLI027100,8.0,7.0,0.0,0.0,6.0
CLI027101,7.0,0.0,8.0,7.5,9.0
CLI027102,0.0,8.0,0.0,0.0,8.0
CLI027103,8.0,9.0,0.0,0.0,8.0
CLI027104,8.0,0.0,10.0,7.0,0.0
CLI027105,0.0,0.0,0.0,7.0,7.0
CLI027106,0.0,0.0,8.0,6.0,0.0
CLI027107,0.0,0.0,8.0,8.0,0.0
CLI027108,9.0,0.0,8.0,9.0,0.0
CLI027109,9.0,8.0,0.0,0.0,8.0
CLI027110,0.0,8.0,0.0,0.0,0.0
CLI027111,0.0,0.0,0.0,0.0,7.0
CLI027112,0.0,8.0,0.0,0.0,0.0
CLI027113,10.0,9.0,0.0,0.0,8.0
CLI027114,8.0,9.0,0.0,0.0,7.0
CLI027115,8.0,8.0,7.0,9.0,0.0
CLI027116,0.0,7.0,0.0,0.0,0.0
CLI027117,0.0,8.0,0.0,9.0,6.0
CLI027118,0.0,8.0,0.0,0.0,8.0
CLI027119,7.0,0.0,0.0,7.0,8.0
CLI027120,0.0,0.0,0.0,0.0,7.0
CLI027121,8.0,0.0,0.0,0.0,0.0
CLI027122,0.0,8.0,0.0,0.0,7.0
CLI027123,7.0,0.0,10.0,0.0,0.0
CLI027125,0.0,0.0,0.0,9.0,0.0
CLI027126,0.0,9.0,8.0,8.0,0.0
CLI027127,9.0,0.0,0.0,0.0,8.0
CLI027128,0.0,7.0,10.0,0.0,0.0
CLI027130,0.0,0.0,8.0,8.0,0.0
CLI027131,0.0,0.0,0.0,8.0,0.0
CLI027132,0.0,8.0,7.0,0.0,9.0
CLI027133,8.0,8.0,0.0,0.0,0.0
CLI027134,7.0,0.0,0.0,0.0,0.0
CLI027135,0.0,0.0,0.0,7.0,8.5
CLI027136,0.0,0.0,7.0,0.0,8.0
CLI027137,0.0,9.0,0.0,9.0,7.5
CLI027138,6.0,0.0,9.0,0.0,0.0
CLI027139,0.0,0.0,8.0,0.0,9.5
CLI027141,0.0,0.0,0.0,9.0,9.0
CLI027142,0.0,0.0,8.0,0.0,0.0
CLI027143,0.0,0.0,0.0,7.5,7.0
CLI027144,7.0,0.0,9.0,0.0,0.0
CLI027145,8.0,0.0,0.0,0.0,0.0
CLI027146,9.0,10.0,0.0,0.0,0.0
CLI027147,0.0,0.0,8.0,0.0,8.0
CLI027148,0.0,8.0,8.0,0.0,8.0
CLI027149,7.0,10.0,0.0,0.0,8.0
CLI027150,0.0,0.0,0.0,8.0,8.5
CLI027151,0.0,0.0,0.0,0.0,9.0
CLI027152,0.0,0.0,0.0,8.0,0.0
CLI027153,0.0,7.0,9.0,8.333333333333334,0.0
CLI027154,0.0,6.0,8.0,9.0,8.0
CLI027155,0.0,0.0,8.0,0.0,0.0
CLI027156,9.0,8.0,7.0,8.0,0.0
CLI027157,9.0,7.0,8.0,8.0,0.0
CLI027158,0.0,7.0,0.0,6.0,0.0
CLI027159,0.0,8.0,0.0,8.0,0.0
CLI027160,7.0,7.333333333333333,0.0,8.0,0.0
CLI027161,9.0,8.0,0.0,8.0,8.0
CLI027162,8.0,9.0,0.0,0.0,8.0
CLI027163,9.0,0.0,8.0,0.0,0.0
CLI027164,0.0,0.0,9.0,0.0,0.0
CLI027165,0.0,7.0,0.0,0.0,8.0
CLI027167,8.0,0.0,0.0,0.0,0.0
CLI027168,0.0,0.0,7.0,0.0,0.0
CLI027169,8.666666666666666,9.0,9.0,0.0,0.0
CLI027171,9.0,8.0,0.0,9.0,0.0
CLI027172,8.0,0.0,9.0,0.0,0.0
CLI027173,0.0,0.0,0.0,7.0,8.0
CLI027174,7.0,0.0,0.0,7.0,0.0
CLI027175,0.0,8.666666666666666,0.0,7.0,0.0
CLI027176,0.0,7.0,0.0,0.0,0.0
CLI027177,8.0,8.25,0.0,0.0,7.5
CLI027178,9.5,8.5,0.0,8.5,8.0
CLI027179,0.0,10.0,0.0,0.0,0.0
CLI027180,0.0,9.0,0.0,0.0,8.5
CLI027181,0.0,10.0,0.0,9.0,7.0
CLI027182,8.0,8.0,6.5,0.0,7.0
CLI027183,0.0,7.0,0.0,9.0,0.0
CLI027184,7.5,9.0,0.0,0.0,0.0
CLI027185,9.0,0.0,0.0,8.0,7.0
CLI027186,9.0,0.0,0.0,10.0,0.0
CLI027188,0.0,7.0,0.0,0.0,0.0
CLI027189,7.0,0.0,8.0,0.0,0.0
CLI027190,0.0,0.0,8.0,8.0,9.0
CLI027191,0.0,0.0,7.0,0.0,0.0
CLI027192,8.0,8.5,0.0,7.0,0.0
CLI027193,0.0,9.0,10.0,0.0,0.0
CLI027196,0.0,0.0,8.0,0.0,0.0
CLI027197,7.5,0.0,0.0,0.0,0.0
CLI027198,0.0,8.0,8.0,8.333333333333334,0.0
CLI027199,0.0,0.0,7.0,0.0,7.0
CLI027200,0.0,8.0,0.0,9.0,9.0
CLI027201,9.0,0.0,8.0,0.0,7.0
CLI027203,9.0,0.0,0.0,8.0,0.0
CLI027204,0.0,0.0,7.0,0.0,0.0
CLI027205,0.0,8.0,9.0,0.0,0.0
CLI027206,7.0,0.0,8.0,9.0,0.0
CLI027207,0.0,0.0,0.0,9.0,0.0
CLI027208,0.0,0.0,8.0,8.0,7.5
CLI027209,8.0,0.0,7.0,8.0,0.0
CLI027210,0.0,7.0,9.0,0.0,8.0
CLI027211,8.5,0.0,0.0,8.0,8.0
CLI027212,8.0,0.0,0.0,0.0,6.0
CLI027213,9.0,8.0,0.0,0.0,8.0
CLI027215,0.0,8.5,0.0,0.0,8.0
CLI027216,9.0,0.0,0.0,0.0,0.0
CLI027217,8.0,0.0,8.0,7.5,10.0
CLI027218,0.0,0.0,0.0,0.0,7.5
CLI027219,0.0,0.0,0.0,8.0,0.0
CLI027220,0.0,0.0,0.0,8.0,0.0
CLI027221,0.0,0.0,9.0,8.0,7.0
CLI027222,0.0,0.0,8.0,8.0,9.0
CLI027223,8.0,0.0,0.0,0.0,8.0
CLI027224,0.0,7.0,0.0,8.0,0.0
CLI027225,0.0,8.0,0.0,9.0,0.0
CLI027226,0.0,8.0,7.0,0.0,0.0
CLI027227,0.0,0.0,0.0,0.0,8.0
CLI027228,0.0,0.0,0.0,8.0,0.0
CLI027229,8.0,9.0,0.0,7.0,7.0
CLI027230,0.0,0.0,0.0,0.0,8.0
CLI027231,8.0,0.0,0.0,0.0,0.0
CLI027232,8.0,0.0,0.0,0.0,0.0
CLI027233,0.0,8.0,0.0,0.0,9.0
CLI027234,9.0,0.0,0.0,0.0,0.0
CLI027235,0.0,0.0,8.0,9.0,9.0
CLI027236,0.0,0.0,8.0,0.0,0.0
CLI027237,0.0,0.0,0.0,0.0,8.0
CLI027238,0.0,7.0,7.5,0.0,0.0
CLI027239,8.0,0.0,7.0,0.0,0.0
CLI027240,0.0,10.0,0.0,0.0,0.0
CLI027241,0.0,7.0,0.0,7.5,7.0
CLI027242,8.0,0.0,0.0,0.0,0.0
CLI027243,0.0,0.0,0.0,7.0,0.0
CLI027244,0.0,8.0,8.0,0.0,0.0
CLI027245,0.0,0.0,0.0,8.333333333333334,0.0
CLI027246,0.0,7.0,0.0,8.0,7.0
CLI027247,0.0,0.0,9.5,8.0,8.0
CLI027248,6.0,0.0,0.0,0.0,0.0
CLI027249,0.0,0.0,8.0,7.0,0.0
CLI027250,8.0,8.0,8.5,0.0,0.0
CLI027251,0.0,0.0,7.0,0.0,7.0
CLI027252,0.0,0.0,0.0,8.0,0.0
CLI027253,7.333333333333333,0.0,0.0,0.0,0.0
CLI027254,0.0,0.0,0.0,7.666666666666667,7.0
CLI027255,0.0,0.0,8.0,0.0,6.0
CLI027256,0.0,0.0,6.0,7.0,0.0
CLI027257,8.0,8.0,0.0,8.0,0.0
CLI027258,0.0,8.0,8.0,0.0,0.0
CLI027260,0.0,0.0,0.0,0.0,7.0
CLI027261,0.0,0.0,8.0,0.0,0.0
CLI027262,9.0,0.0,0.0,7.0,0.0
CLI027263,9.0,7.0,0.0,0.0,8.0
CLI027264,9.0,7.0,0.0,0.0,8.0
CLI027266,0.0,0.0,0.0,0.0,8.0
CLI027267,0.0,8.0,0.0,0.0,0.0
CLI027268,0.0,0.0,0.0,0.0,7.5
CLI027269,0.0,7.0,0.0,0.0,0.0
CLI027270,0.0,0.0,9.0,8.0,8.0
CLI027271,8.0,0.0,8.0,8.5,9.0
CLI027272,0.0,8.0,0.0,0.0,8.0
CLI027273,0.0,0.0,0.0,0.0,6.0
CLI027275,0.0,8.0,0.0,0.0,9.0
CLI027276,7.0,8.0,8.5,0.0,0.0
CLI027277,0.0,0.0,8.5,0.0,0.0
CLI027278,9.0,0.0,0.0,8.0,0.0
CLI027279,0.0,0.0,6.0,0.0,0.0
CLI027280,0.0,0.0,8.0,0.0,0.0
CLI027281,8.0,9.0,0.0,0.0,8.0
CLI027282,7.0,0.0,0.0,0.0,0.0
CLI027283,6.0,9.0,0.0,0.0,0.0
CLI027285,8.0,0.0,0.0,0.0,0.0
CLI027286,10.0,0.0,0.0,0.0,0.0
CLI027287,0.0,0.0,9.0,0.0,0.0
CLI027288,9.0,8.0,8.0,0.0,7.0
CLI027289,0.0,0.0,7.5,0.0,9.0
CLI027290,7.5,0.0,0.0,0.0,0.0
CLI027291,0.0,0.0,0.0,0.0,8.0
CLI027292,6.0,0.0,0.0,8.5,8.0
CLI027293,7.0,0.0,8.0,0.0,7.0
CLI027298,0.0,9.0,0.0,0.0,8.0
CLI027299,7.0,0.0,0.0,0.0,8.0
CLI027300,0.0,7.0,0.0,7.0,8.0
CLI027301,0.0,0.0,0.0,8.0,10.0
CLI027302,0.0,10.0,0.0,0.0,0.0
CLI027303,8.0,0.0,9.0,0.0,0.0
CLI027304,0.0,0.0,0.0,0.0,9.0
CLI027305,9.0,0.0,0.0,0.0,0.0
CLI027306,0.0,0.0,7.0,0.0,0.0
CLI027307,7.0,9.0,0.0,0.0,0.0
CLI027308,0.0,0.0,8.0,0.0,9.0
CLI027309,0.0,9.0,7.0,0.0,0.0
CLI027310,0.0,0.0,8.0,10.0,0.0
CLI027311,0.0,9.0,0.0,0.0,0.0
CLI027312,0.0,0.0,0.0,0.0,8.333333333333334
CLI027313,0.0,0.0,8.0,0.0,0.0
CLI027314,0.0,0.0,9.0,0.0,8.0
CLI027315,6.0,0.0,0.0,0.0,0.0
CLI027316,0.0,0.0,9.0,0.0,0.0
CLI027317,0.0,0.0,0.0,8.0,0.0
CLI027318,0.0,0.0,0.0,9.0,0.0
CLI027319,10.0,0.0,0.0,0.0,0.0
CLI027320,0.0,0.0,8.0,8.0,9.0
CLI027321,0.0,0.0,9.0,8.0,0.0
CLI027322,0.0,0.0,0.0,8.5,0.0
CLI027323,8.0,0.0,0.0,0.0,8.0
CLI027324,0.0,8.0,0.0,0.0,9.0
CLI027325,0.0,0.0,0.0,0.0,9.0
CLI027326,7.5,0.0,8.0,7.0,7.0
CLI027328,0.0,7.5,0.0,0.0,8.0
CLI027329,0.0,8.0,0.0,8.5,0.0
CLI027330,0.0,7.0,0.0,7.0,0.0
CLI027331,6.0,0.0,0.0,8.0,0.0
CLI027332,9.5,8.0,8.0,0.0,0.0
CLI027333,0.0,8.0,9.0,0.0,0.0
CLI027334,8.0,8.0,0.0,7.0,0.0
CLI027335,0.0,0.0,9.0,0.0,9.0
CLI027336,0.0,0.0,0.0,0.0,7.0
CLI027337,8.0,0.0,0.0,8.0,0.0
CLI027338,0.0,0.0,0.0,8.0,7.0
CLI027339,0.0,0.0,0.0,9.0,0.0
CLI027340,9.0,7.5,0.0,8.0,8.0
CLI027341,9.0,0.0,0.0,0.0,0.0
CLI027342,8.0,7.0,0.0,0.0,0.0
CLI027343,0.0,0.0,0.0,8.5,0.0
CLI027344,8.0,0.0,0.0,8.0,7.0
CLI027345,0.0,0.0,0.0,7.0,0.0
CLI027346,8.0,0.0,0.0,0.0,7.0
CLI027347,0.0,0.0,0.0,0.0,9.0
CLI027348,10.0,8.0,0.0,0.0,0.0
CLI027349,0.0,0.0,0.0,8.0,9.0
CLI027350,0.0,0.0,9.0,9.0,0.0
CLI027351,0.0,7.0,10.0,0.0,8.0
CLI027352,0.0,7.0,0.0,0.0,0.0
CLI027353,8.5,9.0,7.666666666666667,10.0,0.0
CLI027354,0.0,0.0,8.0,8.5,0.0
CLI027356,0.0,0.0,8.0,0.0,0.0
CLI027357,7.0,0.0,7.0,0.0,0.0
CLI027358,0.0,0.0,0.0,0.0,8.0
CLI027359,7.0,0.0,9.0,0.0,0.0
CLI027360,0.0,8.0,0.0,7.0,8.0
CLI027362,8.0,0.0,0.0,9.0,8.5
CLI027363,0.0,0.0,9.0,8.0,0.0
CLI027364,0.0,0.0,0.0,8.0,0.0
CLI027365,0.0,9.0,0.0,9.0,0.0
CLI027366,0.0,10.0,8.0,0.0,6.0
CLI027367,0.0,0.0,0.0,7.0,0.0
CLI027368,8.0,0.0,7.0,8.0,7.0
CLI027369,0.0,8.0,9.0,0.0,6.0
CLI027370,0.0,9.0,0.0,0.0,8.0
CLI027371,0.0,8.0,0.0,0.0,0.0
CLI027373,0.0,10.0,0.0,0.0,0.0
CLI027374,0.0,0.0,8.0,0.0,7.0
CLI027375,0.0,0.0,0.0,7.0,8.0
CLI027376,6.0,0.0,8.5,0.0,7.5
CLI027377,0.0,0.0,9.0,0.0,8.0
CLI027378,0.0,8.0,7.0,7.0,8.0
CLI027380,0.0,8.0,8.5,0.0,0.0
CLI027381,0.0,0.0,8.0,8.0,8.0
CLI027382,0.0,7.0,0.0,9.0,7.5
CLI027383,8.0,0.0,7.0,0.0,0.0
CLI027384,0.0,0.0,0.0,10.0,6.0
CLI027385,0.0,7.0,0.0,0.0,0.0
CLI027386,0.0,9.0,0.0,0.0,0.0
CLI027387,8.0,10.0,7.0,0.0,0.0
CLI027388,0.0,0.0,0.0,0.0,7.0
CLI027389,8.0,0.0,8.0,0.0,0.0
CLI027390,6.0,8.0,8.0,0.0,9.0
CLI027391,0.0,0.0,0.0,7.0,10.0
CLI027392,0.0,8.0,0.0,0.0,8.0
CLI027393,8.0,0.0,0.0,0.0,10.0
CLI027395,7.0,6.5,8.0,8.5,8.0
CLI027397,8.5,9.0,7.5,0.0,8.0
CLI027398,8.0,0.0,9.0,10.0,0.0
CLI027399,8.0,8.0,0.0,8.0,9.0
CLI027400,7.0,0.0,8.0,7.0,0.0
CLI027401,8.0,0.0,0.0,0.0,9.0
CLI027402,9.0,0.0,7.0,0.0,9.0
CLI027403,0.0,0.0,8.5,0.0,8.5
CLI027404,0.0,7.0,9.0,7.0,0.0
CLI027405,7.0,0.0,0.0,8.0,9.0
CLI027406,0.0,9.0,0.0,0.0,8.5
CLI027407,0.0,6.0,0.0,8.0,0.0
CLI027408,7.0,9.0,0.0,9.0,9.0
CLI027409,0.0,8.0,7.0,0.0,0.0
CLI027410,0.0,8.0,0.0,0.0,0.0
CLI027411,9.0,0.0,6.0,0.0,7.0
CLI027412,0.0,8.0,0.0,0.0,9.0
CLI027413,0.0,0.0,10.0,7.0,8.0
CLI027415,9.0,0.0,0.0,7.0,0.0
CLI027416,0.0,0.0,0.0,0.0,8.0
CLI027417,8.0,0.0,8.0,0.0,10.0
CLI027418,9.0,0.0,0.0,0.0,0.0
CLI027419,0.0,0.0,0.0,7.0,0.0
CLI027420,7.666666666666667,8.5,0.0,9.0,8.0
CLI027421,6.0,0.0,0.0,8.0,0.0
CLI027422,0.0,10.0,0.0,0.0,0.0
CLI027423,0.0,7.0,0.0,0.0,0.0
CLI027424,0.0,7.0,0.0,0.0,0.0
CLI027426,0.0,0.0,0.0,8.0,9.0
CLI027427,9.0,0.0,8.0,0.0,0.0
CLI027428,0.0,9.0,0.0,9.0,0.0
CLI027429,0.0,0.0,0.0,0.0,8.0
CLI027430,0.0,8.0,0.0,0.0,9.0
CLI027431,0.0,7.666666666666667,7.0,0.0,0.0
CLI027432,0.0,9.0,0.0,0.0,9.0
CLI027433,7.0,0.0,0.0,0.0,0.0
CLI027434,0.0,0.0,0.0,0.0,9.0
CLI027435,7.0,0.0,0.0,0.0,8.5
CLI027436,0.0,8.5,7.5,8.0,0.0
CLI027437,8.0,9.0,0.0,0.0,0.0
CLI027438,0.0,0.0,0.0,9.0,0.0
CLI027439,10.0,0.0,0.0,7.0,0.0
CLI027440,7.0,0.0,7.5,0.0,7.0
CLI027442,0.0,0.0,6.5,0.0,0.0
CLI027443,8.0,8.5,0.0,7.0,8.0
CLI027444,0.0,0.0,7.0,9.0,10.0
CLI027445,9.0,8.0,0.0,0.0,9.0
CLI027447,0.0,0.0,8.0,9.0,0.0
CLI027448,0.0,7.0,9.5,0.0,0.0
CLI027450,9.0,8.0,9.0,0.0,0.0
CLI027451,0.0,9.0,8.0,8.0,8.0
CLI027452,8.0,8.0,0.0,7.0,0.0
CLI027453,9.0,9.0,0.0,0.0,0.0
CLI027454,9.0,7.5,0.0,0.0,0.0
CLI027455,0.0,8.0,0.0,9.0,0.0
CLI027456,9.5,0.0,0.0,0.0,0.0
CLI027458,9.0,0.0,0.0,9.0,0.0
CLI027459,0.0,9.0,0.0,7.5,0.0
CLI027460,8.0,8.5,0.0,8.0,0.0
CLI027461,0.0,9.0,7.0,8.5,7.0
CLI027462,0.0,0.0,0.0,8.0,0.0
CLI027463,9.0,6.0,0.0,7.5,0.0
CLI027464,0.0,0.0,7.0,0.0,7.0
CLI027465,0.0,0.0,8.0,8.0,0.0
CLI027466,0.0,0.0,0.0,8.0,9.0
CLI027467,0.0,10.0,0.0,8.0,10.0
CLI027468,7.0,7.0,0.0,9.0,8.0
CLI027469,0.0,7.0,0.0,8.0,0.0
CLI027470,0.0,0.0,8.0,0.0,0.0
CLI027472,10.0,0.0,0.0,0.0,0.0
CLI027473,8.0,0.0,0.0,0.0,7.0
CLI027474,9.0,7.0,8.0,0.0,9.0
CLI027475,0.0,0.0,9.0,0.0,0.0
CLI027476,9.0,0.0,0.0,0.0,8.0
CLI027477,0.0,0.0,7.0,0.0,0.0
CLI027478,9.0,8.0,0.0,0.0,7.0
CLI027479,7.0,0.0,9.0,0.0,9.0
CLI027480,0.0,8.0,0.0,8.0,9.0
CLI027481,0.0,0.0,9.0,9.0,0.0
CLI027482,0.0,0.0,0.0,7.0,0.0
CLI027483,0.0,9.0,0.0,0.0,0.0
CLI027484,10.0,9.0,0.0,0.0,8.0
CLI027485,0.0,8.0,9.0,8.5,7.0
CLI027486,8.0,8.0,0.0,0.0,8.0
CLI027487,0.0,0.0,9.0,9.0,0.0
CLI027489,0.0,8.0,9.0,8.0,9.0
CLI027490,0.0,0.0,0.0,7.0,7.0
CLI027491,0.0,0.0,0.0,0.0,9.0
CLI027492,0.0,0.0,0.0,8.5,8.0
CLI027493,0.0,0.0,9.0,7.0,0.0
CLI027494,9.0,0.0,0.0,0.0,8.0
CLI027496,6.5,8.0,8.0,0.0,0.0
CLI027497,0.0,8.0,6.0,0.0,0.0
CLI027498,0.0,9.0,0.0,7.0,8.0
CLI027499,7.0,0.0,7.0,0.0,0.0
CLI027500,0.0,8.5,7.0,6.0,9.0
CLI027501,8.666666666666666,9.0,0.0,9.0,9.0
CLI027502,0.0,7.0,0.0,0.0,0.0
CLI027503,0.0,9.0,0.0,7.0,0.0
CLI027504,9.0,0.0,0.0,0.0,7.0
CLI027505,0.0,8.5,0.0,9.0,0.0
CLI027506,0.0,7.0,0.0,0.0,0.0
CLI027507,0.0,9.0,0.0,0.0,9.0
CLI027508,9.0,0.0,8.0,0.0,8.5
CLI027509,7.0,0.0,0.0,8.0,8.0
CLI027510,9.0,0.0,0.0,0.0,0.0
CLI027511,0.0,0.0,0.0,10.0,0.0
CLI027512,0.0,8.0,0.0,0.0,9.5
CLI027513,0.0,0.0,0.0,0.0,8.0
CLI027515,7.0,0.0,0.0,0.0,0.0
CLI027516,0.0,0.0,0.0,0.0,8.0
CLI027517,0.0,0.0,0.0,8.0,0.0
CLI027518,8.0,8.0,0.0,0.0,0.0
CLI027519,0.0,0.0,8.666666666666666,0.0,0.0
CLI027520,0.0,0.0,0.0,7.0,9.0
CLI027522,9.0,10.0,0.0,8.0,7.333333333333333
CLI027523,0.0,0.0,0.0,7.0,9.0
CLI027524,0.0,0.0,0.0,8.0,7.0
CLI027525,0.0,0.0,0.0,0.0,8.0
CLI027526,8.0,9.0,0.0,0.0,0.0
CLI027527,0.0,6.0,8.0,0.0,0.0
CLI027528,0.0,8.0,0.0,0.0,8.0
CLI027530,0.0,0.0,0.0,8.0,0.0
CLI027532,0.0,8.0,8.0,0.0,0.0
CLI027533,8.0,0.0,9.0,8.0,0.0
CLI027534,0.0,8.0,0.0,0.0,0.0
CLI027536,8.0,10.0,0.0,0.0,0.0
CLI027537,8.0,8.0,9.0,0.0,9.0
CLI027539,0.0,0.0,0.0,0.0,8.666666666666666
CLI027540,0.0,8.0,7.0,0.0,0.0
CLI027541,0.0,0.0,7.0,0.0,0.0
CLI027542,0.0,0.0,0.0,0.0,8.0
CLI027545,8.0,9.0,0.0,0.0,8.0
CLI027546,0.0,8.0,9.0,0.0,7.0
CLI027547,0.0,7.0,0.0,0.0,0.0
CLI027548,0.0,0.0,0.0,9.0,0.0
CLI027549,7.5,0.0,8.0,7.0,0.0
CLI027550,9.0,0.0,0.0,0.0,9.0
CLI027551,0.0,0.0,8.0,9.0,0.0
CLI027552,0.0,7.0,0.0,0.0,8.0
CLI027553,9.0,0.0,8.0,0.0,0.0
CLI027554,0.0,0.0,0.0,0.0,8.0
CLI027555,0.0,0.0,0.0,8.0,0.0
CLI027556,8.0,0.0,0.0,8.0,0.0
CLI027557,0.0,8.0,8.0,0.0,0.0
CLI027558,6.0,0.0,0.0,0.0,0.0
CLI027559,9.0,0.0,0.0,8.0,0.0
CLI027560,7.0,0.0,0.0,0.0,0.0
CLI027561,0.0,0.0,8.5,0.0,7.5
CLI027562,0.0,0.0,0.0,7.5,0.0
CLI027563,0.0,7.0,0.0,0.0,0.0
CLI027564,9.0,0.0,0.0,8.5,0.0
CLI027565,7.0,0.0,8.0,8.0,0.0
CLI027566,8.0,8.0,0.0,8.0,7.666666666666667
CLI027567,9.0,0.0,0.0,9.0,8.0
CLI027568,7.0,8.5,8.0,0.0,7.0
CLI027569,0.0,0.0,0.0,0.0,10.0
CLI027570,8.0,0.0,0.0,0.0,0.0
CLI027571,0.0,7.0,9.0,0.0,0.0
CLI027573,0.0,7.0,0.0,0.0,8.0
CLI027574,0.0,0.0,7.0,0.0,0.0
CLI027575,0.0,7.0,0.0,0.0,8.0
CLI027576,7.0,9.0,0.0,0.0,0.0
CLI027577,7.0,7.0,0.0,0.0,8.0
CLI027578,7.0,0.0,0.0,0.0,0.0
CLI027579,9.0,0.0,0.0,9.0,8.0
CLI027580,9.0,6.0,0.0,8.0,8.0
CLI027581,9.0,0.0,9.0,10.0,0.0
CLI027582,0.0,8.0,7.0,0.0,0.0
CLI027583,0.0,9.0,9.0,0.0,7.0
CLI027584,8.0,0.0,8.0,7.0,8.0
CLI027585,9.0,9.0,0.0,0.0,0.0
CLI027587,0.0,7.333333333333333,0.0,8.0,9.0
CLI027588,0.0,8.0,0.0,0.0,0.0
CLI027589,0.0,0.0,8.5,0.0,10.0
CLI027591,0.0,0.0,0.0,10.0,0.0
CLI027592,7.0,8.0,8.0,0.0,0.0
CLI027593,0.0,0.0,8.0,8.0,0.0
CLI027594,0.0,10.0,0.0,0.0,0.0
CLI027595,8.0,0.0,0.0,0.0,0.0
CLI027596,9.0,8.0,0.0,9.0,0.0
CLI027597,9.0,0.0,0.0,0.0,0.0
CLI027598,0.0,0.0,0.0,7.0,9.0
CLI027599,7.0,0.0,9.0,0.0,0.0
CLI027600,9.0,7.0,0.0,0.0,7.0
CLI027601,0.0,0.0,8.0,0.0,8.0
CLI027603,0.0,0.0,9.0,8.5,0.0
CLI027604,0.0,0.0,8.0,0.0,0.0
CLI027605,0.0,0.0,8.0,0.0,0.0
CLI027606,9.0,0.0,0.0,0.0,0.0
CLI027608,0.0,8.0,6.0,9.0,0.0
CLI027609,7.0,10.0,0.0,0.0,8.0
CLI027610,7.5,0.0,8.0,0.0,0.0
CLI027611,0.0,9.0,0.0,0.0,0.0
CLI027612,7.0,0.0,0.0,7.0,0.0
CLI027613,0.0,0.0,9.0,8.0,8.0
CLI027614,9.0,0.0,9.0,0.0,8.0
CLI027615,7.5,0.0,0.0,0.0,6.0
CLI027616,9.0,0.0,0.0,7.5,0.0
CLI027617,0.0,0.0,8.0,0.0,9.0
CLI027618,0.0,8.0,0.0,0.0,0.0
CLI027619,7.5,8.0,9.0,0.0,0.0
CLI027620,8.0,10.0,0.0,0.0,0.0
CLI027621,8.0,0.0,9.0,0.0,0.0
CLI027623,7.0,7.0,0.0,7.0,8.0
CLI027624,8.0,0.0,0.0,0.0,0.0
CLI027625,0.0,9.0,0.0,0.0,0.0
CLI027626,0.0,0.0,0.0,9.0,0.0
CLI027627,0.0,9.0,0.0,8.0,9.0
CLI027628,8.0,0.0,0.0,0.0,0.0
CLI027629,0.0,0.0,0.0,0.0,8.5
CLI027630,7.0,0.0,0.0,8.0,8.333333333333334
CLI027631,8.0,8.0,9.0,8.0,0.0
CLI027632,0.0,0.0,0.0,0.0,9.0
CLI027633,0.0,9.0,8.0,0.0,9.0
CLI027635,0.0,0.0,0.0,10.0,9.0
CLI027636,9.0,0.0,0.0,9.0,0.0
CLI027637,8.0,0.0,0.0,0.0,0.0
CLI027638,0.0,0.0,6.0,9.0,0.0
CLI027639,6.5,7.0,0.0,0.0,8.0
CLI027640,0.0,8.5,0.0,8.0,8.0
CLI027641,0.0,7.0,0.0,0.0,0.0
CLI027642,9.0,9.0,0.0,8.5,0.0
CLI027643,0.0,0.0,0.0,0.0,9.0
CLI027644,8.0,8.0,0.0,8.0,8.0
CLI027645,0.0,0.0,9.0,8.5,8.0
CLI027646,0.0,0.0,0.0,0.0,8.0
CLI027647,7.0,0.0,8.0,0.0,0.0
CLI027648,0.0,8.5,0.0,0.0,0.0
CLI027649,0.0,0.0,0.0,0.0,9.0
CLI027650,8.0,0.0,0.0,0.0,0.0
CLI027651,8.0,0.0,0.0,0.0,0.0
CLI027652,8.0,8.0,0.0,0.0,0.0
CLI027653,0.0,0.0,0.0,9.0,0.0
CLI027654,7.0,0.0,0.0,8.0,0.0
CLI027656,0.0,0.0,0.0,9.0,0.0
CLI027657,0.0,7.0,0.0,0.0,7.0
CLI027658,0.0,0.0,0.0,8.0,0.0
CLI027659,7.0,0.0,0.0,0.0,0.0
CLI027660,0.0,0.0,0.0,9.0,9.0
CLI027661,0.0,0.0,8.0,9.0,0.0
CLI027662,0.0,0.0,8.333333333333334,0.0,7.0
CLI027664,0.0,0.0,8.5,0.0,0.0
CLI027665,8.0,10.0,0.0,0.0,7.0
CLI027666,6.0,0.0,0.0,0.0,8.0
CLI027667,0.0,9.0,0.0,9.0,9.0
CLI027668,0.0,0.0,8.0,9.0,0.0
CLI027669,9.0,6.0,0.0,7.0,0.0
CLI027670,0.0,0.0,0.0,8.0,0.0
CLI027671,0.0,9.5,9.0,9.0,0.0
CLI027672,7.333333333333333,8.0,9.0,9.0,0.0
CLI027673,0.0,0.0,7.0,8.0,8.0
CLI027675,0.0,0.0,7.0,7.0,0.0
CLI027676,0.0,0.0,0.0,8.0,0.0
CLI027677,0.0,0.0,0.0,0.0,8.0
CLI027678,7.0,0.0,0.0,8.0,0.0
CLI027682,7.0,0.0,0.0,0.0,0.0
CLI027683,0.0,6.0,0.0,0.0,0.0
CLI027684,8.0,0.0,8.0,0.0,8.0
CLI027685,7.0,0.0,9.0,10.0,0.0
CLI027686,8.0,8.5,9.0,7.0,0.0
CLI027687,0.0,8.0,9.0,0.0,7.666666666666667
CLI027688,0.0,0.0,10.0,0.0,7.0
CLI027689,8.0,0.0,0.0,0.0,7.0
CLI027690,0.0,0.0,9.0,0.0,0.0
CLI027691,0.0,0.0,6.0,8.0,6.0
CLI027692,0.0,0.0,9.0,8.0,6.0
CLI027693,0.0,0.0,0.0,0.0,8.0
CLI027694,0.0,6.0,0.0,0.0,0.0
CLI027695,8.0,0.0,0.0,0.0,0.0
CLI027696,0.0,0.0,9.0,0.0,0.0
CLI027697,8.0,0.0,0.0,9.0,0.0
CLI027698,8.0,8.0,0.0,0.0,0.0
CLI027699,0.0,0.0,10.0,0.0,0.0
CLI027700,0.0,0.0,0.0,8.0,0.0
CLI027702,9.0,0.0,0.0,0.0,0.0
CLI027703,8.0,7.5,0.0,0.0,0.0
CLI027704,8.0,9.0,0.0,0.0,0.0
CLI027705,0.0,8.0,7.0,0.0,0.0
CLI027706,8.5,7.0,0.0,0.0,0.0
CLI027707,8.0,0.0,7.0,0.0,0.0
CLI027708,8.5,0.0,0.0,0.0,7.0
CLI027709,0.0,0.0,0.0,7.0,0.0
CLI027710,10.0,0.0,0.0,9.5,0.0
CLI027711,0.0,7.0,7.0,0.0,7.5
CLI027712,8.0,0.0,9.0,0.0,0.0
CLI027713,0.0,0.0,0.0,0.0,8.0
CLI027714,0.0,7.0,0.0,8.5,9.0
CLI027715,0.0,8.5,0.0,8.5,10.0
CLI027716,0.0,0.0,8.5,6.0,0.0
CLI027717,6.0,8.0,0.0,0.0,0.0
CLI027718,0.0,7.0,9.0,0.0,0.0
CLI027719,8.5,8.0,9.0,0.0,7.0
CLI027720,0.0,7.0,0.0,0.0,0.0
CLI027721,8.0,8.0,0.0,0.0,0.0
CLI027722,6.0,0.0,7.5,0.0,8.0
CLI027723,0.0,0.0,0.0,0.0,9.0
CLI027724,0.0,8.0,0.0,8.666666666666666,0.0
CLI027725,0.0,0.0,8.0,0.0,0.0
CLI027726,0.0,0.0,9.0,0.0,7.5
CLI027727,0.0,0.0,0.0,9.0,0.0
CLI027728,0.0,0.0,0.0,9.0,0.0
CLI027730,7.5,0.0,8.0,0.0,0.0
CLI027731,8.0,8.0,0.0,9.0,8.5
CLI027732,0.0,0.0,8.0,0.0,0.0
CLI027733,9.0,9.0,9.0,7.5,10.0
CLI027734,9.0,0.0,0.0,7.0,0.0
CLI027735,0.0,9.0,9.0,0.0,0.0
CLI027736,0.0,0.0,9.0,0.0,8.0
CLI027738,0.0,9.0,0.0,7.0,6.0
CLI027739,9.0,7.5,8.0,8.0,0.0
CLI027740,0.0,9.0,0.0,0.0,0.0
CLI027741,7.0,0.0,8.0,8.0,0.0
CLI027742,0.0,6.0,8.0,9.0,0.0
CLI027743,9.0,0.0,6.0,0.0,8.0
CLI027744,0.0,0.0,9.0,0.0,0.0
CLI027745,9.0,8.0,8.0,9.0,7.0
CLI027746,0.0,7.0,0.0,8.0,0.0
CLI027747,0.0,7.0,0.0,0.0,0.0
CLI027748,7.0,0.0,8.0,9.0,8.0
CLI027749,8.0,0.0,8.5,0.0,0.0
CLI027750,8.0,0.0,0.0,0.0,8.0
CLI027751,0.0,0.0,0.0,8.0,0.0
CLI027752,0.0,8.0,0.0,0.0,0.0
CLI027753,0.0,0.0,0.0,7.0,0.0
CLI027754,9.0,7.0,0.0,0.0,9.0
CLI027755,0.0,0.0,0.0,6.0,0.0
CLI027756,0.0,8.0,0.0,0.0,10.0
CLI027757,8.5,7.0,0.0,0.0,0.0
CLI027758,0.0,9.0,10.0,8.0,7.0
CLI027759,0.0,7.0,0.0,0.0,7.0
CLI027760,8.333333333333334,0.0,0.0,0.0,0.0
CLI027761,0.0,0.0,9.0,0.0,7.0
CLI027762,9.0,0.0,0.0,0.0,7.0
CLI027763,0.0,0.0,0.0,0.0,8.0
CLI027764,0.0,8.0,0.0,7.5,0.0
CLI027765,6.0,0.0,9.0,7.0,0.0
CLI027766,0.0,0.0,7.5,0.0,7.0
CLI027767,0.0,9.0,0.0,8.5,7.0
CLI027768,0.0,0.0,0.0,9.0,0.0
CLI027769,0.0,9.0,7.0,0.0,0.0
CLI027771,0.0,0.0,0.0,9.0,9.0
CLI027772,0.0,0.0,0.0,9.0,9.333333333333334
CLI027773,0.0,8.0,0.0,0.0,0.0
CLI027775,0.0,0.0,0.0,8.0,9.0
CLI027777,0.0,0.0,0.0,0.0,10.0
CLI027778,9.0,0.0,0.0,9.0,0.0
CLI027779,0.0,0.0,10.0,6.0,0.0
CLI027780,8.5,7.0,8.0,8.0,0.0
CLI027781,7.0,9.0,0.0,8.5,0.0
CLI027782,7.0,0.0,0.0,0.0,0.0
CLI027783,0.0,8.0,8.0,9.0,0.0
CLI027784,8.333333333333334,0.0,0.0,0.0,0.0
CLI027785,0.0,0.0,0.0,8.0,0.0
CLI027786,0.0,0.0,0.0,9.0,8.0
CLI027787,0.0,0.0,8.0,0.0,9.0
CLI027788,0.0,0.0,7.0,0.0,10.0
CLI027790,7.5,0.0,0.0,0.0,7.0
CLI027791,0.0,0.0,9.0,8.0,9.0
CLI027792,0.0,0.0,0.0,0.0,9.0
CLI027793,9.0,0.0,0.0,0.0,9.0
CLI027794,0.0,0.0,0.0,0.0,7.0
CLI027795,0.0,7.0,7.0,8.0,8.0
CLI027797,0.0,0.0,0.0,7.666666666666667,0.0
CLI027798,0.0,0.0,9.0,0.0,8.0
CLI027799,0.0,7.0,0.0,0.0,0.0
CLI027800,0.0,7.0,0.0,9.0,0.0
CLI027801,0.0,8.0,0.0,0.0,0.0
CLI027802,0.0,9.0,0.0,0.0,0.0
CLI027803,0.0,0.0,0.0,0.0,10.0
CLI027804,8.0,9.0,8.0,0.0,10.0
CLI027805,8.0,0.0,7.0,0.0,0.0
CLI027807,0.0,0.0,8.0,0.0,0.0
CLI027808,0.0,0.0,8.0,0.0,0.0
CLI027809,0.0,7.0,7.0,8.0,0.0
CLI027811,0.0,0.0,0.0,0.0,9.0
CLI027812,0.0,0.0,0.0,9.0,10.0
CLI027813,8.0,0.0,0.0,0.0,0.0
CLI027814,10.0,0.0,0.0,0.0,0.0
CLI027815,8.0,0.0,0.0,8.0,0.0
CLI027817,0.0,9.0,0.0,8.0,0.0
CLI027818,0.0,0.0,0.0,0.0,8.0
CLI027819,0.0,0.0,0.0,8.0,0.0
CLI027820,7.0,8.0,0.0,0.0,0.0
CLI027821,0.0,8.0,0.0,0.0,0.0
CLI027822,8.0,9.0,7.0,8.0,0.0
CLI027823,10.0,0.0,0.0,7.0,10.0
CLI027824,8.5,0.0,0.0,0.0,0.0
CLI027825,9.0,0.0,8.0,9.0,0.0
CLI027826,0.0,0.0,7.0,0.0,0.0
CLI027827,0.0,8.0,0.0,0.0,9.0
CLI027828,0.0,0.0,0.0,0.0,10.0
CLI027829,0.0,0.0,0.0,8.0,8.0
CLI027830,0.0,8.0,0.0,0.0,7.0
CLI027832,9.0,7.0,0.0,0.0,0.0
CLI027833,8.0,9.0,8.0,9.0,9.0
CLI027834,0.0,9.0,0.0,0.0,0.0
CLI027835,8.0,8.0,0.0,8.5,8.0
CLI027836,0.0,0.0,8.0,0.0,0.0
CLI027837,7.0,9.0,9.0,0.0,0.0
CLI027838,0.0,0.0,0.0,8.0,10.0
CLI027839,6.0,0.0,8.0,7.0,8.0
CLI027840,0.0,8.0,0.0,0.0,0.0
CLI027841,0.0,9.0,9.0,0.0,8.0
CLI027842,0.0,0.0,0.0,0.0,7.5
CLI027843,0.0,9.0,0.0,0.0,0.0
CLI027844,7.5,0.0,0.0,9.0,7.0
CLI027845,0.0,0.0,9.0,0.0,8.0
CLI027846,0.0,0.0,8.5,7.5,0.0
CLI027847,0.0,0.0,8.0,0.0,0.0
CLI027849,0.0,8.0,0.0,0.0,0.0
CLI027850,9.0,0.0,0.0,0.0,0.0
CLI027851,9.0,0.0,7.5,0.0,0.0
CLI027852,9.0,7.0,0.0,0.0,0.0
CLI027853,0.0,0.0,0.0,8.0,0.0
CLI027854,0.0,9.0,9.0,0.0,9.0
CLI027855,8.5,0.0,0.0,0.0,0.0
CLI027856,7.0,0.0,8.0,0.0,9.0
CLI027857,10.0,7.5,0.0,0.0,7.0
CLI027858,0.0,7.333333333333333,0.0,7.5,0.0
CLI027859,7.0,0.0,0.0,7.0,0.0
CLI027860,0.0,8.0,0.0,9.0,8.0
CLI027861,0.0,8.0,0.0,0.0,0.0
CLI027862,9.0,7.0,9.0,9.0,0.0
CLI027863,0.0,0.0,7.0,0.0,9.0
CLI027864,8.0,8.0,7.0,7.0,0.0
CLI027865,8.0,0.0,0.0,0.0,0.0
CLI027866,8.5,10.0,0.0,8.5,7.0
CLI027868,0.0,0.0,0.0,8.0,9.0
CLI027870,0.0,0.0,0.0,8.0,7.0
CLI027871,0.0,0.0,8.0,7.0,0.0
CLI027872,0.0,0.0,0.0,7.0,0.0
CLI027873,0.0,9.0,7.0,0.0,0.0
CLI027874,0.0,8.0,0.0,0.0,6.0
CLI027875,9.0,0.0,8.0,8.0,0.0
CLI027876,0.0,8.0,0.0,10.0,0.0
CLI027877,0.0,0.0,0.0,10.0,0.0
CLI027878,0.0,0.0,8.0,0.0,0.0
CLI027879,0.0,7.0,0.0,0.0,0.0
CLI027880,9.0,0.0,8.0,0.0,6.0
CLI027881,0.0,7.0,7.5,0.0,0.0
CLI027882,8.0,0.0,0.0,0.0,0.0
CLI027884,0.0,8.0,8.0,0.0,0.0
CLI027885,0.0,9.0,8.0,0.0,7.0
CLI027886,8.5,0.0,0.0,0.0,8.5
CLI027887,0.0,0.0,8.0,0.0,0.0
CLI027888,7.0,0.0,7.5,0.0,0.0
CLI027889,0.0,0.0,0.0,8.0,0.0
CLI027890,0.0,10.0,7.0,8.0,0.0
CLI027891,9.0,0.0,8.0,8.0,0.0
CLI027892,0.0,0.0,0.0,8.0,0.0
CLI027893,0.0,0.0,6.0,9.0,0.0
CLI027894,0.0,8.0,7.0,0.0,9.0
CLI027895,0.0,0.0,0.0,0.0,8.0
CLI027896,9.0,0.0,0.0,9.0,7.0
CLI027897,0.0,0.0,0.0,7.0,9.5
CLI027898,8.0,0.0,0.0,9.0,0.0
CLI027899,0.0,7.0,0.0,7.0,9.0
CLI027901,0.0,8.0,8.0,0.0,0.0
CLI027902,7.0,9.0,0.0,9.0,0.0
CLI027903,8.5,8.0,0.0,0.0,0.0
CLI027904,8.0,0.0,0.0,8.0,0.0
CLI027905,0.0,0.0,0.0,7.0,0.0
CLI027906,7.0,0.0,0.0,0.0,9.0
CLI027907,0.0,0.0,0.0,0.0,7.0
CLI027908,0.0,8.5,7.0,0.0,9.0
CLI027910,0.0,0.0,0.0,0.0,8.0
CLI027911,0.0,0.0,0.0,0.0,8.0
CLI027912,0.0,8.0,0.0,10.0,8.0
CLI027913,8.0,8.0,8.0,0.0,0.0
CLI027914,7.666666666666667,0.0,9.0,0.0,7.0
CLI027915,8.0,0.0,0.0,9.0,8.0
CLI027916,0.0,8.0,8.0,0.0,6.0
CLI027917,0.0,0.0,8.0,0.0,0.0
CLI027918,0.0,8.0,0.0,9.0,0.0
CLI027919,0.0,0.0,0.0,10.0,0.0
CLI027920,0.0,7.5,0.0,0.0,0.0
CLI027922,8.0,10.0,8.0,0.0,0.0
CLI027923,9.0,8.0,0.0,0.0,0.0
CLI027924,7.0,7.0,7.0,0.0,8.0
CLI027925,8.0,8.0,0.0,0.0,9.0
CLI027926,0.0,0.0,8.0,0.0,0.0
CLI027927,8.0,0.0,0.0,8.5,0.0
CLI027928,9.0,0.0,0.0,8.0,0.0
CLI027929,0.0,8.0,0.0,0.0,0.0
CLI027931,8.5,8.0,0.0,0.0,0.0
CLI027932,8.0,0.0,8.0,0.0,0.0
CLI027933,7.0,0.0,9.0,0.0,0.0
CLI027934,0.0,0.0,7.0,0.0,7.5
CLI027935,0.0,0.0,9.0,0.0,0.0
CLI027936,0.0,0.0,7.0,0.0,0.0
CLI027937,8.5,0.0,9.0,8.0,0.0
CLI027938,7.0,8.0,8.0,0.0,7.5
CLI027939,0.0,0.0,7.0,9.5,0.0
CLI027940,0.0,0.0,0.0,9.0,7.5
CLI027941,7.0,8.0,8.0,0.0,7.0
CLI027942,7.0,0.0,10.0,0.0,0.0
CLI027943,8.0,0.0,8.0,0.0,0.0
CLI027944,0.0,0.0,8.0,0.0,0.0
CLI027945,9.0,0.0,10.0,0.0,0.0
CLI027946,0.0,7.0,0.0,0.0,0.0
CLI027947,10.0,0.0,0.0,0.0,0.0
CLI027948,0.0,0.0,8.0,8.5,0.0
CLI027949,8.5,9.5,9.0,0.0,8.0
CLI027950,7.0,7.0,0.0,0.0,8.0
CLI027951,9.0,0.0,0.0,0.0,7.333333333333333
CLI027952,0.0,0.0,0.0,8.0,0.0
CLI027953,0.0,0.0,8.0,0.0,0.0
CLI027954,6.0,0.0,0.0,8.0,8.0
CLI027955,0.0,0.0,6.0,0.0,0.0
CLI027956,8.0,8.0,0.0,0.0,10.0
CLI027957,7.0,0.0,0.0,8.0,8.0
CLI027958,0.0,0.0,0.0,8.0,0.0
CLI027959,0.0,8.0,7.0,9.5,8.0
CLI027960,0.0,0.0,9.0,8.0,0.0
CLI027961,10.0,0.0,8.0,9.0,0.0
CLI027962,9.0,0.0,0.0,7.0,0.0
CLI027963,8.666666666666666,0.0,0.0,0.0,0.0
CLI027964,0.0,0.0,0.0,10.0,0.0
CLI027965,0.0,7.0,9.0,0.0,0.0
CLI027966,0.0,0.0,7.0,0.0,7.0
CLI027967,7.0,0.0,0.0,0.0,9.0
CLI027968,8.0,0.0,9.0,8.0,0.0
CLI027969,0.0,0.0,0.0,8.0,0.0
CLI027970,7.0,0.0,7.0,0.0,8.0
CLI027971,0.0,7.0,0.0,0.0,0.0
CLI027972,0.0,7.0,0.0,8.0,0.0
CLI027973,0.0,0.0,10.0,0.0,0.0
CLI027975,0.0,9.0,0.0,0.0,0.0
CLI027976,8.0,7.0,7.0,0.0,8.0
CLI027977,8.5,7.0,9.0,0.0,0.0
CLI027978,8.0,0.0,0.0,9.0,0.0
CLI027979,7.75,0.0,7.5,7.5,0.0
CLI027980,0.0,9.0,6.0,0.0,0.0
CLI027981,8.0,0.0,0.0,8.0,0.0
CLI027982,9.0,0.0,0.0,0.0,0.0
CLI027983,0.0,0.0,0.0,9.0,0.0
CLI027984,0.0,7.0,0.0,10.0,0.0
CLI027985,0.0,10.0,0.0,0.0,6.0
CLI027986,9.0,0.0,0.0,8.0,8.5
CLI027987,0.0,0.0,0.0,0.0,8.0
CLI027988,0.0,8.0,8.0,0.0,9.0
CLI027989,10.0,8.5,0.0,0.0,0.0
CLI027990,9.0,8.5,0.0,8.0,8.0
CLI027991,8.0,0.0,0.0,7.0,8.0
CLI027992,9.0,0.0,8.0,8.0,0.0
CLI027993,7.5,9.0,8.0,0.0,0.0
CLI027994,8.0,8.0,8.0,8.5,0.0
CLI027995,7.0,7.0,8.0,0.0,7.0
CLI027996,0.0,8.333333333333334,0.0,0.0,8.0
CLI027997,8.0,0.0,0.0,0.0,7.0
CLI027998,0.0,0.0,8.0,7.5,8.0
CLI027999,0.0,0.0,0.0,6.0,0.0
CLI028000,0.0,7.0,0.0,0.0,0.0
CLI028001,9.0,9.0,0.0,0.0,9.0
CLI028002,0.0,8.0,0.0,8.0,9.0
CLI028003,8.0,0.0,0.0,9.0,0.0
CLI028004,8.0,8.5,8.0,8.0,0.0
CLI028005,8.0,8.0,0.0,8.5,0.0
CLI028006,8.0,8.5,0.0,0.0,0.0
CLI028007,0.0,9.0,0.0,7.0,0.0
CLI028008,9.0,0.0,8.0,0.0,6.0
CLI028009,7.5,0.0,8.0,0.0,0.0
CLI028010,9.0,0.0,7.5,8.5,0.0
CLI028011,8.5,0.0,0.0,0.0,0.0
CLI028012,8.0,0.0,0.0,8.0,0.0
CLI028013,0.0,8.0,9.0,0.0,7.5
CLI028014,7.0,0.0,9.0,0.0,0.0
CLI028015,7.5,0.0,0.0,0.0,8.0
CLI028016,8.5,0.0,0.0,9.0,0.0
CLI028017,0.0,0.0,9.0,0.0,0.0
CLI028018,0.0,0.0,7.0,0.0,8.0
CLI028019,0.0,10.0,0.0,0.0,9.0
CLI028020,0.0,0.0,9.0,0.0,7.0
CLI028021,0.0,10.0,0.0,0.0,7.0
CLI028022,0.0,0.0,8.0,0.0,0.0
CLI028023,9.0,0.0,0.0,8.5,0.0
CLI028024,0.0,0.0,7.0,7.0,0.0
CLI028025,0.0,9.0,0.0,8.0,8.0
CLI028026,0.0,0.0,0.0,0.0,10.0
CLI028027,0.0,0.0,8.0,8.0,9.0
CLI028028,0.0,10.0,0.0,7.0,10.0
CLI028029,0.0,0.0,8.666666666666666,8.0,0.0
CLI028030,0.0,8.0,0.0,8.0,0.0
CLI028031,0.0,9.0,9.0,0.0,0.0
CLI028032,0.0,9.0,0.0,0.0,0.0
CLI028033,0.0,0.0,8.0,0.0,7.0
CLI028034,0.0,7.333333333333333,0.0,7.0,9.0
CLI028035,0.0,10.0,0.0,7.5,8.0
CLI028036,7.0,0.0,0.0,0.0,8.5
CLI028037,8.0,0.0,0.0,8.0,8.0
CLI028038,10.0,7.0,0.0,7.0,0.0
CLI028040,0.0,0.0,0.0,0.0,8.0
CLI028042,7.0,0.0,9.0,8.0,0.0
CLI028043,0.0,8.0,0.0,0.0,8.0
CLI028044,7.0,0.0,0.0,0.0,0.0
CLI028045,0.0,0.0,0.0,8.0,0.0
CLI028046,0.0,0.0,0.0,7.0,0.0
CLI028047,0.0,0.0,0.0,9.0,0.0
CLI028048,9.0,0.0,0.0,9.0,0.0
CLI028049,8.5,0.0,7.0,0.0,7.5
CLI028050,0.0,8.0,8.0,9.0,8.0
CLI028051,0.0,0.0,0.0,9.0,0.0
CLI028052,0.0,9.0,0.0,0.0,0.0
CLI028053,0.0,8.0,0.0,8.0,0.0
CLI028054,8.0,8.0,9.5,0.0,0.0
CLI028055,0.0,0.0,7.5,0.0,0.0
CLI028056,9.0,0.0,0.0,9.0,9.0
CLI028057,0.0,0.0,0.0,8.0,0.0
CLI028058,8.0,7.5,0.0,0.0,0.0
CLI028059,0.0,0.0,0.0,0.0,8.0
CLI028060,0.0,0.0,0.0,8.0,0.0
CLI028062,0.0,0.0,8.0,9.0,0.0
CLI028063,0.0,0.0,8.0,8.0,0.0
CLI028064,7.0,8.0,0.0,0.0,8.0
CLI028065,10.0,0.0,8.0,7.0,8.0
CLI028066,9.5,0.0,9.0,0.0,0.0
CLI028067,0.0,0.0,8.0,9.0,0.0
CLI028068,0.0,0.0,9.0,7.0,0.0
CLI028069,0.0,10.0,0.0,0.0,7.5
CLI028070,7.0,9.0,0.0,8.0,0.0
CLI028071,0.0,7.0,0.0,0.0,0.0
CLI028072,0.0,8.0,0.0,0.0,0.0
CLI028073,0.0,9.0,0.0,0.0,9.0
CLI028074,9.0,7.0,6.0,0.0,9.0
CLI028075,0.0,7.0,8.0,0.0,0.0
CLI028076,0.0,9.0,7.0,8.0,0.0
CLI028077,9.0,0.0,0.0,0.0,0.0
CLI028078,8.0,0.0,0.0,0.0,7.0
CLI028079,0.0,9.0,0.0,0.0,0.0
CLI028080,8.0,9.0,0.0,0.0,0.0
CLI028081,8.0,8.0,0.0,0.0,9.0
CLI028082,9.0,0.0,0.0,0.0,0.0
CLI028083,0.0,0.0,8.0,0.0,9.0
CLI028084,7.0,0.0,8.0,0.0,0.0
CLI028085,7.0,0.0,0.0,0.0,0.0
CLI028087,0.0,0.0,0.0,0.0,7.0
CLI028088,0.0,9.0,0.0,0.0,0.0
CLI028089,7.5,0.0,0.0,7.0,0.0
CLI028090,7.666666666666667,6.0,0.0,0.0,0.0
CLI028091,8.0,7.0,7.0,8.0,0.0
CLI028092,8.5,0.0,0.0,0.0,0.0
CLI028093,7.5,7.0,0.0,0.0,0.0
CLI028094,0.0,0.0,0.0,9.0,0.0
CLI028095,9.0,0.0,0.0,8.0,0.0
CLI028097,6.0,0.0,0.0,7.0,0.0
CLI028098,8.0,8.0,0.0,0.0,8.0
CLI028099,0.0,10.0,0.0,0.0,0.0
CLI028100,0.0,0.0,8.0,0.0,0.0
CLI028101,7.5,8.5,0.0,0.0,0.0
CLI028102,0.0,0.0,8.0,0.0,0.0
CLI028103,8.5,8.0,0.0,0.0,0.0
CLI028104,6.5,0.0,0.0,8.0,0.0
CLI028105,0.0,8.0,0.0,0.0,0.0
CLI028106,8.0,0.0,0.0,0.0,0.0
CLI028107,7.0,8.0,8.0,7.0,0.0
CLI028108,0.0,9.0,0.0,0.0,0.0
CLI028109,0.0,0.0,0.0,0.0,8.5
CLI028110,8.0,0.0,0.0,0.0,0.0
CLI028111,0.0,8.0,8.0,0.0,8.0
CLI028112,0.0,0.0,0.0,9.0,0.0
CLI028113,8.0,0.0,0.0,0.0,9.0
CLI028114,10.0,7.0,8.0,0.0,0.0
CLI028115,0.0,0.0,9.0,8.0,8.0
CLI028116,0.0,0.0,0.0,8.0,8.0
CLI028117,0.0,0.0,8.0,8.0,0.0
CLI028118,8.5,0.0,9.0,0.0,0.0
CLI028119,0.0,0.0,8.0,0.0,0.0
CLI028121,0.0,8.0,0.0,8.0,8.0
CLI028122,8.0,0.0,7.0,7.0,0.0
CLI028123,8.0,0.0,0.0,0.0,7.0
CLI028124,8.0,9.0,0.0,0.0,0.0
CLI028125,0.0,7.0,0.0,0.0,9.0
CLI028126,0.0,8.0,9.0,7.0,7.0
CLI028127,0.0,0.0,0.0,8.0,0.0
CLI028129,10.0,0.0,7.0,0.0,7.0
CLI028130,0.0,0.0,8.0,8.0,0.0
CLI028131,9.0,0.0,8.333333333333334,9.0,0.0
CLI028132,9.0,9.0,0.0,8.0,6.0
CLI028133,6.0,8.0,0.0,0.0,0.0
CLI028134,0.0,0.0,8.0,0.0,0.0
CLI028135,0.0,0.0,0.0,8.0,0.0
CLI028136,7.5,0.0,0.0,8.333333333333334,0.0
CLI028137,8.0,0.0,10.0,0.0,8.0
CLI028138,0.0,0.0,0.0,6.0,0.0
CLI028139,0.0,8.0,0.0,0.0,7.0
CLI028140,9.0,0.0,0.0,0.0,0.0
CLI028141,0.0,9.0,0.0,0.0,0.0
CLI028142,8.0,9.0,0.0,0.0,0.0
CLI028143,8.0,8.0,9.0,0.0,0.0
CLI028144,0.0,8.0,0.0,0.0,0.0
CLI028145,0.0,0.0,8.0,7.0,10.0
CLI028146,0.0,6.0,9.0,10.0,10.0
CLI028148,0.0,0.0,0.0,8.0,0.0
CLI028149,0.0,0.0,8.0,7.0,0.0
CLI028150,0.0,7.0,0.0,0.0,0.0
CLI028151,8.0,0.0,0.0,9.0,0.0
CLI028152,8.0,0.0,9.0,0.0,0.0
CLI028153,0.0,0.0,0.0,10.0,0.0
CLI028154,7.0,0.0,0.0,0.0,0.0
CLI028155,9.0,6.0,9.0,8.0,0.0
CLI028156,9.0,0.0,7.0,0.0,0.0
CLI028157,0.0,8.0,0.0,8.0,9.0
CLI028158,7.0,0.0,0.0,0.0,0.0
CLI028159,8.0,7.0,0.0,0.0,0.0
CLI028161,0.0,9.0,0.0,6.666666666666667,0.0
CLI028162,0.0,7.0,0.0,0.0,0.0
CLI028163,0.0,0.0,8.0,0.0,0.0
CLI028164,0.0,0.0,7.0,0.0,0.0
CLI028165,0.0,0.0,0.0,0.0,9.0
CLI028166,0.0,0.0,8.0,0.0,0.0
CLI028167,8.0,0.0,0.0,0.0,0.0
CLI028168,9.0,8.5,0.0,0.0,0.0
CLI028169,9.0,8.5,0.0,0.0,9.0
CLI028170,0.0,0.0,0.0,10.0,0.0
CLI028171,0.0,8.0,7.5,9.0,0.0
CLI028172,7.0,8.0,0.0,0.0,0.0
CLI028173,0.0,0.0,0.0,0.0,8.0
CLI028174,0.0,8.5,0.0,9.0,9.0
CLI028175,0.0,0.0,0.0,0.0,7.0
CLI028176,0.0,0.0,8.0,0.0,0.0
CLI028177,8.666666666666666,8.0,0.0,8.0,0.0
CLI028178,7.0,0.0,8.0,6.0,0.0
CLI028179,7.5,0.0,0.0,0.0,0.0
CLI028180,10.0,0.0,8.0,8.0,0.0
CLI028182,8.0,8.0,8.0,9.0,8.0
CLI028183,8.0,0.0,9.0,7.0,0.0
CLI028184,9.0,8.0,0.0,0.0,0.0
CLI028185,6.0,0.0,0.0,0.0,0.0
CLI028186,0.0,0.0,0.0,7.0,8.0
CLI028187,0.0,9.0,8.0,0.0,8.0
CLI028188,8.0,0.0,0.0,8.0,0.0
CLI028189,8.0,8.0,9.0,8.0,9.5
CLI028190,0.0,0.0,0.0,9.0,0.0
CLI028191,9.0,0.0,0.0,0.0,7.0
CLI028192,7.0,0.0,0.0,8.0,9.0
CLI028193,0.0,0.0,9.0,0.0,0.0
CLI028194,0.0,8.0,8.0,8.0,8.0
CLI028195,8.0,0.0,0.0,0.0,0.0
CLI028196,0.0,0.0,0.0,8.0,9.0
CLI028197,8.0,0.0,0.0,0.0,8.5
CLI028198,0.0,8.0,0.0,0.0,9.0
CLI028199,8.0,0.0,0.0,0.0,0.0
CLI028200,7.5,0.0,7.0,9.0,0.0
CLI028201,8.0,0.0,0.0,8.0,0.0
CLI028202,8.0,0.0,7.0,8.0,8.5
CLI028204,8.0,9.0,6.5,0.0,0.0
CLI028205,0.0,8.0,0.0,9.0,9.0
CLI028206,0.0,7.0,8.0,0.0,0.0
CLI028207,0.0,0.0,0.0,0.0,9.0
CLI028209,0.0,0.0,0.0,0.0,8.5
CLI028211,0.0,6.0,9.0,0.0,0.0
CLI028212,0.0,0.0,0.0,7.0,0.0
CLI028214,6.0,0.0,0.0,0.0,0.0
CLI028215,0.0,0.0,8.0,0.0,0.0
CLI028216,0.0,7.0,0.0,7.0,0.0
CLI028217,0.0,0.0,0.0,0.0,7.0
CLI028218,0.0,9.0,0.0,0.0,7.0
CLI028219,0.0,0.0,9.0,0.0,8.0
CLI028220,0.0,0.0,0.0,6.0,0.0
CLI028221,0.0,0.0,0.0,6.0,8.0
CLI028222,9.0,0.0,8.5,0.0,0.0
CLI028223,8.0,0.0,6.5,0.0,0.0
CLI028224,0.0,0.0,0.0,0.0,8.0
CLI028225,8.5,0.0,9.0,0.0,0.0
CLI028227,0.0,9.0,7.0,0.0,7.0
CLI028228,0.0,8.0,6.0,8.0,0.0
CLI028229,9.0,8.333333333333334,0.0,0.0,8.0
CLI028230,9.0,8.0,0.0,7.666666666666667,8.0
CLI028231,0.0,8.0,0.0,0.0,0.0
CLI028232,7.0,0.0,0.0,6.0,8.5
CLI028233,8.0,7.0,0.0,9.0,0.0
CLI028234,0.0,9.0,0.0,9.0,0.0
CLI028235,7.0,0.0,0.0,0.0,0.0
CLI028236,8.0,8.0,0.0,0.0,0.0
CLI028237,9.0,9.0,0.0,0.0,0.0
CLI028238,0.0,9.0,7.0,8.0,0.0
CLI028240,7.0,8.0,9.0,8.0,0.0
CLI028241,7.0,0.0,0.0,0.0,0.0
CLI028242,9.0,9.0,8.0,0.0,0.0
CLI028243,0.0,0.0,8.0,7.0,0.0
CLI028244,6.666666666666667,0.0,8.0,0.0,8.0
CLI028246,0.0,0.0,7.0,0.0,8.0
CLI028247,7.0,0.0,0.0,8.0,0.0
CLI028249,0.0,0.0,0.0,8.0,8.0
CLI028250,8.0,0.0,0.0,8.0,8.0
CLI028252,0.0,0.0,0.0,0.0,8.5
CLI028253,9.0,9.0,0.0,9.0,0.0
CLI028254,0.0,9.0,7.5,0.0,8.0
CLI028255,9.0,0.0,9.0,8.0,0.0
CLI028257,0.0,0.0,7.0,0.0,8.0
CLI028258,0.0,0.0,8.0,0.0,9.0
CLI028259,0.0,10.0,0.0,9.0,0.0
CLI028260,8.0,0.0,0.0,8.5,6.0
CLI028261,0.0,8.0,9.0,0.0,0.0
CLI028262,0.0,7.0,0.0,8.0,7.5
CLI028263,0.0,7.5,8.0,0.0,8.0
CLI028264,0.0,0.0,7.0,8.5,6.0
CLI028265,7.0,7.5,0.0,0.0,0.0
CLI028267,0.0,7.666666666666667,0.0,8.0,0.0
CLI028268,8.0,0.0,8.0,10.0,9.0
CLI028269,0.0,9.0,9.0,0.0,9.0
CLI028270,0.0,0.0,9.0,0.0,8.5
CLI028271,0.0,0.0,0.0,8.0,0.0
CLI028272,0.0,0.0,0.0,10.0,0.0
CLI028273,0.0,0.0,8.0,0.0,0.0
CLI028274,7.666666666666667,9.0,0.0,0.0,0.0
CLI028275,7.5,0.0,0.0,0.0,9.0
CLI028276,0.0,8.0,0.0,8.0,9.0
CLI028277,8.0,7.0,8.0,0.0,0.0
CLI028278,9.0,8.666666666666666,0.0,0.0,0.0
CLI028279,0.0,0.0,9.0,8.0,8.5
CLI028280,0.0,8.5,0.0,0.0,0.0
CLI028281,8.0,0.0,0.0,0.0,0.0
CLI028282,0.0,10.0,7.0,10.0,10.0
CLI028283,0.0,0.0,0.0,8.0,0.0
CLI028284,0.0,0.0,8.0,0.0,0.0
CLI028285,0.0,0.0,9.0,7.5,0.0
CLI028286,0.0,8.0,7.0,0.0,7.0
CLI028287,8.0,0.0,0.0,0.0,8.0
CLI028288,8.0,0.0,9.0,0.0,8.0
CLI028289,0.0,8.5,0.0,0.0,0.0
CLI028291,7.0,8.0,0.0,0.0,0.0
CLI028292,7.0,9.0,8.0,0.0,0.0
CLI028293,6.0,7.0,0.0,9.0,0.0
CLI028294,0.0,0.0,8.0,0.0,8.0
CLI028295,0.0,6.0,0.0,0.0,8.0
CLI028296,0.0,0.0,0.0,0.0,8.0
CLI028297,6.0,0.0,0.0,0.0,0.0
CLI028298,0.0,0.0,0.0,6.0,8.0
CLI028299,0.0,0.0,0.0,8.0,0.0
CLI028300,8.5,8.0,7.0,10.0,0.0
CLI028301,0.0,0.0,0.0,9.0,0.0
CLI028302,9.0,0.0,8.0,8.5,0.0
CLI028303,8.0,0.0,0.0,0.0,8.0
CLI028304,9.0,0.0,0.0,9.0,0.0
CLI028305,8.0,0.0,0.0,7.0,8.0
CLI028306,0.0,0.0,9.0,9.0,8.0
CLI028307,0.0,0.0,9.0,0.0,6.0
CLI028308,0.0,0.0,0.0,0.0,8.0
CLI028309,0.0,0.0,6.0,0.0,0.0
CLI028310,7.0,9.0,0.0,8.0,0.0
CLI028311,0.0,8.0,0.0,0.0,0.0
CLI028312,8.0,0.0,0.0,0.0,0.0
CLI028314,9.0,0.0,0.0,8.0,0.0
CLI028315,0.0,8.0,7.0,8.0,0.0
CLI028316,0.0,7.0,0.0,0.0,10.0
CLI028317,9.0,7.0,0.0,0.0,0.0
CLI028318,10.0,8.0,0.0,0.0,0.0
CLI028319,0.0,8.5,0.0,0.0,7.333333333333333
CLI028320,0.0,8.0,0.0,0.0,8.0
CLI028321,8.0,8.0,7.666666666666667,9.0,0.0
CLI028322,0.0,0.0,0.0,9.0,0.0
CLI028323,0.0,8.0,0.0,0.0,8.5
CLI028324,9.0,0.0,0.0,0.0,0.0
CLI028325,0.0,0.0,0.0,0.0,8.0
CLI028326,0.0,9.0,7.5,7.0,8.0
CLI028327,8.0,0.0,0.0,9.0,0.0
CLI028328,0.0,0.0,7.0,8.0,8.5
CLI028329,0.0,0.0,0.0,8.0,9.0
CLI028331,0.0,6.0,0.0,8.0,7.0
CLI028332,7.0,0.0,0.0,0.0,7.0
CLI028334,0.0,0.0,9.0,9.0,0.0
CLI028335,9.0,0.0,0.0,0.0,8.0
CLI028336,0.0,7.333333333333333,0.0,0.0,8.5
CLI028337,0.0,0.0,9.0,0.0,0.0
CLI028338,0.0,0.0,0.0,0.0,9.0
CLI028339,8.0,8.0,0.0,8.0,8.0
CLI028340,0.0,10.0,8.0,0.0,0.0
CLI028341,0.0,0.0,7.0,7.0,0.0
CLI028342,0.0,7.5,0.0,0.0,0.0
CLI028344,0.0,8.0,8.0,9.0,0.0
CLI028345,7.0,8.0,7.0,0.0,0.0
CLI028346,0.0,9.0,0.0,9.0,0.0
CLI028347,7.0,7.0,8.0,0.0,0.0
CLI028348,7.0,0.0,0.0,0.0,0.0
CLI028349,0.0,0.0,0.0,8.0,8.0
CLI028350,0.0,7.0,0.0,7.0,7.666666666666667
CLI028351,7.0,0.0,0.0,6.0,8.333333333333334
CLI028354,7.0,0.0,0.0,0.0,7.0
CLI028355,10.0,8.0,9.0,8.0,8.0
CLI028356,0.0,0.0,8.0,0.0,0.0
CLI028357,0.0,0.0,8.0,0.0,0.0
CLI028358,7.0,8.0,8.0,7.0,8.0
CLI028359,0.0,8.0,0.0,7.5,0.0
CLI028360,0.0,0.0,8.0,0.0,0.0
CLI028361,9.0,0.0,0.0,0.0,9.0
CLI028362,8.0,0.0,0.0,0.0,0.0
CLI028363,7.0,7.0,7.5,0.0,0.0
CLI028364,8.0,7.0,9.0,0.0,7.0
CLI028365,7.666666666666667,0.0,10.0,0.0,0.0
CLI028366,7.0,0.0,0.0,7.0,0.0
CLI028367,8.0,0.0,0.0,7.0,8.0
CLI028368,0.0,9.0,0.0,10.0,0.0
CLI028369,8.0,8.0,8.0,0.0,0.0
CLI028370,0.0,0.0,9.0,0.0,0.0
CLI028372,7.5,0.0,7.0,0.0,0.0
CLI028373,0.0,8.5,7.0,8.0,7.5
CLI028374,8.0,0.0,10.0,0.0,0.0
CLI028375,0.0,7.0,0.0,0.0,9.0
CLI028376,0.0,8.0,8.5,8.0,0.0
CLI028377,0.0,0.0,0.0,7.0,0.0
CLI028378,0.0,0.0,8.5,0.0,10.0
CLI028379,8.0,0.0,0.0,8.0,0.0
CLI028380,7.0,7.666666666666667,0.0,0.0,0.0
CLI028381,0.0,8.0,8.0,0.0,0.0
CLI028382,0.0,8.0,8.0,0.0,0.0
CLI028383,9.0,0.0,9.0,0.0,0.0
CLI028384,0.0,8.0,9.0,0.0,0.0
CLI028385,7.0,8.0,8.5,0.0,7.0
CLI028386,0.0,0.0,8.0,0.0,10.0
CLI028387,0.0,8.0,8.666666666666666,0.0,0.0
CLI028388,8.0,8.5,0.0,0.0,7.0
CLI028389,0.0,0.0,0.0,0.0,8.0
CLI028390,0.0,7.0,0.0,8.0,0.0
CLI028391,8.0,0.0,7.0,0.0,8.0
CLI028392,8.0,9.0,9.0,0.0,9.0
CLI028393,9.0,9.0,0.0,0.0,9.0
CLI028394,0.0,9.0,0.0,9.0,0.0
CLI028395,7.0,0.0,0.0,0.0,0.0
CLI028396,8.0,8.333333333333334,0.0,0.0,0.0
CLI028397,0.0,0.0,0.0,7.0,9.0
CLI028398,7.0,0.0,0.0,0.0,0.0
CLI028399,0.0,8.0,6.0,0.0,0.0
CLI028400,0.0,0.0,0.0,0.0,9.0
CLI028403,0.0,0.0,0.0,8.0,7.0
CLI028404,7.5,0.0,0.0,8.0,7.0
CLI028405,8.0,0.0,9.0,0.0,7.0
CLI028406,7.0,0.0,8.0,8.0,9.0
CLI028407,7.0,0.0,0.0,0.0,9.0
CLI028408,0.0,9.0,0.0,0.0,0.0
CLI028409,0.0,8.0,0.0,8.666666666666666,0.0
CLI028410,0.0,0.0,0.0,7.0,0.0
CLI028411,0.0,7.5,0.0,0.0,6.0
CLI028413,8.0,0.0,0.0,8.0,9.0
CLI028414,0.0,0.0,0.0,7.5,0.0
CLI028415,0.0,9.0,0.0,0.0,0.0
CLI028417,0.0,0.0,0.0,0.0,7.5
CLI028418,9.0,7.0,0.0,10.0,0.0
CLI028419,0.0,8.0,8.5,0.0,9.0
CLI028420,0.0,0.0,8.0,7.5,8.0
CLI028421,0.0,0.0,0.0,8.0,0.0
CLI028422,10.0,0.0,0.0,7.0,0.0
CLI028423,0.0,0.0,9.0,8.5,9.0
CLI028424,0.0,0.0,8.0,8.0,7.0
CLI028425,8.0,8.0,0.0,0.0,0.0
CLI028426,10.0,0.0,0.0,8.0,0.0
CLI028427,0.0,0.0,0.0,0.0,8.666666666666666
CLI028429,8.0,0.0,7.5,0.0,0.0
CLI028430,8.5,0.0,6.5,0.0,0.0
CLI028431,7.0,7.5,0.0,0.0,0.0
CLI028432,9.0,0.0,9.0,0.0,0.0
CLI028433,6.5,8.0,6.0,8.0,8.0
CLI028434,7.0,0.0,7.0,9.333333333333334,0.0
CLI028435,8.0,0.0,0.0,0.0,8.0
CLI028436,7.0,0.0,0.0,8.0,0.0
CLI028437,0.0,0.0,10.0,6.0,0.0
CLI028438,7.0,7.0,8.0,0.0,9.0
CLI028440,0.0,0.0,0.0,8.0,8.0
CLI028441,0.0,0.0,10.0,0.0,0.0
CLI028442,0.0,0.0,10.0,9.0,0.0
CLI028443,9.0,0.0,0.0,0.0,0.0
CLI028444,0.0,9.0,0.0,0.0,7.0
CLI028445,0.0,0.0,0.0,0.0,6.0
CLI028446,7.0,0.0,0.0,9.0,0.0
CLI028447,0.0,0.0,9.0,0.0,9.0
CLI028448,8.0,8.0,0.0,0.0,0.0
CLI028449,0.0,0.0,8.0,0.0,0.0
CLI028450,0.0,8.5,0.0,0.0,0.0
CLI028451,0.0,0.0,0.0,10.0,0.0
CLI028452,0.0,10.0,9.0,0.0,7.0
CLI028453,8.0,0.0,7.0,0.0,8.0
CLI028455,0.0,0.0,9.0,8.0,0.0
CLI028456,0.0,7.0,9.0,0.0,7.0
CLI028457,8.0,9.0,7.0,7.5,0.0
CLI028459,0.0,0.0,0.0,8.5,0.0
CLI028460,0.0,0.0,8.0,0.0,9.0
CLI028461,9.0,0.0,9.0,0.0,0.0
CLI028462,7.0,0.0,0.0,0.0,9.0
CLI028463,0.0,7.0,0.0,8.0,0.0
CLI028464,9.0,0.0,0.0,0.0,8.0
CLI028465,0.0,0.0,0.0,6.0,0.0
CLI028466,10.0,0.0,0.0,0.0,0.0
CLI028468,9.0,0.0,9.0,0.0,7.0
CLI028469,0.0,0.0,0.0,0.0,6.0
CLI028470,0.0,0.0,0.0,8.0,7.0
CLI028471,0.0,10.0,0.0,0.0,9.0
CLI028472,0.0,9.0,0.0,0.0,0.0
CLI028473,0.0,0.0,0.0,0.0,9.0
CLI028474,0.0,7.0,8.0,0.0,0.0
CLI028475,8.0,0.0,0.0,7.0,0.0
CLI028476,0.0,0.0,7.0,0.0,0.0
CLI028477,9.0,7.0,0.0,0.0,0.0
CLI028478,8.0,0.0,9.0,9.0,0.0
CLI028479,9.0,0.0,0.0,9.0,0.0
CLI028480,0.0,7.5,0.0,9.0,0.0
CLI028481,0.0,0.0,0.0,8.5,0.0
CLI028482,0.0,8.666666666666666,0.0,8.0,0.0
CLI028483,0.0,0.0,0.0,0.0,7.0
CLI028484,0.0,0.0,9.0,0.0,0.0
CLI028486,7.0,0.0,6.0,8.0,0.0
CLI028488,9.0,0.0,0.0,0.0,0.0
CLI028489,0.0,0.0,0.0,9.0,8.0
CLI028490,0.0,9.0,0.0,7.0,0.0
CLI028493,9.0,0.0,0.0,8.0,0.0
CLI028495,0.0,0.0,0.0,0.0,7.0
CLI028496,0.0,0.0,8.0,8.0,9.0
CLI028498,0.0,0.0,0.0,8.0,0.0
CLI028500,9.0,8.5,6.5,9.0,0.0
CLI028502,7.5,0.0,0.0,0.0,8.0
CLI028503,8.0,8.0,0.0,8.0,0.0
CLI028504,8.0,9.0,0.0,0.0,0.0
CLI028505,0.0,0.0,0.0,0.0,7.5
CLI028506,9.0,7.0,0.0,0.0,0.0
CLI028507,0.0,8.0,0.0,0.0,0.0
CLI028509,0.0,7.0,8.0,0.0,0.0
CLI028510,8.0,0.0,0.0,10.0,0.0
CLI028511,0.0,0.0,0.0,8.0,0.0
CLI028512,9.0,0.0,9.0,0.0,0.0
CLI028513,9.0,0.0,0.0,0.0,0.0
CLI028514,0.0,0.0,0.0,7.0,0.0
CLI028515,7.0,0.0,8.0,0.0,9.0
CLI028516,0.0,0.0,0.0,9.0,0.0
CLI028517,0.0,7.0,0.0,10.0,0.0
CLI028518,0.0,0.0,8.0,0.0,0.0
CLI028519,9.0,10.0,0.0,9.0,0.0
CLI028520,7.0,8.0,0.0,8.0,0.0
CLI028521,0.0,7.5,0.0,7.333333333333333,0.0
CLI028522,0.0,9.0,0.0,8.0,7.0
CLI028523,9.0,0.0,0.0,0.0,0.0
CLI028524,9.0,0.0,0.0,0.0,0.0
CLI028525,10.0,0.0,8.0,8.0,0.0
CLI028526,8.0,0.0,9.0,0.0,8.0
CLI028527,8.0,8.0,0.0,0.0,0.0
CLI028528,7.0,7.0,9.0,10.0,0.0
CLI028529,0.0,0.0,0.0,9.0,0.0
CLI028530,0.0,0.0,10.0,7.0,0.0
CLI028531,0.0,10.0,7.0,9.0,9.0
CLI028533,8.5,0.0,0.0,0.0,0.0
CLI028534,7.0,8.0,0.0,0.0,0.0
CLI028535,9.0,8.0,8.0,0.0,0.0
CLI028536,0.0,0.0,0.0,9.0,7.0
CLI028537,9.0,0.0,0.0,0.0,8.0
CLI028538,0.0,7.0,0.0,0.0,7.0
CLI028539,8.0,0.0,0.0,8.5,0.0
CLI028540,8.333333333333334,8.0,0.0,8.0,8.0
CLI028541,9.0,8.0,0.0,8.0,0.0
CLI028542,8.0,10.0,0.0,0.0,0.0
CLI028543,0.0,0.0,7.0,0.0,0.0
CLI028545,0.0,8.5,0.0,0.0,0.0
CLI028546,0.0,8.0,8.0,0.0,8.0
CLI028547,0.0,10.0,0.0,0.0,0.0
CLI028550,6.0,6.0,8.0,0.0,8.0
CLI028551,0.0,0.0,7.0,8.666666666666666,0.0
CLI028552,7.0,0.0,0.0,0.0,0.0
CLI028554,0.0,0.0,9.0,8.0,0.0
CLI028555,0.0,7.0,0.0,10.0,0.0
CLI028556,0.0,6.666666666666667,7.0,0.0,0.0
CLI028558,0.0,0.0,9.0,0.0,9.0
CLI028559,0.0,0.0,8.0,7.0,0.0
CLI028560,0.0,8.333333333333334,10.0,6.0,0.0
CLI028561,0.0,8.0,0.0,0.0,0.0
CLI028562,0.0,7.0,0.0,0.0,0.0
CLI028563,0.0,0.0,0.0,0.0,7.0
CLI028564,7.0,0.0,0.0,8.0,8.0
CLI028566,8.0,9.0,7.0,7.0,8.0
CLI028567,8.5,6.75,8.0,0.0,0.0
CLI028568,0.0,0.0,0.0,9.0,8.0
CLI028569,0.0,0.0,7.0,9.0,7.5
CLI028570,9.0,0.0,6.0,0.0,8.0
CLI028571,0.0,0.0,9.0,10.0,0.0
CLI028572,9.5,7.0,8.0,7.0,0.0
CLI028573,6.0,0.0,8.0,9.0,9.0
CLI028574,9.0,6.0,7.5,0.0,7.0
CLI028575,0.0,0.0,8.0,0.0,0.0
CLI028576,0.0,0.0,0.0,8.0,0.0
CLI028577,0.0,0.0,0.0,9.0,0.0
CLI028578,0.0,7.0,0.0,0.0,0.0
CLI028579,0.0,7.0,0.0,0.0,0.0
CLI028580,0.0,7.0,9.0,0.0,9.0
CLI028581,7.0,9.0,0.0,0.0,0.0
CLI028582,7.5,0.0,8.666666666666666,9.0,8.0
CLI028583,9.0,8.0,0.0,8.666666666666666,9.0
CLI028584,8.333333333333334,10.0,8.0,0.0,0.0
CLI028585,0.0,8.0,0.0,0.0,0.0
CLI028587,0.0,7.0,0.0,8.0,10.0
CLI028588,8.5,0.0,8.0,0.0,9.0
CLI028589,7.0,7.0,8.0,0.0,0.0
CLI028590,0.0,0.0,8.0,0.0,0.0
CLI028591,9.0,6.0,0.0,0.0,8.5
CLI028592,0.0,8.0,9.0,0.0,0.0
CLI028593,0.0,0.0,9.0,6.0,0.0
CLI028594,10.0,0.0,7.0,0.0,7.0
CLI028595,0.0,0.0,0.0,9.0,0.0
CLI028596,0.0,7.5,9.0,0.0,0.0
CLI028597,7.0,7.0,8.0,0.0,0.0
CLI028598,0.0,8.0,7.0,0.0,0.0
CLI028599,0.0,0.0,7.0,0.0,8.0
CLI028600,7.0,0.0,9.0,0.0,0.0
CLI028601,8.0,9.0,0.0,0.0,0.0
CLI028602,9.0,0.0,0.0,0.0,0.0
CLI028603,0.0,9.0,0.0,0.0,0.0
CLI028604,0.0,8.0,7.0,10.0,8.0
CLI028605,0.0,0.0,0.0,0.0,8.0
CLI028606,0.0,10.0,8.0,0.0,0.0
CLI028607,6.0,0.0,0.0,0.0,7.0
CLI028608,9.0,0.0,0.0,0.0,0.0
CLI028609,0.0,0.0,8.0,0.0,0.0
CLI028610,7.0,8.0,0.0,8.0,0.0
CLI028611,0.0,7.5,0.0,0.0,8.0
CLI028612,8.0,0.0,0.0,0.0,0.0
CLI028613,8.0,9.0,0.0,7.0,8.0
CLI028614,0.0,8.0,0.0,0.0,0.0
CLI028615,0.0,0.0,9.0,0.0,0.0
CLI028616,0.0,9.0,8.5,0.0,8.5
CLI028617,0.0,8.0,0.0,7.0,0.0
CLI028618,0.0,0.0,0.0,0.0,8.0
CLI028619,0.0,0.0,0.0,8.5,8.0
CLI028620,7.0,7.0,0.0,0.0,0.0
CLI028621,0.0,8.0,9.0,9.0,7.0
CLI028622,7.0,7.0,8.0,0.0,0.0
CLI028623,0.0,0.0,0.0,8.0,6.0
CLI028624,8.0,8.0,0.0,0.0,0.0
CLI028625,0.0,0.0,0.0,9.0,0.0
CLI028626,7.0,6.5,0.0,0.0,0.0
CLI028627,0.0,0.0,0.0,8.0,7.0
CLI028630,0.0,0.0,0.0,10.0,0.0
CLI028631,0.0,9.0,0.0,0.0,0.0
CLI028632,8.0,0.0,7.0,0.0,0.0
CLI028633,0.0,0.0,7.0,7.0,7.5
CLI028634,9.0,0.0,9.0,0.0,0.0
CLI028635,8.0,0.0,0.0,9.0,7.0
CLI028636,9.0,0.0,0.0,8.0,0.0
CLI028637,8.0,0.0,9.0,0.0,0.0
CLI028638,0.0,0.0,0.0,7.0,0.0
CLI028639,8.0,0.0,0.0,0.0,0.0
CLI028640,0.0,8.0,7.5,8.0,0.0
CLI028641,0.0,0.0,10.0,9.0,8.0
CLI028642,9.0,9.0,0.0,0.0,0.0
CLI028643,9.0,0.0,0.0,0.0,0.0
CLI028644,8.0,0.0,0.0,7.0,0.0
CLI028645,0.0,9.0,0.0,0.0,0.0
CLI028646,0.0,0.0,0.0,8.0,0.0
CLI028647,0.0,8.666666666666666,7.0,0.0,0.0
CLI028649,8.0,9.0,0.0,8.0,8.0
CLI028650,0.0,0.0,7.0,0.0,0.0
CLI028652,8.0,9.0,8.0,0.0,9.0
CLI028653,0.0,0.0,9.0,0.0,0.0
CLI028654,9.0,0.0,0.0,0.0,0.0
CLI028655,0.0,7.0,0.0,0.0,0.0
CLI028656,0.0,9.0,0.0,0.0,0.0
CLI028658,0.0,7.5,0.0,8.0,8.0
CLI028660,0.0,8.0,8.0,0.0,9.0
CLI028661,0.0,0.0,9.0,10.0,10.0
CLI028662,8.0,0.0,8.0,7.0,8.0
CLI028663,0.0,8.0,8.333333333333334,0.0,0.0
CLI028664,10.0,0.0,10.0,0.0,0.0
CLI028665,7.5,0.0,8.0,9.0,0.0
CLI028666,9.0,0.0,0.0,8.0,0.0
CLI028667,0.0,0.0,0.0,7.5,0.0
CLI028668,0.0,0.0,0.0,7.0,0.0
CLI028669,8.0,9.0,0.0,0.0,0.0
CLI028670,0.0,8.0,0.0,9.0,0.0
CLI028671,9.5,9.0,0.0,10.0,0.0
CLI028672,0.0,0.0,0.0,7.0,0.0
CLI028673,0.0,0.0,0.0,0.0,9.0
CLI028674,7.0,9.0,9.0,0.0,0.0
CLI028675,0.0,0.0,8.0,0.0,9.0
CLI028676,0.0,0.0,7.0,9.0,8.0
CLI028677,0.0,7.0,0.0,0.0,8.0
CLI028678,0.0,9.0,0.0,0.0,9.0
CLI028679,6.0,0.0,0.0,0.0,10.0
CLI028680,9.0,0.0,9.0,0.0,0.0
CLI028681,0.0,7.0,0.0,0.0,0.0
CLI028682,0.0,0.0,9.0,0.0,0.0
CLI028683,0.0,0.0,8.0,9.0,0.0
CLI028684,8.5,0.0,0.0,0.0,0.0
CLI028686,0.0,8.0,0.0,7.666666666666667,8.0
CLI028687,0.0,7.5,8.0,0.0,0.0
CLI028688,0.0,8.0,0.0,8.0,8.0
CLI028689,0.0,0.0,0.0,0.0,7.0
CLI028690,8.0,8.0,9.0,0.0,0.0
CLI028691,0.0,0.0,0.0,8.0,7.0
CLI028692,0.0,0.0,9.0,0.0,0.0
CLI028693,10.0,0.0,0.0,0.0,7.0
CLI028694,0.0,8.0,8.0,0.0,0.0
CLI028695,8.333333333333334,9.0,0.0,0.0,0.0
CLI028696,0.0,0.0,0.0,0.0,9.0
CLI028697,0.0,9.0,0.0,0.0,8.5
CLI028698,0.0,9.0,0.0,7.0,9.0
CLI028699,0.0,8.0,8.0,0.0,0.0
CLI028700,0.0,0.0,8.0,9.0,0.0
CLI028701,0.0,8.5,0.0,0.0,0.0
CLI028702,0.0,0.0,8.0,0.0,9.0
CLI028703,0.0,0.0,0.0,0.0,7.0
CLI028704,0.0,8.0,0.0,0.0,0.0
CLI028705,0.0,0.0,0.0,0.0,8.0
CLI028706,0.0,0.0,0.0,0.0,8.5
CLI028707,6.0,7.5,0.0,0.0,0.0
CLI028708,6.0,7.0,0.0,7.0,0.0
CLI028709,0.0,7.0,0.0,0.0,0.0
CLI028710,7.0,0.0,0.0,0.0,0.0
CLI028711,0.0,0.0,0.0,0.0,7.0
CLI028713,7.5,0.0,0.0,7.0,0.0
CLI028714,9.0,0.0,0.0,0.0,7.0
CLI028715,8.0,8.0,8.0,0.0,0.0
CLI028716,0.0,0.0,0.0,7.0,0.0
CLI028717,10.0,0.0,0.0,0.0,0.0
CLI028718,0.0,7.0,0.0,6.0,8.0
CLI028719,0.0,0.0,7.0,8.333333333333334,8.5
CLI028720,0.0,0.0,8.0,0.0,0.0
CLI028721,0.0,0.0,0.0,8.0,8.0
CLI028722,9.0,7.0,0.0,8.0,9.0
CLI028723,0.0,0.0,0.0,0.0,9.5
CLI028724,0.0,7.0,0.0,8.0,0.0
CLI028725,0.0,9.0,0.0,6.0,0.0
CLI028726,0.0,0.0,9.0,7.0,0.0
CLI028727,0.0,0.0,0.0,0.0,9.0
CLI028728,7.5,0.0,0.0,0.0,8.0
CLI028729,8.0,7.0,0.0,0.0,8.0
CLI028730,8.0,7.5,0.0,0.0,7.0
CLI028731,0.0,9.0,10.0,0.0,8.5
CLI028732,0.0,9.0,7.0,0.0,10.0
CLI028733,0.0,0.0,0.0,10.0,0.0
CLI028734,7.0,0.0,0.0,0.0,0.0
CLI028735,8.0,9.0,0.0,0.0,0.0
CLI028736,0.0,0.0,0.0,6.0,0.0
CLI028737,0.0,7.0,9.0,8.0,0.0
CLI028738,7.0,0.0,8.0,9.0,0.0
CLI028739,0.0,0.0,8.0,7.5,0.0
CLI028740,9.0,0.0,8.0,0.0,9.0
CLI028742,9.0,0.0,0.0,0.0,0.0
CLI028743,8.5,0.0,9.0,7.0,0.0
CLI028744,7.0,8.0,0.0,9.0,8.0
CLI028745,10.0,0.0,0.0,0.0,9.0
CLI028746,8.0,0.0,8.0,0.0,9.0
CLI028747,0.0,0.0,0.0,7.0,7.0
CLI028748,6.0,0.0,9.0,0.0,9.0
CLI028749,0.0,0.0,8.0,0.0,0.0
CLI028750,0.0,0.0,9.0,6.0,0.0
CLI028751,9.0,9.0,7.0,9.0,0.0
CLI028752,7.0,9.0,0.0,0.0,0.0
CLI028753,7.0,8.5,8.5,0.0,0.0
CLI028754,0.0,0.0,8.0,8.5,7.0
CLI028755,9.0,10.0,0.0,0.0,0.0
CLI028756,9.0,8.0,7.0,0.0,7.0
CLI028757,9.0,7.0,9.0,8.0,0.0
CLI028758,8.5,0.0,9.0,0.0,0.0
CLI028759,0.0,0.0,0.0,0.0,7.0
CLI028760,6.0,7.0,0.0,0.0,7.0
CLI028761,0.0,9.0,8.5,0.0,8.0
CLI028762,0.0,0.0,0.0,8.0,9.0
CLI028763,0.0,0.0,6.0,0.0,7.0
CLI028764,0.0,0.0,0.0,10.0,0.0
CLI028765,0.0,0.0,10.0,7.0,8.0
CLI028766,0.0,0.0,0.0,0.0,7.0
CLI028767,0.0,0.0,8.5,0.0,8.25
CLI028769,0.0,0.0,8.5,0.0,0.0
CLI028770,0.0,0.0,0.0,9.0,0.0
CLI028771,9.0,7.0,0.0,7.0,10.0
CLI028772,0.0,10.0,0.0,0.0,0.0
CLI028773,0.0,0.0,0.0,0.0,8.0
CLI028774,0.0,0.0,8.25,8.0,9.0
CLI028775,8.0,0.0,8.0,0.0,0.0
CLI028776,8.0,0.0,9.0,7.0,0.0
CLI028777,6.0,0.0,0.0,0.0,8.0
CLI028778,0.0,0.0,8.0,0.0,0.0
CLI028779,0.0,0.0,8.0,8.0,0.0
CLI028780,7.0,0.0,0.0,0.0,0.0
CLI028782,0.0,0.0,7.0,7.0,9.0
CLI028783,0.0,0.0,0.0,0.0,10.0
CLI028784,0.0,8.0,0.0,8.0,0.0
CLI028785,0.0,9.0,0.0,8.0,0.0
CLI028786,0.0,7.0,7.0,8.0,0.0
CLI028787,7.666666666666667,0.0,8.5,8.5,8.0
CLI028788,0.0,0.0,0.0,0.0,9.0
CLI028789,0.0,0.0,9.0,0.0,0.0
CLI028790,0.0,8.0,0.0,0.0,0.0
CLI028791,0.0,0.0,9.0,0.0,0.0
CLI028792,0.0,0.0,9.0,0.0,10.0
CLI028793,0.0,8.0,0.0,0.0,7.0
CLI028794,7.5,0.0,0.0,0.0,0.0
CLI028795,0.0,7.0,0.0,0.0,0.0
CLI028796,0.0,7.0,8.0,8.0,0.0
CLI028797,0.0,9.0,8.0,7.0,0.0
CLI028799,8.0,7.5,0.0,0.0,0.0
CLI028800,0.0,7.5,7.0,0.0,7.0
CLI028801,0.0,0.0,0.0,10.0,8.0
CLI028802,9.0,7.5,0.0,9.0,0.0
CLI028803,7.0,0.0,0.0,8.0,8.0
CLI028804,7.5,7.0,7.0,7.0,0.0
CLI028805,0.0,0.0,0.0,8.0,7.0
CLI028806,0.0,0.0,10.0,0.0,8.0
CLI028807,0.0,9.0,8.0,10.0,0.0
CLI028808,8.0,0.0,8.0,0.0,8.0
CLI028809,8.0,0.0,8.0,0.0,0.0
CLI028810,8.0,0.0,8.0,0.0,7.0
CLI028811,8.0,0.0,0.0,9.0,0.0
CLI028812,0.0,8.0,0.0,0.0,0.0
CLI028813,0.0,0.0,0.0,0.0,8.0
CLI028814,9.5,9.0,9.0,0.0,0.0
CLI028815,7.0,0.0,8.0,9.0,10.0
CLI028816,0.0,0.0,7.0,0.0,0.0
CLI028817,8.0,8.0,0.0,0.0,10.0
CLI028818,0.0,0.0,6.0,10.0,0.0
CLI028819,7.0,0.0,0.0,0.0,6.0
CLI028820,8.0,0.0,8.0,8.0,0.0
CLI028821,8.0,0.0,10.0,0.0,7.0
CLI028822,8.0,0.0,0.0,0.0,0.0
CLI028823,9.0,0.0,7.0,0.0,7.0
CLI028824,8.0,0.0,8.0,0.0,9.0
CLI028825,0.0,9.0,0.0,9.0,8.5
CLI028826,9.0,0.0,0.0,8.0,7.0
CLI028827,0.0,0.0,0.0,0.0,7.0
CLI028828,0.0,0.0,0.0,0.0,8.0
CLI028829,6.0,9.0,7.0,0.0,0.0
CLI028830,9.0,0.0,0.0,0.0,0.0
CLI028831,0.0,10.0,7.0,0.0,0.0
CLI028832,0.0,6.0,0.0,0.0,0.0
CLI028833,0.0,0.0,0.0,0.0,8.0
CLI028834,0.0,0.0,0.0,10.0,7.5
CLI028835,0.0,0.0,7.0,7.0,0.0
CLI028836,0.0,0.0,0.0,8.0,0.0
CLI028837,7.0,0.0,0.0,0.0,8.0
CLI028838,0.0,0.0,0.0,9.0,0.0
CLI028839,6.0,8.0,0.0,0.0,0.0
CLI028840,8.0,0.0,0.0,0.0,0.0
CLI028841,0.0,0.0,7.5,8.0,7.333333333333333
CLI028842,0.0,7.0,0.0,0.0,0.0
CLI028843,7.5,0.0,0.0,8.0,0.0
CLI028844,0.0,7.5,8.0,0.0,8.0
CLI028845,0.0,0.0,0.0,7.5,0.0
CLI028846,8.333333333333334,0.0,0.0,0.0,0.0
CLI028847,0.0,0.0,0.0,8.0,8.0
CLI028848,8.0,0.0,8.0,0.0,0.0
CLI028849,0.0,0.0,0.0,7.0,0.0
CLI028850,0.0,8.0,0.0,0.0,8.0
CLI028851,0.0,7.0,0.0,0.0,0.0
CLI028852,9.0,9.0,8.0,0.0,0.0
CLI028853,0.0,0.0,0.0,7.0,0.0
CLI028854,0.0,0.0,8.0,9.0,0.0
CLI028855,0.0,7.0,7.0,0.0,0.0
CLI028856,9.0,0.0,0.0,0.0,0.0
CLI028857,0.0,0.0,8.0,0.0,0.0
CLI028858,0.0,0.0,7.666666666666667,0.0,0.0
CLI028860,0.0,0.0,8.5,0.0,0.0
CLI028861,9.0,0.0,9.0,0.0,0.0
CLI028862,8.0,9.0,7.5,9.0,0.0
CLI028864,10.0,0.0,8.0,8.0,0.0
CLI028865,8.0,0.0,0.0,0.0,8.0
CLI028867,0.0,0.0,7.0,8.0,8.0
CLI028868,7.5,9.0,0.0,0.0,0.0
CLI028869,8.666666666666666,0.0,0.0,0.0,0.0
CLI028870,8.0,10.0,7.0,0.0,0.0
CLI028871,7.0,0.0,0.0,0.0,0.0
CLI028872,8.0,9.0,0.0,0.0,9.0
CLI028874,0.0,0.0,10.0,0.0,0.0
CLI028875,8.0,0.0,0.0,0.0,0.0
CLI028876,9.0,0.0,8.0,0.0,8.0
CLI028877,7.0,0.0,0.0,0.0,0.0
CLI028878,0.0,0.0,10.0,8.0,9.0
CLI028879,0.0,0.0,8.0,0.0,0.0
CLI028880,0.0,0.0,0.0,7.0,0.0
CLI028881,0.0,0.0,7.5,7.0,0.0
CLI028882,0.0,0.0,0.0,7.0,9.0
CLI028883,9.0,0.0,0.0,0.0,8.0
CLI028884,9.0,7.5,8.0,0.0,8.0
CLI028885,0.0,9.0,9.0,0.0,8.0
CLI028886,0.0,8.0,8.0,0.0,0.0
CLI028887,0.0,0.0,7.0,0.0,0.0
CLI028888,8.0,9.0,0.0,8.0,0.0
CLI028889,8.0,0.0,8.0,0.0,0.0
CLI028890,9.0,0.0,0.0,8.0,0.0
CLI028891,0.0,7.0,8.0,0.0,0.0
CLI028892,8.0,7.5,8.0,0.0,0.0
CLI028893,0.0,0.0,0.0,7.5,9.0
CLI028894,0.0,0.0,8.0,9.0,0.0
CLI028895,0.0,7.0,0.0,0.0,7.0
CLI028896,10.0,0.0,0.0,8.0,0.0
CLI028897,10.0,8.0,0.0,8.0,0.0
CLI028899,0.0,0.0,0.0,0.0,6.0
CLI028900,0.0,7.0,0.0,0.0,8.0
CLI028901,0.0,10.0,0.0,8.0,9.0
CLI028902,8.0,9.0,0.0,0.0,0.0
CLI028903,0.0,9.0,0.0,0.0,9.5
CLI028904,0.0,0.0,8.0,0.0,0.0
CLI028905,8.0,0.0,8.0,0.0,0.0
CLI028906,0.0,0.0,7.5,0.0,0.0
CLI028907,9.0,0.0,9.0,0.0,9.0
CLI028908,0.0,0.0,7.0,0.0,0.0
CLI028909,10.0,9.0,8.0,0.0,0.0
CLI028910,0.0,0.0,0.0,0.0,9.0
CLI028912,0.0,8.5,0.0,6.0,0.0
CLI028913,9.0,0.0,8.0,0.0,9.0
CLI028915,0.0,0.0,8.0,0.0,0.0
CLI028916,0.0,8.0,0.0,7.0,0.0
CLI028917,0.0,0.0,8.0,0.0,8.0
CLI028918,0.0,8.0,9.0,8.5,8.0
CLI028919,7.333333333333333,0.0,7.666666666666667,9.0,0.0
CLI028920,9.0,0.0,0.0,0.0,6.0
CLI028921,8.0,8.0,0.0,0.0,7.5
CLI028922,0.0,0.0,0.0,7.0,6.0
CLI028923,8.0,10.0,8.0,8.0,7.0
CLI028924,0.0,0.0,9.0,0.0,0.0
CLI028925,0.0,0.0,0.0,0.0,9.0
CLI028926,0.0,8.0,10.0,0.0,0.0
CLI028928,8.0,8.0,10.0,9.0,9.0
CLI028929,0.0,7.0,8.0,7.0,0.0
CLI028930,9.0,7.0,0.0,0.0,0.0
CLI028931,9.0,0.0,0.0,0.0,8.5
CLI028932,10.0,0.0,0.0,8.0,0.0
CLI028933,8.0,7.0,7.0,0.0,0.0
CLI028934,0.0,0.0,7.0,8.0,9.0
CLI028935,0.0,8.0,0.0,7.5,6.0
CLI028936,0.0,0.0,0.0,0.0,8.0
CLI028937,7.0,7.5,7.0,9.0,0.0
CLI028938,0.0,0.0,0.0,0.0,9.0
CLI028939,0.0,0.0,0.0,9.0,8.0
CLI028940,0.0,7.0,7.5,0.0,8.0
CLI028941,0.0,0.0,0.0,0.0,9.0
CLI028942,7.0,8.666666666666666,8.0,8.0,0.0
CLI028943,7.5,7.0,7.0,0.0,0.0
CLI028944,0.0,0.0,0.0,8.0,0.0
CLI028945,0.0,0.0,0.0,7.666666666666667,0.0
CLI028946,8.5,9.0,0.0,0.0,0.0
CLI028948,8.0,9.0,7.0,0.0,0.0
CLI028949,0.0,8.0,8.0,0.0,0.0
CLI028950,0.0,0.0,0.0,8.0,7.0
CLI028951,0.0,0.0,0.0,0.0,7.0
CLI028952,9.0,0.0,0.0,0.0,0.0
CLI028953,0.0,8.0,0.0,0.0,0.0
CLI028954,0.0,8.0,0.0,8.0,0.0
CLI028955,8.0,0.0,7.5,0.0,0.0
CLI028957,0.0,9.0,0.0,0.0,8.0
CLI028958,0.0,0.0,0.0,8.0,8.0
CLI028959,0.0,8.0,6.0,0.0,0.0
CLI028960,10.0,0.0,7.25,0.0,0.0
CLI028961,0.0,0.0,9.0,0.0,7.0
CLI028962,0.0,8.0,9.0,0.0,8.0
CLI028963,9.0,8.0,7.0,0.0,0.0
CLI028964,0.0,0.0,0.0,10.0,0.0
CLI028965,0.0,7.0,9.0,9.0,0.0
CLI028966,8.0,7.0,0.0,0.0,6.0
CLI028967,8.0,10.0,8.0,0.0,9.5
CLI028969,0.0,9.0,0.0,0.0,0.0
CLI028970,0.0,8.0,8.0,0.0,0.0
CLI028971,8.0,10.0,0.0,0.0,0.0
CLI028972,0.0,0.0,6.0,0.0,0.0
CLI028973,8.0,0.0,7.0,7.0,0.0
CLI028974,7.5,0.0,9.0,9.0,7.0
CLI028976,0.0,0.0,6.5,0.0,0.0
CLI028978,8.0,0.0,0.0,8.0,0.0
CLI028979,0.0,0.0,0.0,8.0,10.0
CLI028980,8.0,8.0,9.0,0.0,8.5
CLI028981,0.0,0.0,7.0,0.0,0.0
CLI028982,0.0,0.0,0.0,8.0,0.0
CLI028983,8.0,0.0,0.0,0.0,0.0
CLI028984,0.0,0.0,7.0,8.0,0.0
CLI028985,7.0,0.0,0.0,9.0,0.0
CLI028986,8.0,0.0,7.0,0.0,8.0
CLI028987,0.0,7.0,9.0,0.0,0.0
CLI028988,8.5,0.0,0.0,9.0,0.0
CLI028989,8.0,9.0,7.5,0.0,8.0
CLI028990,8.0,0.0,8.5,0.0,7.0
CLI028992,8.0,0.0,0.0,7.0,9.0
CLI028993,7.0,0.0,0.0,9.0,0.0
CLI028994,0.0,0.0,8.0,0.0,0.0
CLI028995,0.0,0.0,8.0,0.0,0.0
CLI028996,7.5,0.0,6.0,8.0,0.0
CLI028997,7.0,0.0,9.0,0.0,0.0
CLI028998,7.0,0.0,7.0,0.0,0.0
CLI028999,0.0,8.0,0.0,0.0,0.0
CLI029000,0.0,10.0,0.0,9.0,0.0
CLI029001,8.0,0.0,7.0,0.0,7.0
CLI029003,8.0,0.0,0.0,0.0,0.0
CLI029004,9.0,0.0,0.0,8.0,0.0
CLI029005,0.0,0.0,0.0,8.0,0.0
CLI029006,0.0,0.0,7.0,8.0,9.0
CLI029007,8.5,0.0,7.0,0.0,0.0
CLI029008,7.5,8.5,0.0,0.0,0.0
CLI029009,8.0,7.666666666666667,0.0,9.0,0.0
CLI029010,9.0,8.0,0.0,0.0,0.0
CLI029011,0.0,0.0,9.0,0.0,9.0
CLI029012,7.0,0.0,0.0,8.0,0.0
CLI029013,8.0,0.0,0.0,0.0,0.0
CLI029014,0.0,8.0,8.0,0.0,9.0
CLI029015,8.0,0.0,0.0,0.0,0.0
CLI029016,8.0,0.0,9.0,8.0,0.0
CLI029018,0.0,0.0,0.0,0.0,8.0
CLI029019,8.0,0.0,0.0,0.0,0.0
CLI029020,8.0,0.0,0.0,0.0,0.0
CLI029021,7.0,0.0,0.0,0.0,0.0
CLI029022,0.0,9.0,0.0,0.0,10.0
CLI029023,0.0,0.0,0.0,7.0,0.0
CLI029024,0.0,9.0,0.0,0.0,0.0
CLI029025,8.0,0.0,0.0,8.0,8.0
CLI029026,9.0,7.0,0.0,8.0,0.0
CLI029027,0.0,0.0,0.0,10.0,8.0
CLI029028,0.0,0.0,0.0,9.0,7.0
CLI029029,0.0,8.333333333333334,7.0,7.0,9.0
CLI029030,0.0,0.0,0.0,0.0,8.0
CLI029031,8.0,0.0,7.0,8.0,7.0
CLI029032,0.0,0.0,0.0,0.0,9.0
CLI029033,0.0,0.0,9.0,7.0,9.0
CLI029034,0.0,0.0,0.0,7.0,7.5
CLI029035,0.0,0.0,7.0,0.0,0.0
CLI029036,0.0,0.0,8.0,0.0,0.0
CLI029037,8.0,0.0,9.0,0.0,8.5
CLI029039,8.0,7.0,7.0,0.0,0.0
CLI029040,0.0,0.0,8.0,8.0,0.0
CLI029041,0.0,7.0,0.0,8.0,7.5
CLI029042,0.0,10.0,9.0,0.0,0.0
CLI029043,6.0,8.666666666666666,8.0,0.0,0.0
CLI029044,0.0,0.0,0.0,0.0,8.0
CLI029045,0.0,0.0,0.0,10.0,8.0
CLI029046,7.0,0.0,0.0,8.5,7.0
CLI029047,0.0,8.0,0.0,0.0,0.0
CLI029048,7.0,8.0,0.0,0.0,0.0
CLI029049,0.0,9.0,8.0,9.0,8.0
CLI029050,0.0,0.0,8.0,7.0,0.0
CLI029051,0.0,9.0,7.0,9.0,0.0
CLI029052,0.0,0.0,0.0,6.0,9.0
CLI029053,0.0,7.0,0.0,0.0,0.0
CLI029054,0.0,10.0,0.0,8.0,9.0
CLI029055,0.0,0.0,9.0,8.0,0.0
CLI029056,8.0,8.0,8.0,0.0,0.0
CLI029058,0.0,8.0,0.0,0.0,0.0
CLI029059,0.0,0.0,9.0,10.0,8.0
CLI029060,0.0,8.0,0.0,8.25,0.0
CLI029061,0.0,0.0,0.0,9.0,8.0
CLI029062,8.0,9.0,0.0,10.0,0.0
CLI029063,7.0,0.0,0.0,0.0,0.0
CLI029064,7.0,0.0,9.0,8.0,0.0
CLI029065,7.0,0.0,0.0,0.0,9.0
CLI029066,0.0,0.0,9.0,0.0,7.0
CLI029067,0.0,7.0,0.0,0.0,9.0
CLI029068,7.0,7.0,0.0,8.0,9.0
CLI029069,0.0,0.0,0.0,6.0,0.0
CLI029070,0.0,8.0,0.0,8.0,0.0
CLI029071,0.0,0.0,0.0,9.0,6.0
CLI029072,0.0,0.0,0.0,9.0,0.0
CLI029073,7.0,0.0,0.0,7.0,0.0
CLI029074,0.0,7.5,8.0,0.0,8.5
CLI029075,0.0,0.0,8.0,0.0,0.0
CLI029076,0.0,8.0,0.0,0.0,0.0
CLI029078,0.0,6.5,0.0,10.0,0.0
CLI029080,8.0,8.0,8.0,0.0,0.0
CLI029081,8.5,0.0,0.0,9.0,9.0
CLI029082,0.0,9.0,8.0,0.0,10.0
CLI029083,0.0,0.0,7.5,0.0,8.0
CLI029084,9.0,7.0,7.0,7.5,8.0
CLI029085,8.0,0.0,0.0,8.0,8.0
CLI029086,0.0,8.0,10.0,0.0,0.0
CLI029087,0.0,0.0,0.0,8.0,0.0
CLI029089,0.0,9.0,0.0,0.0,0.0
CLI029090,0.0,0.0,0.0,0.0,9.0
CLI029091,0.0,8.5,7.0,0.0,8.0
CLI029092,0.0,0.0,0.0,9.0,0.0
CLI029094,0.0,0.0,7.0,9.0,0.0
CLI029095,7.0,9.0,8.0,0.0,8.666666666666666
CLI029096,0.0,0.0,0.0,7.0,0.0
CLI029097,0.0,8.0,8.0,0.0,0.0
CLI029098,6.0,0.0,0.0,0.0,0.0
CLI029099,9.0,0.0,0.0,0.0,8.0
CLI029100,8.0,0.0,9.0,0.0,0.0
CLI029101,8.0,0.0,0.0,8.0,0.0
CLI029102,0.0,9.0,0.0,7.0,7.5
CLI029103,8.5,0.0,8.0,0.0,10.0
CLI029104,8.0,0.0,0.0,9.0,8.0
CLI029106,8.0,7.0,0.0,0.0,9.0
CLI029107,8.0,9.0,0.0,9.0,0.0
CLI029108,7.5,0.0,0.0,0.0,8.0
CLI029109,0.0,8.0,8.0,10.0,0.0
CLI029111,8.0,0.0,0.0,8.0,0.0
CLI029112,0.0,0.0,0.0,8.0,0.0
CLI029113,8.5,9.0,0.0,0.0,7.0
CLI029114,8.5,7.0,0.0,0.0,8.0
CLI029115,7.0,0.0,0.0,0.0,8.0
CLI029116,0.0,8.0,8.0,7.0,0.0
CLI029117,7.0,10.0,0.0,8.0,0.0
CLI029118,0.0,8.0,0.0,9.0,0.0
CLI029119,0.0,0.0,7.5,0.0,0.0
CLI029121,9.0,0.0,0.0,0.0,0.0
CLI029122,9.0,7.0,0.0,0.0,0.0
CLI029123,7.0,8.0,0.0,0.0,0.0
CLI029124,0.0,7.0,7.0,8.0,9.0
CLI029125,0.0,0.0,8.0,0.0,0.0
CLI029126,9.0,0.0,8.0,0.0,9.0
CLI029127,9.0,0.0,0.0,0.0,0.0
CLI029128,8.0,0.0,0.0,0.0,6.0
CLI029130,0.0,0.0,0.0,9.0,0.0
CLI029131,6.0,0.0,0.0,0.0,0.0
CLI029132,0.0,0.0,8.5,0.0,0.0
CLI029133,0.0,0.0,0.0,0.0,9.0
CLI029134,0.0,8.0,0.0,9.0,0.0
CLI029135,0.0,0.0,0.0,0.0,9.0
CLI029136,0.0,10.0,0.0,8.0,8.0
CLI029137,8.0,0.0,0.0,0.0,0.0
CLI029138,0.0,0.0,0.0,8.0,0.0
CLI029139,0.0,0.0,7.0,0.0,0.0
CLI029140,0.0,0.0,7.0,8.0,8.0
CLI029141,8.5,0.0,7.0,0.0,7.0
CLI029142,10.0,0.0,0.0,0.0,0.0
CLI029143,8.0,7.0,8.0,0.0,9.0
CLI029144,0.0,0.0,0.0,0.0,8.0
CLI029145,0.0,0.0,0.0,8.0,0.0
CLI029146,0.0,9.0,0.0,6.0,0.0
CLI029147,0.0,0.0,9.0,9.0,7.0
CLI029148,0.0,0.0,0.0,7.0,8.5
CLI029149,9.0,0.0,7.0,0.0,0.0
CLI029150,8.0,8.0,0.0,0.0,0.0
CLI029151,0.0,8.0,0.0,7.0,0.0
CLI029152,0.0,8.0,0.0,0.0,8.0
CLI029153,7.0,0.0,0.0,8.0,10.0
CLI029156,9.0,8.0,8.0,8.0,8.0
CLI029157,8.0,0.0,0.0,0.0,0.0
CLI029158,0.0,0.0,9.0,7.5,0.0
CLI029159,9.0,0.0,0.0,9.0,0.0
CLI029160,0.0,0.0,8.0,0.0,8.0
CLI029161,9.0,0.0,10.0,9.0,0.0
CLI029162,7.0,0.0,8.0,0.0,9.0
CLI029163,0.0,0.0,0.0,0.0,7.0
CLI029164,0.0,9.0,0.0,7.0,0.0
CLI029165,0.0,0.0,0.0,9.0,0.0
CLI029166,0.0,0.0,0.0,8.0,7.5
CLI029167,0.0,0.0,0.0,9.0,0.0
CLI029168,8.0,7.0,8.5,7.5,8.0
CLI029169,9.0,0.0,0.0,0.0,0.0
CLI029170,0.0,0.0,0.0,8.5,0.0
CLI029171,0.0,0.0,0.0,9.0,0.0
CLI029172,8.0,0.0,9.0,0.0,0.0
CLI029173,9.0,0.0,0.0,0.0,0.0
CLI029175,0.0,0.0,8.0,9.0,0.0
CLI029176,7.0,7.0,8.0,0.0,7.0
CLI029177,0.0,0.0,0.0,7.0,9.0
CLI029178,0.0,0.0,0.0,10.0,0.0
CLI029179,9.0,0.0,8.0,0.0,0.0
CLI029180,0.0,0.0,7.0,0.0,0.0
CLI029181,0.0,0.0,9.0,0.0,0.0
CLI029182,7.0,9.0,0.0,7.0,9.0
CLI029183,7.0,9.0,0.0,0.0,6.0
CLI029184,8.0,7.5,0.0,0.0,0.0
CLI029186,0.0,9.0,0.0,9.0,8.0
CLI029187,0.0,0.0,0.0,8.0,0.0
CLI029188,0.0,0.0,0.0,7.0,0.0
CLI029189,9.0,0.0,8.0,8.0,8.0
CLI029190,0.0,0.0,0.0,8.0,0.0
CLI029191,8.0,0.0,9.0,0.0,8.0
CLI029193,9.0,7.5,0.0,0.0,8.0
CLI029194,8.0,0.0,0.0,0.0,8.0
CLI029195,7.5,8.0,0.0,0.0,0.0
CLI029196,8.0,0.0,8.0,0.0,8.5
CLI029197,7.333333333333333,10.0,8.5,7.0,0.0
CLI029198,0.0,9.0,7.0,8.0,0.0
CLI029199,8.0,0.0,0.0,0.0,0.0
CLI029200,0.0,7.0,7.0,0.0,0.0
CLI029201,0.0,7.0,0.0,7.5,7.0
CLI029202,0.0,7.5,0.0,0.0,9.0
CLI029205,7.0,8.0,0.0,0.0,8.0
CLI029206,7.0,0.0,8.0,0.0,9.0
CLI029207,8.0,0.0,0.0,0.0,0.0
CLI029208,0.0,9.0,0.0,0.0,0.0
CLI029209,0.0,9.0,7.0,0.0,0.0
CLI029210,7.4,0.0,0.0,0.0,0.0
CLI029211,0.0,0.0,8.0,7.0,6.0
CLI029213,0.0,0.0,7.0,0.0,0.0
CLI029214,8.0,8.0,0.0,0.0,0.0
CLI029215,0.0,9.0,8.0,0.0,0.0
CLI029216,0.0,0.0,0.0,7.0,0.0
CLI029217,8.0,0.0,0.0,0.0,0.0
CLI029218,7.0,0.0,8.0,0.0,8.0
CLI029219,0.0,0.0,0.0,0.0,9.0
CLI029220,0.0,9.0,0.0,8.5,0.0
CLI029221,0.0,9.0,0.0,7.5,0.0
CLI029223,9.0,0.0,7.5,0.0,0.0
CLI029225,0.0,0.0,9.0,6.0,0.0
CLI029227,9.0,0.0,8.5,0.0,0.0
CLI029228,0.0,7.0,0.0,6.0,0.0
CLI029229,7.0,10.0,0.0,8.0,0.0
CLI029230,9.0,0.0,8.0,0.0,0.0
CLI029231,8.0,0.0,0.0,8.0,0.0
CLI029233,9.0,0.0,10.0,10.0,8.5
CLI029235,10.0,7.0,0.0,7.0,8.0
CLI029236,7.5,8.0,0.0,0.0,0.0
CLI029237,0.0,0.0,0.0,0.0,9.0
CLI029238,9.0,0.0,8.0,0.0,7.333333333333333
CLI029239,6.0,0.0,0.0,0.0,0.0
CLI029240,0.0,0.0,8.0,0.0,0.0
CLI029241,0.0,0.0,8.0,10.0,0.0
CLI029242,0.0,0.0,9.0,8.0,0.0
CLI029243,8.0,0.0,0.0,0.0,0.0
CLI029245,7.0,8.0,0.0,7.0,7.5
CLI029246,9.0,8.0,9.0,8.0,0.0
CLI029247,0.0,0.0,8.0,0.0,0.0
CLI029248,0.0,0.0,6.0,0.0,7.0
CLI029249,0.0,8.0,0.0,9.0,8.0
CLI029250,0.0,8.0,0.0,0.0,0.0
CLI029252,7.0,0.0,0.0,9.0,0.0
CLI029253,8.0,8.0,8.0,0.0,0.0
CLI029255,0.0,9.0,9.0,9.0,0.0
CLI029256,7.0,8.0,8.0,0.0,8.0
CLI029257,0.0,8.0,0.0,8.0,0.0
CLI029258,10.0,0.0,7.0,8.0,7.0
CLI029259,0.0,8.0,0.0,0.0,8.0
CLI029261,7.0,0.0,8.0,0.0,9.0
CLI029262,9.0,7.0,0.0,0.0,0.0
CLI029263,7.0,8.0,8.0,0.0,6.0
CLI029264,9.0,7.0,0.0,0.0,0.0
CLI029265,0.0,9.0,0.0,8.0,7.0
CLI029266,0.0,0.0,0.0,7.0,0.0
CLI029267,0.0,9.0,0.0,0.0,0.0
CLI029268,0.0,8.0,9.0,8.0,0.0
CLI029269,0.0,0.0,0.0,9.0,9.0
CLI029270,0.0,0.0,8.0,8.0,0.0
CLI029271,0.0,0.0,9.0,0.0,0.0
CLI029272,0.0,0.0,9.0,9.0,0.0
CLI029273,8.0,0.0,0.0,0.0,9.0
CLI029274,0.0,0.0,8.0,0.0,9.0
CLI029275,0.0,0.0,0.0,0.0,9.0
CLI029276,0.0,9.0,0.0,8.0,7.0
CLI029277,8.0,0.0,0.0,0.0,0.0
CLI029278,0.0,9.0,0.0,0.0,0.0
CLI029279,7.0,0.0,0.0,8.75,0.0
CLI029280,0.0,0.0,0.0,0.0,8.5
CLI029281,0.0,0.0,8.0,0.0,0.0
CLI029282,7.0,8.0,0.0,0.0,0.0
CLI029283,0.0,8.0,8.5,0.0,6.5
CLI029284,0.0,0.0,6.0,7.0,0.0
CLI029286,0.0,0.0,6.0,0.0,0.0
CLI029287,8.0,7.0,9.0,0.0,8.0
CLI029288,8.5,0.0,0.0,0.0,8.0
CLI029289,0.0,0.0,9.0,0.0,0.0
CLI029290,0.0,8.0,8.0,0.0,0.0
CLI029291,0.0,0.0,0.0,0.0,8.0
CLI029292,0.0,7.0,8.0,0.0,8.5
CLI029293,0.0,8.0,0.0,0.0,0.0
CLI029294,9.0,0.0,0.0,0.0,0.0
CLI029295,0.0,0.0,8.0,0.0,0.0
CLI029297,0.0,7.0,0.0,0.0,0.0
CLI029298,9.0,8.0,0.0,8.0,0.0
CLI029299,7.0,0.0,7.0,0.0,0.0
CLI029301,0.0,8.5,0.0,0.0,0.0
CLI029302,8.0,8.0,6.0,7.5,0.0
CLI029303,0.0,0.0,10.0,0.0,0.0
CLI029304,0.0,0.0,8.333333333333334,0.0,0.0
CLI029305,8.0,8.0,0.0,8.0,8.0
CLI029306,8.0,0.0,7.0,0.0,0.0
CLI029307,0.0,9.0,6.0,0.0,8.0
CLI029309,0.0,8.0,9.0,8.0,0.0
CLI029310,0.0,7.0,7.0,0.0,0.0
CLI029312,0.0,9.0,0.0,0.0,0.0
CLI029313,0.0,0.0,0.0,0.0,7.5
CLI029314,8.0,6.0,0.0,0.0,0.0
CLI029315,0.0,7.666666666666667,8.0,0.0,9.0
CLI029316,6.0,0.0,0.0,0.0,0.0
CLI029317,7.0,0.0,0.0,0.0,0.0
CLI029318,8.5,6.0,0.0,8.0,0.0
CLI029319,9.0,0.0,0.0,0.0,0.0
CLI029320,8.0,8.5,0.0,9.0,0.0
CLI029321,8.5,0.0,0.0,7.0,0.0
CLI029322,8.5,0.0,0.0,0.0,0.0
CLI029323,8.0,9.0,0.0,0.0,9.0
CLI029324,0.0,0.0,9.0,0.0,0.0
CLI029325,0.0,0.0,0.0,8.0,9.0
CLI029326,0.0,9.0,8.5,8.0,0.0
CLI029328,8.0,0.0,0.0,0.0,8.0
CLI029329,0.0,9.0,0.0,7.0,0.0
CLI029330,7.0,0.0,0.0,0.0,0.0
CLI029331,0.0,8.0,0.0,8.5,8.0
CLI029332,8.0,8.0,8.0,0.0,0.0
CLI029333,8.0,0.0,0.0,0.0,7.0
CLI029335,9.0,7.0,7.333333333333333,8.0,0.0
CLI029336,0.0,0.0,8.0,0.0,0.0
CLI029337,8.0,8.0,7.0,0.0,0.0
CLI029338,7.0,0.0,8.0,7.0,0.0
CLI029339,0.0,0.0,0.0,7.0,0.0
CLI029340,0.0,8.0,0.0,9.0,6.0
CLI029341,0.0,0.0,0.0,0.0,8.0
CLI029342,0.0,0.0,7.0,0.0,7.0
CLI029343,0.0,7.5,0.0,0.0,0.0
CLI029344,0.0,0.0,0.0,9.0,0.0
CLI029345,8.0,0.0,0.0,8.0,10.0
CLI029346,0.0,9.0,0.0,9.0,0.0
CLI029347,9.0,7.0,0.0,8.5,8.0
CLI029348,0.0,8.666666666666666,7.5,0.0,10.0
CLI029349,7.5,0.0,0.0,0.0,9.0
CLI029350,0.0,0.0,8.0,0.0,0.0
CLI029351,0.0,10.0,0.0,8.0,0.0
CLI029352,6.0,0.0,8.0,0.0,0.0
CLI029353,0.0,7.0,0.0,9.0,8.0
CLI029354,0.0,0.0,8.0,9.0,0.0
CLI029355,0.0,7.0,0.0,0.0,0.0
CLI029356,0.0,0.0,9.0,9.0,0.0
CLI029357,8.0,0.0,0.0,0.0,0.0
CLI029358,0.0,9.0,7.0,8.0,0.0
CLI029359,7.0,0.0,0.0,0.0,0.0
CLI029360,8.5,0.0,9.0,0.0,8.0
CLI029362,8.0,0.0,8.0,0.0,8.0
CLI029363,0.0,0.0,0.0,0.0,9.0
CLI029364,0.0,9.0,7.0,0.0,8.0
CLI029365,0.0,9.0,0.0,0.0,9.0
CLI029366,0.0,9.0,8.0,0.0,0.0
CLI029367,8.5,0.0,0.0,9.0,8.0
CLI029368,0.0,9.0,0.0,9.0,0.0
CLI029369,0.0,0.0,7.0,9.0,8.0
CLI029370,0.0,0.0,0.0,0.0,8.0
CLI029371,8.0,7.0,0.0,0.0,0.0
CLI029372,0.0,8.5,8.0,0.0,0.0
CLI029373,8.0,7.5,8.0,0.0,0.0
CLI029374,0.0,0.0,0.0,0.0,7.5
CLI029375,8.0,0.0,0.0,8.0,8.0
CLI029377,0.0,0.0,0.0,7.0,0.0
CLI029378,0.0,9.0,7.0,0.0,0.0
CLI029379,8.0,9.0,8.0,0.0,7.0
CLI029380,0.0,0.0,0.0,7.0,0.0
CLI029381,8.0,10.0,10.0,7.0,0.0
CLI029382,8.0,0.0,9.0,0.0,9.0
CLI029383,7.0,0.0,0.0,0.0,0.0
CLI029384,8.0,0.0,0.0,0.0,8.0
CLI029385,8.0,0.0,9.0,0.0,0.0
CLI029386,0.0,0.0,9.0,8.0,0.0
CLI029387,0.0,0.0,0.0,0.0,7.0
CLI029388,0.0,0.0,0.0,0.0,10.0
CLI029389,8.0,0.0,8.0,7.5,0.0
CLI029390,8.5,0.0,0.0,0.0,8.0
CLI029391,0.0,0.0,8.0,6.0,6.0
CLI029392,0.0,0.0,7.0,8.0,7.0
CLI029393,8.0,9.0,0.0,0.0,0.0
CLI029394,8.0,10.0,9.0,8.5,0.0
CLI029395,7.5,0.0,0.0,0.0,8.0
CLI029396,7.5,0.0,8.0,0.0,0.0
CLI029397,0.0,0.0,0.0,8.0,0.0
CLI029399,0.0,0.0,8.0,0.0,0.0
CLI029400,9.0,0.0,9.0,0.0,8.0
CLI029401,7.0,0.0,9.0,0.0,7.0
CLI029402,8.5,8.0,0.0,7.0,0.0
CLI029403,0.0,8.0,9.0,0.0,0.0
CLI029404,7.5,0.0,0.0,8.0,8.0
CLI029405,0.0,7.0,0.0,0.0,0.0
CLI029406,0.0,7.0,0.0,0.0,0.0
CLI029407,10.0,0.0,0.0,8.5,7.0
CLI029408,0.0,0.0,7.0,7.0,0.0
CLI029409,0.0,0.0,0.0,8.0,0.0
CLI029410,0.0,0.0,0.0,8.0,6.0
CLI029411,0.0,8.0,7.0,7.5,7.0
CLI029412,0.0,10.0,0.0,8.0,0.0
CLI029413,0.0,7.0,0.0,0.0,0.0
CLI029414,8.0,8.0,0.0,0.0,8.0
CLI029415,0.0,0.0,0.0,0.0,9.0
CLI029416,0.0,0.0,0.0,0.0,7.5
CLI029417,0.0,0.0,9.0,0.0,7.0
CLI029418,8.0,8.0,0.0,0.0,0.0
CLI029419,0.0,6.0,0.0,0.0,0.0
CLI029420,0.0,0.0,0.0,8.0,8.0
CLI029421,7.0,0.0,8.0,7.0,0.0
CLI029422,0.0,0.0,8.0,0.0,0.0
CLI029423,0.0,9.0,7.0,6.5,0.0
CLI029424,0.0,0.0,9.0,0.0,0.0
CLI029426,0.0,8.0,9.0,0.0,8.0
CLI029427,0.0,0.0,7.0,9.0,0.0
CLI029428,0.0,0.0,0.0,9.0,0.0
CLI029429,10.0,0.0,0.0,0.0,9.0
CLI029430,0.0,0.0,0.0,8.0,0.0
CLI029431,9.0,0.0,0.0,7.0,0.0
CLI029432,0.0,0.0,8.0,0.0,0.0
CLI029433,0.0,0.0,8.0,0.0,0.0
CLI029435,0.0,0.0,8.0,0.0,8.0
CLI029436,0.0,9.0,0.0,9.5,0.0
CLI029437,8.0,7.0,0.0,0.0,0.0
CLI029438,0.0,7.0,7.0,0.0,0.0
CLI029439,7.0,0.0,0.0,0.0,9.0
CLI029441,9.0,9.0,0.0,9.0,10.0
CLI029442,0.0,0.0,8.0,0.0,8.0
CLI029443,0.0,0.0,9.0,8.0,10.0
CLI029444,0.0,0.0,0.0,0.0,9.0
CLI029445,9.0,7.5,9.0,8.5,8.333333333333334
CLI029446,8.0,8.0,0.0,0.0,8.0
CLI029447,0.0,8.0,0.0,0.0,0.0
CLI029448,0.0,0.0,0.0,0.0,7.0
CLI029449,7.0,9.0,0.0,0.0,0.0
CLI029450,7.5,7.0,0.0,0.0,0.0
CLI029451,7.0,8.0,7.333333333333333,0.0,0.0
CLI029452,0.0,0.0,0.0,8.0,9.0
CLI029453,9.0,9.0,0.0,9.0,0.0
CLI029454,0.0,0.0,0.0,9.0,8.0
CLI029455,0.0,0.0,7.0,0.0,0.0
CLI029456,0.0,0.0,8.0,0.0,0.0
CLI029457,0.0,9.0,9.0,0.0,0.0
CLI029458,0.0,0.0,7.0,0.0,0.0
CLI029459,0.0,9.0,0.0,9.0,9.0
CLI029460,0.0,0.0,0.0,0.0,8.0
CLI029462,9.0,0.0,0.0,0.0,0.0
CLI029463,10.0,0.0,10.0,8.5,0.0
CLI029464,0.0,0.0,0.0,8.0,9.0
CLI029465,7.5,0.0,8.0,8.0,7.0
CLI029466,9.0,7.0,0.0,0.0,6.0
CLI029467,0.0,0.0,8.5,8.0,0.0
CLI029469,0.0,0.0,9.0,0.0,0.0
CLI029470,0.0,9.0,8.0,0.0,0.0
CLI029471,0.0,0.0,0.0,0.0,9.0
CLI029472,0.0,0.0,8.0,0.0,9.0
CLI029473,8.0,0.0,0.0,8.0,0.0
CLI029474,0.0,8.0,7.0,6.0,0.0
CLI029475,7.0,0.0,9.0,8.0,0.0
CLI029476,0.0,0.0,0.0,6.0,8.5
CLI029477,0.0,9.0,0.0,7.5,9.0
CLI029478,9.0,0.0,8.0,8.0,0.0
CLI029479,0.0,0.0,10.0,0.0,0.0
CLI029480,0.0,0.0,0.0,0.0,8.0
CLI029481,0.0,7.0,7.0,8.0,7.0
CLI029482,8.0,0.0,0.0,0.0,8.5
CLI029483,8.0,0.0,0.0,0.0,7.0
CLI029484,0.0,0.0,0.0,8.0,8.0
CLI029485,0.0,0.0,9.0,0.0,0.0
CLI029486,0.0,0.0,0.0,0.0,7.5
CLI029487,0.0,0.0,0.0,9.0,7.0
CLI029488,0.0,0.0,9.0,9.0,0.0
CLI029490,0.0,0.0,0.0,0.0,7.0
CLI029491,0.0,8.0,0.0,8.0,0.0
CLI029492,8.0,7.0,0.0,0.0,0.0
CLI029493,9.0,0.0,0.0,0.0,0.0
CLI029494,0.0,0.0,0.0,0.0,9.0
CLI029495,0.0,7.0,9.0,6.0,0.0
CLI029496,0.0,10.0,0.0,0.0,7.0
CLI029498,0.0,0.0,7.0,0.0,0.0
CLI029499,0.0,0.0,0.0,10.0,0.0
CLI029500,0.0,8.0,0.0,0.0,8.0
CLI029501,0.0,8.5,0.0,0.0,0.0
CLI029502,0.0,0.0,9.0,8.0,0.0
CLI029503,0.0,0.0,9.0,8.0,0.0
CLI029504,8.5,0.0,10.0,8.0,7.0
CLI029505,9.0,0.0,0.0,0.0,0.0
CLI029506,8.0,9.0,8.0,0.0,8.0
CLI029508,8.0,0.0,0.0,0.0,0.0
CLI029509,7.0,0.0,0.0,7.0,0.0
CLI029511,0.0,0.0,0.0,0.0,8.75
CLI029512,0.0,0.0,7.5,0.0,0.0
CLI029513,0.0,0.0,10.0,9.0,0.0
CLI029514,0.0,0.0,7.5,0.0,8.666666666666666
CLI029515,8.0,0.0,8.0,0.0,0.0
CLI029516,0.0,7.0,0.0,8.0,7.0
CLI029517,0.0,0.0,0.0,0.0,6.0
CLI029518,8.0,0.0,0.0,0.0,0.0
CLI029519,0.0,0.0,8.0,0.0,0.0
CLI029520,8.0,0.0,0.0,0.0,0.0
CLI029522,8.0,0.0,0.0,0.0,8.0
CLI029523,0.0,0.0,0.0,0.0,8.0
CLI029524,0.0,7.0,8.0,0.0,0.0
CLI029525,0.0,9.0,7.0,0.0,8.5
CLI029526,8.0,8.0,0.0,8.0,0.0
CLI029527,9.0,0.0,8.0,0.0,7.0
CLI029528,0.0,0.0,9.0,0.0,0.0
CLI029529,9.0,0.0,0.0,0.0,0.0
CLI029531,0.0,8.0,0.0,9.0,8.0
CLI029532,0.0,7.0,0.0,8.5,8.0
CLI029533,7.0,0.0,8.0,0.0,0.0
CLI029534,8.0,10.0,0.0,9.0,0.0
CLI029535,0.0,8.5,7.0,0.0,9.0
CLI029536,7.0,0.0,7.0,0.0,0.0
CLI029537,8.0,0.0,0.0,9.0,8.0
CLI029538,0.0,0.0,0.0,0.0,7.0
CLI029539,9.0,8.0,0.0,0.0,0.0
CLI029540,0.0,6.5,0.0,0.0,0.0
CLI029541,8.0,0.0,9.0,0.0,8.0
CLI029542,8.0,0.0,0.0,8.0,0.0
CLI029543,0.0,0.0,0.0,8.0,0.0
CLI029544,9.0,7.0,7.666666666666667,8.0,10.0
CLI029545,9.0,0.0,8.0,7.0,0.0
CLI029547,0.0,0.0,10.0,8.0,8.0
CLI029548,0.0,0.0,8.0,0.0,7.0
CLI029549,9.0,9.0,8.0,7.0,0.0
CLI029550,0.0,0.0,0.0,7.0,0.0
CLI029551,0.0,9.0,0.0,0.0,0.0
CLI029552,7.0,0.0,0.0,0.0,9.0
CLI029553,10.0,0.0,0.0,0.0,0.0
CLI029554,0.0,9.0,10.0,0.0,8.0
CLI029555,9.0,0.0,0.0,0.0,0.0
CLI029556,9.0,8.0,0.0,0.0,7.5
CLI029557,10.0,8.0,0.0,7.0,0.0
CLI029558,8.0,0.0,8.0,0.0,0.0
CLI029559,0.0,0.0,0.0,6.5,7.0
CLI029560,9.0,0.0,0.0,0.0,10.0
CLI029561,0.0,9.0,7.0,7.5,0.0
CLI029562,10.0,0.0,7.0,0.0,8.0
CLI029563,0.0,7.0,8.0,0.0,0.0
CLI029564,0.0,0.0,0.0,9.0,9.0
CLI029565,7.333333333333333,0.0,9.0,9.0,8.0
CLI029566,7.0,9.0,0.0,0.0,0.0
CLI029568,7.0,7.5,0.0,8.0,0.0
CLI029569,7.0,7.0,0.0,9.0,0.0
CLI029570,0.0,9.0,0.0,8.0,10.0
CLI029571,0.0,0.0,0.0,8.0,0.0
CLI029572,0.0,9.0,0.0,0.0,0.0
CLI029574,0.0,9.5,9.0,0.0,0.0
CLI029575,0.0,0.0,9.0,8.5,7.0
CLI029576,7.0,0.0,0.0,7.0,0.0
CLI029577,0.0,9.0,10.0,8.5,0.0
CLI029578,8.0,0.0,8.0,0.0,0.0
CLI029579,8.0,9.0,0.0,0.0,9.0
CLI029580,8.0,6.0,7.0,0.0,0.0
CLI029581,8.0,0.0,0.0,0.0,9.0
CLI029583,0.0,0.0,8.0,0.0,8.0
CLI029584,0.0,8.0,0.0,0.0,0.0
CLI029585,0.0,0.0,0.0,0.0,8.0
CLI029586,0.0,0.0,7.6,0.0,0.0
CLI029587,0.0,8.0,9.0,0.0,6.0
CLI029588,8.5,0.0,9.5,0.0,0.0
CLI029590,0.0,0.0,0.0,7.0,0.0
CLI029591,0.0,8.0,7.0,8.0,0.0
CLI029593,0.0,0.0,9.0,8.0,0.0
CLI029594,0.0,0.0,9.0,0.0,0.0
CLI029595,8.0,0.0,0.0,0.0,0.0
CLI029596,0.0,7.0,0.0,8.0,8.0
CLI029597,8.0,0.0,0.0,0.0,0.0
CLI029598,0.0,0.0,0.0,9.0,0.0
CLI029599,0.0,0.0,0.0,9.0,8.0
CLI029600,9.0,9.0,0.0,9.0,0.0
CLI029601,9.0,0.0,0.0,9.0,8.0
CLI029602,8.0,0.0,9.0,0.0,0.0
CLI029603,0.0,0.0,0.0,0.0,7.0
CLI029604,0.0,6.0,0.0,0.0,8.666666666666666
CLI029605,8.0,8.0,7.0,8.0,0.0
CLI029606,7.0,9.0,7.0,0.0,0.0
CLI029608,0.0,8.0,8.5,8.0,0.0
CLI029609,8.0,0.0,0.0,9.0,0.0
CLI029610,8.0,0.0,0.0,0.0,0.0
CLI029611,7.0,0.0,0.0,7.0,0.0
CLI029612,7.5,0.0,0.0,8.0,9.0
CLI029613,0.0,0.0,8.0,0.0,8.0
CLI029614,0.0,0.0,0.0,6.0,0.0
CLI029615,8.0,0.0,8.0,9.0,10.0
CLI029616,10.0,8.0,0.0,0.0,7.0
CLI029617,0.0,0.0,0.0,8.0,8.0
CLI029619,9.0,9.0,0.0,0.0,8.0
CLI029620,0.0,9.0,9.0,8.0,0.0
CLI029621,0.0,0.0,0.0,9.0,0.0
CLI029622,0.0,0.0,8.0,0.0,0.0
CLI029623,0.0,0.0,0.0,0.0,7.0
CLI029627,7.0,0.0,0.0,0.0,8.0
CLI029628,8.5,8.0,0.0,0.0,0.0
CLI029630,0.0,9.0,0.0,0.0,0.0
CLI029631,7.5,8.0,8.0,0.0,0.0
CLI029632,0.0,0.0,9.0,0.0,0.0
CLI029633,0.0,9.0,9.0,8.0,0.0
CLI029634,8.0,0.0,9.0,0.0,0.0
CLI029635,0.0,7.0,10.0,8.0,9.0
CLI029636,8.0,0.0,0.0,0.0,6.0
CLI029637,0.0,7.0,0.0,6.0,0.0
CLI029638,0.0,0.0,0.0,0.0,8.0
CLI029639,0.0,0.0,0.0,7.666666666666667,8.0
CLI029640,7.0,9.0,9.0,0.0,8.0
CLI029641,8.0,0.0,9.0,0.0,8.333333333333334
CLI029642,8.0,8.0,8.0,0.0,0.0
CLI029644,0.0,0.0,8.0,0.0,0.0
CLI029645,0.0,0.0,0.0,7.0,0.0
CLI029646,8.0,0.0,0.0,0.0,0.0
CLI029647,0.0,6.0,8.0,0.0,0.0
CLI029648,0.0,0.0,7.0,0.0,0.0
CLI029649,0.0,7.5,0.0,0.0,0.0
CLI029650,0.0,9.0,0.0,7.0,0.0
CLI029651,0.0,0.0,0.0,0.0,7.0
CLI029652,0.0,0.0,0.0,8.5,0.0
CLI029653,0.0,8.0,7.0,8.0,0.0
CLI029654,9.0,0.0,9.0,7.0,0.0
CLI029655,0.0,8.0,0.0,0.0,0.0
CLI029656,0.0,0.0,9.0,0.0,9.0
CLI029657,0.0,8.333333333333334,8.0,0.0,6.0
CLI029658,8.5,8.0,0.0,0.0,7.0
CLI029659,7.5,7.5,0.0,8.0,8.0
CLI029660,0.0,9.0,0.0,0.0,0.0
CLI029661,0.0,10.0,7.5,9.0,0.0
CLI029662,0.0,0.0,0.0,7.0,0.0
CLI029663,0.0,0.0,7.0,10.0,0.0
CLI029664,0.0,7.5,0.0,0.0,0.0
CLI029665,0.0,0.0,0.0,8.0,8.0
CLI029666,0.0,0.0,6.0,10.0,0.0
CLI029667,9.0,0.0,0.0,0.0,9.0
CLI029668,8.0,0.0,0.0,0.0,0.0
CLI029669,0.0,0.0,8.0,0.0,0.0
CLI029670,0.0,7.0,0.0,0.0,0.0
CLI029672,0.0,0.0,0.0,8.0,8.0
CLI029673,0.0,8.5,0.0,0.0,0.0
CLI029674,8.5,0.0,0.0,9.0,0.0
CLI029676,0.0,7.0,0.0,0.0,7.5
CLI029677,0.0,0.0,8.0,0.0,0.0
CLI029678,0.0,8.0,0.0,8.0,0.0
CLI029679,9.0,8.0,0.0,0.0,7.0
CLI029680,0.0,8.0,0.0,0.0,9.0
CLI029681,0.0,0.0,0.0,9.0,0.0
CLI029682,8.0,0.0,0.0,8.0,7.5
CLI029683,9.0,9.0,0.0,9.0,0.0
CLI029684,0.0,0.0,0.0,8.5,9.0
CLI029685,0.0,0.0,8.0,0.0,0.0
CLI029687,8.0,8.0,0.0,7.0,0.0
CLI029688,9.0,0.0,0.0,0.0,0.0
CLI029689,0.0,0.0,0.0,9.0,8.0
CLI029690,0.0,0.0,9.0,0.0,0.0
CLI029691,8.0,0.0,7.0,0.0,0.0
CLI029692,7.0,0.0,7.0,7.0,8.0
CLI029693,7.0,8.0,0.0,0.0,6.0
CLI029694,0.0,8.5,0.0,8.0,0.0
CLI029695,9.0,0.0,0.0,0.0,0.0
CLI029696,8.0,0.0,8.0,0.0,0.0
CLI029697,0.0,9.0,0.0,9.0,0.0
CLI029698,9.0,8.5,0.0,0.0,8.0
CLI029699,8.5,0.0,0.0,0.0,8.0
CLI029700,7.0,6.0,8.0,8.5,0.0
CLI029701,0.0,7.0,0.0,0.0,0.0
CLI029702,10.0,8.0,0.0,0.0,0.0
CLI029703,9.0,9.0,7.0,0.0,0.0
CLI029705,9.0,9.0,9.0,6.0,6.0
CLI029706,9.0,0.0,0.0,8.0,0.0
CLI029707,8.0,7.0,0.0,7.666666666666667,0.0
CLI029708,9.0,0.0,0.0,0.0,0.0
CLI029709,0.0,7.0,0.0,0.0,8.666666666666666
CLI029710,0.0,10.0,9.0,0.0,0.0
CLI029711,0.0,0.0,7.0,8.0,0.0
CLI029712,0.0,0.0,0.0,9.0,0.0
CLI029713,0.0,10.0,0.0,8.0,8.0
CLI029714,9.0,0.0,0.0,0.0,9.0
CLI029715,0.0,8.5,9.0,0.0,0.0
CLI029716,0.0,7.0,9.0,0.0,0.0
CLI029717,0.0,0.0,7.0,0.0,8.0
CLI029718,0.0,0.0,0.0,10.0,7.0
CLI029719,10.0,6.0,0.0,0.0,8.333333333333334
CLI029720,0.0,9.0,8.0,8.0,0.0
CLI029721,9.0,0.0,8.0,0.0,0.0
CLI029722,0.0,0.0,0.0,9.0,0.0
CLI029723,0.0,0.0,8.0,0.0,0.0
CLI029724,7.0,9.0,7.0,0.0,0.0
CLI029725,0.0,8.0,0.0,8.5,8.0
CLI029726,0.0,8.5,0.0,0.0,0.0
CLI029728,0.0,7.0,0.0,0.0,0.0
CLI029729,9.0,0.0,0.0,0.0,0.0
CLI029730,0.0,0.0,9.0,9.0,0.0
CLI029731,9.0,0.0,0.0,0.0,0.0
CLI029732,8.0,0.0,0.0,0.0,0.0
CLI029733,0.0,8.0,9.0,0.0,0.0
CLI029734,0.0,0.0,7.0,8.0,0.0
CLI029735,0.0,0.0,0.0,0.0,8.0
CLI029736,6.0,0.0,0.0,0.0,0.0
CLI029737,0.0,0.0,0.0,9.0,0.0
CLI029738,0.0,8.0,0.0,0.0,0.0
CLI029739,7.0,0.0,8.0,0.0,0.0
CLI029740,0.0,0.0,0.0,9.0,8.0
CLI029741,0.0,0.0,0.0,8.0,8.0
CLI029742,0.0,0.0,7.5,0.0,8.0
CLI029743,7.0,7.0,0.0,6.0,0.0
CLI029744,7.0,8.0,0.0,0.0,0.0
CLI029745,0.0,6.0,8.0,0.0,0.0
CLI029746,0.0,0.0,7.5,7.0,9.0
CLI029747,0.0,7.0,0.0,0.0,0.0
CLI029748,0.0,0.0,0.0,7.5,0.0
CLI029749,8.5,9.0,0.0,8.666666666666666,0.0
CLI029750,0.0,0.0,9.0,10.0,0.0
CLI029751,0.0,0.0,7.0,8.0,0.0
CLI029752,7.0,8.0,10.0,8.0,0.0
CLI029753,8.0,7.5,8.0,6.0,0.0
CLI029754,0.0,9.0,0.0,8.0,8.0
CLI029755,8.0,7.0,9.0,0.0,0.0
CLI029756,0.0,0.0,8.0,0.0,0.0
CLI029757,0.0,0.0,0.0,0.0,7.0
CLI029758,0.0,8.5,0.0,10.0,0.0
CLI029759,0.0,8.0,0.0,0.0,7.0
CLI029760,0.0,8.0,0.0,0.0,0.0
CLI029761,0.0,7.0,0.0,0.0,0.0
CLI029762,0.0,9.5,9.0,8.0,0.0
CLI029763,0.0,9.0,0.0,0.0,8.0
CLI029764,0.0,9.0,7.0,0.0,0.0
CLI029765,6.0,0.0,7.0,0.0,8.0
CLI029766,8.333333333333334,8.5,0.0,0.0,0.0
CLI029768,0.0,0.0,7.0,0.0,0.0
CLI029769,9.0,0.0,0.0,0.0,8.0
CLI029770,0.0,0.0,9.0,0.0,0.0
CLI029771,10.0,0.0,0.0,9.0,0.0
CLI029772,0.0,0.0,10.0,0.0,0.0
CLI029773,0.0,0.0,0.0,0.0,9.0
CLI029774,0.0,0.0,9.0,0.0,8.0
CLI029775,7.0,0.0,0.0,0.0,7.5
CLI029776,8.0,9.0,7.5,0.0,0.0
CLI029777,0.0,8.5,7.0,0.0,8.5
CLI029778,9.0,9.0,8.5,0.0,0.0
CLI029779,0.0,7.0,0.0,9.0,0.0
CLI029780,0.0,0.0,0.0,0.0,8.0
CLI029781,8.0,7.0,0.0,0.0,0.0
CLI029782,8.333333333333334,0.0,0.0,0.0,0.0
CLI029783,0.0,8.5,8.0,0.0,0.0
CLI029784,0.0,9.0,0.0,9.0,10.0
CLI029786,0.0,9.0,0.0,9.0,0.0
CLI029787,0.0,0.0,0.0,8.0,0.0
CLI029788,0.0,9.0,9.0,8.0,0.0
CLI029789,0.0,0.0,0.0,0.0,8.5
CLI029790,8.0,8.0,0.0,0.0,0.0
CLI029791,8.0,0.0,8.0,0.0,10.0
CLI029792,0.0,0.0,0.0,9.0,0.0
CLI029794,0.0,0.0,9.0,0.0,9.0
CLI029795,8.0,0.0,0.0,7.0,8.0
CLI029796,9.0,8.0,7.0,0.0,0.0
CLI029798,0.0,0.0,0.0,0.0,6.0
CLI029799,0.0,8.0,8.0,0.0,8.0
CLI029800,0.0,8.0,0.0,0.0,0.0
CLI029801,0.0,8.0,7.0,0.0,0.0
CLI029802,0.0,8.0,0.0,8.0,0.0
CLI029803,0.0,8.5,8.0,8.0,0.0
CLI029804,10.0,7.0,8.0,9.0,8.5
CLI029805,0.0,0.0,0.0,0.0,8.0
CLI029807,8.5,0.0,7.0,0.0,0.0
CLI029808,9.0,9.0,0.0,0.0,0.0
CLI029809,0.0,0.0,0.0,0.0,8.0
CLI029810,0.0,0.0,0.0,10.0,9.0
CLI029811,0.0,7.0,0.0,8.0,0.0
CLI029812,0.0,0.0,0.0,8.666666666666666,0.0
CLI029813,0.0,0.0,0.0,7.0,0.0
CLI029814,6.0,0.0,0.0,0.0,7.0
CLI029815,0.0,0.0,0.0,8.0,0.0
CLI029816,9.0,0.0,0.0,8.0,9.0
CLI029817,8.0,6.0,0.0,8.0,0.0
CLI029818,0.0,0.0,8.5,0.0,0.0
CLI029819,7.0,0.0,0.0,6.0,8.0
CLI029820,0.0,0.0,9.0,0.0,0.0
CLI029821,0.0,0.0,0.0,0.0,8.5
CLI029822,8.0,0.0,0.0,10.0,0.0
CLI029823,0.0,8.0,9.0,0.0,0.0
CLI029824,0.0,8.0,0.0,9.0,0.0
CLI029825,8.0,0.0,0.0,9.0,0.0
CLI029826,0.0,9.0,9.0,9.0,0.0
CLI029827,6.5,0.0,0.0,9.0,0.0
CLI029828,0.0,0.0,0.0,0.0,7.0
CLI029829,0.0,0.0,0.0,0.0,8.0
CLI029830,8.0,0.0,0.0,0.0,9.0
CLI029831,6.0,0.0,7.0,0.0,9.0
CLI029832,0.0,0.0,8.0,0.0,9.0
CLI029833,9.0,8.0,0.0,0.0,0.0
CLI029834,9.0,0.0,0.0,0.0,0.0
CLI029835,0.0,0.0,8.5,0.0,0.0
CLI029836,8.0,0.0,0.0,0.0,0.0
CLI029837,0.0,0.0,8.0,0.0,7.0
CLI029838,0.0,0.0,6.0,9.0,0.0
CLI029840,0.0,0.0,8.0,8.0,0.0
CLI029841,7.0,8.0,0.0,0.0,0.0
CLI029842,0.0,0.0,8.0,0.0,0.0
CLI029843,0.0,0.0,8.0,8.0,0.0
CLI029845,7.0,10.0,8.0,9.5,0.0
CLI029846,0.0,0.0,0.0,0.0,8.0
CLI029847,9.0,0.0,0.0,8.0,7.0
CLI029848,0.0,8.0,8.0,0.0,0.0
CLI029849,8.0,0.0,0.0,0.0,0.0
CLI029850,9.0,0.0,0.0,0.0,6.5
CLI029851,0.0,0.0,0.0,8.0,10.0
CLI029852,7.0,0.0,0.0,7.0,8.0
CLI029853,0.0,0.0,0.0,0.0,8.0
CLI029854,0.0,7.5,0.0,0.0,0.0
CLI029855,0.0,0.0,0.0,0.0,8.333333333333334
CLI029856,0.0,0.0,0.0,9.0,0.0
CLI029858,0.0,0.0,7.5,7.0,0.0
CLI029859,0.0,0.0,0.0,8.0,0.0
CLI029860,0.0,0.0,8.0,0.0,10.0
CLI029862,0.0,8.0,0.0,9.0,0.0
CLI029864,8.5,9.0,0.0,8.0,8.0
CLI029865,0.0,8.0,8.0,0.0,0.0
CLI029866,0.0,7.0,0.0,9.5,0.0
CLI029867,7.0,0.0,8.0,7.5,0.0
CLI029868,8.5,0.0,0.0,0.0,7.0
CLI029869,0.0,7.0,8.0,0.0,7.0
CLI029870,0.0,7.0,0.0,8.0,0.0
CLI029871,0.0,8.5,8.0,0.0,0.0
CLI029872,0.0,0.0,9.0,0.0,0.0
CLI029873,0.0,0.0,9.0,0.0,0.0
CLI029874,8.0,9.0,9.5,0.0,0.0
CLI029875,0.0,7.0,0.0,6.5,0.0
CLI029876,0.0,9.0,9.0,6.0,7.0
CLI029877,0.0,0.0,8.5,0.0,0.0
CLI029878,0.0,0.0,0.0,0.0,8.0
CLI029879,8.0,0.0,0.0,0.0,7.0
CLI029880,9.5,0.0,0.0,0.0,0.0
CLI029881,0.0,7.0,9.0,0.0,9.0
CLI029882,7.5,6.0,0.0,0.0,8.0
CLI029884,0.0,6.0,9.0,0.0,0.0
CLI029885,0.0,0.0,0.0,8.0,7.0
CLI029886,8.0,0.0,0.0,0.0,0.0
CLI029887,0.0,8.0,8.0,0.0,8.0
CLI029888,0.0,8.0,0.0,0.0,8.0
CLI029889,0.0,0.0,0.0,0.0,8.0
CLI029890,0.0,0.0,0.0,8.0,0.0
CLI029892,0.0,0.0,8.0,8.0,0.0
CLI029893,0.0,8.5,8.0,7.0,0.0
CLI029894,8.5,8.0,0.0,0.0,0.0
CLI029895,9.0,8.0,0.0,0.0,0.0
CLI029896,7.0,9.5,8.0,0.0,0.0
CLI029897,7.0,0.0,0.0,0.0,7.0
CLI029898,8.5,0.0,0.0,8.0,6.0
CLI029899,8.0,0.0,9.0,0.0,0.0
CLI029900,0.0,7.0,0.0,0.0,0.0
CLI029901,0.0,9.0,10.0,0.0,10.0
CLI029902,0.0,0.0,0.0,0.0,8.0
CLI029903,7.0,8.5,9.0,0.0,7.5
CLI029904,0.0,10.0,0.0,0.0,0.0
CLI029906,0.0,0.0,0.0,0.0,8.0
CLI029907,0.0,0.0,0.0,7.0,8.0
CLI029908,0.0,0.0,0.0,0.0,7.0
CLI029909,8.5,8.0,0.0,8.5,8.0
CLI029910,8.0,0.0,9.0,0.0,9.0
CLI029911,0.0,0.0,7.0,0.0,10.0
CLI029912,0.0,7.0,0.0,7.0,0.0
CLI029913,0.0,0.0,10.0,0.0,0.0
CLI029915,0.0,0.0,0.0,0.0,6.5
CLI029916,9.0,8.0,0.0,0.0,8.0
CLI029917,9.0,9.0,8.0,0.0,9.0
CLI029918,9.0,7.0,10.0,7.0,0.0
CLI029919,9.0,7.0,0.0,0.0,0.0
CLI029920,8.5,7.0,0.0,0.0,9.0
CLI029921,0.0,0.0,0.0,8.0,0.0
CLI029922,9.0,9.0,0.0,0.0,0.0
CLI029923,0.0,0.0,7.333333333333333,8.0,0.0
CLI029924,0.0,0.0,0.0,0.0,8.0
CLI029925,9.0,0.0,9.0,0.0,0.0
CLI029926,0.0,0.0,8.0,8.5,0.0
CLI029927,0.0,0.0,8.0,0.0,0.0
CLI029928,0.0,0.0,9.0,0.0,0.0
CLI029929,0.0,0.0,8.0,0.0,0.0
CLI029930,8.5,0.0,8.0,0.0,0.0
CLI029931,9.0,8.0,0.0,0.0,0.0
CLI029932,0.0,9.0,0.0,7.0,9.0
CLI029933,0.0,0.0,0.0,10.0,0.0
CLI029934,0.0,9.0,9.0,0.0,0.0
CLI029935,0.0,0.0,9.0,0.0,8.0
CLI029936,0.0,0.0,0.0,7.0,0.0
CLI029938,0.0,8.0,0.0,8.0,0.0
CLI029939,0.0,0.0,0.0,7.0,0.0
CLI029940,7.0,0.0,0.0,0.0,0.0
CLI029941,0.0,7.0,8.0,0.0,7.0
CLI029942,0.0,10.0,6.0,0.0,9.0
CLI029943,0.0,0.0,9.0,0.0,9.0
CLI029944,7.5,0.0,0.0,0.0,0.0
CLI029945,0.0,7.0,0.0,0.0,7.5
CLI029946,0.0,8.5,8.0,0.0,8.5
CLI029947,8.0,7.0,9.5,0.0,0.0
CLI029948,9.0,0.0,0.0,8.0,0.0
CLI029949,7.0,0.0,0.0,0.0,0.0
CLI029950,0.0,7.0,8.0,9.0,0.0
CLI029951,7.666666666666667,0.0,0.0,7.0,0.0
CLI029952,0.0,8.0,0.0,9.0,0.0
CLI029953,0.0,0.0,6.0,0.0,9.0
CLI029954,0.0,9.0,8.0,9.0,0.0
CLI029955,0.0,7.0,0.0,9.0,0.0
CLI029956,0.0,9.0,0.0,0.0,0.0
CLI029957,9.0,9.5,10.0,9.0,0.0
CLI029958,0.0,0.0,0.0,0.0,8.0
CLI029959,0.0,0.0,0.0,6.0,0.0
CLI029960,0.0,0.0,0.0,0.0,7.0
CLI029961,7.0,0.0,10.0,0.0,0.0
CLI029963,0.0,8.0,0.0,0.0,9.0
CLI029964,0.0,0.0,0.0,9.0,9.0
CLI029965,8.5,7.0,0.0,0.0,0.0
CLI029966,0.0,7.0,0.0,7.0,0.0
CLI029967,0.0,0.0,0.0,7.0,0.0
CLI029969,0.0,8.0,0.0,0.0,0.0
CLI029970,8.0,0.0,0.0,0.0,8.0
CLI029971,8.0,0.0,0.0,0.0,0.0
CLI029972,6.0,7.5,0.0,9.0,0.0
CLI029974,0.0,0.0,0.0,8.25,0.0
CLI029975,0.0,0.0,0.0,7.0,0.0
CLI029976,9.0,9.0,0.0,0.0,0.0
CLI029977,6.0,0.0,0.0,0.0,0.0
CLI029978,0.0,0.0,0.0,0.0,7.0
CLI029980,0.0,0.0,0.0,7.0,9.0
CLI029981,8.0,0.0,0.0,7.333333333333333,8.0
CLI029983,0.0,0.0,0.0,9.0,0.0
CLI029984,8.0,0.0,0.0,8.5,0.0
CLI029985,0.0,7.0,8.75,0.0,0.0
CLI029986,0.0,0.0,0.0,0.0,9.0
CLI029987,0.0,0.0,0.0,0.0,8.0
CLI029988,0.0,7.0,0.0,0.0,0.0
CLI029989,0.0,0.0,0.0,0.0,8.0
CLI029990,0.0,0.0,8.5,0.0,0.0
CLI029991,0.0,9.0,8.0,0.0,7.5
CLI029992,0.0,0.0,0.0,7.0,0.0
CLI029993,0.0,0.0,0.0,7.0,0.0
CLI029994,0.0,9.0,0.0,0.0,9.0
CLI029995,8.333333333333334,8.0,9.0,8.0,0.0
CLI029996,9.0,0.0,0.0,7.0,10.0
CLI029997,0.0,0.0,7.0,0.0,0.0
CLI029998,0.0,0.0,7.0,0.0,9.0
CLI029999,9.0,0.0,0.0,7.0,0.0
CLI030000,0.0,0.0,7.0,0.0,0.0
